review_id,partition,source,state_id,question_id,state_text,instruction,options,evidence,review_target_kind,review_reason_code,review_confidence,review_notes,reviewer_id
ok4e_026506355109fef2,policy_development,qasper,qasper:validation:1701.05574,qasper:validation:1701.05574:4e748cb2b5e74d905d9b24b53be6cfdf326e8054,,What traditional linguistics features did they use?,- answerable: The paper contains enough evidence to answer the question.,,,,,,
ok4e_cce6efebbc465984,calibration_gate,qasper,qasper:test:1908.05731,qasper:test:1908.05731:11dd2913d1517a1d47b367acb29fe9d79a9c95d1,,How many parameters does their noisy channel model have?,- answerable: The paper contains enough evidence to answer the question.,,,,,,
ok4e_03ac6241284d6b6b,policy_development,qasper,qasper:validation:1603.09631,qasper:validation:1603.09631:bc16ce6e9c61ae13d46970ebe6c4728a47f8f425,,What is the average length of dialog?,- answerable: The paper contains enough evidence to answer the question.,We collected the dataset with 1900 dialogs and 8533 turns. Topics discussed in dialogs are questions randomly chosen from training examples of Simple questions BIBREF7 dataset. From this dataset we also took the correct answers in form of Freebase entities.,,,,,
ok4e_048b62786adf29a1,calibration_gate,qasper,qasper:test:1904.09131,qasper:test:1904.09131:2849c2944c47cf1de62b539c5d3c396a3e8d283a,,What is the accuracy of this model compared to sota?,- answerable: The paper contains enough evidence to answer the question.,"We review the main differences between Wikidata and static knowledge bases extracted from Wikipedia, and analyze their implactions for entity linking. We illustrate these differences by building a simple entity linker, OpenTapioca, which only uses data from Wikidata, and show that it is competitive with other systems with access to larger data sources for some tasks. OpenTapioca can be trained easily from a Wikidata dump only, and can be efficiently kept up to date in real time as Wikidata evolves. We also propose tools to adapt existing entity linking datasets to Wikidata, and offer a new entity linking dataset, consisting of affiliation strings extracted from research articles.

FLOAT SELECTED: Figure 2: F1 scores on test datasets",,,,,
ok4e_d72c5a2b5dafa400,policy_development,qasper,qasper:validation:1805.03710,qasper:validation:1805.03710:f7ed3b9ed469ed34f46acde86b8a066c52ecf430,,Which matrix factorization methods do they use?,- answerable: The paper contains enough evidence to answer the question.,Word embeddings that leverage subword information were first introduced by BIBREF14 which represented a word of as the sum of four-gram vectors obtained running an SVD of a four-gram to four-gram co-occurrence matrix. Our model differs by learning the subword vectors and resulting representation jointly as weighted factorization of a word-context co-occurrence matrix is performed.,,,,,
ok4e_ae929b6167dd6b8e,policy_development,qasper,qasper:validation:1706.06894,qasper:validation:1706.06894:9ca447c8959a693a3f7bdd0a2c516f4b86f95718,,How were the tweets annotated?,- answerable: The paper contains enough evidence to answer the question.,"In a previous study on the identification of public health-related tweets, two tweet data sets in Turkish (each set containing 1 million random tweets) have been compiled where these sets belong to two different periods of 20 consecutive days BIBREF11 . We have decided to use one of these sets (corresponding to the period between August 18 and September 6, 2015) and firstly filtered the tweets using the possible names used to refer to the target clubs. Then, we have annotated the stance information in the tweets for these targets as Favor or Against. Within the course of this study, we have not considered those tweets in which the target is not explicitly mentioned, as our initial filtering process reveals.

For the purposes of the current study, we have not annotated any tweets with the Neither class. This stance class and even finer-grained classes can be considered in further annotation studies. We should also note that in a few tweets, the target of the stance was the management of the club while in some others a particular footballer of the club is praised or criticised. Still, we have considered the club as the target of the stance in all of the cases and carried out our annotations accordingly.

We have decided to consider tweets about popular sports clubs as our domain for stance detection. Considerable amounts of tweets are being published for sports-related events at every instant. Hence we have determined our targets as Galatasaray (namely Target-1) and Fenerbahçe (namely, Target-2) which are two of the most popular football clubs in Turkey. As is the case for the sentiment analysis tools, the outputs of the stance detection systems on a stream of tweets about these clubs can facilitate the use of the opinions of the football followers by these clubs.",,,,,
ok4e_315dff5d49b28fc0,policy_development,qasper,qasper:validation:1909.08970,qasper:validation:1909.08970:11e8bd4abf5f8bdabad3e8f0691e6d0ad6c326af,,What is the baseline?,- answerable: The paper contains enough evidence to answer the question.,"We provide three simple baselines for the RUN task: (1) NO-MOVE: the only position considered is the starting point; (2) RANDOM: As in BIBREF4, turn to a randomly selected heading, then execute a number of *WALK actions of an average route; (3) JUMP: at each sentence, extract entities from the map and move between them in the order they appear. If the *WALK action is invalid we take a random *TURN action.",,,,,
ok4e_fca9c96456fa2c30,policy_development,qasper,qasper:validation:1811.05711,qasper:validation:1811.05711:0689904db9b00a814e3109fb1698086370a28fa2,,Which text embedding methodologies are used?,- answerable: The paper contains enough evidence to answer the question.,"Here, we use the Gensim Python library BIBREF23 to train the PV-DBOW model. The Doc2Vec training was repeated several times with a variety of training hyper-parameters to optimise the output based on our own numerical experiments and the general guidelines provided by BIBREF24 . We trained Doc2Vec models using text corpora of different sizes and content with different sets of hyper-parameters, in order to characterise the usability and quality of models. Specifically, we checked the effect of corpus size on model quality by training Doc2Vec models on the full 13 million NRLS records and on subsets of 1 million and 2 million randomly sampled records. (We note that our target subset of 3229 records has been excluded from these samples.) Furthermore, we checked the importance of the specificity of the text corpus by obtaining a Doc2Vec model from a generic, non-specific set of 5 million articles from Wikipedia representing standard English usage across a variety of topics.

Figure 1 shows a summary of our pipeline. First, we pre-process each document to transform text into consecutive word tokens, where words are in their most normalised forms, and some words are removed if they have no distinctive meaning when used out of context BIBREF5 , BIBREF6 . We then train a paragraph vector model using the Document to Vector (Doc2Vec) framework BIBREF7 on the whole set (13 million) of preprocessed text records, although training on smaller sets (1 million) also produces good results. This training step is only done once. This Doc2Vec model is subsequently used to infer high-dimensional vector descriptions for the text of each of the 3229 documents in our target analysis set. We then compute a matrix containing pairwise similarities between any pair of document vectors, as inferred with Doc2Vec. This matrix can be thought of as a full, weighted graph with documents as nodes and edges weighted by their similarity. We sparsify this graph to the union of a minimum spanning tree and a k-Nearest Neighbors (MST-kNN) graph BIBREF8 , a geometric construction that removes less important similarities but preserves global connectivity for the graph and, hence, for the dataset. The derived MST-kNN graph is analysed with Markov Stability BIBREF9 , BIBREF10 , BIBREF11 , BIBREF12 , a multi-resolution dynamics-based graph partitioning method that identifies relevant subgraphs (i.e., clusters of documents) at different levels of granularity. MS uses a diffusive process on the graph to reveal the multiscale organisation at different resolutions without the need for choosing a priori the number of clusters, scale or organisation. To analyse a posteriori the different partitions across levels of resolution, we use both visualisations and quantitative scores. The visualisations include word clouds to summarise the main content, graph layouts, as well as Sankey diagrams and contingency tables that capture the correspondences across levels of resolution and relationships to the hand-coded classifications. The partitions are also evaluated quantitatively to score: (i) their intrinsic topic coherence (using pairwise mutual information BIBREF13 , BIBREF14 ), and (ii) their similarity to the operator hand-coded categories (using normalised mutual information BIBREF15 ). We now expand on the steps of the computational framework.",,,,,
ok4e_35b01b78f4a597e8,policy_development,qasper,qasper:train:1911.03154,qasper:train:1911.03154:317a6f211ecf48c58f008c12fbd5d41901db3e36,,Has there been previous work on SNMT?,- answerable: The paper contains enough evidence to answer the question.,"Recently, a number of researchers have endeavored to explore methods for simultaneous translation in the context of NMT BIBREF6, BIBREF7, BIBREF8, BIBREF9. Some of them propose sophisticated training frameworks explicitly designed for simultaneous translation BIBREF5, BIBREF10. These approaches are either memory inefficient during training BIBREF5 or hard to implement BIBREF10. Others utilize a full-sentence base model to perform simultaneous translation by modifications to the encoder and the decoding process. To match the incremental source context, they replace the bidirectional encoder with a left-to-right encoder BIBREF3, BIBREF11, BIBREF4, BIBREF12 or recompute the encoder hidden states BIBREF13. On top of that, heuristic algorithms BIBREF3, BIBREF14 or a READ/WRITE model trained with reinforcement learning BIBREF11, BIBREF4, BIBREF12 or supervised learning BIBREF13 are used to decide, at every step, whether to wait for the next source token or output a target token. However, these models either cannot directly use a pretrained vanilla CNMT model with bidirectional encoder as the base model or work in a sub-optimal way in the decoding stage.",,,,,
ok4e_d227a8f1534c2564,calibration_gate,qasper,qasper:test:1806.04387,qasper:test:1806.04387:fae930129c2638ba6f9c9b3383e85aa130a73876,,What type of quotes is this system trying to generate?,- answerable: The paper contains enough evidence to answer the question.,"A controlled LSTM can be used to train a network in a supervised way on multiple categorical data like jokes, quotes, and tweets by augmenting the category tag to the input word at every time-step. This way the neural net can learn the difference in the semantics of a joke and quote and generate more creative content using the mix of knowledge gained by training in a supervised manner on multiple categorical data. We show how our model is able to generate a joke vs quote depending on the category input for the same prefix of words. We also found that a network trained on the combined dataset generated fewer offensive jokes compared to the one trained on just the jokes (as the jokes scraped from the internet were offensive with high probability). This is the first time anyone has used controlled LSTM architecture to generate texts with different sentiments. We show how the network learns to introduce incongruities in the generated text (making it funny) when asked to generate a joke as opposed to a quote (which is inspirational).With the current resurgence of deep-neural networks and its astounding success in natural language generation, our paper tries to achieve the above goal.",,,,,
ok4e_e97ab1701718014f,policy_development,qasper,qasper:train:1901.02262,qasper:train:1901.02262:e63bde5c7b154fbe990c3185e2626d13a1bad171,,What is the performance achieved on NarrativeQA?,- answerable: The paper contains enough evidence to answer the question.,FLOAT SELECTED: Table 5: Performance of our and competing models on the NarrativeQA test set. aSeo et al. (2017); bTay et al. (2018); cBauer et al. (2018); dIndurthi et al. (2018); eHu et al. (2018). fResults on the NarrativeQA validation set.,,,,,
ok4e_db9565d61210e304,policy_development,qasper,qasper:train:1710.01492,qasper:train:1710.01492:0d1408744651c3847469c4a005e4a9dccbd89cf1,,What are the metrics to evaluate sentiment analysis on Twitter?,- answerable: The paper contains enough evidence to answer the question.,,,,,,
ok4e_785bb1f6b2065b20,calibration_gate,qasper,qasper:test:1804.05253,qasper:test:1804.05253:000549a217ea24432c0656598279dbb85378c113,,Do they evaluate only on English datasets?,- answerable: The paper contains enough evidence to answer the question.,"Twitter: We use a set of 350K tweets for our experiments. The ironic/sarcastic tweets are collected using hashtags, such as #irony, #sarcasm, and #sarcastic whereas the non-sarcastic tweets do not contain these hashtags, but they might include sentiment hashtags, such as #happy, #love, #sad, #hate (similar to BIBREF8 , BIBREF9 ). As pre-processing, we removed the retweets, spam, duplicates, and tweets written in languages other than English. Also, we deleted all tweets where the hashtags of interest were not located at the very end (i.e., we eliminated “#sarcasm is something that I love”). We lowercased the tweets, except the words where all the characters are uppercased.",,,,,
ok4e_7fdf80840180106f,policy_development,qasper,qasper:validation:1604.05372,qasper:validation:1604.05372:aefa333b2cf0a4000cd40566149816f5b36135e7,,What evaluation metric do they use?,- answerable: The paper contains enough evidence to answer the question.,"To test all the possible combinations of parameters, we divided the bilingual dictionary into 4500 noun pairs used as a training set and 500 noun pairs used as a test set. We then learned transformation matrices on the training set using both training algorithms (CBOW and SkipGram) and several values of regularization $\lambda $ from 0 to 5, with a step of 0.5. The resulting matrices were applied to the Ukrainian vectors from the test set and the corresponding Russian `translations' were calculated. The ratio of correct `translations' (matches) was used as an evaluation measure. It came out that regularization only worsened the results for both algorithms, so in the Table 1 we report the results without regularization.",,,,,
ok4e_207bcd4d9c8e5438,policy_development,qasper,qasper:validation:1603.01514,qasper:validation:1603.01514:111afb77cfbf4c98e0458606378fa63a0e965e36,,"Overall, does having parallel data improve semantic role induction across multiple languages?",- answerable: The paper contains enough evidence to answer the question.,"We propose a Bayesian model of semantic role induction (SRI) that uses crosslingual latent variables to capture role alignments in parallel corpora. The crosslingual latent variables capture correlations between roles in different languages, and regularize the parameter estimates of the monolingual models. Because this is a joint Bayesian model of multilingual SRI, we can apply the same model to a variety of training scenarios just by changing the inference procedure appropriately. We evaluate monolingual SRI with a large unlabeled dataset, bilingual SRI with a parallel corpus, bilingual SRI with annotations available for the source language, and monolingual SRI with a small labeled dataset. Increasing the amount of monolingual unlabeled data significantly improves SRI in German but not in English. Adding word alignments in parallel sentences results in small, non significant improvements, even if there is some labeled data available in the source language. This difficulty in showing the usefulness of parallel corpora for SRI may be due to the current assumptions about role alignments, which mean that only a small percentage of roles are aligned. Further analyses reveals that annotating small amounts of data can easily outperform the performance gains obtained by adding large unlabeled dataset as well as adding parallel corpora.",,,,,
ok4e_87b309daddd49290,policy_development,qasper,qasper:validation:1706.01678,qasper:validation:1706.01678:0767ca8ff1424f7a811222ca108a33b6411aaa8a,,What is the performance of their method?,- answerable: The paper contains enough evidence to answer the question.,,,,,,
ok4e_ebd1d32dad887c7d,calibration_gate,qasper,qasper:test:1809.08935,qasper:test:1809.08935:7fba61426737394304e307cdc7537225f6253150,,what was the baseline?,- answerable: The paper contains enough evidence to answer the question.,,,,,,
ok4e_5183bb70156f0013,policy_development,qasper,qasper:train:2004.04435,qasper:train:2004.04435:e2cfaa2ec89b944bbc46e5edf7753b3018dbdc8f,,Is this AD implementation used in any deep learning framework?,- answerable: The paper contains enough evidence to answer the question.,,,,,,
ok4e_9f79651c668da3f2,calibration_gate,qasper,qasper:test:1805.09821,qasper:test:1805.09821:fe7f7bcf37ca964b4dc9e9c7ebf35286e1ee042b,,What is the difference in size compare to the previous model?,- answerable: The paper contains enough evidence to answer the question.,"Most works in the literature use only 1 000 examples to train the document classifier. To invest the impact of more training data, we also provide training corpora of 2 000, 5 000 and 10 000 documents. The development corpus for each language is composed of 1 000 and the test set of 4 000 documents respectively. All have uniform class distributions. An important aspect of this work is to provide a framework to study and evaluate cross-lingual document classification for many language pairs. In that spirit, we will name this corpus “Multilingual Document Classification Corpus”, abbreviated as MLDoc. The full Reuters Corpus Volume 2 has a special license and we can not distribute it ourselves. Instead, we provide tools to extract all the subsets of MLDoc at https://github.com/facebookresearch/MLDoc.

We have defined a new evaluation framework for cross-lingual document classification in eight languages. This corpus largely extends previous corpora which were also based on the Reuters Corpus Volume 2, but mainly considered the transfer between English and German. We also provide detailed baseline results using two competitive approaches (multilingual word and sentence embeddings, respectively), for cross-lingual document classification between all eight languages. This new evaluation framework is freely available at https://github.com/facebookresearch/MLDoc.

Split the data into train, development and test corpus: for each languages, we provide training data of different sizes (1k, 2k, 5k and 10k stories), a development (1k) and a test corpus (4k);",,,,,
ok4e_31ca6c8e517602d9,policy_development,qasper,qasper:validation:1908.10084,qasper:validation:1908.10084:7f207549c75f5c4388efc15ed28822672b845663,,How much time takes its training?,- answerable: The paper contains enough evidence to answer the question.,"Previous neural sentence embedding methods started the training from a random initialization. In this publication, we use the pre-trained BERT and RoBERTa network and only fine-tune it to yield useful sentence embeddings. This reduces significantly the needed training time: SBERT can be tuned in less than 20 minutes, while yielding better results than comparable sentence embedding methods.",,,,,
ok4e_98d1774eef4cda87,calibration_gate,qasper,qasper:test:1710.11027,qasper:test:1710.11027:2d92ae6b36567e7edb6afdd72f97b06ac144fbdf,,What is the Ritter dataset?,- answerable: The paper contains enough evidence to answer the question.,"In order to check the overall performance of the proposed technique, we ran our algorithm without any further rule or apriori knowledge using a gold standard for NER in microblogs (Ritter dataset BIBREF2 ), achieving INLINEFORM0 F1. tab:performance details the performance measures per class. tab:relatedwork presents current state-of-the-art results for the same dataset. The best model achieves INLINEFORM1 F1-measure, but uses encoded rules. Models which are not rule-based, achieve INLINEFORM2 and INLINEFORM3 . We argue that in combination with existing techniques (such as linguistic patterns), we can potentially achieve even better results.",,,,,
ok4e_685bbd6e142a92d7,calibration_gate,qasper,qasper:test:1909.04242,qasper:test:1909.04242:2a55076a66795793d79a3edfae1041098404fbc3,,Could the proposed training framework be applied to other NLP problems?,- answerable: The paper contains enough evidence to answer the question.,,,,,,
ok4e_4e71eb587ba76087,policy_development,qasper,qasper:train:1901.02262,qasper:train:1901.02262:cb8a6f5c29715619a137e21b54b29e9dd48dad7d,,"What is an ""answer style""?",- answerable: The paper contains enough evidence to answer the question.,"We conducted experiments on the two tasks of MS MARCO 2.1 BIBREF5 . The answer styles considered in the experiments corresponded to the two tasks. The NLG task requires a well-formed answer that is an abstractive summary of the question and ten passages, averaging 16.6 words. The Q&A task also requires an abstractive answer but prefers a more concise answer than the NLG task, averaging 13.1 words, where many of the answers do not contain the context of the question. For instance, for the question “tablespoon in cup”, the answer in the Q&A task will be “16”, and the answer in the NLG task will be “There are 16 tablespoons in a cup.” In addition to the ALL dataset, we prepared two subsets (Table 1 ). The ANS set consists of answerable questions, and the WFA set consists of the answerable questions and well-formed answers, where WFA $\subset $ ANS $\subset $ ALL.",,,,,
ok4e_819d19b6c10179fc,policy_development,qasper,qasper:validation:1912.13337,qasper:validation:1912.13337:75ff6e425ce304a35f18c0230c0d13d3913a31a9,,Is WordNet useful for taxonomic reasoning for this task?,- answerable: The paper contains enough evidence to answer the question.,"While our methodology is amenable to any knowledge source and set of models/benchmark tasks, we focus on probing state-of-the-art transformer models BIBREF7, BIBREF9 in the domain of science MCQA. For sources of expert knowledge, we use WordNet, a comprehensive lexical ontology, and other publicly available dictionary resources. We devise probes that measure model competence in definition and taxonomic knowledge in different settings (including hypernymy, hyponymy, and synonymy detection, and word sense disambiguation). This choice is motivated by fact that the science domain is considered particularly challenging for QA BIBREF10, BIBREF11, BIBREF12, and existing science benchmarks are known to involve widespread use of such knowledge (see BIBREF1, BIBREF13 for analysis), which is also arguably fundamental to more complex forms of reasoning.",,,,,
ok4e_d7a34bf83f2e5fc8,calibration_gate,qasper,qasper:test:1809.08899,qasper:test:1809.08899:6edef748370e63357a57610b5784204c9715c0b4,,How is validity identified and what metric is used to quantify it?,- answerable: The paper contains enough evidence to answer the question.,Our training sample has vastly over-sampled alerts compared with a typical responses in order to make it easier to train an engine. This also means that a typical test train split would not necessarily be useful in determining the efficacy of our models. The metric we use to evaluate the efficacy of our model is an approximation of the probability that a held-out alert is flagged if a fixed percentage of a typical population were to be flagged as potential alerts.,,,,,
ok4e_1c89b6258f7e1b32,calibration_gate,qasper,qasper:test:1610.00479,qasper:test:1610.00479:8c872236e4475d5d0969fb90d2df94589c7ab1c4,,Do they have an elementary unit of text?,- answerable: The paper contains enough evidence to answer the question.,"We define a nonsymbolic approach as one that is tokenization-free, i.e., no assumption is made that there are segmentation boundaries and that each segment (e.g., a word) should be represented (e.g., by a word embedding) in a way that is independent of the representations (e.g., word embeddings) of neighboring segments. Methods for training text representation models that require tokenized text include word embedding models like word2vec BIBREF1 and most group (ii) methods, i.e., character-level models like fastText skipgram BIBREF2 .",,,,,
ok4e_01e6ea4bf7184b18,calibration_gate,qasper,qasper:test:1908.05803,qasper:test:1908.05803:8795bb1f874e5f3337710d8c3d5be49e672ab43a,,What crowdsourcing platform did they obtain the data from?,- answerable: The paper contains enough evidence to answer the question.,"We crowdsourced questions about these paragraphs on Mechanical Turk. We asked workers to find two or more co-referring spans in the paragraph, and to write questions such that answering them would require the knowledge that those spans are coreferential. We did not ask them to explicitly mark the co-referring spans. Workers were asked to write questions for a random sample of paragraphs from our pool, and we showed them examples of good and bad questions in the instructions (see Appendix ). For each question, the workers were also required to select one or more spans in the corresponding paragraph as the answer, and these spans are not required to be same as the coreferential spans that triggered the questions. We used an uncased base BERT QA model BIBREF9 trained on SQuAD 1.1 BIBREF0 as an adversary running in the background that attempted to answer the questions written by workers in real time, and the workers were able to submit their questions only if their answer did not match the adversary's prediction. Appendix further details the logistics of the crowdsourcing tasks. Some basic statistics of the resulting dataset can be seen in Table .",,,,,
ok4e_5e92191c3c707d20,policy_development,qasper,qasper:validation:2001.02284,qasper:validation:2001.02284:da55bd769721b878dd17f07f124a37a0a165db02,,What kind of repetitive and time-consuming activities does their assistant handle?,- answerable: The paper contains enough evidence to answer the question.,"In general, student questions can be grouped into three main categories: organizational questions (e.g., course certificate), contextual questions (e.g., content, theorem) and mathematical questions (e.g., exercises, solutions). To assist a student with a mathematical question, a tutor has to know the following regular information: What kind of topic (or sub-topic) a student has a problem with. At which examination mode (i.e., quiz, chapter level training or exercise, section level training or exercise, or final examination) the student is working right now. And finally, the exact question number and exact problem formulation. This means that a tutor has to request the same information every time a new dialogue opens, which is very time consuming and could be successfully solved by means of an IPA dialogue bot.",,,,,
ok4e_66e8683bf554d63f,policy_development,qasper,qasper:validation:1912.00667,qasper:validation:1912.00667:4ac2c3c259024d7cd8e449600b499f93332dab60,,Do they report results only on English data?,- answerable: The paper contains enough evidence to answer the question.,"Datasets. We perform our experiments with two predetermined event categories: cyber security (CyberAttack) and death of politicians (PoliticianDeath). These event categories are chosen as they are representative of important event types that are of interest to many governments and companies. The need to create our own dataset was motivated by the lack of public datasets for event detection on microposts. The few available datasets do not suit our requirements. For example, the publicly available Events-2012 Twitter dataset BIBREF20 contains generic event descriptions such as Politics, Sports, Culture etc. Our work targets more specific event categories BIBREF21. Following previous studies BIBREF1, we collect event-related microposts from Twitter using 11 and 8 seed events (see Section SECREF2) for CyberAttack and PoliticianDeath, respectively. Unlabeled microposts are collected by using the keyword `hack' for CyberAttack, while for PoliticianDeath, we use a set of keywords related to `politician' and `death' (such as `bureaucrat', `dead' etc.) For each dataset, we randomly select 500 tweets from the unlabeled subset and manually label them for evaluation. Table TABREF25 shows key statistics from our two datasets.",,,,,
ok4e_760bf0b9b529b0ec,calibration_gate,qasper,qasper:test:1809.08935,qasper:test:1809.08935:c728fe6137f114c02e921f9be4a02a5bd83ae787,,what features of the essays are extracted?,- answerable: The paper contains enough evidence to answer the question.,"FLOAT SELECTED: Table 4: Ablation study to explore the importance of different feature families.

FLOAT SELECTED: Table 3: Stratified 3-fold cross-validation scores for the official measure of the challenge.",,,,,
ok4e_5edb44e1185f4420,policy_development,qasper,qasper:validation:1809.01202,qasper:validation:1809.01202:a4d115220438c0ded06a91ad62337061389a6747,,What types of social media did they consider?,- answerable: The paper contains enough evidence to answer the question.,"We created our own causal explanation dataset by collecting 3,268 random Facebook status update messages. Three well-trained annotators manually labeled whether or not each message contains the causal explanation and obtained 1,598 causality messages with substantial agreement ( $\kappa =0.61$ ). We used the majority vote for our gold standard. Then, on each causality message, annotators identified which text spans are causal explanations.",,,,,
ok4e_692ec726db65b806,calibration_gate,qasper,qasper:test:1906.01010,qasper:test:1906.01010:a926d71e6e58066d279d9f7dc3210cd43f410164,,What languages were included in this multilingual population?,- answerable: The paper contains enough evidence to answer the question.,,,,,,
ok4e_7036b1a985db664e,calibration_gate,qasper,qasper:test:1909.12208,qasper:test:1909.12208:6920fd470e6a99c859971828e20276a1b9912280,,How much is error rate reduced by cleaning up training data?,- answerable: The paper contains enough evidence to answer the question.,"FLOAT SELECTED: Table 5: Comparison of the reference [13] and proposed systems in terms of amount of training data.

Finally, cleaning up the training set not only boosted the recognition performance, but managed to do so using a fraction of the training data in BIBREF12, as shown in Table TABREF15. This translates to significantly faster and cheaper training of acoustic models, which is a major advantage in practice.",,,,,
ok4e_fee663f5eb0c4d2b,policy_development,qasper,qasper:validation:1603.01514,qasper:validation:1603.01514:0fc2b5bc2ead08a6fe0280fb3a47477c6df1587c,,Do they improve on state-of-the-art semantic role induction?,- answerable: The paper contains enough evidence to answer the question.,"In the first setting (Line 1), we train and test the monolingual model on the CoNLL data. We observe significant improvements in F1 score over the Baseline (Line 0) in both languages. Using the CoNLL 2009 dataset alone, titovcrosslingual report an F1 score of 80.9% (PU=86.8%, CO=75.7%) for German. Thus, our monolingual model outperforms their monolingual model in German. For English, they report an F1 score of 83.6% (PU=87.5%, CO=80.1%), but note that our English results are not directly comparable to theirs due to differences argument identification, as discussed in section SECREF25 . As their argument identification score is lower, perhaps their system is discarding “difficult” arguments which leads to a higher clustering score.",,,,,
ok4e_0d61d368265b4f73,policy_development,qasper,qasper:train:1808.05077,qasper:train:1808.05077:4140d8b5a78aea985546aa1e323de12f63d24add,,By how much did the results improve?,- answerable: The paper contains enough evidence to answer the question.,,,,,,
ok4e_9d95dead75ccc15c,calibration_gate,qasper,qasper:test:1911.06919,qasper:test:1911.06919:3098793595252039f363ee1150d4ea956f2504b8,,How big are improvements on these tasks?,- answerable: The paper contains enough evidence to answer the question.,"Observing that our model generally has better recall (Table TABREF17) and its summaries tend to be more verbose (e.g. second example in Figure FIGREF20), we calculated the average length of generated summaries for PG$+$Cov and M1-latent, and found that they are of length 55.2 and 64.4 words respectively. This suggests that although discourse information helps the summarization model overall (based on consistent improvement in F1), the negative side effect is that the summaries tend to be longer and potentially more repetitive.

We present the test results in Table TABREF27. We tune the models based on the development set using MAE, and find that most converge after 8K–10K iterations of training. We are able to reproduce the performance of the baseline model (“CNN w/ GloVe”), and find that once again, adding the shallow discourse features improves results.",,,,,
ok4e_8bac9ecf948da407,calibration_gate,qasper,qasper:test:2003.04978,qasper:test:2003.04978:65c9aee2051ff7c47112b2aee0d928d9b6a8c2fe,,Which datasets do they use?,- answerable: The paper contains enough evidence to answer the question.,"https://github.com/Sairamvinay/Fake-News-Dataset

Github Repo",,,,,
ok4e_8d738fcdfa109eac,policy_development,qasper,qasper:validation:2003.11562,qasper:validation:2003.11562:fc4ae12576ea3a85ea6d150b46938890d63a7d18,,Is the LSTM baseline a sub-word model?,- answerable: The paper contains enough evidence to answer the question.,"The original BERT has two training objectives: 'Masked language modelling', in which you mask input tokens randomly and then predict the masked tokens using the left and right context. Additionally, there is the 'next sentence prediction' task that jointly trains text-pair representations. For training the Masked language model the original BERT used Byte Pair Encoding (BPE) BIBREF10 for subword tokenization BIBREF11.For example the rare word ""unaffable"" to be split up into more frequent subwords such as [""un"", ""##aff"", ""##able""]. To remain consistent with experiments performed with LSTM's we use the morfessor for the subword tokenization in the Finnish Language. In Addition, we also apply boundary markers as in (Table TABREF7) and train two separate models using this distinction. We train with left-marked markings as the original BERT was trained with such a scheme and the left+right-marked as it was the previous SOTA with the Finnish Language. For the transformer-XL experiments, we just train with the left+right marked scheme.",,,,,
ok4e_6aca0f57360423c6,calibration_gate,qasper,qasper:test:2003.04707,qasper:test:2003.04707:58259f2e22363aab20c448e5dd7b6f432556b32d,,How do they interpret the model?,- answerable: The paper contains enough evidence to answer the question.,"Applications of Neuro-symbolism ::: Application II: Neural Question-Answering using Commonsense Knowledge Bases ::: Knowledge elicitation

ConceptNet. We identify ConceptNet relations that connect questions to the answer-options. The intuition is that these relation paths would provide explicit evidence that would help the model find the answer. Formally, given a question $Q$ and an answer-option $O$, we find all ConceptNet relations (C1, r, C2), such that $C1 \in Q$ and $C2 \in O$, or vice versa. This rule works well for single-word concepts. However, a large number of concepts in ConceptNet are actually phrases, where finding exactly matching phrases in $Q/O$ is more challenging. To fully utilize phrase-based relations, we relaxed the exact-match constraint to the following:",,,,,
ok4e_10f40543a1039dea,calibration_gate,qasper,qasper:test:1804.01155,qasper:test:1804.01155:cfc73e0c82cf1630b923681c450a541a964688b9,,How do they operationalize socioeconomic status from twitter user data?,- answerable: The paper contains enough evidence to answer the question.,"To overcome this limitation we combined our Twitter data with the socioeconomic maps of INSEE by assigning each geolocated Twitter user to a patch closest to their estimated home location (within 1 km). This way we obtained for all $110,369$ geolocated users their dynamical linguistic data, their egocentric social network as well as a set of SES indicators.

To obtain a unique representative location of each user, we extracted the sequence of all declared locations from their geolocated tweets. Using this set of locations we selected the most frequent to be the representative one, and we took it as a proxy for the user's home location. Further we limited our users to ones located throughout the French territory thus not considering others tweeting from places outside the country. This selection method provided us with $110,369$ geolocated users who are either detected as French speakers or assigned to be such by Twitter and all associated to specific 'home' GPS coordinates in France. To verify the spatial distribution of the selected population, we further assessed the correlations between the true population distributions (obtained from census data BIBREF28 ) at different administrative level and the geolocated user distribution aggregated correspondingly. More precisely, we computed the $R^2$ coefficient of variation between the inferred and official population distributions (a) at the level of 22 regions. Correlations at this level induced a high coefficient of $R^2\simeq 0.89$ ( $p<10^{-2}$ ); (b) At the arrondissement level with 322 administrative units and coefficient $R^2\simeq 0.87$ ( $p<10^{-2}$ ); and (c) at the canton level with 4055 units with a coefficient $R\simeq 0.16$ ( $p<10^{-2}$ ). Note that the relatively small coefficient at this level is due to the interplay of the sparsity of the inferred data and the fine grained spatial resolution of cantons. All in all, we can conclude that our sample is highly representative in terms of spatial population distribution, which at the same time validate our selection method despite the potential inherent biases induced by the method taking the most frequented GPS coordinates as the user's home location.

The second dataset we used was released in December 2016 by the National Institute of Statistics and Economic Studies (INSEE) of France. This data corpus BIBREF29 contains a set of sociodemographic aggregated indicators, estimated from the 2010 tax return in France, for each 4 hectare ( $200m \times 200m$ ) square patch across the whole French territory. Using these indicators, one can estimate the distribution of the average socioeconomic status (SES) of people with high spatial resolution. In this study, we concentrated on three indicators for each patch $i$ , which we took to be good proxies of the socioeconomic status of the people living within them. These were the $S^i_\mathrm {inc}$ average yearly income per capita (in euros), the $S^i_{\mathrm {own}}$ fraction of owners (not renters) of real estate, and the $S^i_\mathrm {den}$ density of population defined respectively as",,,,,
ok4e_0a7b2b6589321cfa,policy_development,qasper,qasper:train:1909.04493,qasper:train:1909.04493:a33ab5ce8497ff63ca575a80b03e0ed9c6acd273,,How many users/clicks does their search engine have?,- answerable: The paper contains enough evidence to answer the question.,,,,,,
ok4e_7b18e0b6935a993e,calibration_gate,qasper,qasper:test:1611.01116,qasper:test:1611.01116:a8f189fad8b72f8b2b4d2da4ed8475d31642d9e7,,How do they show that binary paragraph vectors capture semantics?,- answerable: The paper contains enough evidence to answer the question.,"In the experiments presented thus far we had at our disposal training sets with documents similar to the documents for which we inferred binary codes. One could ask a question, if it is possible to use binary paragraph vectors without collecting a domain-specific training set? For example, what if we needed to hash documents that are not associated with any available domain-specific corpus? One solution could be to train the model with a big generic text corpus, that covers a wide variety of domains. BIBREF21 evaluated this approach for real-valued paragraph vectors, with promising results. It is not obvious, however, whether short binary codes would also perform well in similar settings. To shed light on this question we trained Binary PV-DBOW with bigrams on the English Wikipedia, and then inferred binary codes for the test parts of the 20 Newsgroups and RCV1 datasets. The results are presented in Table TABREF14 and in Figure FIGREF11 . The model trained on an unrelated text corpus gives lower retrieval precision than models with domain-specific training sets, which is not surprising. However, it still performs remarkably well, indicating that the semantics it captured can be useful for different text collections. Importantly, these results were obtained without domain-specific finetuning.

To assess the performance of binary paragraph vectors, we carried out experiments on three datasets: 20 Newsgroups, a cleansed version (also called v2) of Reuters Corpus Volume 1 (RCV1) and English Wikipedia. As paragraph vectors can be trained with relatively large vocabularies, we did not perform any stemming of the source text. However, we removed stop words as well as words shorter than two characters and longer than 15 characters. Results reported by BIBREF15 indicate that performance of PV-DBOW can be improved by including n-grams in the model. We therefore evaluated two variants of Binary PV-DBOW: one predicting words in documents and one predicting words and bigrams. Since 20 Newsgroups is a relatively small dataset, we used all words and bigrams from its documents. This amounts to a vocabulary with slightly over one million elements. For the RCV1 dataset we used words and bigrams with at least 10 occurrences in the text, which gives a vocabulary with approximately 800 thousands elements. In case of English Wikipedia we used words and bigrams with at least 100 occurrences, which gives a vocabulary with approximately 1.5 million elements.",,,,,
ok4e_ce741f2e57614598,policy_development,qasper,qasper:train:1808.05077,qasper:train:1808.05077:53b02095ba7625d85721692fce578654f66bbdf0,,How large is the dataset?,- answerable: The paper contains enough evidence to answer the question.,,,,,,
ok4e_707b4cdb180bee33,calibration_gate,qasper,qasper:test:1708.03699,qasper:test:1708.03699:82b93ecd2397e417e1e80f93b7cf49c7bd9aeec3,,How much gain in performance was obtained with user embeddings?,- answerable: The paper contains enough evidence to answer the question.,"FLOAT SELECTED: Table 3: AUC scores. Standard error in brackets.

User-specific information always improves our original rnn-based method (Table TABREF15 ), but the best results are obtained by adding user embeddings (uernn). Figure FIGREF16 visualizes the user embeddings learned by uernn. The two dimensions of Fig. FIGREF16 correspond to the two principal components of the user embeddings, obtained via pca.The colors and numeric labels reflect the rejection rates INLINEFORM0 of the corresponding users. Moving from left to right in Fig. FIGREF16 , the rejection rate increases, indicating that the user embeddings of uernn capture mostly the rejection rate INLINEFORM1 . This rate (a single scalar value per user) can also be captured by the simpler user-specific biases of ubrnn, which explains why ubrnn also performs well (second best results in Table TABREF15 ). Nevertheless, uernn performs better than ubrnn, suggesting that user embeddings capture more information than just a user-specific rejection rate bias.",,,,,
ok4e_69fdeaab960a2e1d,calibration_gate,qasper,qasper:test:1606.07043,qasper:test:1606.07043:ec8f39d32084996ab825debd7113c71daac38b06,,How do they incorporate expert knowledge into their topic model?,- answerable: The paper contains enough evidence to answer the question.,"BIBREF1 first proposed anchors in the context of topic modeling: words that are high precision indicators of underlying topics. In contrast to our approach, anchors are typically selected automatically, constrained to appear in only one topic, and used primarily to aid optimization BIBREF17 . In our information theoretic framework, anchors are specified manually and more loosely defined as words having high mutual information with one or more latent factors. The effects of anchors on the interpretability of traditional topic models are often mixed BIBREF18 , but our experiments suggest that our approach yields more coherent topics.

In this workshop paper, we introduce a simple approach to anchored information theoretic topic modeling using a novel combination of Correlation Explanation (CorEx) BIBREF3 and the information bottleneck BIBREF4 . This flexible framework enables the user to leverage domain knowledge to guide exploration of a collection of documents and to impose semantics onto latent factors learned by CorEx. We present preliminary experimental results on two text corpora (including a corpus of clinical notes), showing that anchors can be used to discover topics that are more specific and relevant. What is more, we demonstrate the potential for this framework to perform weakly supervised learning in settings where labeling documents is prohibitively expensive BIBREF5 , BIBREF6 .",,,,,
ok4e_aa2c088e2f8bdb79,calibration_gate,qasper,qasper:test:1907.04072,qasper:test:1907.04072:baec99756b80eec7c0234a08bc2855e6770bcaeb,,What language is explored in this paper?,- answerable: The paper contains enough evidence to answer the question.,"In total, we collected INLINEFORM0 tweets posted on blackmarket sites. Out of these, we removed non-English tweets and tweets with a length of less than two characters. Finally, we were left with INLINEFORM1 blackmarket tweets. Then, from the timelines of the authors of these tweets, we randomly sampled INLINEFORM2 genuine tweets that were not posted on these blackmarket sites during the same period. Both the blackmarket and genuine tweets were also inspected manually.",,,,,
ok4e_8e7f4d0ec81db609,policy_development,qasper,qasper:validation:1611.08661,qasper:validation:1611.08661:2e37e681942e28b5b05639baaff4cd5129adb5fb,,How large are the textual descriptions of entities?,- answerable: The paper contains enough evidence to answer the question.,,,,,,
ok4e_8f1f6e67e35ef01d,policy_development,qasper,qasper:validation:2003.11562,qasper:validation:2003.11562:19cf7884c0c509c189b1e74fe92c149ff59e444b,,How is pseudo-perplexity defined?,- answerable: The paper contains enough evidence to answer the question.,"were $(x_{1}, \ldots , x_{i-1})$ is the context. An Intrinsic evaluation of the performance of Language Models is perplexity (PPL) which is defined as the inverse probability of the set of the tokens and taking the $T^{th}$ root were $T$ is the number of tokens

BERT's bi-directional context poses a problem for us to calculate an auto-regressive joint probability. A simple fix could be that we mask all the tokens $\mathbf {x}_{>i}$ and we calculate the conditional factors as we do for an unidirectional model. By doing so though, we loose upon the advantage of bi-directional context the BERT model enables. We propose an approximation of the joint probability as,

This type of approximations has been previously explored with Bi-directional RNN LM's BIBREF9 but not for deep transformer models. We therefore, define a pseudo-perplexity score from the above approximated joint probability.

The goal of an language model is to assign meaningful probabilities to a sequence of words. Given a set of tokens $\mathbf {X}=(x_1,....,x_T)$, where $T$ is the length of a sequence, our task is to estimate the joint conditional probability $P(\mathbf {X})$ which is",,,,,
ok4e_98ef1ba5a7b10218,calibration_gate,qasper,qasper:test:1905.07562,qasper:test:1905.07562:693cdb9978749db04ba34d9c168e71534f00a226,,Do they report results only on English data?,- answerable: The paper contains enough evidence to answer the question.,"The first syntaxes that LGI has learned are the ‘move left’ and ‘move right’ random pixels, with the corresponding results shown in Figure 3. After 50000 steps training, LGI could not only reconstruct the input image with high precision but also predict the 'mentally' moved object with specified morphology, correct manipulated direction and position just after the command sentence completed. The predicted text can complete the word ‘move’ given the first letter ‘m’ (till now, LGI has only learned syntaxes of ‘move left or right’). LGI tried to predict the second word ‘right’ with initial letter ‘r’, however, after knowing the command text is ‘l’, it turned to complete the following symbols with ‘eft’. It doesn’t care if the sentence length is 12 or 11, the predicted image and text just came at proper time and position. Even if the command asked to move out of screen, LGI still could reconstruct the partially occluded image with high fidelity.

After that, LGI learned the syntax ‘the size is big/small’, followed by ‘the size is not small/big’. Figure 5 illustrates that LGI could correctly categorize whether the digit size was small or big with proper text output. And we witness that, based on the syntax of ‘the size is big/small’ (train steps =1000), the negative adverb ‘not’ in the language text ‘the size is not small/big’ was much easier to be learned (train steps =200, with same hyper-parameters). This is quite similar to the cumulative learning process of the human being.

Based on the same network, LGI continued to learn syntax ‘this is …’. Just like a parent teaching child numbers by pointing to number instances, Figure 4 demonstrates that, after training of 50000 steps, LGI could classify figures in various morphology with correct identity (accuracy = 72.7%). Note that, the classification process is not performed by softmax operation, but by directly textizing operation (i.e. rounding followed by a symbol mapping operation), which is more biologically plausible than the softmax operation.

FLOAT SELECTED: Figure 3: Mental manipulation of images based on syntaxes of ‘move left x’ and ‘move right x’, where x is a random number, ranging from 0 to 28. LGI has the capacity to correctly predict the next text symbols and image manipulation (with correct morphology, position, direction) at the proper time point. It can recognize the sentence with flexible text length and digit length.",,,,,
ok4e_a2887fa71a447e1d,calibration_gate,qasper,qasper:test:2004.03090,qasper:test:2004.03090:369d7bc5351409910c7a5e05c0cbb5abab8e50ec,,Do the interviews fall under a specific news category? ,- answerable: The paper contains enough evidence to answer the question.,"While models fine-tuned on the training set performed best on each dataset as expected, we observe that 1) models trained on other datasets obtain relatively poor zero-shot performance on Interview; and 2) the model trained on Interview achieved the best out-of-domain performance on DailyDialog and CALLHOME by large margins. This suggests that language models trained on Interview can learn patterns characteristic of natural open-domain dialog in both simple daily conversation and informal long spoken exchanges. We also investigate DialoGPT, a model pre-trained on 147M Reddit threads as a proxy for dialog BIBREF22. Our results show that while Reddit threads can be used to emulate conversation, they may not resemble natural speech; DialoGPT posts by far the worst zero-shot modeling performance across all test datasets ($>$500 perplexity)—inferior to zero-shot GPT2. These experiments confirm that Interview, a dataset of real, complex conversations, is useful for modeling patterns in natural spoken dialog. We show statistics for Interview compared to other dialog datasets in tab:nprstats.",,,,,
ok4e_583af3fc877ff57b,calibration_gate,qasper,qasper:test:1704.08390,qasper:test:1704.08390:3605ea281e72e9085a0ac0a7270cef25fc23063f,,What rank did the language model system achieve in the task evaluation?,- answerable: The paper contains enough evidence to answer the question.,FLOAT SELECTED: Table 3: Evaluation results (bold) and post-evaluation results based on evaluation dir data. The trigram LM trained on the news data ranked 4th place on Subtask A and 1st place on Subtask B.,,,,,
ok4e_77d44b568346950a,calibration_gate,qasper,qasper:test:1910.03943,qasper:test:1910.03943:c61c0b25f9de4a7ca2013d2e4aba8a5047e14ce4,,what other applications did they experiment in?,- answerable: The paper contains enough evidence to answer the question.,"In this work, we propose a framework to learn a semantic representation of hotels by jointly embedding hotel click data, geographic information, user rating, and attributes (such as stars, whether it has free breakfast, whether pets are allowed, etc.). Our neural network architecture extends the skip-gram model to accommodate multiple features and encode each one separately. We then fuse the sub-embeddings to predict hotels in the same session. Through experimental results, we show that enriching the neural network with supplemental, structured hotel information results in superior embeddings when compared to a model that relies solely on click information. Our final embedding can be decomposed into multiple sub-embeddings, each encoding the representation for a different hotel aspect, resulting in an interpretable representation. It is also dynamic, in a sense that if one of the attributes or user ratings changes for a hotel, we can feed the updated data to the model and easily obtain a new embedding. Although we mainly focus on learning embeddings for hotels, the same framework can be applied to general item embedding, such as product embedding on Amazon, Ebay, or Spotify.",,,,,
ok4e_e544b83ee170e568,policy_development,qasper,qasper:train:1703.02507,qasper:train:1703.02507:09a993756d2781a89f7ec5d7992f812d60e24232,,Do they report results only on English data?,- answerable: The paper contains enough evidence to answer the question.,"Unsupervised Similarity Evaluation Results. In Table TABREF19 , we see that our Sent2Vec models are state-of-the-art on the majority of tasks when comparing to all the unsupervised models trained on the Toronto corpus, and clearly achieve the best averaged performance. Our Sent2Vec models also on average outperform or are at par with the C-PHRASE model, despite significantly lagging behind on the STS 2014 WordNet and News subtasks. This observation can be attributed to the fact that a big chunk of the data that the C-PHRASE model is trained on comes from English Wikipedia, helping it to perform well on datasets involving definition and news items. Also, C-PHRASE uses data three times the size of the Toronto book corpus. Interestingly, our model outperforms C-PHRASE when trained on Wikipedia, as shown in Table TABREF21 , despite the fact that we use no parse tree information. Official STS 2017 benchmark. In the official results of the most recent edition of the STS 2017 benchmark BIBREF35 , our model also significantly outperforms C-PHRASE, and in fact delivers the best unsupervised baseline method.

Three different datasets have been used to train our models: the Toronto book corpus, Wikipedia sentences and tweets. The Wikipedia and Toronto books sentences have been tokenized using the Stanford NLP library BIBREF10 , while for tweets we used the NLTK tweets tokenizer BIBREF11 . For training, we select a sentence randomly from the dataset and then proceed to select all the possible target unigrams using subsampling. We update the weights using SGD with a linearly decaying learning rate.",,,,,
ok4e_31aff6388720a5cf,calibration_gate,qasper,qasper:test:1912.06203,qasper:test:1912.06203:35c01dc0b50b73ee5ca7491d7d373f6e853933d2,,Which dataset do they use for text altering attributes matching to image parts?,- answerable: The paper contains enough evidence to answer the question.,"As shown in Table TABREF11, our method has the highest IS and MP values on both the CUB and COCO datasets compared with the state-of-the-art approaches, which demonstrates that (1) our method can produce high-quality manipulated results, and (2) our method can better generate new attributes matching the given text, and also effectively reconstruct text-irrelevant contents of the original image.

Our model is evaluated on the CUB bird BIBREF10 and more complicated COCO BIBREF11 datasets, comparing with two state-of-the-art approaches SISGAN BIBREF8 and TAGAN BIBREF9 on image manipulation using natural language descriptions.",,,,,
ok4e_a1ff162904b400ac,policy_development,qasper,qasper:validation:1611.08661,qasper:validation:1611.08661:932b39fd6c47c6a880621a62e6a978491d881d60,,What baselines are used for comparison?,- answerable: The paper contains enough evidence to answer the question.,"Experimental results on both WN18 and FB15k are shown in Table 2 , where we use “Jointly(CBOW)”, “Jointly(LSTM)” and “Jointly(A-LSTM)” to represent our jointly encoding models with CBOW, LSTM and attentive LSTM text encoders. Our baseline is TransE since that the score function of our models is based on TransE.",,,,,
ok4e_2ba00191220fe59c,policy_development,qasper,qasper:validation:1912.08904,qasper:validation:1912.08904:05c49b9f84772e6df41f530d86c1f7a1da6aa489,,What interface does Macaw currently have?,- answerable: The paper contains enough evidence to answer the question.,"File IO: This interface is designed for experimental purposes, such as evaluating the performance of a conversational search technique on a dataset with multiple queries. This is not an interactive interface.

We have implemented the following interfaces for Macaw:

Telegram: This interactive interface is designed for interaction with real users (see FIGREF4). Telegram is a popular instant messaging service whose client-side code is open-source. We have implemented a Telegram bot that can be used with different devices (personal computers, tablets, and mobile phones) and different operating systems (Android, iOS, Linux, Mac OS, and Windows). This interface allows multi-modal interactions (text, speech, click, image). It can be also used for speech-only interactions. For speech recognition and generation, Macaw relies on online APIs, e.g., the services provided by Google Cloud and Microsoft Azure. In addition, there exist multiple popular groups and channels in Telegram, which allows further integration of social networks with conversational systems. For example, see the Naseri and Zamani's study on news popularity in Telegram BIBREF12.

Standard IO: This interactive command line interface is designed for development purposes to interact with the system, see the logs, and debug or improve the system.

[leftmargin=*]

The modular design of Macaw makes it relatively easy to configure a different user interface or add a new one. The current implementation of Macaw supports a command line interface as well as mobile, desktop, and web apps. In more detail, Macaw's interface can be a Telegram bot, which supports a wide range of devices and operating systems (see FIGREF4). This allows Macaw to support multi-modal interactions, such as text, speech, image, click, etc. A number of APIs for automatic speech recognition and generation have been employed to support speech interactions. Note that the Macaw's architecture and implementation allows mixed-initiative interactions.",,,,,
ok4e_30f62fd58a5bfb6b,policy_development,qasper,qasper:train:1804.00520,qasper:train:1804.00520:20f7b359f09c37e6aaaa15c2cdbb52b031ab4809,,What baseline system is used?,- answerable: The paper contains enough evidence to answer the question.,,,,,,
ok4e_c31a1f1b76aae099,calibration_gate,qasper,qasper:test:1612.09535,qasper:test:1612.09535:c316d7d0c80b8f720ff90a8bb84a8b879a3ef7ea,,how many rules did they use?,- answerable: The paper contains enough evidence to answer the question.,,,,,,
ok4e_aa4743f986bcaabd,calibration_gate,qasper,qasper:test:1804.07445,qasper:test:1804.07445:0bde3ecfdd7c4a9af23f53da2cda6cd7a8398220,,what language was the data in?,- answerable: The paper contains enough evidence to answer the question.,"Following BIBREF15 , we experiment on three simplification datasets, namely: (1) Newsela BIBREF22 , a high-quality simplification corpus of news articles composed by Newsela professional editors for children at multiple grade levels. We used the split of the data in BIBREF15 , i.e., 94,208/1,129/1,077 pairs for train/dev/test. (2) WikiSmall BIBREF10 , which contains aligned complex-simple sentence pairs from English Wikipedia (EW) and SEW. The dataset has 88,837/205/100 pairs for train/dev/test. (3) WikiLarge BIBREF15 , a larger corpus in which the training set is a mixture of three Wikipedia datasets in BIBREF10 , BIBREF11 , BIBREF23 , and the development and test sests are complex sentences taken from WikiSmall, each has 8 simplifications written by Amazon Mechanical Turk workers BIBREF12 . The dataset has 296,402/2,000/359 pairs for train/dev/test. Table TABREF7 provides statistics on the training sets.

We measured BLEU, and SARI at corpus-level following BIBREF15 . In addition, we also evaluated system output by eliciting human judgments. Specifically, we randomly selected 40 sentences from each test set, and included human reference simplifications and corresponding simplifications from the systems above. We then asked three volunteers to rate simplifications with respect to Fluency (the extent to which the output is grammatical English), Adequacy (the extent to which the output has the same meaning as the input sentence), and Simplicity (the extent to which the output is simpler than the input sentence) using a five point Likert scale.",,,,,
ok4e_a6ab691ec79c34fa,policy_development,qasper,qasper:validation:1612.08205,qasper:validation:1612.08205:01a41c0a4a7365cd37d28690735114f2ff5229f2,,What social media platform did they look at?,- answerable: The paper contains enough evidence to answer the question.,"We compile our industry-annotated dataset by identifying blogger profiles located in the U.S. on the profile finder on http://www.blogger.com, and scraping only those users that had the industry profile element completed.",,,,,
ok4e_ba4c6b2ab75ad6fd,policy_development,qasper,qasper:validation:2003.03014,qasper:validation:2003.03014:cb384dc5366b693f28680374d31ff45356af0461,,Do they model semantics ,- answerable: The paper contains enough evidence to answer the question.,"We address this tension by training vector space models to represent the data, in which each unique word in a large corpus is represented by a vector (embedding) in high-dimensional space. The geometry of the resulting vector space captures many semantic relations between words. Furthermore, prior work has shown that vector space models trained on corpora from different time periods can capture semantic change BIBREF58, BIBREF59. For example, diachronic word embeddings reveal that the word gay meant “cheerful"" or “dapper"" in the early 20th century, but shifted to its current meaning of sexual orientation by the 1970s. Because word embeddings are created from real-world data, they contain real-world biases. For example, BIBREF37 demonstrated that gender stereotypes are deeply ingrained in these systems. Though problematic for the widespread use of these models in computational systems, these revealed biases indicate that word embeddings can actually be used to identify stereotypes about social groups and understand how they change over time BIBREF24.",,,,,
ok4e_c143d1b0d9961cb0,calibration_gate,qasper,qasper:test:1908.11049,qasper:test:1908.11049:ed44f7e698d6124cb86791841d02fc6f8b4d862a,,What is their definition of hate speech?,- answerable: The paper contains enough evidence to answer the question.,"Treating hate speech classification as a binary task may not be enough to inspect the motivation and the behavior of the users promoting it and, how people would react to it. For instance, the hateful tweets presented in Figure FIGREF5 show toxicity directed towards different targets, with or without using slurs, and generating several types of reactions. We believe that, in order to balance between truth and subjectivity, there are at least five important aspects in hate speech analysis. Hence, our annotations indicate (a) whether the text is direct or indirect; (b) if it is offensive, disrespectful, hateful, fearful out of ignorance, abusive, or normal; (c) the attribute based on which it discriminates against an individual or a group of people; (d) the name of this group; and (e) how the annotators feel about its content within a range of negative to neutral sentiments. To the best of our knowledge there are no other hate speech datasets that attempt to capture fear out of ignorance in hateful tweets or examine how people react to hate speech. We claim that our multi-aspect annotation schema would provide a valuable insight into several linguistic and cultural differences and bias in hate speech.

We rely on the general public opinion and common linguistic knowledge to assess how people view and react to hate speech. Given the subjectivity and difficulty of the task, we reminded the annotators not to let their personal opinions about the topics being discussed in the tweets influence their annotation decisions.",,,,,
ok4e_d331b17641fc52d3,policy_development,qasper,qasper:validation:2001.03131,qasper:validation:2001.03131:a778b8204a415b295f73b93623d09599f242f202,,What is the Random Kitchen Sink approach?,- answerable: The paper contains enough evidence to answer the question.,"RKS approach proposed in BIBREF21, BIBREF22, explicitly maps data vectors to a space where linear separation is possible. It has been explored for natural language processing tasks BIBREF23, BIBREF24. The RKS method provides an approximate kernel function via explicit mapping.

Here, $\phi (.)$ denotes the implicit mapping function (used to compute kernel matrix), $Z(.)$ denotes the explicit mapping function using RKS and ${\Omega _k}$ denotes random variable .",,,,,
ok4e_1192e6a296801006,calibration_gate,qasper,qasper:test:1603.07252,qasper:test:1603.07252:f2bcfdbebb418e7da165c19b8c7167719432ee48,,What domain of text are they working with?,- answerable: The paper contains enough evidence to answer the question.,"We evaluate our models both automatically (in terms of Rouge) and by humans on two datasets: the benchmark DUC 2002 document summarization corpus and our own DailyMail news highlights corpus. Experimental results show that our summarizers achieve performance comparable to state-of-the-art systems employing hand-engineered features and sophisticated linguistic constraints.

One stumbling block to applying neural network models to extractive summarization is the lack of training data, i.e., documents with sentences (and words) labeled as summary-worthy. Inspired by previous work on summarization BIBREF7 , BIBREF13 and reading comprehension BIBREF9 we retrieve hundreds of thousands of news articles and corresponding highlights from the DailyMail website. Highlights usually appear as bullet points giving a brief overview of the information contained in the article (see Figure 1 for an example). Using a number of transformation and scoring algorithms, we are able to match highlights to document content and construct two large scale training datasets, one for sentence extraction and the other for word extraction. Previous approaches have used small scale training data in the range of a few hundred examples.",,,,,
ok4e_ccdeabe68175b4df,policy_development,qasper,qasper:train:1804.00079,qasper:train:1804.00079:63a77d2640df8315bf0bc3925fdd7e27132b1244,,Which language(s) do they work with?,- answerable: The paper contains enough evidence to answer the question.,,,,,,
ok4e_9276302641c6d049,calibration_gate,qasper,qasper:test:1708.05482,qasper:test:1708.05482:f13a5b6a67a9b10fde68e8b33792879b8146102c,,what lexical features are extracted?,- answerable: The paper contains enough evidence to answer the question.,"Usually, INLINEFORM0 is a INLINEFORM1 weight matrix and INLINEFORM2 is the transposition. Since the answer in our task is a simple “yes” or “no”, we use a INLINEFORM3 matrix for INLINEFORM4 . As the distance between a clause and an emotion words is a very important feature according to BIBREF31 , we simply add this distance into the softmax function as an additional feature in our work.",,,,,
ok4e_767eafd2020da93c,calibration_gate,qasper,qasper:test:1604.05559,qasper:test:1604.05559:06d5de706348dbe8c29bfacb68ce65a2c55d0391,,What is the computational complexity of old method,- answerable: The paper contains enough evidence to answer the question.,"Bigrams: {(I like), (like kitties), (kitties and), (and doggies)} and this one:

Window: 2

Text: “I like kitties and doggies”

Bigrams: {(I like), (I kitties), (I and), (like kitties), (like and), (like doggies), (kitties and), (kitties doggies), (and doggies)}.

Window: 4",,,,,
ok4e_4272f1d1031cfd42,policy_development,qasper,qasper:validation:1703.04001,qasper:validation:1703.04001:6c96e910bd98c9fd58ba2050f99b9c9bac69840a,,how many training samples do you have for training?,- answerable: The paper contains enough evidence to answer the question.,,,,,,
ok4e_4ab46efef90efd8c,policy_development,qasper,qasper:validation:1909.07575,qasper:validation:1909.07575:022c365a14fdec406c7a945a1a18e7e79df37f08,,What is the attention module pretrained on?,- answerable: The paper contains enough evidence to answer the question.,"To sufficiently utilize the large dataset $\mathcal {A}$ and $\mathcal {M}$, the model is pre-trained on CTC-based ASR task and MT task in the pre-training stage.",,,,,
ok4e_6f886c9b4b88d61e,calibration_gate,qasper,qasper:test:1809.03695,qasper:test:1809.03695:1fa9b6300401530738995f14a37e074c48bc9fd8,,In what language are the captions written in?,- answerable: The paper contains enough evidence to answer the question.,,,,,,
ok4e_d9c59fbc65486076,policy_development,qasper,qasper:train:1907.00455,qasper:train:1907.00455:fbe22e133fa919f06abd8afbed3395af51d2bfef,,Do they integrate the second-order term in the mLSTM?,- answerable: The paper contains enough evidence to answer the question.,,,,,,
ok4e_afc848a794b88e2e,policy_development,qasper,qasper:train:1607.06025,qasper:train:1607.06025:62c4c8b46982c3fcf5d7c78cd24113635e2d7010,,What is the size range of the datasets?,- answerable: The paper contains enough evidence to answer the question.,,,,,,
ok4e_af4becd2da58caf2,policy_development,qasper,qasper:train:1612.07843,qasper:train:1612.07843:6bcff3ef61aad6bf1280ea26ed79585e1b838e64,,Does the LRP method work in settings that contextualize the words with respect to one another?,- answerable: The paper contains enough evidence to answer the question.,"Layer-wise relevance propagation (LRP) BIBREF12 , BIBREF32 is a recently introduced technique for estimating which elements of a classifier input are important to achieve a certain classification decision. It can be applied to bag-of-words SVM classifiers as well as to layer-wise structured neural networks. For every input data point and possible target class, LRP delivers one scalar relevance value per input variable, hereby indicating whether the corresponding part of the input is contributing for or against a specific classifier decision, or if this input variable is rather uninvolved and irrelevant to the classification task at all.",,,,,
ok4e_66b426d1a61e4cf7,policy_development,qasper,qasper:validation:2003.08380,qasper:validation:2003.08380:7fb27d8d5a8bb351f97236a1f6dcd8b2613b16f1,,What is the previous state of the art?,- answerable: The paper contains enough evidence to answer the question.,"Looking at the current WinoGrande leaderboard, it appears that the previous state of the art is based on RoBERTa BIBREF2, which can be characterized as an encoder-only transformer architecture. Since T5-3B is larger than RoBERTa, it cannot be ruled out that model size alone explains the performance gain. However, when coupled with the observations of Nogueira et al. BIBREF7, T5's “generative capability”, i.e., its ability to generate fluent text, honed through pretraining, seems to play an important role. The fact that the choice of target tokens affects prediction accuracy is consistent with this observation. How and why is the subject of ongoing work.",,,,,
ok4e_79ab287516543c27,calibration_gate,qasper,qasper:test:1606.02601,qasper:test:1606.02601:2b75df325c98b761faf2fecf6e71ac7366eb15ea,,Is there a difference between the model's performance for morphologically impoverished and morphologically complex languages?,- answerable: The paper contains enough evidence to answer the question.,"We only report results for English. However, English is a morphologically impoverished language, with little inflection and relatively few productive patterns of derivation. Our morphology test set reflects this, with over half the words consisting of a simple morpheme, and over 90% having at most 2 morphemes.

This is unfortunate for our model, as it performs better on words with richer morphology. It gives consistently more accurate morphological analyses for these words compared to standard baselines, and matches word-level models for semantic similarity on rare words with rich morphology. In addition, it seems to learn morphosyntactic features to help solve the syntactic analogy task. Most of all, it is language-agnostic, and easy to port across different languages. We thus expect our model to perform even better for languages with a richer morphology than English, such as Turkish and German.",,,,,
ok4e_d68c8fcce96d7858,policy_development,qasper,qasper:train:1804.00079,qasper:train:1804.00079:496304f63006205ee63da376e02ef1b3010c4aa1,,How many tokens can sentences in their model at most contain?,- answerable: The paper contains enough evidence to answer the question.,,,,,,
ok4e_9f07fbd0e79742af,policy_development,qasper,qasper:validation:1802.00396,qasper:validation:1802.00396:003d6f9722ddc2ee13e879fefafc315fb8e87cb9,,What does a node in the network approach repesent?,- answerable: The paper contains enough evidence to answer the question.,,,,,,
ok4e_899f1ece962ecdaa,policy_development,qasper,qasper:validation:1908.10084,qasper:validation:1908.10084:2e89ebd2e4008c67bb2413699589ee55f59c4f36,,How are the siamese networks trained?,- answerable: The paper contains enough evidence to answer the question.,"Classification Objective Function. We concatenate the sentence embeddings $u$ and $v$ with the element-wise difference $|u-v|$ and multiply it with the trainable weight $W_t \in \mathbb {R}^{3n \times k}$:

where $n$ is the dimension of the sentence embeddings and $k$ the number of labels. We optimize cross-entropy loss. This structure is depicted in Figure FIGREF4.

with $s_x$ the sentence embedding for $a$/$n$/$p$, $||\cdot ||$ a distance metric and margin $\epsilon $. Margin $\epsilon $ ensures that $s_p$ is at least $\epsilon $ closer to $s_a$ than $s_n$. As metric we use Euclidean distance and we set $\epsilon =1$ in our experiments.

Regression Objective Function. The cosine-similarity between the two sentence embeddings $u$ and $v$ is computed (Figure FIGREF5). We use mean-squared-error loss as the objective function.

In order to fine-tune BERT / RoBERTa, we create siamese and triplet networks BIBREF15 to update the weights such that the produced sentence embeddings are semantically meaningful and can be compared with cosine-similarity.

SBERT adds a pooling operation to the output of BERT / RoBERTa to derive a fixed sized sentence embedding. We experiment with three pooling strategies: Using the output of the CLS-token, computing the mean of all output vectors (MEAN-strategy), and computing a max-over-time of the output vectors (MAX-strategy). The default configuration is MEAN.

Triplet Objective Function. Given an anchor sentence $a$, a positive sentence $p$, and a negative sentence $n$, triplet loss tunes the network such that the distance between $a$ and $p$ is smaller than the distance between $a$ and $n$. Mathematically, we minimize the following loss function:

The network structure depends on the available training data. We experiment with the following structures and objective functions.",,,,,
ok4e_6def44a55240b16b,calibration_gate,qasper,qasper:test:1804.01155,qasper:test:1804.01155:90756bdcd812b7ecc1c5df2298aa7561fd2eb02c,,Does the fact that people are active during the day time define their SEC?,- answerable: The paper contains enough evidence to answer the question.,"To do so, first we took the geolocated Twitter users in France and partitioned them into nine socioeconomic classes using their inferred income $S_\mathrm {inc}^u$ . Partitioning was done first by sorting users by their $S^u_\mathrm {inc}$ income to calculate their $C(S^u_\mathrm {inc})$ cumulative income distribution function. We defined socioeconomic classes by segmenting $C(S^u_\mathrm {inc})$ such that the sum of income is the same for each classes (for an illustration of our method see Fig. 6 a in the Appendix). We constructed a social network by considering mutual mention links between these users (as introduced in Section ""Data Description"" ). Taking the assigned socioeconomic classes of connected individuals, we confirmed the effects of status homophily in the Twitter mention network by computing the connection matrix of socioeconomic groups normalized by the equivalent matrix of corresponding configuration model networks, which conserved all network properties except structural correlations (as explained in the Appendix). The diagonal component in Fig. 6 matrix indicated that users of similar socioeconomic classes were better connected, while people from classes far apart were less connected than one would expect by chance from the reference model with users connected randomly.

In Fig. 4 a and b we show the temporal variability of $\overline{L}^{\Lambda }_{\mathrm {cn}}(t)$ and $\overline{L}^{\Lambda }_{\mathrm {cp}}(t)$ (respectively) computed for the whole Twitter user set ( $\Gamma =all$ , solid line) and for geolocated users ( $\Gamma =geo$ , dashed lines). Not surprisingly, these two curves were strongly correlated as indicated by the high Pearson correlation coefficients summarized in the last column of Table 3 which, again, assured us that our geolocated sample of Twitter users was representative of the whole set of users. At the same time, the temporal variability of these curves suggested that people tweeting during the day used a more standard language than those users who are more active during the night. However, after measuring the average income of active users in a given hour over a week, we obtained an even more sophisticated picture. It turned out that people active during the day have higher average income (warmer colors in Fig. 4 ) than people active during the night (colder colors in Fig. 4 ). Thus the variability of standard language patterns was largely explained by the changing overall composition of active Twitter users during different times of day and the positive correlation between socioeconomic status and the usage of higher linguistic standards (that we have seen earlier). This explanation was supported by the high coefficients (summarized in Table 3 ), which were indicative of strong and significant correlations between the temporal variability of average linguistic variables and average income of the active population on Twitter.",,,,,
ok4e_c4e14cd24e32a2f6,policy_development,qasper,qasper:validation:1910.14537,qasper:validation:1910.14537:709feae853ec0362d4e883db8af41620da0677fe,,How does Gaussian-masked directional multi-head attention works?,- answerable: The paper contains enough evidence to answer the question.,"Different from scaled dot-product attention, Gaussian-masked directional attention expects to pay attention to the adjacent characters of each positions and cast the localness relationship between characters as a fix Gaussian weight for attention. We assume that the Gaussian weight only relys on the distance between characters.

Similar as scaled dot-product attention BIBREF24, Gaussian-masked directional attention can be described as a function to map queries and key-value pairs to the representation of input. Here queries, keys and values are all vectors. Standard scaled dot-product attention is calculated by dotting query $Q$ with all keys $K$, dividing each values by $\sqrt{d_k}$, where $\sqrt{d_k}$ is the dimension of keys, and apply a softmax function to generate the weights in the attention:",,,,,
ok4e_53cd3ce3197e0288,policy_development,qasper,qasper:train:1705.00108,qasper:train:1705.00108:12cfbaace49f9363fcc10989cf92a50dfe0a55ea,,what results do they achieve?,- answerable: The paper contains enough evidence to answer the question.,"Our main contribution is to show that the context sensitive representation captured in the LM embeddings is useful in the supervised sequence tagging setting. When we include the LM embeddings in our system overall performance increases from 90.87% to 91.93% INLINEFORM0 for the CoNLL 2003 NER task, a more then 1% absolute F1 increase, and a substantial improvement over the previous state of the art. We also establish a new state of the art result (96.37% INLINEFORM1 ) for the CoNLL 2000 Chunking task.",,,,,
ok4e_10c7839ad75aebf6,policy_development,qasper,qasper:train:1912.07976,qasper:train:1912.07976:10ddac87daf153cf674589cc1c64a795907d5d9a,,How much better is performance of the proposed model compared to the state of the art in these various experiments?,- answerable: The paper contains enough evidence to answer the question.,"We build a joint model for the multi-task of ATE and APC based on the BERT-BASE model. After optimizing the model parameters according to the empirical result, the joint model based on BERT-BASE achieved hopeful performance on all three datasets and even surpassed other proposed BERT based improved models on some datasets, such as BERT-PT, AEN-BERT, SDGCN-BERT, and so on. Meanwhile, we implement the joint-task model based on BERT-SPC. Compared with the BERT-BASE model, BERT-SPC significantly improves the accuracy and F1 score of aspect polarity classification. In addition, for the first time, BERT-SPC has increased the F1 score of ATE subtask on three datasets up to 99%.",,,,,
ok4e_cc08948af6484a5a,policy_development,qasper,qasper:validation:1706.06894,qasper:validation:1706.06894:c87fcc98625e82fdb494ff0f5309319620d69040,,What are hashtag features?,- answerable: The paper contains enough evidence to answer the question.,"With an intention to exploit the contribution of hashtag use to stance detection, we have also used the existence of hashtags in tweets as an additional feature to unigrams. The corresponding evaluation results of the SVM classifiers using unigrams together the existence of hashtags as features are provided in Table TABREF2 .",,,,,
ok4e_7bb85996546286e8,calibration_gate,qasper,qasper:test:1602.03483,qasper:test:1602.03483:31236a876277c6e1c80891a3293c105a1b1be008,,How do they evaluate domain portability?,- answerable: The paper contains enough evidence to answer the question.,"We address this issue with a systematic comparison of cutting-edge methods for learning distributed representations of sentences. We constrain our comparison to methods that do not require labelled data gathered for the purpose of training models, since such methods are more cost-effective and applicable across languages and domains. We also propose two new phrase or sentence representation learning objectives - Sequential Denoising Autoencoders (SDAEs) and FastSent, a sentence-level log-linear bag-of-words model. We compare all methods on two types of task - supervised and unsupervised evaluations - reflecting different ways in which representations are ultimately to be used. In the former setting, a classifier or regression model is applied to representations and trained with task-specific labelled data, while in the latter, representation spaces are directly queried using cosine distance.",,,,,
ok4e_a8bfbef179100cc9,policy_development,qasper,qasper:validation:2001.07786,qasper:validation:2001.07786:902b3123aec0f3a39319ffa9d05ab8e08a2eb567,,What is the algorithm used to create word embeddings?,- answerable: The paper contains enough evidence to answer the question.,,,,,,
ok4e_73623fa18efedc6e,calibration_gate,qasper,qasper:test:1909.04242,qasper:test:1909.04242:ecaa10a2d9927fa6ab6a954488f12aa6b42ddc1a,,How does the proposed training framework mitigate the bias pattern?,- answerable: The paper contains enough evidence to answer the question.,"Furthermore, debiasing can reduce models' dependence on the bias pattern during training, thus force models to better learn semantic information to make predictions. Norm trained with SNLI exceed baseline in JOCI with smooth terms $0.01$ and $0.1$. With larger smooth terms, Norm trained with both SNLI and MultiNLI exceeds baseline in SICK. Given the fact that JOCI is almost neutral to artifacts in SNLI, and the bias pattern of both SNLI and MultiNLI are even predictive in SICK, we owe these promotions to that our method improves models' semantic learning ability.

Essentially speaking, the problem of the bias pattern is that the artifacts in hypotheses are distributed differently among labels, so balancing them across labels may be a good solution to alleviate the impacts BIBREF2.

Based on the idea proposed by BIBREF12, we demonstrate that we can make artifacts in biased datasets balanced across different classes by assigning specific weights for every sample. We refer the distribution of the acquired weighted dataset as artifact-balanced distribution. We consider a supervised NLI task, which is to predict the relationship label $y$ given a sentence pair $x$, and we denote the hypothesis in $x$ as $h$. Without loss of generality, we assume that the prior probability of different labels is equal, and then we have the following theorem.

When the annotation artifacts of the training set cannot be generalized to the testing set, which should be more common in the real-world, predicting by artifacts may hurt models' performance. Centering on the results of JOCI, in which the bias pattern of MultiNLI is misleading, we find that Norm trained with MultiNLI outperforms baseline after debiasing with all smooth values tested.

Focusing on the results when smooth equals $0.01$ for SNLI and smooth equals $0.02$ for MultiNLI, we observe that the AUC of Hyp for all testing sets are approximately $0.5$, indicating Hyp's predictions are approximately equivalent to randomly guessing. Also, the gap between Hard and Easy for Norm significantly decreases comparing with the baseline. With the smooth, we can conclude that our method effectively alleviates the bias pattern.",,,,,
ok4e_11547b0083f8d8b5,calibration_gate,qasper,qasper:test:1909.11706,qasper:test:1909.11706:7969b8d80e12aa3ebb89b5622bc564f44e98329f,,how many classes are they classifying?,- answerable: The paper contains enough evidence to answer the question.,"The particular algorithm of network community detection used in this study is Louvain method BIBREF2 which partitions a network into the number of nodes - every node is its own comunity, and from there, clusters the nodes in a way to maximize each cluster's modularity which indicates how strong is the connectivity between the nodes in the community. This means that, based on the cosine similarity scores - the networks edge weights, the algorithm clusters similar sentences together in a same community while the algorithm proceeds maximizing the connectivity strength amongst the nodes in each community. The network constructed with no threshold in place was detected to have 18 distinct communities with three single node communities. Based on the visualized network (see Figure.FIGREF13), it seemed that the network community detection method clustered the sentence network as good as the original data set with human labeled classes although the communities do not look quite distinct. However, based on the fact that it had three single node communities and the number of distinct communities is less than the number of classes in the human labeled data set, we suspected possible problems that would degrade the quality of the community detection for the use of training text classification models.

The data set obtained from Pypestream is permitted to be used for the research purpose only, and for a security reason, we are not allowed to share the data set. It was once originaly used for creating a conversational intelligence system(chatbot) to support customer inqueries about a particular service. The data set is a two-column comma separated value format data with one column of ""sentence"" and the other column of ""class"". It contains 2,212 unique sentences of user expressions asking questions and aswering to the questions the chatbot asked to the users(see Table.TABREF9). The sentences are all in English without having any missspelled words, and labeled with 19 distinct classes that are identified and designed by humans. Additional data set that only contains the sentences was made for the purpose of this study by taking out the ""class"" column from the original data set.",,,,,
ok4e_c83a2463c6bb089d,policy_development,qasper,qasper:train:1612.05270,qasper:train:1612.05270:1e68a1232ab09b6bff506e442acc8ad742972102,,What are the components of the multilingual framework?,- answerable: The paper contains enough evidence to answer the question.,"In a nutshell, B4MSA starts by applying text-transformations to the messages, then transformed text is represented in a vector space model (see Subsection SECREF13 ), and finally, a Support Vector Machine (with linear kernel) is used as the classifier. B4MSA uses a number of text transformations that are categorized in cross-language features (see Subsection SECREF3 ) and language dependent features (see Subsection SECREF9 ). It is important to note that, all the text-transformations considered are either simple to implement or there is a well-known library (e.g. BIBREF6 , BIBREF7 ) to use them. It is important to note that to maintain the cross-language property, we limit ourselves to not use additional knowledge, this include knowledge from affective lexicons or models based on distributional semantics.",,,,,
ok4e_6179af33f8e39ae3,calibration_gate,qasper,qasper:test:1903.01411,qasper:test:1903.01411:53362c2870cf76b7981c27b3520a71eb1e3e7965,,Does the performance increase with the number of used languages?,- answerable: The paper contains enough evidence to answer the question.,"BIBREF56 present a method for WordNet construction and enlargement with the help of sense tagged parallel corpora. Since parallel sense tagged data are not always available, they use Google Translate to translate a manually sense tagged corpus. In addition they apply automatic sense tagging of a manually translated parallel corpus, whereby they report worse performance compared to the previous approach. We try to overcome this issue by engaging up to ten languages to improve the performance of the automatic sense tagging. Similarly, BabelNet BIBREF5 aligns the lexicographic knowledge from WordNet to the encyclopaedic knowledge of Wikipedia. This is done by assigning WordNet synsets to Wikipedia entries, and making these relations multilingual through the interlingual links. For languages, which do not have the corresponding Wikipedia entry, the authors use Google Translate to translate English sentences containing the synset in the sense annotated corpus. After that, the most frequent translation is included as a variant for the synset for the given language.

BIBREF49 describe in their work the creation of the Open Multilingual Wordnet and its extension with other resources BIBREF50 . The resource is made by combining different wordnets together, knowledge from Wiktionary and the Unicode Common Locale Data Repository. Overall they obtained over 2 million senses for over 100 thousand concepts, linking over 1.4 million words in hundreds of languages. Since using existing lexical resources guarantees a high precision, it may also provide a low recall due to the limitedness of lexical resources in different languages and domains. A different approach to expand English WordNet synsets with lexicalizations in other languages was proposed in BIBREF51 . The authors do not directly match concepts in the two different language resources, but demonstrate an approach that learns how to determine the best translation for English synsets by taking bilingual dictionaries, structural information of the English WordNet and corpus frequency information into account. With the growing amount of parallel data, BIBREF52 show an approach to acquire a set of synsets from parallel corpora. The synsets are obtained by comparing aligned words in parallel corpora in several languages. Similarly, the sloWNet for Slovene BIBREF53 and Wolf for French BIBREF12 are constructed using a multilingual corpus and word alignment techniques in combination with other existing lexical resources. Since all these approaches use word alignment information, they are not able to generate any translation equivalents for multi-word expressions (MWE). In contrast, our approach use an SMT system trained on a large amount of parallel sentences, which allows us to align possible MWEs, such as commercial loan or take a breath, between source and target language. Furthermore, we engage the idea of identifying relevant contextual information to support an SMT system translating short expressions, which showed better performance compared to approaches without a context. BIBREF54 built small domain-specific translation models for ontology translation from relevant sentence pairs that were identified in a parallel corpus based on the ontology labels to be translated. With this approach they improve the translation quality over the usage of large generic translation models. Since the generation of translation models can be computational expensive, BIBREF55 use large generic translation models to translate ontology labels, which were placed into a disambiguated context. With this approach the authors demonstrate translation quality improvement over commercial systems, like Microsoft Translator. Different from this approach, which uses the hierarchical structure of the ontology for disambiguation, we engage a large number of different languages to identify the relevant context.",,,,,
ok4e_47b7907b057a15ae,calibration_gate,qasper,qasper:test:1903.04329,qasper:test:1903.04329:8b8adb1d5a1824c8995b3eba668745c44f61c9c6,,Is this analysis performed only on English data?,- answerable: The paper contains enough evidence to answer the question.,"Thus, when compared to the slightly nonlinear scaling of total amount of words, not all words follow the growth homogeneously with this same exponent. Though a significant amount remains in the linear or inconclusive range according to the statistical model test, most words are sensitive to city size and exhibit a super- or sublinear scaling. Those that fit the linear model the best, correspond to a kind of 'core-Twitter' vocabulary, which has a lot in common with the most common words of the English language, but also shows some Twitter-specific elements. A visible group of words that are amongst the most super- or sublinearly scaling words are related to the abundance or lack of the elements of urban lifestyle (e.g. deer, fitness). Thus, the imprint of the physical environment appears in a quantifiable way in the growths of word occurrences as a function of urban populations. Swearwords and slang, that are quite prevalent in this type of corpus BIBREF7 , BIBREF6 , appear at both ends of the regime that suggests that some specific forms of swearing disappear with urbanization, but the share of overall swearing on Twitter grows with city size. The peak consisting of Spanish words at the superlinear end of the exponent distribution marks the stronger presence of the biggest non-English speaking ethnicity in bigger urban areas. This is confirmed by fitting the scaling relationship to the Hispanic or Latino population BIBREF53 of the MSA areas ( INLINEFORM0 , see SI), which despite the large error, is very superlinear.

We use data from the online social network Twitter, which freely provides approximately 1% of all sent messages via their streaming API. For mobile devices, users have an option to share their exact location along with the Twitter message. Therefore, some messages contain geolocation information in the form of GPS-coordinates. In this study, we analyze 456 millions of these geolocated tweets collected between February 2012 and August 2014 from the area of the United States. We construct a geographically indexed database of these tweets, permitting the efficient analysis of regional features BIBREF41 . Using the Hierarchical Triangular Mesh scheme for practical geographic indexing, we assigned a US county to each tweet BIBREF42 , BIBREF43 . County borders are obtained from the GAdm database BIBREF44 . Counties are then aggregated into Metropolitan and Micropolitan Areas using the county to metro area crosswalk file from BIBREF45 . Population data for the MSA areas is obtained from BIBREF46 .

We sorted the words falling into the ""linear"" scaling category according to their INLINEFORM0 values showing the goodness of fit for the fixed INLINEFORM1 model. The first 50 words in Table TABREF12 according to this ranking are some of the most common words of the English language, apart from some swearwords and abbreviations (e.g. lol) that are typical for Twitter language BIBREF10 . These are the words that are most homogeneously present in the text of all urban areas.

From the first 5000 words according to word rank by occurrence, the most sublinearly and superlinearly scaling words can be seen in Table TABREF13 . Their exponent differs significantly from that of the total word count, and their meaning can usually be linked to the exponent range qualitatively. The sublinearly scaling words mostly correspond to weather services reporting (flood 0.54, thunderstorm 0.61, wind 0.85), some certain slang and swearword forms (shxt 0.81, dang 0.88, damnit 0.93), outdoor-related activities (fishing 0.82, deer 0.81, truck 0.90, hunting 0.87) and certain companies (walmart 0.83). There is a longer tail in the range of superlinearly scaling words than in the sublinear regime in Figure FIGREF11 . This tail corresponds to Spanish words (gracias 1.41, por 1.40, para 1.39 etc.), that could not be separated from the English text, since the shortness of tweets make automated language detection very noisy. Apart from the Spanish words, again some special slang or swearwords (deadass 1.52, thx 1.16, lmfao 1.17, omfg 1.16), flight-reporting (flight 1.25, delayed 1.24 etc.) and lifestyle-related words (fitness 1.15, fashion 1.15, restaurant 1.14, traffic 1.22) dominate this end of the distribution.",,,,,
ok4e_5eb7a4fccea67bd8,calibration_gate,qasper,qasper:test:1905.08392,qasper:test:1905.08392:173060673cb15910cc310058bbb9750614abda52,,How does publicity bias the dataset?,- answerable: The paper contains enough evidence to answer the question.,,,,,,
ok4e_2cb57ce34daa88ec,policy_development,qasper,qasper:train:2001.05493,qasper:train:2001.05493:5845d1db7f819dbadb72e7df69d49c3f424b5730,,What is English mixed with in the TRAC dataset?,- answerable: The paper contains enough evidence to answer the question.,"The fine-grained definition of the aggressiveness/aggression identification is provided by the organizers of TRAC-2018 BIBREF0, BIBREF2. They have classified the aggressiveness into three labels (Overtly aggressive(OAG), Covertly aggressive(CAG), Non-aggressive(NAG)). The detailed description for each of the three labels is described as follows:

Covertly Aggressive(CAG) - This type of aggression the attack is not direct but hidden, subtle and more indirect while being stated politely most of the times. For example, ""Dear India, stop playing with the emotions of your people for votes.""

Overtly Aggressive(OAG) - This type of aggression shows direct verbal attack pointing to the particular individual or group. For example, ""Well said sonu..you have courage to stand against dadagiri of Muslims"".

Non-Aggressive(NAG) - Generally these type of text lack any kind of aggression it is basically used to state facts, wishing on occasions and polite and supportive.

The block diagram of the proposed system is shown in Figure FIGREF22. The proposed system does not use any data augmentation techniques like BIBREF14, which is the top performer in TRAC (in English code-mixed Facebook data). This means the performance achieved by our system totally depends on the training dataset provided by TRAC. This also proves the effectiveness of our approach. Our system outperforms all the previous state of the art approaches used for aggression identification on English code-mixed TRAC data, while being trained only from Facebook comments the system outperforms other approaches on the additional Twitter test set. The remaining part of this paper is organized as follows: Section SECREF2 is an overview of related work. Section SECREF3 presents the methodology and algorithmic details. Section SECREF4 discusses the experimental evaluation of the system, and Section SECREF5 concludes this paper.

In future, we will explore other methods to increase the understanding of deep learning models on group targeted text, although the categories are well defined we will look after if we further fine-tune the categories with more data. In the future, we are planning to pay attention on a generalized language model for code-mixed texts which can also handle Hindi-code-mixed and other multi-lingual code-mixed datasets (i.e., trying to reduce the dependencies on language-specific code-mixed resources).",,,,,
ok4e_aad371a4d7955b94,calibration_gate,qasper,qasper:test:1907.08540,qasper:test:1907.08540:1cc394bdfdfd187fc0af28500ad47a0a764d5645,,who annotated the datset?,- answerable: The paper contains enough evidence to answer the question.,"In order to get an even richer set of human activities, we also ask a set of 1,000 people across the United States to list any five activities that they had done in the past week. We collect our responses using Amazon Mechanical Turk, and manually verify that all responses are reasonable. We remove any duplicate strings and automatically convert them into first-person and past-tense (if they were not in that form already). For this set of queries, there are no wildcards and we only search for exact matches. Example queries obtained using this approach include “I went to the gym” and “I watched a documentary”.",,,,,
ok4e_bd8785fa7a7df91d,calibration_gate,qasper,qasper:test:1805.04833,qasper:test:1805.04833:b783ec5cb9ad595da7db2c0ddf871152ae382c5f,,Where are the stories collected from?,- answerable: The paper contains enough evidence to answer the question.,"We collect a hierarchical story generation dataset from Reddit's WritingPrompts forum. WritingPrompts is a community where online users inspire each other to write by submitting story premises, or prompts, and other users freely respond. Each prompt can have multiple story responses. The prompts have a large diversity of topic, length, and detail. The stories must be at least 30 words, avoid general profanity and inappropriate content, and should be inspired by the prompt (but do not necessarily have to fulfill every requirement). Figure FIGREF1 shows an example.

To train our models, we gathered a large dataset of 303,358 human generated stories paired with writing prompts from an online forum. Evaluating free form text is challenging, so we also introduce new evaluation metrics which isolate different aspects of story generation.",,,,,
ok4e_45e1fe8c2eeeea39,policy_development,qasper,qasper:validation:1906.01040,qasper:validation:1906.01040:27cf16bc9ef71761b9df6217f00f39f21130ce15,,Are humans and machine learning systems fooled by the same kinds of illusions?,- answerable: The paper contains enough evidence to answer the question.,,,,,,
ok4e_0d45fc24d05f1a19,policy_development,qasper,qasper:validation:1912.13337,qasper:validation:1912.13337:8de9f14c7c4f37ab103bc8a639d6d80ade1bc27b,,After how many hops does accuracy decrease?,- answerable: The paper contains enough evidence to answer the question.,"Our comprehensive assessment reveals several interesting nuances to the overall positive trend. For example, the performance of even the best QA models degrades substantially on our hyponym probes (by 8-15%) when going from 1-hop links to 2-hops. Further, the accuracy of even our best models on the WordNetQA probe drops by 14-44% under our cluster-based analysis, which assesses whether a model knows several facts about each individual concept, rather than just being good at answering isolated questions. State-of-the-art QA models thus have much room to improve even in some fundamental building blocks, namely definitions and taxonomic hierarchies, of more complex forms of reasoning.",,,,,
ok4e_26903d3e58ac8651,policy_development,qasper,qasper:train:2001.05493,qasper:train:2001.05493:61404466cf86a21f0c1783ce535eb39a01528ce8,,What are the key differences in communication styles between Twitter and Facebook?,- answerable: The paper contains enough evidence to answer the question.,,,,,,
ok4e_84fb5396bd82d4c1,calibration_gate,qasper,qasper:test:1701.03578,qasper:test:1701.03578:e2a507749a4a3201edd6413c77ad0d4c23e9c6ce,,Is their data open sourced?,- answerable: The paper contains enough evidence to answer the question.,,,,,,
ok4e_8467b73e1b9f330b,policy_development,qasper,qasper:validation:1909.08089,qasper:validation:1909.08089:b66c9a4021b6c8529cac1a2b54dacd8ec79afa5f,,What do they mean by global and local context?,- answerable: The paper contains enough evidence to answer the question.,"In contrast, in order to exploit section information, in this paper we propose to capture a distributed representation of both the global (the whole document) and the local context (e.g., the section/topic) when deciding if a sentence should be included in the summary",,,,,
ok4e_ffba154212a30bfa,calibration_gate,qasper,qasper:test:1908.11046,qasper:test:1908.11046:1dcfcfa46dbcffc2fc7be92dd57df9620258097b,,"How is ""complexity"" and ""confusability"" of entity mentions defined in this work?",- answerable: The paper contains enough evidence to answer the question.,"Table TABREF16 shows significant results per entity type compared to Baseline ($>$3% absolute F1 differences for either Cross or Att). It could be seen that harder entity types generally benefitted more from the cross-structures. For example, work-of-art/creative-work entities could in principle take any surface forms – unseen, the same as a person name, abbreviated, or written with unreliable capitalizations on social media. Such mentions require models to learn a deep, generalized understanding of their context to accurately identify their boundaries and disambiguate their types. Both cross-structures were more capable in dealing with such hard entities (2.1%/5.6%/3.2%/2.0%) than the prevalently used, problematic Baseline.

Moreover, disambiguating fine-grained entity types is also a challenging task. For example, entities of language and NORP often take the same surface forms. Figure FIGREF19 shows an example containing ""Dutch"" and ""English"". While ""English"" was much more frequently used as a language and was identified correctly, the ""Dutch"" mention was tricky for Baseline. The attention heat map (Figure FIGREF24) further tells the story that Att has relied on its attention head to make context-aware decisions. Overall, both cross-structures were much better at disambiguating these fine-grained types (4.1%/0.8%/3.3%/3.4%).",,,,,
ok4e_72b3d3f2d11033e0,policy_development,qasper,qasper:validation:1603.09631,qasper:validation:1603.09631:455d4ef8611f62b1361be4f6387b222858bb5e56,,How was this data collected?,- answerable: The paper contains enough evidence to answer the question.,"However, getting access to systems with real users is usually hard. Therefore, we used the crowdsourcing platform CrowdFlower (CF) for our data collection.

A CF worker gets a task instructing them to use our chat-like interface to help the system with a question which is randomly selected from training examples of Simple questions BIBREF7 dataset. To complete the task user has to communicate with the system through the three phase dialog discussing question paraphrase (see Section ""Interactive Learning Evaluation"" ), explanation (see Section ""Future Work"" ) and answer of the question (see Section ""Conclusion"" ). To avoid poor English level of dialogs we involved CF workers from English speaking countries only. The collected dialogs has been annotated (see Section ""Acknowledgments"" ) by expert annotators afterwards.",,,,,
ok4e_87a4266c3f920861,policy_development,qasper,qasper:train:1909.11879,qasper:train:1909.11879:80b9600e51a823f32bbce12fc52cba9700e2b8d2,,Does the dataset contain non-English reviews?,- answerable: The paper contains enough evidence to answer the question.,"For this aspect and opinion term extraction task, we use tokenized and annotated hotel reviews on Airy Rooms provided by BIBREF1. The dataset consists of 5000 reviews in bahasa Indonesia. The dataset is divided into training and test sets of 4000 and 1000 reviews respectively. The label distribution of the tokens in BIO scheme can be seen in Table TABREF3. In addition, we also see this case as on entity level, i.e. ASPECT, SENTIMENT, and OTHER labels.",,,,,
ok4e_06325873fb76449f,calibration_gate,qasper,qasper:test:2003.08769,qasper:test:2003.08769:f94cea545f745994800c1fb4654d64d1384f2c26,,Is this done in form of unsupervised (clustering) or suppervised learning?,- answerable: The paper contains enough evidence to answer the question.,"From the food images(specific to each user), each image's descriptive labels are obtained from the Food Model. The Clarifai Food Model returns a list of concepts/labels/tags with corresponding probability scores on the likelihood that these concepts are contained within the image. The sum of the probabilities of each of these labels occurring in each image is plotted against the label in Fig 4.

To build a clean database for the user, images with people are excluded. This includes images with people holding or eating food. This is again done with the help of the descriptive labels returned by the Clarifai General Model. Labels such as ""people"" or ""man/woman"" indicate the presence of a person and such images are discarded.

The Food Model : It recognizes more than 1,000 food items in images down to the ingredient level. This model is used to identify the ingredients in a food image.

The General Model : It recognizes over 11,000 different concepts and is a great all purpose solution. We have used this model to distinguish between Food images and Non-Food images.

The General Embedding Model : It analyzes images and returns numerical vectors that represent the input images in a 1024-dimensional space. The vector representation is computed by using Clarifai’s ‘General’ model. The vectors of visually similar images will be close to each other in the 1024-dimensional space. This is used to eliminate multiple similar images of the same food item.

METHODOLOGY

The real task lies in converting the image into interpretable data that can be parsed and used. To help with this, a data processing pipeline is built. The details of the pipeline are discussed below. The data pipeline extensively uses the ClarifaiBIBREF8 image recognition model. The 3 models used extensively are:

A more sophisticated approach to classify based on the ingredients was adopted by using the K Nearest Neighbors Model. The Yummly dataset from Kaggle is used to train the model. The ingredients extracted from the images are used as a test set. The model was run successfully for k-values ranging from 1-25. The radar charts for some of the k values are shown in Fig 7, 8 and 9.

A dataset of 275 images of different food items from different cuisines was compiled. These images were used as input to the Clarifai Food Model. The returned tags were used to create a knowledge database. When the general model labels for an image with high probability were a part of this database, the image was classified as a food image. The most commonly occurring food labels are visualized in Fig 3.",,,,,
ok4e_49fd7cbcbab0275a,policy_development,qasper,qasper:train:1912.07976,qasper:train:1912.07976:3be8859103016ce2afe4c0a8552b9d980f7958bf,,"What is specific to Chinese-oriented ABSA task, how is it different from other languages?",- answerable: The paper contains enough evidence to answer the question.,,,,,,
ok4e_229fbde6bbef5cc0,calibration_gate,qasper,qasper:test:1911.09753,qasper:test:1911.09753:830f9f9499b06fb4ac3ce2f2cf035127b4f0ec63,,How long does it take to train the model on the mentioned dataset? ,- answerable: The paper contains enough evidence to answer the question.,"We train Baseline using the Adam optimizer BIBREF34 on the training split of the Conceptual dataset for 3M iterations with the batch size of 4,096 and the learning rate of $3.2\times 10^{-5}$. The learning rate is warmed up for 20 epochs and exponentially decayed by a factor of 0.95 every 25 epochs. Baseline$+(t)$ are obtained by fine-tuning Baseline on the merged dataset for 1M iterations, with the learning rate of $3.2\times 10^{-7}$ and the same decaying factor. For OnPG, because its memory footprint is increased significantly due to the additional parameters for the rating estimator, we reduce the batch size for training this model by a 0.25 factor; the value of $b$ in Eq. (DISPLAY_FORM12) is set to the moving average of the rating estimates. During OffPG training, for each batch, we sample half of the examples from the Conceptual dataset and the other half from Caption-Quality dataset; $b$ is set to the average of the ratings in the dataset.",,,,,
ok4e_0ddd9d627c6c02ce,calibration_gate,qasper,qasper:test:1811.04791,qasper:test:1811.04791:5370a0062aae7fa4e700ae47aa143be5c5fc6b22,,With how many languages do they experiment in the multilingual setup?,- answerable: The paper contains enough evidence to answer the question.,"We picked another 10 languages (different from the target languages described in Section SECREF7 ) with a combined 198.3 hours of speech from the GlobalPhone corpus. We consider these as high-resource languages, for which transcriptions are available to train a supervised asr system. The languages and dataset sizes are listed in Table TABREF16 . We also use the English wsj corpus BIBREF35 which is comparable to the GlobalPhone corpus. It contains a total of 81 hours of speech, which we either use in its entirety or from which we use a 15 hour subset; this allows us to compare the effect of increasing the amount of data for one language with training on similar amounts of data but from different languages.

Next, we explore how multilingual annotated data can be used to improve feature extraction for a zero-resource target language. We train multilingual bnfs on between one and ten languages from the GlobalPhone collection and evaluate on six other languages (simulating different zero-resource targets). We show that training on more languages consistently improves performance on word discrimination, and that the improvement is not simply due to more training data: an equivalent amount of data from one language fails to give the same benefit. In fact, we observe the largest gain in performance when adding the second training language, which is already better than adding three times as much data from the same language. Moreover, when compared to our best results from training unsupervised on target language data only, we find that bnfs trained on just a single other language already outperform the target-language-only training, with multilingual bnfs doing better by a wide margin.

We use the GlobalPhone corpus of speech read from news articles BIBREF20 . We chose 6 languages from different language families as zero-resource languages on which we evaluate the new feature representations. That means our models do not have any access to the transcriptions of the training data, although transcriptions still need to be available to run the evaluation. The selected languages and dataset sizes are shown in Table TABREF8 . Each GlobalPhone language has recordings from around 100 speakers, with 80% of these in the training sets and no speaker overlap between training, development, and test sets.",,,,,
ok4e_0bdd43fb33d19e96,policy_development,qasper,qasper:validation:1909.09067,qasper:validation:1909.09067:3d013f15796ae7fed5272183a166c45f16e24e39,,Which information about typography is included in the corpus?,- answerable: The paper contains enough evidence to answer the question.,"Information on the font type and font style (e.g., italics, bold print) of a token and its position on the physical page (for PDFs only) was specified as attributes to the token elements of the tokens layer (cf. Figure FIGREF34 for an example)

The paper at hand introduces a corpus developed for use in automatic readability assessment and automatic text simplification of German. The focus of this publication is on representing information that is valuable for these tasks but that hitherto has largely been ignored in machine learning approaches centering around simplified language, specifically, text structure (e.g., paragraphs, lines), typography (e.g., font type, font style), and image (content, position, and dimensions) information. The importance of considering such information has repeatedly been asserted theoretically BIBREF11, BIBREF12, BIBREF0. The remainder of this paper is structured as follows: Section SECREF2 presents previous corpora used for automatic readability assessment and text simplification. Section SECREF3 describes our corpus, introducing its novel aspects and presenting the primary data (Section SECREF7), the metadata (Section SECREF10), the secondary data (Section SECREF28), the profile (Section SECREF35), and the results of machine learning experiments carried out on the corpus (Section SECREF37).

A separate fonts layer was introduced to preserve detailed information on the font configurations referenced in the tokens layer

For the webpages, a static dump of all documents was created. Following this, the documents were manually checked to verify the language. The main content was subsequently extracted, i.e., HTML markup and boilerplate removed using the Beautiful Soup library for Python. Information on text structure (e.g., paragraphs, lines) and typography (e.g., boldface, italics) was retained. Similarly, image information (content, position, and dimensions of an image) was preserved.",,,,,
ok4e_a1cae064dfe8f07d,policy_development,qasper,qasper:train:1604.07236,qasper:train:1604.07236:8e630c5a4a8ba0a4f5d8c483a2bf09c4ac8020ce,,How many languages are considered in the experiments?,- answerable: The paper contains enough evidence to answer the question.,,,,,,
ok4e_931c297af538e6c9,calibration_gate,qasper,qasper:test:1908.08917,qasper:test:1908.08917:89414ef7fcb2709c47827f30a556f543b9a9e6e0,,How does this research compare to research going on in the US and USSR at this time?,- answerable: The paper contains enough evidence to answer the question.,"There were many other centers for research in machine translation: Gorkovsky University (Omsk), 1st Moscow Institute for Foreign Languages, Computing Centre of the Armenian SSR and at the Institute for Automatics and Telemechanics of the Georgian SSR BIBREF7. It is worthwhile to note that both the USA and the USSR had access to state-of-the-art computers, and the political support for the production of such systems meant that computers were made available to researchers in machine translation. However, the results were poor in the late 1950s, and a working system was yet to be shown. All work was therefore theoretical work implemented on a computer, which proved to be sub-optimal.

The Russian machine translation pioneer Andreev expressed hope that the Yugoslav (Croatian) research group could create a prototype, but sadly, due to the lack of federal funding, this never happened BIBREF10. Unlike their colleagues in the USA and the USSR, Laszlo’s group had to manage without an actual computer (which is painfully obvious in BIBREF12), and the results remained mainly theoretical. Appealing probably to the political circles of the time, Laszlo and Petrović note that, although it sounds strange, research in computational linguistics is mainly a top-priority military effort in other countries BIBREF11. There is a quote from BIBREF10 which perhaps best delineates the optimism and energy that the researchers in Zagreb had:

The idea of machine translation was a tempting idea in the 1950s. The main military interest in machine translation as an intelligence gathering tool (translation of scientific papers, daily press, technical reports, and everything the intelligence services could get their hands on) was sparked by the Soviet advance in nuclear technology, and would later be compounded by the success of Vostok 1 (termed by the USA as a “strategic surprise”). In the nuclear age, being able to read and understand what the other side was working on was of crucial importance BIBREF4. Machine translation was quickly absorbed in the program of the Dartmouth Summer Research Project on Artificial Intelligence in 1956 (where Artificial Intelligence as a field was born), as one of the five core fields of artificial intelligence (later to be known as natural language processing). One other field was included here, the “nerve nets” as they were known back then, today commonly known as artificial neural networks. What is also essential for our discussion is that the earliest programming language for artificial intelligence, Lisp, was invented in 1958 by John McCarthy BIBREF5. But let us take a closer look at the history of machine translation. In the USA, the first major wave of government and military funding for machine translation came in 1954, and the period of abundancy lasted until 1964, when the National Research Council established the Automatic Language Processing Advisory Committee (ALPAC), which was to assess the results of the ten years of intense funding. The findings were very negative, and funding was almost gone BIBREF4, hence the ALPAC report became the catalyst for the first “AI Winter”.

In the USSR, there were four major approaches to machine translation in the late 1950s BIBREF7. The first one was the research at the Institute for Precise Mechanics and Computational Technology of the USSR Academy of Sciences. Their approach was mostly experimental and not much different from today's empirical methods. They evaluated the majority of algorithms known at the time algorithms over meticulously prepared datasets, whose main strength was data cleaning, and by 1959 they have built a German-Russian machine translation prototype. The second approach, as noted by Mulić BIBREF7, was championed by the team at the Steklov Mathematical Institute of the USSR Academy of Sciences led by A. A. Reformatsky. Their approach was mainly logical, and they extended the theoretical ideas of Bar-Hillel BIBREF2 to build three algorithms: French-Russian, English-Russian and Hungarian-Russian. The third and perhaps the most successful approach was the one by A. A. Lyapunov, O. S. Kulagina and R. L. Dobrushin. Their efforts resulted in the formation of the Mathematical Linguistics Seminar at the Faculty of Philology in Moscow in 1956 and in Leningrad in 1957. Their approach was mainly information-theoretic (but they also tried logic-based approaches BIBREF7), which was considered cybernetic at that time. This was the main role model for the Croatian efforts from 1957 onwards. The fourth, and perhaps most influential, was the approach at the Experimental Laboratory of the Leningrad University championed by N. D. Andreev BIBREF7. Here, the algorithms for Indonesian-Russian, Arabic-Russian, Hindu-Russian, Japanese-Russian, Burmese-Russian, Norwegian-Russian, English-Russian, Spanish-Russian and Turkish-Russian were being built. The main approach of Andreev's group was to use an intermediary language, which would capture the meanings BIBREF7. It was an approach similar to KL-ONE, which would be introduced in the West much later (in 1985) by Brachman and Schmolze BIBREF8. It is also interesting to note that the Andreev group had a profound influence on the Czechoslovakian machine translation program BIBREF9, which unfortunately suffered a similar fate as the Yugoslav one due to the lack of funding.

Laszlo and Petrović BIBREF11 also commented on the state of the art of the time, noting the USA prototype efforts from 1954 and the publication of a collection of research papers in 1955 as well as the USSR efforts starting from 1955 and the UK prototype from 1956. They do not detail or cite the articles they mention. However, the fact that they referred to them in a text published in 1959 (probably prepared for publishing in 1958, based on BIBREF11, where Laszlo and Petrović described that the group had started its work in 1958) leads us to the conclusion that the poorly funded Croatian research was lagging only a couple of years behind the research of the superpowers (which invested heavily in this effort). Another interesting moment, which they delineated in BIBREF11, is that the group soon discovered that some experimental work had already been done in 1957 at the Institute of Telecommunications (today a part of the Faculty of Electrical Engineering and Computing at the University of Zagreb) by Vladimir Matković. Because of this, they decided to include him in the research group of the Faculty of Humanities and Social Sciences at the University of Zagreb. The work done by Matković was documented in his doctoral dissertation but remained unpublished until 1959.

Beginnings of Machine Translation and Artificial Intelligence in the USA and USSR",,,,,
ok4e_85bc3190d58ea3b5,policy_development,qasper,qasper:validation:1805.03710,qasper:validation:1805.03710:9c44df7503720709eac933a15569e5761b378046,,For which languages do they build word embeddings for?,- answerable: The paper contains enough evidence to answer the question.,"FLOAT SELECTED: Table 2: We generate vectors for OOV using subword information and search for the nearest (cosine distance) words in the embedding space. The LV-M segmentation for each word is: {〈hell, o, o, o〉}, {〈marvel, i, cious〉}, {〈louis, ana〉}, {〈re, re, read〉}, {〈 tu, z, read〉}. We omit the LV-N and FT n-grams as they are trivial and too numerous to list.",,,,,
ok4e_dc61f1b41acd9594,policy_development,qasper,qasper:train:1912.07976,qasper:train:1912.07976:f53be1266be1fea5598a671080226c9c983b69e3,,Why authors think that researches do not pay attention to the research of the Chinese-oriented ABSA task?,- answerable: The paper contains enough evidence to answer the question.,,,,,,
ok4e_15ddbed719c47db2,policy_development,qasper,qasper:validation:2001.02284,qasper:validation:2001.02284:ca5a82b54cb707c9b947aa8445aac51ea218b23a,,How does the IPA label data after interacting with users?,- answerable: The paper contains enough evidence to answer the question.,"Triples in the form of (User Request, Next Action, Response). Information on the next system's action could be employed to train a Dialogue Manager unit with (deep-) machine learning algorithms;

Plain Information Dictionary information (e.g., extracted entities) collected for the whole dialogue;

Next Action Prediction: We defined a classification problem to predict the system's next action according to the given user input. We assumed 13 custom actions (see Table TABREF42) that we considered being our labels. In the conversational dataset, each input was automatically labeled by the rule-based system with the corresponding next action and the dialogue-id. Thus, no additional post-labeling was required. We investigated two settings:

Plain dialogues with unique dialogue indexes;

Pairs of questions (i.e., user requests) and responses (i.e., bot responses) with the unique dialogue- and turn-indexes;

Named Entity Recognition: We defined a sequence labeling task to extract custom entities from user input. We assumed seven (7) possible entities (see Table TABREF43) to be recognized by the model: topic, subtopic, examination mode and level, question number, intent, as well as the entity other for remaining words in the utterance. Since the data obtained from the rule-based system already contains information on the entities extracted from each user query (i.e., by means of Elasticsearch), we could use it to train a domain-specific NER unit. However, since the user-input was informal, the same information could be provided in different writing styles. That means that a single entity could have different surface forms (e.g., synonyms, writing styles) (although entities that we extracted from the rule-based system were all converted to a universal standard, e.g., official chapter names). To consider all of the variable entity forms while post-labeling the original dataset, we defined generic entity names (e.g., chapter, question nr.) and mapped variations of entities from the user input (e.g., Chapter = [Elementary Calculus, Chapter $I$, ...]) to them.",,,,,
ok4e_257f5f332cbe1fcb,calibration_gate,qasper,qasper:test:1909.02855,qasper:test:1909.02855:34e9e54fa79e89ecacac35f97b33ef3ca3a00f85,,What are the three SOTA models evaluated?,- answerable: The paper contains enough evidence to answer the question.,"We use our dictionaries to train and evaluate three of the best performing BLI models BIBREF3, BIBREF4, BIBREF5 on all 40 language pairs. To paint a complete picture of the models' generalization ability we propose a new experimental paradigm in which we independently control for four different variables: the word form's frequency, morphology, the lexeme frequency and the lexeme (a total of 480 experiments). Our comprehensive analysis reveals that BLI models can generalize for frequent morphosyntactic categories, even of infrequent lexemes, but fail to generalize for the more rare categories. This yields a more nuanced picture of the known deficiency of word embeddings to underperform on infrequent words BIBREF6. Our findings also contradict the strong empirical claims made elsewhere in the literature BIBREF4, BIBREF2, BIBREF5, BIBREF7, as we observe that performance severely degrades when the evaluation includes rare morphological variants of a word and infrequent lexemes. We picture this general trend in Figure FIGREF2, which also highlights the skew of existing dictionaries towards more frequent words. As our final contribution, we demonstrate that better encoding of morphology is indeed beneficial: enforcing a simple morphological constraint yields consistent performance improvements for all Romance language pairs and many of the Slavic language pairs.z",,,,,
ok4e_5d557284527c2733,calibration_gate,qasper,qasper:test:1909.13184,qasper:test:1909.13184:7e906dc00e92088a25df3719104d1750e5a27485,,What type of health-related research takes place in social media?,- answerable: The paper contains enough evidence to answer the question.,"In recent years, social media has evolved into an important source of information for various types of health-related research. Social networks encapsulate large volumes of data associated with diverse health topics, generated by active user bases in continuous growth. Twitter, for example, has 330 million monthly active users worldwide that generate almost 500 million micro-blogs (tweets) per day. For some years, the use of the platform to share personal health information has been growing, particularly amongst people living with one or more chronic conditions and those living with disability. Twenty percent of social network site users living with chronic conditions gather and share health information on the sites, compared with 12% of social network site users who report no chronic conditions. Social media data is thus being widely used for health-related research, for tasks such as adverse drug reaction detection BIBREF0, syndromic surveillance BIBREF1, subject recruitment for cancer trials BIBREF2, and characterizing drug abuse BIBREF3, to name a few. Twitter is particularly popular in research due to the availability of the public streaming API, which releases a sample of publicly posted data in real time. While early health-related research from social media focused almost exclusively on population-level studies, some very recent research tasks have focused on performing longitudinal data analysis at the user level, such as mining health-related information from cohorts of pregnant women BIBREF4.",,,,,
ok4e_4688b974094a6184,calibration_gate,qasper,qasper:test:1603.01547,qasper:test:1603.01547:20e2b517fddb0350f5099c39b16c2ca66186d09b,,What baseline do they compare against?,- answerable: The paper contains enough evidence to answer the question.,"One can also see how the task complexity varies with the type of the omitted word (named entity, common noun, verb, preposition). BIBREF3 have shown that while standard LSTM language models have human level performance on predicting verbs and prepositions, they lack behind on named entities and common nouns. In this article we therefore focus only on predicting the first two word types.

Memory Networks

The Dynamic Entity Representation model BIBREF12 has a complex architecture also based on the weighted attention mechanism and max-pooling over contextual embeddings of vectors for each named entity.

Attentive and Impatient Readers were proposed in BIBREF1 . The simpler Attentive Reader is very similar to our architecture. It also uses bidirectional document and query encoders to compute an attention in a similar way we do. The more complex Impatient Reader computes attention over the document after reading every word of the query. However, empirical evaluation has shown that both models perform almost identically on the CNN and Daily Mail datasets.

A model presented in BIBREF7 is inspired by the Attentive Reader. One difference is that the attention weights are computed with a bilinear term instead of simple dot-product, that is INLINEFORM0 . The document embedding INLINEFORM1 is computed using a weighted sum as in the Attentive Reader, INLINEFORM2 . In the end INLINEFORM3 , where INLINEFORM4 is a new embedding function.

Chen et al. 2016

Several recent deep neural network architectures BIBREF1 , BIBREF3 , BIBREF7 , BIBREF12 were applied to the task of text comprehension. The last two architectures were developed independently at the same time as our work. All of these architectures use an attention mechanism that allows them to highlight places in the document that might be relevant to answering the question. We will now briefly describe these architectures and compare them to our approach.

Dynamic Entity Representation

MenNN BIBREF13 were applied to the task of text comprehension in BIBREF3 .",,,,,
ok4e_99bc8a28a2929cac,policy_development,qasper,qasper:validation:1612.08205,qasper:validation:1612.08205:692c9c5d9ff9cd3e0ce8b5e4fa68dda9bd23dec1,,How many users do they look at?,- answerable: The paper contains enough evidence to answer the question.,"Specifically, this paper makes four main contributions. First, we build a large, industry-annotated dataset that contains over 20,000 blog users. In addition to their posted text, we also link a number of user metadata including their gender, location, occupation, introduction and interests.

The final set of categories is shown in Table TABREF1 , along with the number of users in each category. The resulting dataset consists of 22,880 users, 41,094 blogs, and 561,003 posts. Table TABREF2 presents additional statistics of our dataset.",,,,,
ok4e_3fc580775fa25c13,policy_development,qasper,qasper:train:1604.07236,qasper:train:1604.07236:d9eacd965bbdc468da522e5e6fe7491adc34b93b,,What model do they train?,- answerable: The paper contains enough evidence to answer the question.,"We carried out the experimentation with a range of classifiers of different types: Support Vector Machines (SVM), Gaussian Naive Bayes, Multinomial Naive Bayes, Decision Trees, Random Forests and a Maximum Entropy classifier. They were tested in two different settings, one without balancing the weights of the different classes and the other by weighing the classes as the inverse of their frequency in the training set; the latter was tested as a means for dealing with the highly imbalanced data. The selection of these classifiers is in line with those used in the literature, especially with those tested by Han et al. BIBREF41 . This experimentation led to the selection of the weighed Maximum Entropy (MaxEnt) classifier as the most accurate. In the interest of space and focus, we only present results for this classifier.",,,,,
ok4e_06f46f088f9ae33d,policy_development,qasper,qasper:train:2004.03744,qasper:train:2004.03744:a08b5018943d4428f067c08077bfff1af3de9703,,What is the class with highest error rate in SNLI-VE?,- answerable: The paper contains enough evidence to answer the question.,"Xie also propose the SNLI-VE dataset as the first dataset for VTE. SNLI-VE is built from the textual entailment SNLI dataset BIBREF0 by replacing textual premises with the Flickr30k images that they originally described BIBREF2. However, images contain more information than their descriptions, which may entail or contradict the textual hypotheses (see Figure FIGREF3). As a result, the neutral class in SNLI-VE has substantial labelling errors. Vu BIBREF3 estimated ${\sim }31\%$ errors in this class, and ${\sim }1\%$ for the contradiction and entailment classes.",,,,,
ok4e_33d2055a6f372bbb,policy_development,qasper,qasper:validation:1603.01514,qasper:validation:1603.01514:6568a31241167f618ef5ede939053feaa2fb0d7e,,Do they add one latent variable for each language pair in their Bayesian model?,- answerable: The paper contains enough evidence to answer the question.,"The multilingual model uses word alignments between sentences in a parallel corpus to exploit role correspondences across languages. We make copies of the monolingual model for each language and add additional crosslingual latent variables (CLVs) to couple the monolingual models, capturing crosslingual semantic role patterns. Concretely, when training on parallel sentences, whenever the head words of the arguments are aligned, we add a CLV as a parent of the two corresponding role variables. Figure FIGREF16 illustrates this model. The generative process, as explained below, remains the same as the monolingual model for the most part, with the exception of aligned roles which are now generated by both the monolingual process as well as the CLV.",,,,,
ok4e_619df41d6d79093f,policy_development,qasper,qasper:validation:1908.10084,qasper:validation:1908.10084:596aede2b311deb8cb0a82d2e7de314ef6e83e4e,,How many GPUs are used for the training of SBERT?,- answerable: The paper contains enough evidence to answer the question.,,,,,,
ok4e_23829515e7fd9e82,policy_development,qasper,qasper:train:1901.02262,qasper:train:1901.02262:6ead576ee5813164684a8cdda36e6a8c180455d9,,How do they measure the quality of summaries?,- answerable: The paper contains enough evidence to answer the question.,"Table 2 shows that our ensemble model, controlled with the NLG and Q&A styles, achieved state-of-the-art performance on the NLG and Q&A tasks in terms of Rouge-L. In particular, for the NLG task, our single model outperformed competing models in terms of both Rouge-L and Bleu-1. The capability of creating abstractive summaries from the question and passages contributed to its improvements over the state-of-the-art extractive approaches BIBREF6 , BIBREF7 .",,,,,
ok4e_448fac38255b64b2,policy_development,qasper,qasper:validation:1701.05574,qasper:validation:1701.05574:49c32a2a64eb41381e5f12ccea4150cac9f3303d,,What other evaluation metrics are looked at?,- answerable: The paper contains enough evidence to answer the question.,"For all the classifiers, our feature combination outperforms the baselines (considering only unigram features) as well as BIBREF3 , with the MILR classifier getting an F-score improvement of 3.7% and Kappa difference of 0.08. We also achieve an improvement of 2% over the baseline, using SVM classifier, when we employ our feature set. We also observe that the gaze features alone, also capture the differences between sarcasm and non-sarcasm classes with a high-precision but a low recall.",,,,,
ok4e_afc023ddbeafc902,policy_development,qasper,qasper:train:1706.04815,qasper:train:1706.04815:dd8f72cb3c0961b5ca1413697a00529ba60571fe,,Why MS-MARCO is different from SQuAD?,- answerable: The paper contains enough evidence to answer the question.,"We propose a multi-task learning framework for evidence extraction. Unlike the SQuAD dataset, which only has one passage given a question, there are several related passages for each question in the MS-MARCO dataset. In addition to annotating the answer, MS-MARCO also annotates which passage is correct. To this end, we propose improving text span prediction with passage ranking. Specifically, as shown in Figure 2 , in addition to predicting a text span, we apply another task to rank candidate passages with the passage-level representation.",,,,,
ok4e_d68af42f359ac6b6,policy_development,qasper,qasper:validation:1705.01214,qasper:validation:1705.01214:dd76130ec5fac477123fe8880472d03fbafddef6,,What is the state of the art described in the paper?,- answerable: The paper contains enough evidence to answer the question.,"In this section we discuss the state of the art on conversational systems in three perspectives: types of interactions, types of architecture, and types of context reasoning. Then we present a table that consolidates and compares all of them.

A.L.I.C.E. (Artificial Linguistic Internet Computer Entity) BIBREF12 appeared in 1995 but current version utilizes AIML, an XML language designed for creating stimulus-response chat robots BIBREF13 . A.L.I.C.E. bot has, at present, more than 40,000 categories of knowledge, whereas the original ELIZA had only about 200. The program is unable to pass the Turing test, as even the casual user will often expose its mechanistic aspects in short conversations.

Cleverbot (1997-2014) is a chatbot developed by the British AI scientist Rollo Carpenter. It passed the 2011 Turing Test at the Technique Techno-Management Festival held by the Indian Institute of Technology Guwahati. Volunteers participate in four-minute typed conversations with either Cleverbot or humans, with Cleverbot voted 59.3 per cent human, while the humans themselves were rated just 63.3 per cent human BIBREF14 .

ELIZA BIBREF11 was one of the first softwares created to understand natural language processing. Joseph Weizenbaum created it at the MIT in 1966 and it is well known for acting like a psychotherapist and it had only to reflect back onto patient's statements. ELIZA was created to tackle five ""fundamental technical problems"": the identification of critical words, the discovery of a minimal context, the choice of appropriate transformations, the generation of appropriate responses to the transformation or in the absence of critical words, and the provision of an ending capacity for ELIZA scripts.

Right after ELIZA came PARRY, developed by Kenneth Colby, who is psychiatrist at Stanford University in the early 1970s. The program was written using the MLISP language (meta-lisp) on the WAITS operating system running on a DEC PDP-10 and the code is non-portable. Parts of it were written in PDP-10 assembly code and others in MLISP. There may be other parts that require other language translators. PARRY was the first system to pass the Turing test - the psychiatrists were able to make the correct identification only 48 percent of the time, which is the same as a random guessing.",,,,,
ok4e_48e4ae499b7af651,policy_development,qasper,qasper:train:1901.02262,qasper:train:1901.02262:6c80bc3ed6df228c8ca6e02c0a8a1c2889498688,,"Is there exactly one ""answer style"" per dataset?",- answerable: The paper contains enough evidence to answer the question.,"We conducted experiments on the two tasks of MS MARCO 2.1 BIBREF5 . The answer styles considered in the experiments corresponded to the two tasks. The NLG task requires a well-formed answer that is an abstractive summary of the question and ten passages, averaging 16.6 words. The Q&A task also requires an abstractive answer but prefers a more concise answer than the NLG task, averaging 13.1 words, where many of the answers do not contain the context of the question. For instance, for the question “tablespoon in cup”, the answer in the Q&A task will be “16”, and the answer in the NLG task will be “There are 16 tablespoons in a cup.” In addition to the ALL dataset, we prepared two subsets (Table 1 ). The ANS set consists of answerable questions, and the WFA set consists of the answerable questions and well-formed answers, where WFA $\subset $ ANS $\subset $ ALL.",,,,,
ok4e_dd32ca704aed8100,policy_development,qasper,qasper:validation:1912.08904,qasper:validation:1912.08904:58ef2442450c392bfc55c4dc35f216542f5f2dbb,,Does the paper provide any case studies to illustrate how one can use Macaw for CIS research?,- answerable: The paper contains enough evidence to answer the question.,,,,,,
ok4e_c685bf11d196b893,policy_development,qasper,qasper:validation:1701.05574,qasper:validation:1701.05574:22732cb9476e521452bf0538f3fdb94cf3867651,,What kind of stylistic features are obtained?,- answerable: The paper contains enough evidence to answer the question.,,,,,,
ok4e_91827eafc56befe9,calibration_gate,qasper,qasper:test:1910.12477,qasper:test:1910.12477:e86b9633dc691976dd00ed57d1675e1460f7167b,,What is the state-of-the-art model in this task?,- answerable: The paper contains enough evidence to answer the question.,,,,,,
ok4e_1869cf6fc49daa98,policy_development,qasper,qasper:validation:1910.05603,qasper:validation:1910.05603:53f74250948015c394e7b8438a2041fdeb330911,,What are the deep learning architectures used in the task?,- answerable: The paper contains enough evidence to answer the question.,"We adopt a DNN-based acoustic model BIBREF0 with 11 hidden layers and the alignment used to train the model is derived from a HMM-GMM model trained with SAT criterion. In a conventional Gaussian Mixture Model - Hidden Markov Model (GMM-HMM) acoustic model, the state emission log-likelihood of the observation feature vector $o_t$ for certain tied state $s_j$ of HMMs at time $t$ is computed as",,,,,
ok4e_8af63bd41c2f1c1d,calibration_gate,qasper,qasper:test:1805.06648,qasper:test:1805.06648:8ba582939823faae6822a27448ea011ab6b90ed7,,How are global structures considered?,- answerable: The paper contains enough evidence to answer the question.,"Here, we consider how this global structure in the learned embeddings is related to a linearity in the training objective. In particular, linear functions have the property that INLINEFORM0 , imposing a systematic relation between the predictions we make for INLINEFORM1 , INLINEFORM2 and INLINEFORM3 . In fact, we could think of this as a form of translational symmetry where adding INLINEFORM4 to the input has the same effect on the output throughout the space.",,,,,
ok4e_d7d3461db9900384,policy_development,qasper,qasper:validation:2002.01207,qasper:validation:2002.01207:db72a78a7102b5f0e75a4d9e1a06a3c2e7aabb21,,what are the previous state of the art?,- answerable: The paper contains enough evidence to answer the question.,"For MSA, though the CHAR+PRIOR feature led to worse results than using CHAR alone, the results show that combining all the features achieved the best results. Moreover, post correction improved results overall. We compare our results to five other systems, namely Farasa BIBREF31, MADAMIRA BIBREF29, RDI (Rashwan et al., 2015), MIT (Belinkow and Glass, 2015), and Microsoft ATKS BIBREF28. Table TABREF34 compares our system with others in the aforementioned systems. As the results show, our results beat the current state-of-the-art.

Modern Standard Arabic (MSA) and Classical Arabic (CA) have two types of vowels, namely long vowels, which are explicitly written, and short vowels, aka diacritics, which are typically omitted in writing but are reintroduced by readers to properly pronounce words. Since diacritics disambiguate the sense of the words in context and their syntactic roles in sentences, automatic diacritic recovery is essential for applications such as text-to-speech and educational tools for language learners, who may not know how to properly verbalize words. Diacritics have two types, namely: core-word (CW) diacritics, which are internal to words and specify lexical selection; and case-endings (CE), which appear on the last letter of word stems, typically specifying their syntactic role. For example, the word “ktb” (كتب>) can have multiple diacritized forms such as “katab” (كَتَب> – meaning “he wrote”) “kutub” (كُتُب> – “books”). While “katab” can only assume one CE, namely “fatHa” (“a”), “kutub” can accept the CEs: “damma” (“u”) (nominal – ex. subject), “a” (accusative – ex. object), “kasra” (“i”) (genitive – ex. PP predicate), or their nunations. There are 14 diacritic combinations. When used as CEs, they typically convey specific syntactic information, namely: fatHa “a” for accusative nouns, past verbs and subjunctive present verbs; kasra “i” for genitive nouns; damma “u” for nominative nouns and indicative present verbs; sukun “o” for jussive present verbs and imperative verbs. FatHa, kasra and damma can be preceded by shadda “$\sim $” for gemination (consonant doubling) and/or converted to nunation forms following some grammar rules. In addition, according to Arabic orthography and phonology, some words take a virtual (null) “#” marker when they end with certain characters (ex: long vowels). This applies also to all non-Arabic words (ex: punctuation, digits, Latin words, etc.). Generally, function words, adverbs and foreign named entities (NEs) have set CEs (sukun, fatHa or virtual). Similar to other Semitic languages, Arabic allows flexible Verb-Subject-Object as well as Verb-Object-Subject constructs BIBREF1. Such flexibility creates inherent ambiguity, which is resolved by diacritics as in “r$>$Y Emr Ely” (رأى عمر علي> Omar saw Ali/Ali saw Omar). In the absence of diacritics it is not clear who saw whom. Similarly, in the sub-sentence “kAn Alm&tmr AltAsE” (كان المؤتمر التاسع>), if the last word, is a predicate of the verb “kAn”, then the sentence would mean “this conference was the ninth” and would receive a fatHa (a) as a case ending. Conversely, if it was an adjective to the “conference”, then the sentence would mean “the ninth conference was ...” and would receive a damma (u) as a case ending. Thus, a consideration of context is required for proper disambiguation. Due to the inter-word dependence of CEs, they are typically harder to predict compared to core-word diacritics BIBREF2, BIBREF3, BIBREF4, BIBREF5, with CEER of state-of-the-art systems being in double digits compared to nearly 3% for word-cores. Since recovering CEs is akin to shallow parsing BIBREF6 and requires morphological and syntactic processing, it is a difficult problem in Arabic NLP. In this paper, we focus on recovering both CW diacritics and CEs. We employ two separate Deep Neural Network (DNN) architectures for recovering both kinds of diacritic types. We use character-level and word-level bidirectional Long-Short Term Memory (biLSTM) based recurrent neural models for CW diacritic and CE recovery respectively. We train models for both Modern Standard Arabic (MSA) and Classical Arabic (CA). For CW diacritics, the model is informed using word segmentation information and a unigram language model. We also employ a unigram language model to perform post correction on the model output. We achieve word error rates for CW diacritics of 2.9% and 2.2% for MSA and CA. The MSA word error rate is 6% lower than the best results in the literature (the RDI diacritizer BIBREF7). The CE model is trained with a rich set of surface, morphological, and syntactic features. The proposed features would aid the biLSTM model in capturing syntactic dependencies indicated by Part-Of-Speech (POS) tags, gender and number features, morphological patterns, and affixes. We show that our model achieves a case ending error rate (CEER) of 3.7% for MSA and 2.5% for CA. For MSA, this CEER is more than 60% lower than other state-of-the-art systems such as Farasa and the RDI diacritizer, which are trained on the same dataset and achieve CEERs of 10.7% and 14.4% respectively. The contributions of this paper are as follows:",,,,,
ok4e_88e855263363c574,calibration_gate,qasper,qasper:test:1706.02427,qasper:test:1706.02427:b57ad10468e1ba2a7a34396688dbb10a575d89f5,,What loss function is used?,- answerable: The paper contains enough evidence to answer the question.,We separately train the parameters for each aspect with back-propagation. We use negative log-likelihood as the loss function.,,,,,
ok4e_baece5b6a7bdc08d,policy_development,qasper,qasper:validation:2003.02249,qasper:validation:2003.02249:8b9c12df9f89040f1485b3847a29f11b5c9262e0,,Is jiant compatible with models in any programming language?,- answerable: The paper contains enough evidence to answer the question.,"jiant provides support for cutting-edge sentence encoder models, including support for Huggingface's Transformers. Supported models include: BERT BIBREF17, RoBERTa BIBREF27, XLNet BIBREF28, XLM BIBREF29, GPT BIBREF30, GPT-2 BIBREF31, ALBERT BIBREF32 and ELMo BIBREF33. jiant also supports the from-scratch training of (bidirectional) LSTMs BIBREF34 and deep bag of words models BIBREF35, as well as syntax-aware models such as PRPN BIBREF36 and ON-LSTM BIBREF37. jiant also supports word embeddings such as GloVe BIBREF38.",,,,,
ok4e_3c36b95417cad2fa,policy_development,qasper,qasper:train:1910.13890,qasper:train:1910.13890:def3d623578bf84139d920886aa3bd6cdaaa7c41,,What are the three languages studied in the paper?,- answerable: The paper contains enough evidence to answer the question.,"In this paper, we explore the benefit of explicitly modeling variations in the surface forms of words using methods from deep latent variable modeling in order to improve the translation accuracy in low-resource and morphologically-rich languages. Latent variable models allow us to inject inductive biases relevant to the task, which, in our case, is word formation, and we believe that follows a certain hierarchical procedure. Our model translates words one character at a time based on word representations learned compositionally from sub-lexical components, which are parameterized by a hierarchical latent variable model mimicking the process of morphological inflection, consisting of a continuous-space dense vector capturing the lexical semantics, and a set of (approximately) discrete features, representing the morphosyntactic role of the word in a given sentence. Each word representation during decoding is reformulated based on the shared latent morphological features, aiding in learning more reliable representations of words under sparse settings by generalizing across their different surface forms. We evaluate our method in translating English into three morphologically-rich languages each with a distinct morphological typology: Arabic, Czech and Turkish, and show that our model is able to obtain better translation accuracy and generalization capacity than conventional approaches to open-vocabulary NMT.",,,,,
ok4e_14c2262c4d8b9fe0,policy_development,qasper,qasper:validation:2001.03131,qasper:validation:2001.03131:3fff37b9f68697d080dbd9d9008a63907137644e,,How do their results compare to state-of-the-art?,- answerable: The paper contains enough evidence to answer the question.,,,,,,
ok4e_75d43c13fdbf42d7,policy_development,qasper,qasper:train:1909.11879,qasper:train:1909.11879:8aeaa3ccb8e062a01007c25a510b0dc1747ce66c,,Does the paper report the performance of the method when is trained for more than 8 epochs?,- answerable: The paper contains enough evidence to answer the question.,,,,,,
ok4e_8e2980238327d1a3,policy_development,qasper,qasper:validation:1901.08079,qasper:validation:1901.08079:5fa36dc8f7c4e65acb962fc484989d20b8fdaeec,,Do they report results only on English data?,- answerable: The paper contains enough evidence to answer the question.,FLOAT SELECTED: Table 1: Description of training and test datasets.,,,,,
ok4e_a50523661da5b9a3,policy_development,qasper,qasper:train:1702.01517,qasper:train:1702.01517:33d1f53cf25a7701db605b6b7ac36946af588bb7,,Does they focus on any specific product/service domain?,- answerable: The paper contains enough evidence to answer the question.,"Our data are collected from the yelp academic dataset, provided by Yelp.com, a popular restaurant review website. The data set contains three types of objects: business, user, and review, where business objects contain basic information about local businesses (i.e. restaurants), review objects contain review texts and star rating, and user objects contain aggregate information about a single user across all of Yelp. Table TABREF31 illustrates the general statistics of the dataset.",,,,,
ok4e_e0eba0a1ee4321fd,calibration_gate,qasper,qasper:test:1910.02677,qasper:test:1910.02677:c30b0d6b23f0f01573eea315176c5ffe4e0c6b5c,,How large is the test set?,- answerable: The paper contains enough evidence to answer the question.,"Our models are trained and evaluated on the WikiLarge dataset BIBREF10 which contains 296,402/2,000/359 samples (train/validation/test). WikiLarge is a set of automatically aligned complex-simple sentence pairs from English Wikipedia (EW) and Simple English Wikipedia (SEW). It is compiled from previous extractions of EW-SEW BIBREF11, BIBREF28, BIBREF29. Its validation and test sets are taken from Turkcorpus BIBREF9, where each complex sentence has 8 human simplifications created by Amazon Mechanical Turk workers. Human annotators were instructed to only paraphrase the source sentences while keeping as much meaning as possible. Hence, no sentence splitting, minimal structural simplification and little content reduction occurs in this test set BIBREF9.",,,,,
ok4e_8ece8be9671c14e8,policy_development,qasper,qasper:validation:2003.03014,qasper:validation:2003.03014:d41e20ec716b5904a272938e5a8f5f3f15a7779e,,How do they identify discussions of LGBTQ people in the New York Times?,- answerable: The paper contains enough evidence to answer the question.,"The data for our case study spans over thirty years of articles from the New York Times, from January 1986 to December 2015, and was originally collected by BIBREF68 BIBREF68. The articles come from all sections of the newspaper, such as “World"", “New York & Region"", “Opinion"", “Style"", and “Sports"". Our distributional semantic methods rely on all of the available data in order to obtain the most fine-grained understanding of the relationships between words possible. For the other techniques, we extract paragraphs containing any word from a predetermined list of LGTBQ terms (shown in Table TABREF19).",,,,,
ok4e_231f975100f3de7e,calibration_gate,qasper,qasper:test:1911.12559,qasper:test:1911.12559:bc7081aaa207de2362e0bea7bc8108d338aee36f,,Do they report results only on English data?,- answerable: The paper contains enough evidence to answer the question.,"Restricting ourselves to one source of data ensures the uniformity and consistency of annotation that is missing in the other datasets, but it may also make the trained model source-dependent and harm generalization. To monitor the model's ability to generalize, we gather a secondary source of data. We collected HTML pages from the Japan Times and processed them the same way as described above. 10K more news articles were gathered as the JPTimes dataset.

We use the New York Times as our primary source of data, since the content tagging policy that it applies is rigorous and well-documented. The news articles are annotated in a semi-automatic way, first the editors revise a set of tags proposed by an algorithm. They then provide additional tags which will be used by a taxonomy team to improve the algorithm.

Although in this study we concentrate only on the textual content of the news articles, it is worth noting that the HTML pages also provide additional information that can be helpful in generating keyphrases such as text style properties (e.g. bold, italic), links to related articles, or news categorization (e.g. politics, science, technology).

We first retrieved the URLs of the free-to-read articles from 2006 to 2017, and collected the corresponding archived HTML pages using the Internet Archive. Doing so allows the distribution of our dataset using a thin, URL-only list. We then extracted the HTML body content using beautifulsoup and devised heuristics to extract the main content and title of each article while excluding extraneous HTML markup and inline ads. Gold standard keyphrases are obtained from the metadata (field types news_keywords and keywords) available in the HTML page of each article. Surface form variants of gold keyphrases (e.g. “AIDS; HIV”, “Driverless Cars; Self-Driving Cars” or “Fatalities; Casualties”), which are sometimes present in the metadata, are kept to be used for evaluation purposes.",,,,,
ok4e_b451c017f18a1bf3,policy_development,qasper,qasper:validation:1910.05603,qasper:validation:1910.05603:ceb4bac1f6c506b5dab37607354530faee02ccac,,What is the performance reported for the best models in the VLSP 2018 and VLSP 2019 challenges?,- answerable: The paper contains enough evidence to answer the question.,,,,,,
ok4e_ba94505f337f2c84,policy_development,qasper,qasper:validation:1608.01884,qasper:validation:1608.01884:662870a90890c620a964720b2ca122a1139410ea,,What language do they explore?,- answerable: The paper contains enough evidence to answer the question.,"A couple of examples: The word `sie' in German serves as both the formal second person prounoun (always capitalized), the third person feminine singular, and the third person plural. Therefore, it can be translated into English as either “you”, “she”, “it”, or “they”; and into French as either `vous', `il', `elle', `ils', or `elles'. (The feminine third-person singular German `sie' can be translated as neuter in English and as masculine in French because the three languages do not slice up the worlds into genders in the same way.) Likewise, the possessive pronoun `ihr' in all its declensions can mean either `her' or `their'. In some cases, the disambiguation can be carried out on purely syntactic ground; e.g. if `sie' is the subject of a third-person singular verb, it must mean `she'. However, in many case, the disambiguation requires a deeper level of understanding. Thus, it should be possible to construct German Winograd schemas based on the words `sie' or `ihr' that have to be solved in order to translate them into English. For example,

The masculine and feminine plural pronouns are distinguished in the Romance languages (French, Spanish, Italian, Portuguese etc.) and in Semitic languages (Arabic, Hebrew, etc.) I have consulted with native speakers and experts in these languages about the degree to which the gender distinction is observed in practice. The experts say that in French, Spanish, Italian, and Portuguese, the distinction is very strictly observed; the use of a masculine pronoun for a feminine antecedent is jarringly wrong to a native or fluent speaker. “Les filles ont chanté une chanson et ils ont dansé” sounds as wrong to a French speaker as “The girl sang a song and he danced” sounds to an English speaker; in both cases, the hearer will interpret the pronoun as referrinig to some other persons or person, who is male. In Hebrew and Arabic, this is much less true; in speech, and even, increasingly, in writing, the masculine pronoun is often used for a feminine antecedent.

What may be more surprising is that currently (July 2016), machine translation programs are unable to choose the feminine plural pronoun even when the only possible antecedent is a group of women. For instance, the sentence “The girls sang a song and they danced” is translated into French as “Les filles ont chanté une chanson et ils ont dansé” by Google Translate (GT), Bing Translate, and Yandex. In fact, I have been unable to construct any sentence in English that is translated into any language using the feminine plural pronun. Note that, since the masculine plural pronoun is used for groups of mixed gender in all these languages, it is almost certainly more common in text than the feminine plural; hence this strategy is reasonable faute de mieux. (It also seems likely that the erroneous use of a feminine plural for a masculine antecedent sounds even more jarring than the reverse.)

If these sentences are translated into French, then `they' in the first sentence should be translated `elles', as referring to Jane and Susan, and `they' in the second sentence should be translated `ils', as referring to Fred and George.

The same thing sometimes occurs in translating the feminine plural pronoun between languages that have it. GT translates the French word `elles' into Spanish as `ellos' (the masculine form). Curiously, in the opposite direction, it gets the right answer; the Spanish `ellas' (fem.) is translated into French as `elles'.

The third person plural pronoun `they' has no gender in English and most other languages (unlike the third person singular pronouns `he', `she', and `it'). However Romance languages such as French, Italian, and Spanish, and Semitic languages such as Hebrew and Arabic distinguish between the masculine and the feminine third-person plural pronouns, at least in some grammatical cases. For instance in French, the masculine pronoun is `ils'; the feminine pronoun is `elles'. In all of these cases, the masculine pronoun is standardly used for groups of mixed or unknown gender.",,,,,
ok4e_7d0f3ca894584a79,policy_development,qasper,qasper:validation:1707.06806,qasper:validation:1707.06806:252a645af9876241fb166e5822992ce17fec6eb6,,What is the average length of the title text?,- answerable: The paper contains enough evidence to answer the question.,,,,,,
ok4e_387fd78663286751,calibration_gate,qasper,qasper:test:1911.01214,qasper:test:1911.01214:cd82bdaa0c94330f8cccfb1c59b4e6761a5a4f4d,,what crowdsourcing platform did they use?,- answerable: The paper contains enough evidence to answer the question.,"Stance annotation. We asked crowd workers on Amazon Mechanical Turk to annotate whether an ETS agrees with the claim, refutes it, or has no stance towards the claim. An ETS was only considered to express a stance if it explicitly referred to the claim and either expressed support for it or refuted it. In all other cases, the ETS was considered as having no stance.",,,,,
ok4e_5701352b02bbf614,policy_development,qasper,qasper:validation:1612.08205,qasper:validation:1612.08205:935d6a6187e6a0c9c0da8e53a42697f853f5c248,,What do they mean by a person's industry?,- answerable: The paper contains enough evidence to answer the question.,"This paper explores the potential of predicting a user's industry –the aggregate of enterprises in a particular field– by identifying industry indicative text in social media. The accurate prediction of users' industry can have a big impact on targeted advertising by minimizing wasted advertising BIBREF4 and improved personalized user experience. A number of studies in the social sciences have associated language use with social factors such as occupation, social class, education, and income BIBREF5 , BIBREF6 , BIBREF7 , BIBREF8 . An additional goal of this paper is to examine such findings, and in particular the link between language and occupational class, through a data-driven approach.",,,,,
ok4e_e2abe1fad39191bf,policy_development,qasper,qasper:validation:1608.01884,qasper:validation:1608.01884:9a7ba5ed1779c664d2cac92494a43517d3e87c96,,What data do they look at?,- answerable: The paper contains enough evidence to answer the question.,"Care must be taken to avoid relying on, or seeming to rely on, objectionable stereotypes about men and women. One mechanism that can sometimes be used is to include a potentially problematic sentence in both directions. For instance, schema 23 from the WSC collection can be translated into both “The girls were bullying the boys so we [punished/rescued] them” and “The boys were bullying the girls, so we [punished/rescued] them,” thus avoiding any presupposition of whether girls are more likely to bully boys or vice versa.",,,,,
ok4e_5653ec7b9bc8f9e8,policy_development,qasper,qasper:validation:1601.02403,qasper:validation:1601.02403:2cd37743bcc7ea3bd405ce6d91e79e5339d7642e,,Do they report results only on English data?,- answerable: The paper contains enough evidence to answer the question.,"As a main field of interest in the current study, we chose controversies in education. One distinguishing feature of educational topics is their breadth of sub-topics and points of view, as they attract researchers, practitioners, parents, students, or policy-makers. We assume that this diversity leads to the linguistic variability of the education topics and thus represents a challenge for NLP. In a cooperation with researchers from the German Institute for International Educational Research we identified the following current controversial topics in education in English-speaking countries: (1) homeschooling, (2) public versus private schools, (3) redshirting — intentionally delaying the entry of an age-eligible child into kindergarten, allowing their child more time to mature emotionally and physically BIBREF51 , (4) prayer in schools — whether prayer in schools should be allowed and taken as a part of education or banned completely, (5) single-sex education — single-sex classes (males and females separate) versus mixed-sex classes (“co-ed”), and (6) mainstreaming — including children with special needs into regular classes.",,,,,
ok4e_5fb8d93d469d30aa,calibration_gate,qasper,qasper:test:1911.05652,qasper:test:1911.05652:6c05376cd0f011e00d1ada0254f6db808f33c3b7,,Is vocabulary or versification more important for the analysis?,- answerable: The paper contains enough evidence to answer the question.,"In the first experiment we perform an attribution of individual scenes of H8 using the Support Vector Machine as a classifier and the frequencies of 500 most frequent rhythmic types and the frequencies of 500 most frequent words as a feature set. As training samples, individual scenes of plays written by Shakespeare, Fletcher, and Massinger are used that come roughly from the period when H8 was supposedly written, namely:",,,,,
ok4e_b7e285e1866dc252,policy_development,qasper,qasper:validation:1601.02403,qasper:validation:1601.02403:206739417251064b910ae9e5ff096e867ee10fb8,,What argumentation phenomena encounter in actual data are now accounted for by this work?,- answerable: The paper contains enough evidence to answer the question.,,,,,,
