## sst2 exit=0\n[dataset] auth: huggingface_hub token file (hf auth login)
[dataset] default/train/0000.parquet: 0/3110458 bytes
[dataset] default/train/0000.parquet: 0/3110458 bytes
[dataset] default/train/0000.parquet: 8192/3110458 bytes
[dataset] default/train/0000.parquet: 16384/3110458 bytes
[dataset] default/train/0000.parquet: 32768/3110458 bytes
[dataset] default/train/0000.parquet: 49152/3110458 bytes
[dataset] default/train/0000.parquet: 65536/3110458 bytes
[dataset] default/train/0000.parquet: 81920/3110458 bytes
[dataset] default/train/0000.parquet: 98304/3110458 bytes
[dataset] default/train/0000.parquet: 114688/3110458 bytes
[dataset] default/train/0000.parquet: 130783/3110458 bytes
[dataset] default/train/0000.parquet: 147167/3110458 bytes
[dataset] default/train/0000.parquet: 163551/3110458 bytes
[dataset] default/train/0000.parquet: 179935/3110458 bytes
[dataset] default/train/0000.parquet: 196319/3110458 bytes
[dataset] default/train/0000.parquet: 212703/3110458 bytes
[dataset] default/train/0000.parquet: 229087/3110458 bytes
[dataset] default/train/0000.parquet: 245471/3110458 bytes
[dataset] default/train/0000.parquet: 261855/3110458 bytes
[dataset] default/train/0000.parquet: 278239/3110458 bytes
[dataset] default/train/0000.parquet: 294623/3110458 bytes
[dataset] default/train/0000.parquet: 311007/3110458 bytes
[dataset] default/train/0000.parquet: 327391/3110458 bytes
[dataset] default/train/0000.parquet: 343775/3110458 bytes
[dataset] default/train/0000.parquet: 360159/3110458 bytes
[dataset] default/train/0000.parquet: 376543/3110458 bytes
[dataset] default/train/0000.parquet: 392927/3110458 bytes
[dataset] default/train/0000.parquet: 409311/3110458 bytes
[dataset] default/train/0000.parquet: 425695/3110458 bytes
[dataset] default/train/0000.parquet: 442079/3110458 bytes
[dataset] default/train/0000.parquet: 458463/3110458 bytes
[dataset] default/train/0000.parquet: 491231/3110458 bytes
[dataset] default/train/0000.parquet: 507615/3110458 bytes
[dataset] default/train/0000.parquet: 523999/3110458 bytes
[dataset] default/train/0000.parquet: 540383/3110458 bytes
[dataset] default/train/0000.parquet: 556767/3110458 bytes
[dataset] default/train/0000.parquet: 573151/3110458 bytes
[dataset] default/train/0000.parquet: 589535/3110458 bytes
[dataset] default/train/0000.parquet: 622303/3110458 bytes
[dataset] default/train/0000.parquet: 671455/3110458 bytes
[dataset] default/train/0000.parquet: 687839/3110458 bytes
[dataset] default/train/0000.parquet: 704223/3110458 bytes
[dataset] default/train/0000.parquet: 736991/3110458 bytes
[dataset] default/train/0000.parquet: 753375/3110458 bytes
[dataset] default/train/0000.parquet: 769759/3110458 bytes
[dataset] default/train/0000.parquet: 786143/3110458 bytes
[dataset] default/train/0000.parquet: 818911/3110458 bytes
[dataset] default/train/0000.parquet: 835295/3110458 bytes
[dataset] default/train/0000.parquet: 868063/3110458 bytes
[dataset] default/train/0000.parquet: 884447/3110458 bytes
[dataset] default/train/0000.parquet: 917215/3110458 bytes
[dataset] default/train/0000.parquet: 949983/3110458 bytes
[dataset] default/train/0000.parquet: 966367/3110458 bytes
[dataset] default/train/0000.parquet: 982751/3110458 bytes
[dataset] default/train/0000.parquet: 1015519/3110458 bytes
[dataset] default/train/0000.parquet: 1031903/3110458 bytes
[dataset] default/train/0000.parquet: 1081055/3110458 bytes
[dataset] default/train/0000.parquet: 1097439/3110458 bytes
[dataset] default/train/0000.parquet: 1130207/3110458 bytes
[dataset] default/train/0000.parquet: 1162975/3110458 bytes
[dataset] default/train/0000.parquet: 1195743/3110458 bytes
[dataset] default/train/0000.parquet: 1228511/3110458 bytes
[dataset] default/train/0000.parquet: 1261279/3110458 bytes
[dataset] default/train/0000.parquet: 1310431/3110458 bytes
[dataset] default/train/0000.parquet: 1326815/3110458 bytes
[dataset] default/train/0000.parquet: 1375967/3110458 bytes
[dataset] default/train/0000.parquet: 1392351/3110458 bytes
[dataset] default/train/0000.parquet: 1425119/3110458 bytes
[dataset] default/train/0000.parquet: 1474271/3110458 bytes
[dataset] default/train/0000.parquet: 1523423/3110458 bytes
[dataset] default/train/0000.parquet: 1572575/3110458 bytes
[dataset] default/train/0000.parquet: 1588959/3110458 bytes
[dataset] default/train/0000.parquet: 1638111/3110458 bytes
[dataset] default/train/0000.parquet: 1654495/3110458 bytes
[dataset] default/train/0000.parquet: 1703647/3110458 bytes
[dataset] default/train/0000.parquet: 1720031/3110458 bytes
[dataset] default/train/0000.parquet: 1736415/3110458 bytes
[dataset] default/train/0000.parquet: 1785567/3110458 bytes
[dataset] default/train/0000.parquet: 1801951/3110458 bytes
[dataset] default/train/0000.parquet: 1834719/3110458 bytes
[dataset] default/train/0000.parquet: 1867487/3110458 bytes
[dataset] default/train/0000.parquet: 1900255/3110458 bytes
[dataset] default/train/0000.parquet: 1949407/3110458 bytes
[dataset] default/train/0000.parquet: 1998559/3110458 bytes
[dataset] default/train/0000.parquet: 2014943/3110458 bytes
[dataset] default/train/0000.parquet: 2080479/3110458 bytes
[dataset] default/train/0000.parquet: 2129631/3110458 bytes
[dataset] default/train/0000.parquet: 2178783/3110458 bytes
[dataset] default/train/0000.parquet: 2227935/3110458 bytes
[dataset] default/train/0000.parquet: 2260703/3110458 bytes
[dataset] default/train/0000.parquet: 2309855/3110458 bytes
[dataset] default/train/0000.parquet: 2326239/3110458 bytes
[dataset] default/train/0000.parquet: 2359007/3110458 bytes
[dataset] default/train/0000.parquet: 2375391/3110458 bytes
[dataset] default/train/0000.parquet: 2428754/3110458 bytes
[dataset] default/train/0000.parquet: 2445138/3110458 bytes
[dataset] default/train/0000.parquet: 2494290/3110458 bytes
[dataset] default/train/0000.parquet: 2510674/3110458 bytes
[dataset] default/train/0000.parquet: 2559826/3110458 bytes
[dataset] default/train/0000.parquet: 2608978/3110458 bytes
[dataset] default/train/0000.parquet: 2641746/3110458 bytes
[dataset] default/train/0000.parquet: 2690898/3110458 bytes
[dataset] default/train/0000.parquet: 2740050/3110458 bytes
[dataset] default/train/0000.parquet: 2789202/3110458 bytes
[dataset] default/train/0000.parquet: 2821970/3110458 bytes
[dataset] default/train/0000.parquet: 2838354/3110458 bytes
[dataset] default/train/0000.parquet: 2887506/3110458 bytes
[dataset] default/train/0000.parquet: 2953042/3110458 bytes
[dataset] default/train/0000.parquet: 2985810/3110458 bytes
[dataset] default/train/0000.parquet: 3034962/3110458 bytes
[dataset] default/train/0000.parquet: 3051346/3110458 bytes
[dataset] default/train/0000.parquet: 3110458/3110458 bytes
[dataset] default/validation/0000.parquet: 0/72813 bytes
[dataset] default/validation/0000.parquet: 0/72813 bytes
[dataset] default/validation/0000.parquet: 64935/72813 bytes
[dataset] default/validation/0000.parquet: 72813/72813 bytes
[dataset] installed sst2 (2 files, revision 8d51e7e4887a)
\n## ag_news exit=0\n[dataset] auth: huggingface_hub token file (hf auth login)
[dataset] default/test/0000.parquet: 0/1234829 bytes
[dataset] default/test/0000.parquet: 0/1234829 bytes
[dataset] default/test/0000.parquet: 8192/1234829 bytes
[dataset] default/test/0000.parquet: 16384/1234829 bytes
[dataset] default/test/0000.parquet: 32768/1234829 bytes
[dataset] default/test/0000.parquet: 34460/1234829 bytes
[dataset] default/test/0000.parquet: 50844/1234829 bytes
[dataset] default/test/0000.parquet: 67228/1234829 bytes
[dataset] default/test/0000.parquet: 83612/1234829 bytes
[dataset] default/test/0000.parquet: 89030/1234829 bytes
[dataset] default/test/0000.parquet: 105414/1234829 bytes
[dataset] default/test/0000.parquet: 121798/1234829 bytes
[dataset] default/test/0000.parquet: 138182/1234829 bytes
[dataset] default/test/0000.parquet: 154566/1234829 bytes
[dataset] default/test/0000.parquet: 170950/1234829 bytes
[dataset] default/test/0000.parquet: 187334/1234829 bytes
[dataset] default/test/0000.parquet: 203718/1234829 bytes
[dataset] default/test/0000.parquet: 220102/1234829 bytes
[dataset] default/test/0000.parquet: 236486/1234829 bytes
[dataset] default/test/0000.parquet: 252870/1234829 bytes
[dataset] default/test/0000.parquet: 259500/1234829 bytes
[dataset] default/test/0000.parquet: 275884/1234829 bytes
[dataset] default/test/0000.parquet: 292268/1234829 bytes
[dataset] default/test/0000.parquet: 308652/1234829 bytes
[dataset] default/test/0000.parquet: 325036/1234829 bytes
[dataset] default/test/0000.parquet: 341420/1234829 bytes
[dataset] default/test/0000.parquet: 357804/1234829 bytes
[dataset] default/test/0000.parquet: 374188/1234829 bytes
[dataset] default/test/0000.parquet: 390572/1234829 bytes
[dataset] default/test/0000.parquet: 406956/1234829 bytes
[dataset] default/test/0000.parquet: 423340/1234829 bytes
[dataset] default/test/0000.parquet: 439724/1234829 bytes
[dataset] default/test/0000.parquet: 456108/1234829 bytes
[dataset] default/test/0000.parquet: 488876/1234829 bytes
[dataset] default/test/0000.parquet: 505260/1234829 bytes
[dataset] default/test/0000.parquet: 521644/1234829 bytes
[dataset] default/test/0000.parquet: 538028/1234829 bytes
[dataset] default/test/0000.parquet: 554412/1234829 bytes
[dataset] default/test/0000.parquet: 570796/1234829 bytes
[dataset] default/test/0000.parquet: 587180/1234829 bytes
[dataset] default/test/0000.parquet: 603564/1234829 bytes
[dataset] default/test/0000.parquet: 636332/1234829 bytes
[dataset] default/test/0000.parquet: 669100/1234829 bytes
[dataset] default/test/0000.parquet: 685484/1234829 bytes
[dataset] default/test/0000.parquet: 701868/1234829 bytes
[dataset] default/test/0000.parquet: 718252/1234829 bytes
[dataset] default/test/0000.parquet: 734636/1234829 bytes
[dataset] default/test/0000.parquet: 751020/1234829 bytes
[dataset] default/test/0000.parquet: 783788/1234829 bytes
[dataset] default/test/0000.parquet: 800172/1234829 bytes
[dataset] default/test/0000.parquet: 832940/1234829 bytes
[dataset] default/test/0000.parquet: 849324/1234829 bytes
[dataset] default/test/0000.parquet: 865708/1234829 bytes
[dataset] default/test/0000.parquet: 882092/1234829 bytes
[dataset] default/test/0000.parquet: 898476/1234829 bytes
[dataset] default/test/0000.parquet: 914860/1234829 bytes
[dataset] default/test/0000.parquet: 964012/1234829 bytes
[dataset] default/test/0000.parquet: 980396/1234829 bytes
[dataset] default/test/0000.parquet: 996780/1234829 bytes
[dataset] default/test/0000.parquet: 1013164/1234829 bytes
[dataset] default/test/0000.parquet: 1045932/1234829 bytes
[dataset] default/test/0000.parquet: 1062316/1234829 bytes
[dataset] default/test/0000.parquet: 1078700/1234829 bytes
[dataset] default/test/0000.parquet: 1095084/1234829 bytes
[dataset] default/test/0000.parquet: 1127852/1234829 bytes
[dataset] default/test/0000.parquet: 1144236/1234829 bytes
[dataset] default/test/0000.parquet: 1177004/1234829 bytes
[dataset] default/test/0000.parquet: 1209772/1234829 bytes
[dataset] default/test/0000.parquet: 1226156/1234829 bytes
[dataset] default/test/0000.parquet: 1234829/1234829 bytes
[dataset] default/train/0000.parquet: 0/18585438 bytes
[dataset] default/train/0000.parquet: 0/18585438 bytes
[dataset] default/train/0000.parquet: 50844/18585438 bytes
[dataset] default/train/0000.parquet: 103380/18585438 bytes
[dataset] default/train/0000.parquet: 136148/18585438 bytes
[dataset] default/train/0000.parquet: 158759/18585438 bytes
[dataset] default/train/0000.parquet: 191527/18585438 bytes
[dataset] default/train/0000.parquet: 240679/18585438 bytes
[dataset] default/train/0000.parquet: 306215/18585438 bytes
[dataset] default/train/0000.parquet: 366087/18585438 bytes
[dataset] default/train/0000.parquet: 386340/18585438 bytes
[dataset] default/train/0000.parquet: 402724/18585438 bytes
[dataset] default/train/0000.parquet: 419108/18585438 bytes
[dataset] default/train/0000.parquet: 435492/18585438 bytes
[dataset] default/train/0000.parquet: 484644/18585438 bytes
[dataset] default/train/0000.parquet: 550180/18585438 bytes
[dataset] default/train/0000.parquet: 599332/18585438 bytes
[dataset] default/train/0000.parquet: 615716/18585438 bytes
[dataset] default/train/0000.parquet: 648484/18585438 bytes
[dataset] default/train/0000.parquet: 714020/18585438 bytes
[dataset] default/train/0000.parquet: 746788/18585438 bytes
[dataset] default/train/0000.parquet: 795940/18585438 bytes
[dataset] default/train/0000.parquet: 828708/18585438 bytes
[dataset] default/train/0000.parquet: 877860/18585438 bytes
[dataset] default/train/0000.parquet: 910628/18585438 bytes
[dataset] default/train/0000.parquet: 959780/18585438 bytes
[dataset] default/train/0000.parquet: 976164/18585438 bytes
[dataset] default/train/0000.parquet: 1025316/18585438 bytes
[dataset] default/train/0000.parquet: 1074468/18585438 bytes
[dataset] default/train/0000.parquet: 1107236/18585438 bytes
[dataset] default/train/0000.parquet: 1162239/18585438 bytes
[dataset] default/train/0000.parquet: 1178623/18585438 bytes
[dataset] default/train/0000.parquet: 1211391/18585438 bytes
[dataset] default/train/0000.parquet: 1244159/18585438 bytes
[dataset] default/train/0000.parquet: 1291259/18585438 bytes
[dataset] default/train/0000.parquet: 1339630/18585438 bytes
[dataset] default/train/0000.parquet: 1372398/18585438 bytes
[dataset] default/train/0000.parquet: 1405166/18585438 bytes
[dataset] default/train/0000.parquet: 1421550/18585438 bytes
[dataset] default/train/0000.parquet: 1454318/18585438 bytes
[dataset] default/train/0000.parquet: 1470702/18585438 bytes
[dataset] default/train/0000.parquet: 1536238/18585438 bytes
[dataset] default/train/0000.parquet: 1537789/18585438 bytes
[dataset] default/train/0000.parquet: 1570557/18585438 bytes
[dataset] default/train/0000.parquet: 1609171/18585438 bytes
[dataset] default/train/0000.parquet: 1658323/18585438 bytes
[dataset] default/train/0000.parquet: 1674707/18585438 bytes
[dataset] default/train/0000.parquet: 1691091/18585438 bytes
[dataset] default/train/0000.parquet: 1740243/18585438 bytes
[dataset] default/train/0000.parquet: 1805779/18585438 bytes
[dataset] default/train/0000.parquet: 1854931/18585438 bytes
[dataset] default/train/0000.parquet: 1887699/18585438 bytes
[dataset] default/train/0000.parquet: 1986003/18585438 bytes
[dataset] default/train/0000.parquet: 2002387/18585438 bytes
[dataset] default/train/0000.parquet: 2051539/18585438 bytes
[dataset] default/train/0000.parquet: 2117075/18585438 bytes
[dataset] default/train/0000.parquet: 2166227/18585438 bytes
[dataset] default/train/0000.parquet: 2182611/18585438 bytes
[dataset] default/train/0000.parquet: 2208357/18585438 bytes
[dataset] default/train/0000.parquet: 2257635/18585438 bytes
[dataset] default/train/0000.parquet: 2306787/18585438 bytes
[dataset] default/train/0000.parquet: 2355939/18585438 bytes
[dataset] default/train/0000.parquet: 2372323/18585438 bytes
[dataset] default/train/0000.parquet: 2421475/18585438 bytes
[dataset] default/train/0000.parquet: 2470627/18585438 bytes
[dataset] default/train/0000.parquet: 2487011/18585438 bytes
[dataset] default/train/0000.parquet: 2536163/18585438 bytes
[dataset] default/train/0000.parquet: 2585315/18585438 bytes
[dataset] default/train/0000.parquet: 2650851/18585438 bytes
[dataset] default/train/0000.parquet: 2667235/18585438 bytes
[dataset] default/train/0000.parquet: 2716387/18585438 bytes
[dataset] default/train/0000.parquet: 2774674/18585438 bytes
[dataset] default/train/0000.parquet: 2807442/18585438 bytes
[dataset] default/train/0000.parquet: 2856594/18585438 bytes
[dataset] default/train/0000.parquet: 2905746/18585438 bytes
[dataset] default/train/0000.parquet: 2938514/18585438 bytes
[dataset] default/train/0000.parquet: 3001825/18585438 bytes
[dataset] default/train/0000.parquet: 3132897/18585438 bytes
[dataset] default/train/0000.parquet: 3182049/18585438 bytes
[dataset] default/train/0000.parquet: 3329505/18585438 bytes
[dataset] default/train/0000.parquet: 3411425/18585438 bytes
[dataset] default/train/0000.parquet: 3591649/18585438 bytes
[dataset] default/train/0000.parquet: 3670334/18585438 bytes
[dataset] default/train/0000.parquet: 3801406/18585438 bytes
[dataset] default/train/0000.parquet: 3834174/18585438 bytes
[dataset] default/train/0000.parquet: 3883326/18585438 bytes
[dataset] default/train/0000.parquet: 4016783/18585438 bytes
[dataset] default/train/0000.parquet: 4082319/18585438 bytes
[dataset] default/train/0000.parquet: 4165301/18585438 bytes
[dataset] default/train/0000.parquet: 4214453/18585438 bytes
[dataset] default/train/0000.parquet: 4263167/18585438 bytes
[dataset] default/train/0000.parquet: 4312319/18585438 bytes
[dataset] default/train/0000.parquet: 4394239/18585438 bytes
[dataset] default/train/0000.parquet: 4525311/18585438 bytes
[dataset] default/train/0000.parquet: 4604559/18585438 bytes
[dataset] default/train/0000.parquet: 4653711/18585438 bytes
[dataset] default/train/0000.parquet: 4688361/18585438 bytes
[dataset] default/train/0000.parquet: 4733131/18585438 bytes
[dataset] default/train/0000.parquet: 4782283/18585438 bytes
[dataset] default/train/0000.parquet: 4831435/18585438 bytes
[dataset] default/train/0000.parquet: 4880587/18585438 bytes
[dataset] default/train/0000.parquet: 4913355/18585438 bytes
[dataset] default/train/0000.parquet: 4929739/18585438 bytes
[dataset] default/train/0000.parquet: 5011074/18585438 bytes
[dataset] default/train/0000.parquet: 5060226/18585438 bytes
[dataset] default/train/0000.parquet: 5092994/18585438 bytes
[dataset] default/train/0000.parquet: 5145345/18585438 bytes
[dataset] default/train/0000.parquet: 5176667/18585438 bytes
[dataset] default/train/0000.parquet: 5225819/18585438 bytes
[dataset] default/train/0000.parquet: 5274971/18585438 bytes
[dataset] default/train/0000.parquet: 5422427/18585438 bytes
[dataset] default/train/0000.parquet: 5504135/18585438 bytes
[dataset] default/train/0000.parquet: 5560576/18585438 bytes
[dataset] default/train/0000.parquet: 5658880/18585438 bytes
[dataset] default/train/0000.parquet: 5705150/18585438 bytes
[dataset] default/train/0000.parquet: 5737918/18585438 bytes
[dataset] default/train/0000.parquet: 5787070/18585438 bytes
[dataset] default/train/0000.parquet: 5934526/18585438 bytes
[dataset] default/train/0000.parquet: 5983678/18585438 bytes
[dataset] default/train/0000.parquet: 6032830/18585438 bytes
[dataset] default/train/0000.parquet: 6065598/18585438 bytes
[dataset] default/train/0000.parquet: 6114750/18585438 bytes
[dataset] default/train/0000.parquet: 6196670/18585438 bytes
[dataset] default/train/0000.parquet: 6294974/18585438 bytes
[dataset] default/train/0000.parquet: 6426046/18585438 bytes
[dataset] default/train/0000.parquet: 6524350/18585438 bytes
[dataset] default/train/0000.parquet: 6573502/18585438 bytes
[dataset] default/train/0000.parquet: 6622654/18585438 bytes
[dataset] default/train/0000.parquet: 6671806/18585438 bytes
[dataset] default/train/0000.parquet: 6770110/18585438 bytes
[dataset] default/train/0000.parquet: 6819262/18585438 bytes
[dataset] default/train/0000.parquet: 6901182/18585438 bytes
[dataset] default/train/0000.parquet: 6983102/18585438 bytes
[dataset] default/train/0000.parquet: 7015870/18585438 bytes
[dataset] default/train/0000.parquet: 7048638/18585438 bytes
[dataset] default/train/0000.parquet: 7097790/18585438 bytes
[dataset] default/train/0000.parquet: 7130558/18585438 bytes
[dataset] default/train/0000.parquet: 7179710/18585438 bytes
[dataset] default/train/0000.parquet: 7245246/18585438 bytes
[dataset] default/train/0000.parquet: 7278014/18585438 bytes
[dataset] default/train/0000.parquet: 7327166/18585438 bytes
[dataset] default/train/0000.parquet: 7376318/18585438 bytes
[dataset] default/train/0000.parquet: 7425470/18585438 bytes
[dataset] default/train/0000.parquet: 7523774/18585438 bytes
[dataset] default/train/0000.parquet: 7572926/18585438 bytes
[dataset] default/train/0000.parquet: 7605694/18585438 bytes
[dataset] default/train/0000.parquet: 7654846/18585438 bytes
[dataset] default/train/0000.parquet: 7703998/18585438 bytes
[dataset] default/train/0000.parquet: 7802302/18585438 bytes
[dataset] default/train/0000.parquet: 7933374/18585438 bytes
[dataset] default/train/0000.parquet: 7982526/18585438 bytes
[dataset] default/train/0000.parquet: 8146366/18585438 bytes
[dataset] default/train/0000.parquet: 8375742/18585438 bytes
[dataset] default/train/0000.parquet: 8424894/18585438 bytes
[dataset] default/train/0000.parquet: 8474046/18585438 bytes
[dataset] default/train/0000.parquet: 8605118/18585438 bytes
[dataset] default/train/0000.parquet: 8654270/18585438 bytes
[dataset] default/train/0000.parquet: 8703422/18585438 bytes
[dataset] default/train/0000.parquet: 8752574/18585438 bytes
[dataset] default/train/0000.parquet: 8768958/18585438 bytes
[dataset] default/train/0000.parquet: 8785342/18585438 bytes
[dataset] default/train/0000.parquet: 8949182/18585438 bytes
[dataset] default/train/0000.parquet: 9096638/18585438 bytes
[dataset] default/train/0000.parquet: 9113022/18585438 bytes
[dataset] default/train/0000.parquet: 9162174/18585438 bytes
[dataset] default/train/0000.parquet: 9440702/18585438 bytes
[dataset] default/train/0000.parquet: 9588158/18585438 bytes
[dataset] default/train/0000.parquet: 9670078/18585438 bytes
[dataset] default/train/0000.parquet: 9932222/18585438 bytes
[dataset] default/train/0000.parquet: 10276286/18585438 bytes
[dataset] default/train/0000.parquet: 10309054/18585438 bytes
[dataset] default/train/0000.parquet: 10456510/18585438 bytes
[dataset] default/train/0000.parquet: 10489278/18585438 bytes
[dataset] default/train/0000.parquet: 10620350/18585438 bytes
[dataset] default/train/0000.parquet: 10653118/18585438 bytes
[dataset] default/train/0000.parquet: 10702270/18585438 bytes
[dataset] default/train/0000.parquet: 10735038/18585438 bytes
[dataset] default/train/0000.parquet: 10800574/18585438 bytes
[dataset] default/train/0000.parquet: 10849726/18585438 bytes
[dataset] default/train/0000.parquet: 10882494/18585438 bytes
[dataset] default/train/0000.parquet: 10931646/18585438 bytes
[dataset] default/train/0000.parquet: 10948030/18585438 bytes
[dataset] default/train/0000.parquet: 10997182/18585438 bytes
[dataset] default/train/0000.parquet: 11046334/18585438 bytes
[dataset] default/train/0000.parquet: 11079102/18585438 bytes
[dataset] default/train/0000.parquet: 11128254/18585438 bytes
[dataset] default/train/0000.parquet: 11177406/18585438 bytes
[dataset] default/train/0000.parquet: 11193790/18585438 bytes
[dataset] default/train/0000.parquet: 11226558/18585438 bytes
[dataset] default/train/0000.parquet: 11259326/18585438 bytes
[dataset] default/train/0000.parquet: 11308478/18585438 bytes
[dataset] default/train/0000.parquet: 11357630/18585438 bytes
[dataset] default/train/0000.parquet: 11406782/18585438 bytes
[dataset] default/train/0000.parquet: 11423166/18585438 bytes
[dataset] default/train/0000.parquet: 11455934/18585438 bytes
[dataset] default/train/0000.parquet: 11505086/18585438 bytes
[dataset] default/train/0000.parquet: 11554238/18585438 bytes
[dataset] default/train/0000.parquet: 11587006/18585438 bytes
[dataset] default/train/0000.parquet: 11636158/18585438 bytes
[dataset] default/train/0000.parquet: 11652542/18585438 bytes
[dataset] default/train/0000.parquet: 11701694/18585438 bytes
[dataset] default/train/0000.parquet: 11734462/18585438 bytes
[dataset] default/train/0000.parquet: 11783614/18585438 bytes
[dataset] default/train/0000.parquet: 11816382/18585438 bytes
[dataset] default/train/0000.parquet: 11881918/18585438 bytes
[dataset] default/train/0000.parquet: 11914686/18585438 bytes
[dataset] default/train/0000.parquet: 12045758/18585438 bytes
[dataset] default/train/0000.parquet: 12127678/18585438 bytes
[dataset] default/train/0000.parquet: 12176830/18585438 bytes
[dataset] default/train/0000.parquet: 12209598/18585438 bytes
[dataset] default/train/0000.parquet: 12307902/18585438 bytes
[dataset] default/train/0000.parquet: 12357054/18585438 bytes
[dataset] default/train/0000.parquet: 12389822/18585438 bytes
[dataset] default/train/0000.parquet: 12438974/18585438 bytes
[dataset] default/train/0000.parquet: 12455358/18585438 bytes
[dataset] default/train/0000.parquet: 12504510/18585438 bytes
[dataset] default/train/0000.parquet: 12553662/18585438 bytes
[dataset] default/train/0000.parquet: 12586430/18585438 bytes
[dataset] default/train/0000.parquet: 12619198/18585438 bytes
[dataset] default/train/0000.parquet: 12668350/18585438 bytes
[dataset] default/train/0000.parquet: 12733886/18585438 bytes
[dataset] default/train/0000.parquet: 12783038/18585438 bytes
[dataset] default/train/0000.parquet: 12832190/18585438 bytes
[dataset] default/train/0000.parquet: 12881342/18585438 bytes
[dataset] default/train/0000.parquet: 12930494/18585438 bytes
[dataset] default/train/0000.parquet: 13012414/18585438 bytes
[dataset] default/train/0000.parquet: 13061566/18585438 bytes
[dataset] default/train/0000.parquet: 13077950/18585438 bytes
[dataset] default/train/0000.parquet: 13110718/18585438 bytes
[dataset] default/train/0000.parquet: 13143486/18585438 bytes
[dataset] default/train/0000.parquet: 13225406/18585438 bytes
[dataset] default/train/0000.parquet: 13258174/18585438 bytes
[dataset] default/train/0000.parquet: 13290942/18585438 bytes
[dataset] default/train/0000.parquet: 13340094/18585438 bytes
[dataset] default/train/0000.parquet: 13389246/18585438 bytes
[dataset] default/train/0000.parquet: 13438398/18585438 bytes
[dataset] default/train/0000.parquet: 13454782/18585438 bytes
[dataset] default/train/0000.parquet: 13503934/18585438 bytes
[dataset] default/train/0000.parquet: 13520318/18585438 bytes
[dataset] default/train/0000.parquet: 13569470/18585438 bytes
[dataset] default/train/0000.parquet: 13618622/18585438 bytes
[dataset] default/train/0000.parquet: 13667774/18585438 bytes
[dataset] default/train/0000.parquet: 13684158/18585438 bytes
[dataset] default/train/0000.parquet: 13733310/18585438 bytes
[dataset] default/train/0000.parquet: 13766078/18585438 bytes
[dataset] default/train/0000.parquet: 13815230/18585438 bytes
[dataset] default/train/0000.parquet: 13864382/18585438 bytes
[dataset] default/train/0000.parquet: 13913534/18585438 bytes
[dataset] default/train/0000.parquet: 13962686/18585438 bytes
[dataset] default/train/0000.parquet: 13995454/18585438 bytes
[dataset] default/train/0000.parquet: 14060990/18585438 bytes
[dataset] default/train/0000.parquet: 14110142/18585438 bytes
[dataset] default/train/0000.parquet: 14126526/18585438 bytes
[dataset] default/train/0000.parquet: 14175678/18585438 bytes
[dataset] default/train/0000.parquet: 14224830/18585438 bytes
[dataset] default/train/0000.parquet: 14273982/18585438 bytes
[dataset] default/train/0000.parquet: 14290366/18585438 bytes
[dataset] default/train/0000.parquet: 14339518/18585438 bytes
[dataset] default/train/0000.parquet: 14372286/18585438 bytes
[dataset] default/train/0000.parquet: 14437822/18585438 bytes
[dataset] default/train/0000.parquet: 14486974/18585438 bytes
[dataset] default/train/0000.parquet: 14519742/18585438 bytes
[dataset] default/train/0000.parquet: 14568894/18585438 bytes
[dataset] default/train/0000.parquet: 14585278/18585438 bytes
[dataset] default/train/0000.parquet: 14634430/18585438 bytes
[dataset] default/train/0000.parquet: 14683582/18585438 bytes
[dataset] default/train/0000.parquet: 14716350/18585438 bytes
[dataset] default/train/0000.parquet: 14765502/18585438 bytes
[dataset] default/train/0000.parquet: 14814654/18585438 bytes
[dataset] default/train/0000.parquet: 14847422/18585438 bytes
[dataset] default/train/0000.parquet: 14896574/18585438 bytes
[dataset] default/train/0000.parquet: 14912958/18585438 bytes
[dataset] default/train/0000.parquet: 14962110/18585438 bytes
[dataset] default/train/0000.parquet: 14994878/18585438 bytes
[dataset] default/train/0000.parquet: 15044030/18585438 bytes
[dataset] default/train/0000.parquet: 15060414/18585438 bytes
[dataset] default/train/0000.parquet: 15109566/18585438 bytes
[dataset] default/train/0000.parquet: 15158718/18585438 bytes
[dataset] default/train/0000.parquet: 15175102/18585438 bytes
[dataset] default/train/0000.parquet: 15207870/18585438 bytes
[dataset] default/train/0000.parquet: 15257022/18585438 bytes
[dataset] default/train/0000.parquet: 15273406/18585438 bytes
[dataset] default/train/0000.parquet: 15322558/18585438 bytes
[dataset] default/train/0000.parquet: 15371710/18585438 bytes
[dataset] default/train/0000.parquet: 15404478/18585438 bytes
[dataset] default/train/0000.parquet: 15453630/18585438 bytes
[dataset] default/train/0000.parquet: 15502782/18585438 bytes
[dataset] default/train/0000.parquet: 15535550/18585438 bytes
[dataset] default/train/0000.parquet: 15601086/18585438 bytes
[dataset] default/train/0000.parquet: 15617470/18585438 bytes
[dataset] default/train/0000.parquet: 15683006/18585438 bytes
[dataset] default/train/0000.parquet: 15715774/18585438 bytes
[dataset] default/train/0000.parquet: 15748542/18585438 bytes
[dataset] default/train/0000.parquet: 15797694/18585438 bytes
[dataset] default/train/0000.parquet: 15846846/18585438 bytes
[dataset] default/train/0000.parquet: 15863230/18585438 bytes
[dataset] default/train/0000.parquet: 15912382/18585438 bytes
[dataset] default/train/0000.parquet: 15945150/18585438 bytes
[dataset] default/train/0000.parquet: 15994302/18585438 bytes
[dataset] default/train/0000.parquet: 16027070/18585438 bytes
[dataset] default/train/0000.parquet: 16043454/18585438 bytes
[dataset] default/train/0000.parquet: 16092606/18585438 bytes
[dataset] default/train/0000.parquet: 16141758/18585438 bytes
[dataset] default/train/0000.parquet: 16190910/18585438 bytes
[dataset] default/train/0000.parquet: 16240062/18585438 bytes
[dataset] default/train/0000.parquet: 16289214/18585438 bytes
[dataset] default/train/0000.parquet: 16321982/18585438 bytes
[dataset] default/train/0000.parquet: 16371134/18585438 bytes
[dataset] default/train/0000.parquet: 16403902/18585438 bytes
[dataset] default/train/0000.parquet: 16453054/18585438 bytes
[dataset] default/train/0000.parquet: 16502206/18585438 bytes
[dataset] default/train/0000.parquet: 16551358/18585438 bytes
[dataset] default/train/0000.parquet: 16600510/18585438 bytes
[dataset] default/train/0000.parquet: 16649662/18585438 bytes
[dataset] default/train/0000.parquet: 16698814/18585438 bytes
[dataset] default/train/0000.parquet: 16731582/18585438 bytes
[dataset] default/train/0000.parquet: 16780734/18585438 bytes
[dataset] default/train/0000.parquet: 16829886/18585438 bytes
[dataset] default/train/0000.parquet: 16879038/18585438 bytes
[dataset] default/train/0000.parquet: 16895422/18585438 bytes
[dataset] default/train/0000.parquet: 16960958/18585438 bytes
[dataset] default/train/0000.parquet: 17010110/18585438 bytes
[dataset] default/train/0000.parquet: 17059262/18585438 bytes
[dataset] default/train/0000.parquet: 17092030/18585438 bytes
[dataset] default/train/0000.parquet: 17157566/18585438 bytes
[dataset] default/train/0000.parquet: 17173950/18585438 bytes
[dataset] default/train/0000.parquet: 17223102/18585438 bytes
[dataset] default/train/0000.parquet: 17272254/18585438 bytes
[dataset] default/train/0000.parquet: 17321406/18585438 bytes
[dataset] default/train/0000.parquet: 17370558/18585438 bytes
[dataset] default/train/0000.parquet: 17419710/18585438 bytes
[dataset] default/train/0000.parquet: 17452478/18585438 bytes
[dataset] default/train/0000.parquet: 17485246/18585438 bytes
[dataset] default/train/0000.parquet: 17518014/18585438 bytes
[dataset] default/train/0000.parquet: 17550782/18585438 bytes
[dataset] default/train/0000.parquet: 17599934/18585438 bytes
[dataset] default/train/0000.parquet: 17632702/18585438 bytes
[dataset] default/train/0000.parquet: 17681854/18585438 bytes
[dataset] default/train/0000.parquet: 17731006/18585438 bytes
[dataset] default/train/0000.parquet: 17763774/18585438 bytes
[dataset] default/train/0000.parquet: 17812926/18585438 bytes
[dataset] default/train/0000.parquet: 17862078/18585438 bytes
[dataset] default/train/0000.parquet: 17911230/18585438 bytes
[dataset] default/train/0000.parquet: 17927614/18585438 bytes
[dataset] default/train/0000.parquet: 17960382/18585438 bytes
[dataset] default/train/0000.parquet: 17993150/18585438 bytes
[dataset] default/train/0000.parquet: 18042302/18585438 bytes
[dataset] default/train/0000.parquet: 18091454/18585438 bytes
[dataset] default/train/0000.parquet: 18124222/18585438 bytes
[dataset] default/train/0000.parquet: 18173374/18585438 bytes
[dataset] default/train/0000.parquet: 18206142/18585438 bytes
[dataset] default/train/0000.parquet: 18255294/18585438 bytes
[dataset] default/train/0000.parquet: 18288062/18585438 bytes
[dataset] default/train/0000.parquet: 18337214/18585438 bytes
[dataset] default/train/0000.parquet: 18386366/18585438 bytes
[dataset] default/train/0000.parquet: 18435518/18585438 bytes
[dataset] default/train/0000.parquet: 18468286/18585438 bytes
[dataset] default/train/0000.parquet: 18517438/18585438 bytes
[dataset] default/train/0000.parquet: 18550206/18585438 bytes
[dataset] default/train/0000.parquet: 18585438/18585438 bytes
[dataset] installed ag_news (2 files, revision eb185aade064)
\n## banking77 exit=0\n[dataset] auth: huggingface_hub token file (hf auth login)
[dataset] default/test/0000.parquet: 0/91367 bytes
[dataset] default/test/0000.parquet: 0/91367 bytes
[dataset] default/test/0000.parquet: 8192/91367 bytes
[dataset] default/test/0000.parquet: 16384/91367 bytes
[dataset] default/test/0000.parquet: 34460/91367 bytes
[dataset] default/test/0000.parquet: 50844/91367 bytes
[dataset] default/test/0000.parquet: 67228/91367 bytes
[dataset] default/test/0000.parquet: 78506/91367 bytes
[dataset] default/test/0000.parquet: 91367/91367 bytes
[dataset] default/train/0000.parquet: 0/294377 bytes
[dataset] default/train/0000.parquet: 0/294377 bytes
[dataset] default/train/0000.parquet: 16384/294377 bytes
[dataset] default/train/0000.parquet: 32768/294377 bytes
[dataset] default/train/0000.parquet: 49152/294377 bytes
[dataset] default/train/0000.parquet: 65536/294377 bytes
[dataset] default/train/0000.parquet: 81920/294377 bytes
[dataset] default/train/0000.parquet: 98304/294377 bytes
[dataset] default/train/0000.parquet: 114688/294377 bytes
[dataset] default/train/0000.parquet: 131072/294377 bytes
[dataset] default/train/0000.parquet: 141410/294377 bytes
[dataset] default/train/0000.parquet: 147456/294377 bytes
[dataset] default/train/0000.parquet: 163840/294377 bytes
[dataset] default/train/0000.parquet: 180224/294377 bytes
[dataset] default/train/0000.parquet: 196608/294377 bytes
[dataset] default/train/0000.parquet: 212992/294377 bytes
[dataset] default/train/0000.parquet: 229376/294377 bytes
[dataset] default/train/0000.parquet: 245760/294377 bytes
[dataset] default/train/0000.parquet: 251838/294377 bytes
[dataset] default/train/0000.parquet: 268222/294377 bytes
[dataset] default/train/0000.parquet: 284606/294377 bytes
[dataset] default/train/0000.parquet: 294377/294377 bytes
[dataset] installed banking77 (2 files, revision 18072d2685ea)
\n## clinc150 exit=0\n[dataset] auth: huggingface_hub token file (hf auth login)
[dataset] plus/test/0000.parquet: 0/135844 bytes
[dataset] plus/test/0000.parquet: 0/135844 bytes
[dataset] plus/test/0000.parquet: 8192/135844 bytes
[dataset] plus/test/0000.parquet: 16384/135844 bytes
[dataset] plus/test/0000.parquet: 32768/135844 bytes
[dataset] plus/test/0000.parquet: 34460/135844 bytes
[dataset] plus/test/0000.parquet: 50844/135844 bytes
[dataset] plus/test/0000.parquet: 54507/135844 bytes
[dataset] plus/test/0000.parquet: 70891/135844 bytes
[dataset] plus/test/0000.parquet: 87275/135844 bytes
[dataset] plus/test/0000.parquet: 103659/135844 bytes
[dataset] plus/test/0000.parquet: 120043/135844 bytes
[dataset] plus/test/0000.parquet: 135844/135844 bytes
[dataset] plus/validation/0000.parquet: 0/77789 bytes
[dataset] plus/validation/0000.parquet: 0/77789 bytes
[dataset] plus/validation/0000.parquet: 16256/77789 bytes
[dataset] plus/validation/0000.parquet: 24805/77789 bytes
[dataset] plus/validation/0000.parquet: 41189/77789 bytes
[dataset] plus/validation/0000.parquet: 47354/77789 bytes
[dataset] plus/validation/0000.parquet: 63738/77789 bytes
[dataset] plus/validation/0000.parquet: 77789/77789 bytes
[dataset] installed clinc150 (2 files, revision 155b9c710419)
\n## arc exit=0\n[dataset] auth: huggingface_hub token file (hf auth login)
[dataset] ARC-Challenge/test/0000.parquet: 0/203808 bytes
[dataset] ARC-Challenge/test/0000.parquet: 0/203808 bytes
[dataset] ARC-Challenge/test/0000.parquet: 8192/203808 bytes
[dataset] ARC-Challenge/test/0000.parquet: 16384/203808 bytes
[dataset] ARC-Challenge/test/0000.parquet: 32768/203808 bytes
[dataset] ARC-Challenge/test/0000.parquet: 34460/203808 bytes
[dataset] ARC-Challenge/test/0000.parquet: 50844/203808 bytes
[dataset] ARC-Challenge/test/0000.parquet: 67228/203808 bytes
[dataset] ARC-Challenge/test/0000.parquet: 83612/203808 bytes
[dataset] ARC-Challenge/test/0000.parquet: 99996/203808 bytes
[dataset] ARC-Challenge/test/0000.parquet: 116380/203808 bytes
[dataset] ARC-Challenge/test/0000.parquet: 131072/203808 bytes
[dataset] ARC-Challenge/test/0000.parquet: 134518/203808 bytes
[dataset] ARC-Challenge/test/0000.parquet: 150902/203808 bytes
[dataset] ARC-Challenge/test/0000.parquet: 167286/203808 bytes
[dataset] ARC-Challenge/test/0000.parquet: 183670/203808 bytes
[dataset] ARC-Challenge/test/0000.parquet: 200054/203808 bytes
[dataset] ARC-Challenge/test/0000.parquet: 203808/203808 bytes
[dataset] ARC-Challenge/validation/0000.parquet: 0/55743 bytes
[dataset] ARC-Challenge/validation/0000.parquet: 0/55743 bytes
[dataset] ARC-Challenge/validation/0000.parquet: 16384/55743 bytes
[dataset] ARC-Challenge/validation/0000.parquet: 32768/55743 bytes
[dataset] ARC-Challenge/validation/0000.parquet: 49152/55743 bytes
[dataset] ARC-Challenge/validation/0000.parquet: 55743/55743 bytes
[dataset] ARC-Easy/test/0000.parquet: 0/346257 bytes
[dataset] ARC-Easy/test/0000.parquet: 0/346257 bytes
[dataset] ARC-Easy/test/0000.parquet: 16384/346257 bytes
[dataset] ARC-Easy/test/0000.parquet: 34460/346257 bytes
[dataset] ARC-Easy/test/0000.parquet: 67228/346257 bytes
[dataset] ARC-Easy/test/0000.parquet: 99996/346257 bytes
[dataset] ARC-Easy/test/0000.parquet: 150884/346257 bytes
[dataset] ARC-Easy/test/0000.parquet: 183652/346257 bytes
[dataset] ARC-Easy/test/0000.parquet: 249188/346257 bytes
[dataset] ARC-Easy/test/0000.parquet: 265572/346257 bytes
[dataset] ARC-Easy/test/0000.parquet: 281956/346257 bytes
[dataset] ARC-Easy/test/0000.parquet: 298340/346257 bytes
[dataset] ARC-Easy/test/0000.parquet: 314724/346257 bytes
[dataset] ARC-Easy/test/0000.parquet: 331108/346257 bytes
[dataset] ARC-Easy/test/0000.parquet: 346257/346257 bytes
[dataset] ARC-Easy/validation/0000.parquet: 0/86080 bytes
[dataset] ARC-Easy/validation/0000.parquet: 0/86080 bytes
[dataset] ARC-Easy/validation/0000.parquet: 16384/86080 bytes
[dataset] ARC-Easy/validation/0000.parquet: 65536/86080 bytes
[dataset] ARC-Easy/validation/0000.parquet: 86080/86080 bytes
[dataset] installed arc (4 files, revision 210d026faf99)
\n## hellaswag exit=0\n[dataset] auth: huggingface_hub token file (hf auth login)
[dataset] default/train/0000.parquet: 0/24365524 bytes
[dataset] default/train/0000.parquet: 0/24365524 bytes
[dataset] default/train/0000.parquet: 8192/24365524 bytes
[dataset] default/train/0000.parquet: 16384/24365524 bytes
[dataset] default/train/0000.parquet: 34460/24365524 bytes
[dataset] default/train/0000.parquet: 50844/24365524 bytes
[dataset] default/train/0000.parquet: 67228/24365524 bytes
[dataset] default/train/0000.parquet: 99996/24365524 bytes
[dataset] default/train/0000.parquet: 103380/24365524 bytes
[dataset] default/train/0000.parquet: 119764/24365524 bytes
[dataset] default/train/0000.parquet: 136148/24365524 bytes
[dataset] default/train/0000.parquet: 152532/24365524 bytes
[dataset] default/train/0000.parquet: 168916/24365524 bytes
[dataset] default/train/0000.parquet: 185300/24365524 bytes
[dataset] default/train/0000.parquet: 201684/24365524 bytes
[dataset] default/train/0000.parquet: 218068/24365524 bytes
[dataset] default/train/0000.parquet: 234452/24365524 bytes
[dataset] default/train/0000.parquet: 250836/24365524 bytes
[dataset] default/train/0000.parquet: 267220/24365524 bytes
[dataset] default/train/0000.parquet: 283604/24365524 bytes
[dataset] default/train/0000.parquet: 299988/24365524 bytes
[dataset] default/train/0000.parquet: 316372/24365524 bytes
[dataset] default/train/0000.parquet: 332756/24365524 bytes
[dataset] default/train/0000.parquet: 349140/24365524 bytes
[dataset] default/train/0000.parquet: 365524/24365524 bytes
[dataset] default/train/0000.parquet: 381908/24365524 bytes
[dataset] default/train/0000.parquet: 398292/24365524 bytes
[dataset] default/train/0000.parquet: 414676/24365524 bytes
[dataset] default/train/0000.parquet: 431060/24365524 bytes
[dataset] default/train/0000.parquet: 447444/24365524 bytes
[dataset] default/train/0000.parquet: 463828/24365524 bytes
[dataset] default/train/0000.parquet: 480212/24365524 bytes
[dataset] default/train/0000.parquet: 496596/24365524 bytes
[dataset] default/train/0000.parquet: 512980/24365524 bytes
[dataset] default/train/0000.parquet: 529364/24365524 bytes
[dataset] default/train/0000.parquet: 545748/24365524 bytes
[dataset] default/train/0000.parquet: 562132/24365524 bytes
[dataset] default/train/0000.parquet: 578516/24365524 bytes
[dataset] default/train/0000.parquet: 594900/24365524 bytes
[dataset] default/train/0000.parquet: 627668/24365524 bytes
[dataset] default/train/0000.parquet: 660436/24365524 bytes
[dataset] default/train/0000.parquet: 676820/24365524 bytes
[dataset] default/train/0000.parquet: 693204/24365524 bytes
[dataset] default/train/0000.parquet: 709588/24365524 bytes
[dataset] default/train/0000.parquet: 742356/24365524 bytes
[dataset] default/train/0000.parquet: 758740/24365524 bytes
[dataset] default/train/0000.parquet: 775124/24365524 bytes
[dataset] default/train/0000.parquet: 807892/24365524 bytes
[dataset] default/train/0000.parquet: 824276/24365524 bytes
[dataset] default/train/0000.parquet: 857044/24365524 bytes
[dataset] default/train/0000.parquet: 873428/24365524 bytes
[dataset] default/train/0000.parquet: 889812/24365524 bytes
[dataset] default/train/0000.parquet: 906196/24365524 bytes
[dataset] default/train/0000.parquet: 922580/24365524 bytes
[dataset] default/train/0000.parquet: 955348/24365524 bytes
[dataset] default/train/0000.parquet: 988116/24365524 bytes
[dataset] default/train/0000.parquet: 1020884/24365524 bytes
[dataset] default/train/0000.parquet: 1053652/24365524 bytes
[dataset] default/train/0000.parquet: 1102804/24365524 bytes
[dataset] default/train/0000.parquet: 1151956/24365524 bytes
[dataset] default/train/0000.parquet: 1217492/24365524 bytes
[dataset] default/train/0000.parquet: 1250260/24365524 bytes
[dataset] default/train/0000.parquet: 1283028/24365524 bytes
[dataset] default/train/0000.parquet: 1299412/24365524 bytes
[dataset] default/train/0000.parquet: 1332180/24365524 bytes
[dataset] default/train/0000.parquet: 1381332/24365524 bytes
[dataset] default/train/0000.parquet: 1397716/24365524 bytes
[dataset] default/train/0000.parquet: 1430484/24365524 bytes
[dataset] default/train/0000.parquet: 1479636/24365524 bytes
[dataset] default/train/0000.parquet: 1528788/24365524 bytes
[dataset] default/train/0000.parquet: 1545172/24365524 bytes
[dataset] default/train/0000.parquet: 1610708/24365524 bytes
[dataset] default/train/0000.parquet: 1659860/24365524 bytes
[dataset] default/train/0000.parquet: 1676244/24365524 bytes
[dataset] default/train/0000.parquet: 1741780/24365524 bytes
[dataset] default/train/0000.parquet: 1774548/24365524 bytes
[dataset] default/train/0000.parquet: 1807316/24365524 bytes
[dataset] default/train/0000.parquet: 1872852/24365524 bytes
[dataset] default/train/0000.parquet: 1889236/24365524 bytes
[dataset] default/train/0000.parquet: 1938388/24365524 bytes
[dataset] default/train/0000.parquet: 1954772/24365524 bytes
[dataset] default/train/0000.parquet: 1971156/24365524 bytes
[dataset] default/train/0000.parquet: 2020308/24365524 bytes
[dataset] default/train/0000.parquet: 2069460/24365524 bytes
[dataset] default/train/0000.parquet: 2102228/24365524 bytes
[dataset] default/train/0000.parquet: 2151380/24365524 bytes
[dataset] default/train/0000.parquet: 2167764/24365524 bytes
[dataset] default/train/0000.parquet: 2184148/24365524 bytes
[dataset] default/train/0000.parquet: 2233300/24365524 bytes
[dataset] default/train/0000.parquet: 2249684/24365524 bytes
[dataset] default/train/0000.parquet: 2315220/24365524 bytes
[dataset] default/train/0000.parquet: 2364372/24365524 bytes
[dataset] default/train/0000.parquet: 2380756/24365524 bytes
[dataset] default/train/0000.parquet: 2429908/24365524 bytes
[dataset] default/train/0000.parquet: 2446292/24365524 bytes
[dataset] default/train/0000.parquet: 2495444/24365524 bytes
[dataset] default/train/0000.parquet: 2560980/24365524 bytes
[dataset] default/train/0000.parquet: 2577364/24365524 bytes
[dataset] default/train/0000.parquet: 2610132/24365524 bytes
[dataset] default/train/0000.parquet: 2642900/24365524 bytes
[dataset] default/train/0000.parquet: 2659284/24365524 bytes
[dataset] default/train/0000.parquet: 2708436/24365524 bytes
[dataset] default/train/0000.parquet: 2741204/24365524 bytes
[dataset] default/train/0000.parquet: 2790356/24365524 bytes
[dataset] default/train/0000.parquet: 2839508/24365524 bytes
[dataset] default/train/0000.parquet: 2888660/24365524 bytes
[dataset] default/train/0000.parquet: 2905044/24365524 bytes
[dataset] default/train/0000.parquet: 2954196/24365524 bytes
[dataset] default/train/0000.parquet: 2970580/24365524 bytes
[dataset] default/train/0000.parquet: 2986964/24365524 bytes
[dataset] default/train/0000.parquet: 3036116/24365524 bytes
[dataset] default/train/0000.parquet: 3052500/24365524 bytes
[dataset] default/train/0000.parquet: 3101652/24365524 bytes
[dataset] default/train/0000.parquet: 3118036/24365524 bytes
[dataset] default/train/0000.parquet: 3167188/24365524 bytes
[dataset] default/train/0000.parquet: 3183572/24365524 bytes
[dataset] default/train/0000.parquet: 3232724/24365524 bytes
[dataset] default/train/0000.parquet: 3281876/24365524 bytes
[dataset] default/train/0000.parquet: 3298260/24365524 bytes
[dataset] default/train/0000.parquet: 3347412/24365524 bytes
[dataset] default/train/0000.parquet: 3412948/24365524 bytes
[dataset] default/train/0000.parquet: 3462100/24365524 bytes
[dataset] default/train/0000.parquet: 3494868/24365524 bytes
[dataset] default/train/0000.parquet: 3544020/24365524 bytes
[dataset] default/train/0000.parquet: 3560404/24365524 bytes
[dataset] default/train/0000.parquet: 3593172/24365524 bytes
[dataset] default/train/0000.parquet: 3658708/24365524 bytes
[dataset] default/train/0000.parquet: 3707860/24365524 bytes
[dataset] default/train/0000.parquet: 3724244/24365524 bytes
[dataset] default/train/0000.parquet: 3789780/24365524 bytes
[dataset] default/train/0000.parquet: 3855316/24365524 bytes
[dataset] default/train/0000.parquet: 3871700/24365524 bytes
[dataset] default/train/0000.parquet: 3953620/24365524 bytes
[dataset] default/train/0000.parquet: 4019156/24365524 bytes
[dataset] default/train/0000.parquet: 4084692/24365524 bytes
[dataset] default/train/0000.parquet: 4133844/24365524 bytes
[dataset] default/train/0000.parquet: 4166612/24365524 bytes
[dataset] default/train/0000.parquet: 4199380/24365524 bytes
[dataset] default/train/0000.parquet: 4232148/24365524 bytes
[dataset] default/train/0000.parquet: 4297684/24365524 bytes
[dataset] default/train/0000.parquet: 4346836/24365524 bytes
[dataset] default/train/0000.parquet: 4363220/24365524 bytes
[dataset] default/train/0000.parquet: 4428756/24365524 bytes
[dataset] default/train/0000.parquet: 4477908/24365524 bytes
[dataset] default/train/0000.parquet: 4543444/24365524 bytes
[dataset] default/train/0000.parquet: 4608980/24365524 bytes
[dataset] default/train/0000.parquet: 4658132/24365524 bytes
[dataset] default/train/0000.parquet: 4674516/24365524 bytes
[dataset] default/train/0000.parquet: 4740052/24365524 bytes
[dataset] default/train/0000.parquet: 4789204/24365524 bytes
[dataset] default/train/0000.parquet: 4805588/24365524 bytes
[dataset] default/train/0000.parquet: 4821972/24365524 bytes
[dataset] default/train/0000.parquet: 4887508/24365524 bytes
[dataset] default/train/0000.parquet: 4936660/24365524 bytes
[dataset] default/train/0000.parquet: 5051348/24365524 bytes
[dataset] default/train/0000.parquet: 5067732/24365524 bytes
[dataset] default/train/0000.parquet: 5116884/24365524 bytes
[dataset] default/train/0000.parquet: 5166036/24365524 bytes
[dataset] default/train/0000.parquet: 5215188/24365524 bytes
[dataset] default/train/0000.parquet: 5247956/24365524 bytes
[dataset] default/train/0000.parquet: 5297108/24365524 bytes
[dataset] default/train/0000.parquet: 5362644/24365524 bytes
[dataset] default/train/0000.parquet: 5460948/24365524 bytes
[dataset] default/train/0000.parquet: 5493716/24365524 bytes
[dataset] default/train/0000.parquet: 5542868/24365524 bytes
[dataset] default/train/0000.parquet: 5592020/24365524 bytes
[dataset] default/train/0000.parquet: 5641172/24365524 bytes
[dataset] default/train/0000.parquet: 5657556/24365524 bytes
[dataset] default/train/0000.parquet: 5723092/24365524 bytes
[dataset] default/train/0000.parquet: 5739476/24365524 bytes
[dataset] default/train/0000.parquet: 5788628/24365524 bytes
[dataset] default/train/0000.parquet: 5821396/24365524 bytes
[dataset] default/train/0000.parquet: 5886932/24365524 bytes
[dataset] default/train/0000.parquet: 5936084/24365524 bytes
[dataset] default/train/0000.parquet: 5952468/24365524 bytes
[dataset] default/train/0000.parquet: 6018004/24365524 bytes
[dataset] default/train/0000.parquet: 6050772/24365524 bytes
[dataset] default/train/0000.parquet: 6067156/24365524 bytes
[dataset] default/train/0000.parquet: 6116308/24365524 bytes
[dataset] default/train/0000.parquet: 6149076/24365524 bytes
[dataset] default/train/0000.parquet: 6198228/24365524 bytes
[dataset] default/train/0000.parquet: 6247380/24365524 bytes
[dataset] default/train/0000.parquet: 6263764/24365524 bytes
[dataset] default/train/0000.parquet: 6312916/24365524 bytes
[dataset] default/train/0000.parquet: 6329300/24365524 bytes
[dataset] default/train/0000.parquet: 6394836/24365524 bytes
[dataset] default/train/0000.parquet: 6460372/24365524 bytes
[dataset] default/train/0000.parquet: 6476756/24365524 bytes
[dataset] default/train/0000.parquet: 6525908/24365524 bytes
[dataset] default/train/0000.parquet: 6558676/24365524 bytes
[dataset] default/train/0000.parquet: 6624212/24365524 bytes
[dataset] default/train/0000.parquet: 6673364/24365524 bytes
[dataset] default/train/0000.parquet: 6689748/24365524 bytes
[dataset] default/train/0000.parquet: 6722516/24365524 bytes
[dataset] default/train/0000.parquet: 6804436/24365524 bytes
[dataset] default/train/0000.parquet: 6853588/24365524 bytes
[dataset] default/train/0000.parquet: 6869972/24365524 bytes
[dataset] default/train/0000.parquet: 6935508/24365524 bytes
[dataset] default/train/0000.parquet: 6984660/24365524 bytes
[dataset] default/train/0000.parquet: 7033812/24365524 bytes
[dataset] default/train/0000.parquet: 7082964/24365524 bytes
[dataset] default/train/0000.parquet: 7115732/24365524 bytes
[dataset] default/train/0000.parquet: 7164884/24365524 bytes
[dataset] default/train/0000.parquet: 7197652/24365524 bytes
[dataset] default/train/0000.parquet: 7263188/24365524 bytes
[dataset] default/train/0000.parquet: 7312340/24365524 bytes
[dataset] default/train/0000.parquet: 7394260/24365524 bytes
[dataset] default/train/0000.parquet: 7459796/24365524 bytes
[dataset] default/train/0000.parquet: 7508948/24365524 bytes
[dataset] default/train/0000.parquet: 7558100/24365524 bytes
[dataset] default/train/0000.parquet: 7590868/24365524 bytes
[dataset] default/train/0000.parquet: 7640020/24365524 bytes
[dataset] default/train/0000.parquet: 7656404/24365524 bytes
[dataset] default/train/0000.parquet: 7705556/24365524 bytes
[dataset] default/train/0000.parquet: 7754708/24365524 bytes
[dataset] default/train/0000.parquet: 7803860/24365524 bytes
[dataset] default/train/0000.parquet: 7869396/24365524 bytes
[dataset] default/train/0000.parquet: 7918548/24365524 bytes
[dataset] default/train/0000.parquet: 7967700/24365524 bytes
[dataset] default/train/0000.parquet: 8000468/24365524 bytes
[dataset] default/train/0000.parquet: 8033236/24365524 bytes
[dataset] default/train/0000.parquet: 8115156/24365524 bytes
[dataset] default/train/0000.parquet: 8180692/24365524 bytes
[dataset] default/train/0000.parquet: 8213460/24365524 bytes
[dataset] default/train/0000.parquet: 8246228/24365524 bytes
[dataset] default/train/0000.parquet: 8295380/24365524 bytes
[dataset] default/train/0000.parquet: 8311764/24365524 bytes
[dataset] default/train/0000.parquet: 8360916/24365524 bytes
[dataset] default/train/0000.parquet: 8377300/24365524 bytes
[dataset] default/train/0000.parquet: 8426452/24365524 bytes
[dataset] default/train/0000.parquet: 8442836/24365524 bytes
[dataset] default/train/0000.parquet: 8491988/24365524 bytes
[dataset] default/train/0000.parquet: 8524756/24365524 bytes
[dataset] default/train/0000.parquet: 8590292/24365524 bytes
[dataset] default/train/0000.parquet: 8623060/24365524 bytes
[dataset] default/train/0000.parquet: 8639444/24365524 bytes
[dataset] default/train/0000.parquet: 8688596/24365524 bytes
[dataset] default/train/0000.parquet: 8721364/24365524 bytes
[dataset] default/train/0000.parquet: 8770516/24365524 bytes
[dataset] default/train/0000.parquet: 8786900/24365524 bytes
[dataset] default/train/0000.parquet: 8836052/24365524 bytes
[dataset] default/train/0000.parquet: 8868820/24365524 bytes
[dataset] default/train/0000.parquet: 8901588/24365524 bytes
[dataset] default/train/0000.parquet: 8934356/24365524 bytes
[dataset] default/train/0000.parquet: 8999892/24365524 bytes
[dataset] default/train/0000.parquet: 9049044/24365524 bytes
[dataset] default/train/0000.parquet: 9065428/24365524 bytes
[dataset] default/train/0000.parquet: 9114580/24365524 bytes
[dataset] default/train/0000.parquet: 9130964/24365524 bytes
[dataset] default/train/0000.parquet: 9180116/24365524 bytes
[dataset] default/train/0000.parquet: 9196500/24365524 bytes
[dataset] default/train/0000.parquet: 9245652/24365524 bytes
[dataset] default/train/0000.parquet: 9262036/24365524 bytes
[dataset] default/train/0000.parquet: 9278420/24365524 bytes
[dataset] default/train/0000.parquet: 9327572/24365524 bytes
[dataset] default/train/0000.parquet: 9343956/24365524 bytes
[dataset] default/train/0000.parquet: 9409492/24365524 bytes
[dataset] default/train/0000.parquet: 9458644/24365524 bytes
[dataset] default/train/0000.parquet: 9475028/24365524 bytes
[dataset] default/train/0000.parquet: 9524180/24365524 bytes
[dataset] default/train/0000.parquet: 9556948/24365524 bytes
[dataset] default/train/0000.parquet: 9606100/24365524 bytes
[dataset] default/train/0000.parquet: 9671636/24365524 bytes
[dataset] default/train/0000.parquet: 9688020/24365524 bytes
[dataset] default/train/0000.parquet: 9720788/24365524 bytes
[dataset] default/train/0000.parquet: 9769940/24365524 bytes
[dataset] default/train/0000.parquet: 9819092/24365524 bytes
[dataset] default/train/0000.parquet: 9851860/24365524 bytes
[dataset] default/train/0000.parquet: 9901012/24365524 bytes
[dataset] default/train/0000.parquet: 9917396/24365524 bytes
[dataset] default/train/0000.parquet: 9966548/24365524 bytes
[dataset] default/train/0000.parquet: 9999316/24365524 bytes
[dataset] default/train/0000.parquet: 10048468/24365524 bytes
[dataset] default/train/0000.parquet: 10097620/24365524 bytes
[dataset] default/train/0000.parquet: 10130388/24365524 bytes
[dataset] default/train/0000.parquet: 10163156/24365524 bytes
[dataset] default/train/0000.parquet: 10228692/24365524 bytes
[dataset] default/train/0000.parquet: 10261460/24365524 bytes
[dataset] default/train/0000.parquet: 10294228/24365524 bytes
[dataset] default/train/0000.parquet: 10392532/24365524 bytes
[dataset] default/train/0000.parquet: 10441684/24365524 bytes
[dataset] default/train/0000.parquet: 10474452/24365524 bytes
[dataset] default/train/0000.parquet: 10523604/24365524 bytes
[dataset] default/train/0000.parquet: 10572756/24365524 bytes
[dataset] default/train/0000.parquet: 10638292/24365524 bytes
[dataset] default/train/0000.parquet: 10687444/24365524 bytes
[dataset] default/train/0000.parquet: 10736596/24365524 bytes
[dataset] default/train/0000.parquet: 10752980/24365524 bytes
[dataset] default/train/0000.parquet: 10818516/24365524 bytes
[dataset] default/train/0000.parquet: 10867668/24365524 bytes
[dataset] default/train/0000.parquet: 10900436/24365524 bytes
[dataset] default/train/0000.parquet: 10933204/24365524 bytes
[dataset] default/train/0000.parquet: 10965972/24365524 bytes
[dataset] default/train/0000.parquet: 11031508/24365524 bytes
[dataset] default/train/0000.parquet: 11097044/24365524 bytes
[dataset] default/train/0000.parquet: 11146196/24365524 bytes
[dataset] default/train/0000.parquet: 11162580/24365524 bytes
[dataset] default/train/0000.parquet: 11228116/24365524 bytes
[dataset] default/train/0000.parquet: 11277268/24365524 bytes
[dataset] default/train/0000.parquet: 11293652/24365524 bytes
[dataset] default/train/0000.parquet: 11310036/24365524 bytes
[dataset] default/train/0000.parquet: 11359188/24365524 bytes
[dataset] default/train/0000.parquet: 11375572/24365524 bytes
[dataset] default/train/0000.parquet: 11391956/24365524 bytes
[dataset] default/train/0000.parquet: 11490260/24365524 bytes
[dataset] default/train/0000.parquet: 11539412/24365524 bytes
[dataset] default/train/0000.parquet: 11572180/24365524 bytes
[dataset] default/train/0000.parquet: 11621332/24365524 bytes
[dataset] default/train/0000.parquet: 11637716/24365524 bytes
[dataset] default/train/0000.parquet: 11703252/24365524 bytes
[dataset] default/train/0000.parquet: 11768788/24365524 bytes
[dataset] default/train/0000.parquet: 11834324/24365524 bytes
[dataset] default/train/0000.parquet: 11899860/24365524 bytes
[dataset] default/train/0000.parquet: 11965396/24365524 bytes
[dataset] default/train/0000.parquet: 12030932/24365524 bytes
[dataset] default/train/0000.parquet: 12080084/24365524 bytes
[dataset] default/train/0000.parquet: 12096468/24365524 bytes
[dataset] default/train/0000.parquet: 12145620/24365524 bytes
[dataset] default/train/0000.parquet: 12178388/24365524 bytes
[dataset] default/train/0000.parquet: 12194772/24365524 bytes
[dataset] default/train/0000.parquet: 12260308/24365524 bytes
[dataset] default/train/0000.parquet: 12342228/24365524 bytes
[dataset] default/train/0000.parquet: 12391380/24365524 bytes
[dataset] default/train/0000.parquet: 12424148/24365524 bytes
[dataset] default/train/0000.parquet: 12456916/24365524 bytes
[dataset] default/train/0000.parquet: 12506068/24365524 bytes
[dataset] default/train/0000.parquet: 12555220/24365524 bytes
[dataset] default/train/0000.parquet: 12587988/24365524 bytes
[dataset] default/train/0000.parquet: 12637140/24365524 bytes
[dataset] default/train/0000.parquet: 12653524/24365524 bytes
[dataset] default/train/0000.parquet: 12719060/24365524 bytes
[dataset] default/train/0000.parquet: 12768212/24365524 bytes
[dataset] default/train/0000.parquet: 12784596/24365524 bytes
[dataset] default/train/0000.parquet: 12833748/24365524 bytes
[dataset] default/train/0000.parquet: 12850132/24365524 bytes
[dataset] default/train/0000.parquet: 12899284/24365524 bytes
[dataset] default/train/0000.parquet: 12948436/24365524 bytes
[dataset] default/train/0000.parquet: 12981204/24365524 bytes
[dataset] default/train/0000.parquet: 13046740/24365524 bytes
[dataset] default/train/0000.parquet: 13095892/24365524 bytes
[dataset] default/train/0000.parquet: 13112276/24365524 bytes
[dataset] default/train/0000.parquet: 13177812/24365524 bytes
[dataset] default/train/0000.parquet: 13226964/24365524 bytes
[dataset] default/train/0000.parquet: 13243348/24365524 bytes
[dataset] default/train/0000.parquet: 13292500/24365524 bytes
[dataset] default/train/0000.parquet: 13308884/24365524 bytes
[dataset] default/train/0000.parquet: 13325268/24365524 bytes
[dataset] default/train/0000.parquet: 13374420/24365524 bytes
[dataset] default/train/0000.parquet: 13390804/24365524 bytes
[dataset] default/train/0000.parquet: 13439956/24365524 bytes
[dataset] default/train/0000.parquet: 13456340/24365524 bytes
[dataset] default/train/0000.parquet: 13505492/24365524 bytes
[dataset] default/train/0000.parquet: 13538260/24365524 bytes
[dataset] default/train/0000.parquet: 13603796/24365524 bytes
[dataset] default/train/0000.parquet: 13636564/24365524 bytes
[dataset] default/train/0000.parquet: 13669332/24365524 bytes
[dataset] default/train/0000.parquet: 13718484/24365524 bytes
[dataset] default/train/0000.parquet: 13734868/24365524 bytes
[dataset] default/train/0000.parquet: 13767636/24365524 bytes
[dataset] default/train/0000.parquet: 13800404/24365524 bytes
[dataset] default/train/0000.parquet: 13849556/24365524 bytes
[dataset] default/train/0000.parquet: 13882324/24365524 bytes
[dataset] default/train/0000.parquet: 13947860/24365524 bytes
[dataset] default/train/0000.parquet: 14013396/24365524 bytes
[dataset] default/train/0000.parquet: 14095316/24365524 bytes
[dataset] default/train/0000.parquet: 14144468/24365524 bytes
[dataset] default/train/0000.parquet: 14210004/24365524 bytes
[dataset] default/train/0000.parquet: 14259156/24365524 bytes
[dataset] default/train/0000.parquet: 14291924/24365524 bytes
[dataset] default/train/0000.parquet: 14341076/24365524 bytes
[dataset] default/train/0000.parquet: 14390228/24365524 bytes
[dataset] default/train/0000.parquet: 14422996/24365524 bytes
[dataset] default/train/0000.parquet: 14472148/24365524 bytes
[dataset] default/train/0000.parquet: 14488532/24365524 bytes
[dataset] default/train/0000.parquet: 14554068/24365524 bytes
[dataset] default/train/0000.parquet: 14635988/24365524 bytes
[dataset] default/train/0000.parquet: 14701524/24365524 bytes
[dataset] default/train/0000.parquet: 14767060/24365524 bytes
[dataset] default/train/0000.parquet: 14816212/24365524 bytes
[dataset] default/train/0000.parquet: 14832596/24365524 bytes
[dataset] default/train/0000.parquet: 14881748/24365524 bytes
[dataset] default/train/0000.parquet: 14914516/24365524 bytes
[dataset] default/train/0000.parquet: 14963668/24365524 bytes
[dataset] default/train/0000.parquet: 14980052/24365524 bytes
[dataset] default/train/0000.parquet: 15029204/24365524 bytes
[dataset] default/train/0000.parquet: 15045588/24365524 bytes
[dataset] default/train/0000.parquet: 15094740/24365524 bytes
[dataset] default/train/0000.parquet: 15111124/24365524 bytes
[dataset] default/train/0000.parquet: 15176660/24365524 bytes
[dataset] default/train/0000.parquet: 15225812/24365524 bytes
[dataset] default/train/0000.parquet: 15242196/24365524 bytes
[dataset] default/train/0000.parquet: 15324116/24365524 bytes
[dataset] default/train/0000.parquet: 15373268/24365524 bytes
[dataset] default/train/0000.parquet: 15422420/24365524 bytes
[dataset] default/train/0000.parquet: 15455188/24365524 bytes
[dataset] default/train/0000.parquet: 15520724/24365524 bytes
[dataset] default/train/0000.parquet: 15569876/24365524 bytes
[dataset] default/train/0000.parquet: 15586260/24365524 bytes
[dataset] default/train/0000.parquet: 15635412/24365524 bytes
[dataset] default/train/0000.parquet: 15651796/24365524 bytes
[dataset] default/train/0000.parquet: 15668180/24365524 bytes
[dataset] default/train/0000.parquet: 15717332/24365524 bytes
[dataset] default/train/0000.parquet: 15733716/24365524 bytes
[dataset] default/train/0000.parquet: 15782868/24365524 bytes
[dataset] default/train/0000.parquet: 15799252/24365524 bytes
[dataset] default/train/0000.parquet: 15848404/24365524 bytes
[dataset] default/train/0000.parquet: 15864788/24365524 bytes
[dataset] default/train/0000.parquet: 15913940/24365524 bytes
[dataset] default/train/0000.parquet: 15979476/24365524 bytes
[dataset] default/train/0000.parquet: 15995860/24365524 bytes
[dataset] default/train/0000.parquet: 16045012/24365524 bytes
[dataset] default/train/0000.parquet: 16077780/24365524 bytes
[dataset] default/train/0000.parquet: 16126932/24365524 bytes
[dataset] default/train/0000.parquet: 16176084/24365524 bytes
[dataset] default/train/0000.parquet: 16225236/24365524 bytes
[dataset] default/train/0000.parquet: 16258004/24365524 bytes
[dataset] default/train/0000.parquet: 16307156/24365524 bytes
[dataset] default/train/0000.parquet: 16356308/24365524 bytes
[dataset] default/train/0000.parquet: 16389076/24365524 bytes
[dataset] default/train/0000.parquet: 16438228/24365524 bytes
[dataset] default/train/0000.parquet: 16454612/24365524 bytes
[dataset] default/train/0000.parquet: 16503764/24365524 bytes
[dataset] default/train/0000.parquet: 16552916/24365524 bytes
[dataset] default/train/0000.parquet: 16569300/24365524 bytes
[dataset] default/train/0000.parquet: 16602068/24365524 bytes
[dataset] default/train/0000.parquet: 16651220/24365524 bytes
[dataset] default/train/0000.parquet: 16683988/24365524 bytes
[dataset] default/train/0000.parquet: 16733140/24365524 bytes
[dataset] default/train/0000.parquet: 16749524/24365524 bytes
[dataset] default/train/0000.parquet: 16798676/24365524 bytes
[dataset] default/train/0000.parquet: 16815060/24365524 bytes
[dataset] default/train/0000.parquet: 16864212/24365524 bytes
[dataset] default/train/0000.parquet: 16913364/24365524 bytes
[dataset] default/train/0000.parquet: 16962516/24365524 bytes
[dataset] default/train/0000.parquet: 16995284/24365524 bytes
[dataset] default/train/0000.parquet: 17044436/24365524 bytes
[dataset] default/train/0000.parquet: 17060820/24365524 bytes
[dataset] default/train/0000.parquet: 17093588/24365524 bytes
[dataset] default/train/0000.parquet: 17159124/24365524 bytes
[dataset] default/train/0000.parquet: 17175508/24365524 bytes
[dataset] default/train/0000.parquet: 17224660/24365524 bytes
[dataset] default/train/0000.parquet: 17273812/24365524 bytes
[dataset] default/train/0000.parquet: 17290196/24365524 bytes
[dataset] default/train/0000.parquet: 17355732/24365524 bytes
[dataset] default/train/0000.parquet: 17437652/24365524 bytes
[dataset] default/train/0000.parquet: 17486804/24365524 bytes
[dataset] default/train/0000.parquet: 17535956/24365524 bytes
[dataset] default/train/0000.parquet: 17585108/24365524 bytes
[dataset] default/train/0000.parquet: 17617876/24365524 bytes
[dataset] default/train/0000.parquet: 17667028/24365524 bytes
[dataset] default/train/0000.parquet: 17699796/24365524 bytes
[dataset] default/train/0000.parquet: 17748948/24365524 bytes
[dataset] default/train/0000.parquet: 17781716/24365524 bytes
[dataset] default/train/0000.parquet: 17847252/24365524 bytes
[dataset] default/train/0000.parquet: 17896404/24365524 bytes
[dataset] default/train/0000.parquet: 17929172/24365524 bytes
[dataset] default/train/0000.parquet: 17978324/24365524 bytes
[dataset] default/train/0000.parquet: 17994708/24365524 bytes
[dataset] default/train/0000.parquet: 18076628/24365524 bytes
[dataset] default/train/0000.parquet: 18125780/24365524 bytes
[dataset] default/train/0000.parquet: 18174932/24365524 bytes
[dataset] default/train/0000.parquet: 18207700/24365524 bytes
[dataset] default/train/0000.parquet: 18224084/24365524 bytes
[dataset] default/train/0000.parquet: 18273236/24365524 bytes
[dataset] default/train/0000.parquet: 18322388/24365524 bytes
[dataset] default/train/0000.parquet: 18371540/24365524 bytes
[dataset] default/train/0000.parquet: 18404308/24365524 bytes
[dataset] default/train/0000.parquet: 18469844/24365524 bytes
[dataset] default/train/0000.parquet: 18518996/24365524 bytes
[dataset] default/train/0000.parquet: 18568148/24365524 bytes
[dataset] default/train/0000.parquet: 18617300/24365524 bytes
[dataset] default/train/0000.parquet: 18699220/24365524 bytes
[dataset] default/train/0000.parquet: 18748372/24365524 bytes
[dataset] default/train/0000.parquet: 18764756/24365524 bytes
[dataset] default/train/0000.parquet: 18813908/24365524 bytes
[dataset] default/train/0000.parquet: 18879444/24365524 bytes
[dataset] default/train/0000.parquet: 18928596/24365524 bytes
[dataset] default/train/0000.parquet: 18961364/24365524 bytes
[dataset] default/train/0000.parquet: 19026900/24365524 bytes
[dataset] default/train/0000.parquet: 19076052/24365524 bytes
[dataset] default/train/0000.parquet: 19125204/24365524 bytes
[dataset] default/train/0000.parquet: 19207124/24365524 bytes
[dataset] default/train/0000.parquet: 19256276/24365524 bytes
[dataset] default/train/0000.parquet: 19305428/24365524 bytes
[dataset] default/train/0000.parquet: 19387348/24365524 bytes
[dataset] default/train/0000.parquet: 19436500/24365524 bytes
[dataset] default/train/0000.parquet: 19478855/24365524 bytes
[dataset] default/train/0000.parquet: 19533145/24365524 bytes
[dataset] default/train/0000.parquet: 19565913/24365524 bytes
[dataset] default/train/0000.parquet: 19615065/24365524 bytes
[dataset] default/train/0000.parquet: 19672677/24365524 bytes
[dataset] default/train/0000.parquet: 19689061/24365524 bytes
[dataset] default/train/0000.parquet: 19717482/24365524 bytes
[dataset] default/train/0000.parquet: 19754597/24365524 bytes
[dataset] default/train/0000.parquet: 19820133/24365524 bytes
[dataset] default/train/0000.parquet: 19857922/24365524 bytes
[dataset] default/train/0000.parquet: 19899274/24365524 bytes
[dataset] default/train/0000.parquet: 19940626/24365524 bytes
[dataset] default/train/0000.parquet: 19993162/24365524 bytes
[dataset] default/train/0000.parquet: 20042314/24365524 bytes
[dataset] default/train/0000.parquet: 20055190/24365524 bytes
[dataset] default/train/0000.parquet: 20104342/24365524 bytes
[dataset] default/train/0000.parquet: 20137110/24365524 bytes
[dataset] default/train/0000.parquet: 20169878/24365524 bytes
[dataset] default/train/0000.parquet: 20235414/24365524 bytes
[dataset] default/train/0000.parquet: 20268182/24365524 bytes
[dataset] default/train/0000.parquet: 20317334/24365524 bytes
[dataset] default/train/0000.parquet: 20350102/24365524 bytes
[dataset] default/train/0000.parquet: 20399254/24365524 bytes
[dataset] default/train/0000.parquet: 20415638/24365524 bytes
[dataset] default/train/0000.parquet: 20432022/24365524 bytes
[dataset] default/train/0000.parquet: 20481174/24365524 bytes
[dataset] default/train/0000.parquet: 20530326/24365524 bytes
[dataset] default/train/0000.parquet: 20579478/24365524 bytes
[dataset] default/train/0000.parquet: 20595862/24365524 bytes
[dataset] default/train/0000.parquet: 20645014/24365524 bytes
[dataset] default/train/0000.parquet: 20677782/24365524 bytes
[dataset] default/train/0000.parquet: 20726934/24365524 bytes
[dataset] default/train/0000.parquet: 20776086/24365524 bytes
[dataset] default/train/0000.parquet: 20825238/24365524 bytes
[dataset] default/train/0000.parquet: 20858006/24365524 bytes
[dataset] default/train/0000.parquet: 20890774/24365524 bytes
[dataset] default/train/0000.parquet: 20923542/24365524 bytes
[dataset] default/train/0000.parquet: 20939926/24365524 bytes
[dataset] default/train/0000.parquet: 20989078/24365524 bytes
[dataset] default/train/0000.parquet: 21005462/24365524 bytes
[dataset] default/train/0000.parquet: 21070998/24365524 bytes
[dataset] default/train/0000.parquet: 21185686/24365524 bytes
[dataset] default/train/0000.parquet: 21234838/24365524 bytes
[dataset] default/train/0000.parquet: 21251222/24365524 bytes
[dataset] default/train/0000.parquet: 21300374/24365524 bytes
[dataset] default/train/0000.parquet: 21316758/24365524 bytes
[dataset] default/train/0000.parquet: 21447830/24365524 bytes
[dataset] default/train/0000.parquet: 21513366/24365524 bytes
[dataset] default/train/0000.parquet: 21529750/24365524 bytes
[dataset] default/train/0000.parquet: 21562518/24365524 bytes
[dataset] default/train/0000.parquet: 21611670/24365524 bytes
[dataset] default/train/0000.parquet: 21628054/24365524 bytes
[dataset] default/train/0000.parquet: 21677206/24365524 bytes
[dataset] default/train/0000.parquet: 21709974/24365524 bytes
[dataset] default/train/0000.parquet: 21759126/24365524 bytes
[dataset] default/train/0000.parquet: 21824662/24365524 bytes
[dataset] default/train/0000.parquet: 21873814/24365524 bytes
[dataset] default/train/0000.parquet: 21890198/24365524 bytes
[dataset] default/train/0000.parquet: 21922966/24365524 bytes
[dataset] default/train/0000.parquet: 22004886/24365524 bytes
[dataset] default/train/0000.parquet: 22054038/24365524 bytes
[dataset] default/train/0000.parquet: 22070422/24365524 bytes
[dataset] default/train/0000.parquet: 22119574/24365524 bytes
[dataset] default/train/0000.parquet: 22152342/24365524 bytes
[dataset] default/train/0000.parquet: 22217878/24365524 bytes
[dataset] default/train/0000.parquet: 22283414/24365524 bytes
[dataset] default/train/0000.parquet: 22348950/24365524 bytes
[dataset] default/train/0000.parquet: 22414486/24365524 bytes
[dataset] default/train/0000.parquet: 22463638/24365524 bytes
[dataset] default/train/0000.parquet: 22480022/24365524 bytes
[dataset] default/train/0000.parquet: 22529174/24365524 bytes
[dataset] default/train/0000.parquet: 22545558/24365524 bytes
[dataset] default/train/0000.parquet: 22611094/24365524 bytes
[dataset] default/train/0000.parquet: 22643862/24365524 bytes
[dataset] default/train/0000.parquet: 22660246/24365524 bytes
[dataset] default/train/0000.parquet: 22709398/24365524 bytes
[dataset] default/train/0000.parquet: 22725782/24365524 bytes
[dataset] default/train/0000.parquet: 22758550/24365524 bytes
[dataset] default/train/0000.parquet: 22856854/24365524 bytes
[dataset] default/train/0000.parquet: 22906006/24365524 bytes
[dataset] default/train/0000.parquet: 22955158/24365524 bytes
[dataset] default/train/0000.parquet: 22971542/24365524 bytes
[dataset] default/train/0000.parquet: 23020694/24365524 bytes
[dataset] default/train/0000.parquet: 23037078/24365524 bytes
[dataset] default/train/0000.parquet: 23086230/24365524 bytes
[dataset] default/train/0000.parquet: 23102614/24365524 bytes
[dataset] default/train/0000.parquet: 23151766/24365524 bytes
[dataset] default/train/0000.parquet: 23168150/24365524 bytes
[dataset] default/train/0000.parquet: 23217302/24365524 bytes
[dataset] default/train/0000.parquet: 23233686/24365524 bytes
[dataset] default/train/0000.parquet: 23282838/24365524 bytes
[dataset] default/train/0000.parquet: 23331990/24365524 bytes
[dataset] default/train/0000.parquet: 23348374/24365524 bytes
[dataset] default/train/0000.parquet: 23397526/24365524 bytes
[dataset] default/train/0000.parquet: 23413910/24365524 bytes
[dataset] default/train/0000.parquet: 23479446/24365524 bytes
[dataset] default/train/0000.parquet: 23528598/24365524 bytes
[dataset] default/train/0000.parquet: 23561366/24365524 bytes
[dataset] default/train/0000.parquet: 23610518/24365524 bytes
[dataset] default/train/0000.parquet: 23626902/24365524 bytes
[dataset] default/train/0000.parquet: 23692438/24365524 bytes
[dataset] default/train/0000.parquet: 23741590/24365524 bytes
[dataset] default/train/0000.parquet: 23757974/24365524 bytes
[dataset] default/train/0000.parquet: 23807126/24365524 bytes
[dataset] default/train/0000.parquet: 23839894/24365524 bytes
[dataset] default/train/0000.parquet: 23889046/24365524 bytes
[dataset] default/train/0000.parquet: 23954582/24365524 bytes
[dataset] default/train/0000.parquet: 23970966/24365524 bytes
[dataset] default/train/0000.parquet: 24020118/24365524 bytes
[dataset] default/train/0000.parquet: 24036502/24365524 bytes
[dataset] default/train/0000.parquet: 24085654/24365524 bytes
[dataset] default/train/0000.parquet: 24134806/24365524 bytes
[dataset] default/train/0000.parquet: 24167574/24365524 bytes
[dataset] default/train/0000.parquet: 24216726/24365524 bytes
[dataset] default/train/0000.parquet: 24233110/24365524 bytes
[dataset] default/train/0000.parquet: 24265878/24365524 bytes
[dataset] default/train/0000.parquet: 24298646/24365524 bytes
[dataset] default/train/0000.parquet: 24347798/24365524 bytes
[dataset] default/train/0000.parquet: 24365524/24365524 bytes
[dataset] default/validation/0000.parquet: 0/6315951 bytes
[dataset] default/validation/0000.parquet: 0/6315951 bytes
[dataset] default/validation/0000.parquet: 32768/6315951 bytes
[dataset] default/validation/0000.parquet: 81920/6315951 bytes
[dataset] default/validation/0000.parquet: 114688/6315951 bytes
[dataset] default/validation/0000.parquet: 163840/6315951 bytes
[dataset] default/validation/0000.parquet: 196608/6315951 bytes
[dataset] default/validation/0000.parquet: 229376/6315951 bytes
[dataset] default/validation/0000.parquet: 262144/6315951 bytes
[dataset] default/validation/0000.parquet: 323924/6315951 bytes
[dataset] default/validation/0000.parquet: 373076/6315951 bytes
[dataset] default/validation/0000.parquet: 389460/6315951 bytes
[dataset] default/validation/0000.parquet: 429904/6315951 bytes
[dataset] default/validation/0000.parquet: 458318/6315951 bytes
[dataset] default/validation/0000.parquet: 511762/6315951 bytes
[dataset] default/validation/0000.parquet: 528146/6315951 bytes
[dataset] default/validation/0000.parquet: 577298/6315951 bytes
[dataset] default/validation/0000.parquet: 593682/6315951 bytes
[dataset] default/validation/0000.parquet: 647002/6315951 bytes
[dataset] default/validation/0000.parquet: 689200/6315951 bytes
[dataset] default/validation/0000.parquet: 713322/6315951 bytes
[dataset] default/validation/0000.parquet: 771904/6315951 bytes
[dataset] default/validation/0000.parquet: 816702/6315951 bytes
[dataset] default/validation/0000.parquet: 833086/6315951 bytes
[dataset] default/validation/0000.parquet: 898622/6315951 bytes
[dataset] default/validation/0000.parquet: 902859/6315951 bytes
[dataset] default/validation/0000.parquet: 951103/6315951 bytes
[dataset] default/validation/0000.parquet: 967487/6315951 bytes
[dataset] default/validation/0000.parquet: 1009685/6315951 bytes
[dataset] default/validation/0000.parquet: 1031207/6315951 bytes
[dataset] default/validation/0000.parquet: 1079451/6315951 bytes
[dataset] default/validation/0000.parquet: 1126849/6315951 bytes
[dataset] default/validation/0000.parquet: 1138033/6315951 bytes
[dataset] default/validation/0000.parquet: 1203569/6315951 bytes
[dataset] default/validation/0000.parquet: 1206953/6315951 bytes
[dataset] default/validation/0000.parquet: 1248305/6315951 bytes
[dataset] default/validation/0000.parquet: 1272427/6315951 bytes
[dataset] default/validation/0000.parquet: 1338025/6315951 bytes
[dataset] default/validation/0000.parquet: 1354347/6315951 bytes
[dataset] default/validation/0000.parquet: 1419883/6315951 bytes
[dataset] default/validation/0000.parquet: 1452651/6315951 bytes
[dataset] default/validation/0000.parquet: 1485419/6315951 bytes
[dataset] default/validation/0000.parquet: 1534571/6315951 bytes
[dataset] default/validation/0000.parquet: 1550955/6315951 bytes
[dataset] default/validation/0000.parquet: 1567339/6315951 bytes
[dataset] default/validation/0000.parquet: 1627365/6315951 bytes
[dataset] default/validation/0000.parquet: 1692901/6315951 bytes
[dataset] default/validation/0000.parquet: 1754867/6315951 bytes
[dataset] default/validation/0000.parquet: 1772097/6315951 bytes
[dataset] default/validation/0000.parquet: 1837633/6315951 bytes
[dataset] default/validation/0000.parquet: 1870401/6315951 bytes
[dataset] default/validation/0000.parquet: 1903169/6315951 bytes
[dataset] default/validation/0000.parquet: 1952321/6315951 bytes
[dataset] default/validation/0000.parquet: 1999533/6315951 bytes
[dataset] default/validation/0000.parquet: 2032301/6315951 bytes
[dataset] default/validation/0000.parquet: 2061561/6315951 bytes
[dataset] default/validation/0000.parquet: 2127097/6315951 bytes
[dataset] default/validation/0000.parquet: 2143481/6315951 bytes
[dataset] default/validation/0000.parquet: 2178725/6315951 bytes
[dataset] default/validation/0000.parquet: 2211493/6315951 bytes
[dataset] default/validation/0000.parquet: 2227877/6315951 bytes
[dataset] default/validation/0000.parquet: 2277029/6315951 bytes
[dataset] default/validation/0000.parquet: 2342565/6315951 bytes
[dataset] default/validation/0000.parquet: 2391717/6315951 bytes
[dataset] default/validation/0000.parquet: 2424485/6315951 bytes
[dataset] default/validation/0000.parquet: 2469943/6315951 bytes
[dataset] default/validation/0000.parquet: 2486327/6315951 bytes
[dataset] default/validation/0000.parquet: 2551863/6315951 bytes
[dataset] default/validation/0000.parquet: 2584631/6315951 bytes
[dataset] default/validation/0000.parquet: 2650167/6315951 bytes
[dataset] default/validation/0000.parquet: 2664611/6315951 bytes
[dataset] default/validation/0000.parquet: 2730147/6315951 bytes
[dataset] default/validation/0000.parquet: 2793867/6315951 bytes
[dataset] default/validation/0000.parquet: 2838665/6315951 bytes
[dataset] default/validation/0000.parquet: 2924815/6315951 bytes
[dataset] default/validation/0000.parquet: 2973967/6315951 bytes
[dataset] default/validation/0000.parquet: 3016103/6315951 bytes
[dataset] default/validation/0000.parquet: 3081639/6315951 bytes
[dataset] default/validation/0000.parquet: 3157389/6315951 bytes
[dataset] default/validation/0000.parquet: 3206541/6315951 bytes
[dataset] default/validation/0000.parquet: 3222925/6315951 bytes
[dataset] default/validation/0000.parquet: 3288337/6315951 bytes
[dataset] default/validation/0000.parquet: 3339181/6315951 bytes
[dataset] default/validation/0000.parquet: 3355565/6315951 bytes
[dataset] default/validation/0000.parquet: 3421101/6315951 bytes
[dataset] default/validation/0000.parquet: 3425331/6315951 bytes
[dataset] default/validation/0000.parquet: 3441715/6315951 bytes
[dataset] default/validation/0000.parquet: 3483067/6315951 bytes
[dataset] default/validation/0000.parquet: 3515835/6315951 bytes
[dataset] default/validation/0000.parquet: 3577801/6315951 bytes
[dataset] default/validation/0000.parquet: 3643337/6315951 bytes
[dataset] default/validation/0000.parquet: 3692489/6315951 bytes
[dataset] default/validation/0000.parquet: 3708873/6315951 bytes
[dataset] default/validation/0000.parquet: 3774409/6315951 bytes
[dataset] default/validation/0000.parquet: 3784561/6315951 bytes
[dataset] default/validation/0000.parquet: 3845743/6315951 bytes
[dataset] default/validation/0000.parquet: 3894895/6315951 bytes
[dataset] default/validation/0000.parquet: 3927663/6315951 bytes
[dataset] default/validation/0000.parquet: 3976691/6315951 bytes
[dataset] default/validation/0000.parquet: 3998213/6315951 bytes
[dataset] default/validation/0000.parquet: 4043011/6315951 bytes
[dataset] default/validation/0000.parquet: 4075779/6315951 bytes
[dataset] default/validation/0000.parquet: 4122269/6315951 bytes
[dataset] default/validation/0000.parquet: 4186897/6315951 bytes
[dataset] default/validation/0000.parquet: 4252433/6315951 bytes
[dataset] default/validation/0000.parquet: 4253217/6315951 bytes
[dataset] default/validation/0000.parquet: 4294569/6315951 bytes
[dataset] default/validation/0000.parquet: 4339367/6315951 bytes
[dataset] default/validation/0000.parquet: 4380719/6315951 bytes
[dataset] default/validation/0000.parquet: 4441901/6315951 bytes
[dataset] default/validation/0000.parquet: 4490145/6315951 bytes
[dataset] default/validation/0000.parquet: 4508221/6315951 bytes
[dataset] default/validation/0000.parquet: 4556465/6315951 bytes
[dataset] default/validation/0000.parquet: 4572849/6315951 bytes
[dataset] default/validation/0000.parquet: 4632277/6315951 bytes
[dataset] default/validation/0000.parquet: 4680521/6315951 bytes
[dataset] default/validation/0000.parquet: 4725319/6315951 bytes
[dataset] default/validation/0000.parquet: 4758087/6315951 bytes
[dataset] default/validation/0000.parquet: 4811469/6315951 bytes
[dataset] default/validation/0000.parquet: 4877005/6315951 bytes
[dataset] default/validation/0000.parquet: 4894173/6315951 bytes
[dataset] default/validation/0000.parquet: 4951909/6315951 bytes
[dataset] default/validation/0000.parquet: 4989815/6315951 bytes
[dataset] default/validation/0000.parquet: 5006199/6315951 bytes
[dataset] default/validation/0000.parquet: 5050997/6315951 bytes
[dataset] default/validation/0000.parquet: 5088903/6315951 bytes
[dataset] default/validation/0000.parquet: 5138055/6315951 bytes
[dataset] default/validation/0000.parquet: 5154439/6315951 bytes
[dataset] default/validation/0000.parquet: 5203591/6315951 bytes
[dataset] default/validation/0000.parquet: 5236359/6315951 bytes
[dataset] default/validation/0000.parquet: 5285511/6315951 bytes
[dataset] default/validation/0000.parquet: 5318279/6315951 bytes
[dataset] default/validation/0000.parquet: 5383815/6315951 bytes
[dataset] default/validation/0000.parquet: 5433503/6315951 bytes
[dataset] default/validation/0000.parquet: 5471409/6315951 bytes
[dataset] default/validation/0000.parquet: 5504177/6315951 bytes
[dataset] default/validation/0000.parquet: 5553329/6315951 bytes
[dataset] default/validation/0000.parquet: 5586097/6315951 bytes
[dataset] default/validation/0000.parquet: 5651633/6315951 bytes
[dataset] default/validation/0000.parquet: 5652293/6315951 bytes
[dataset] default/validation/0000.parquet: 5700537/6315951 bytes
[dataset] default/validation/0000.parquet: 5716921/6315951 bytes
[dataset] default/validation/0000.parquet: 5734997/6315951 bytes
[dataset] default/validation/0000.parquet: 5783365/6315951 bytes
[dataset] default/validation/0000.parquet: 5784149/6315951 bytes
[dataset] default/validation/0000.parquet: 5800533/6315951 bytes
[dataset] default/validation/0000.parquet: 5849685/6315951 bytes
[dataset] default/validation/0000.parquet: 5853915/6315951 bytes
[dataset] default/validation/0000.parquet: 5865945/6315951 bytes
[dataset] default/validation/0000.parquet: 5903851/6315951 bytes
[dataset] default/validation/0000.parquet: 5952095/6315951 bytes
[dataset] default/validation/0000.parquet: 6006385/6315951 bytes
[dataset] default/validation/0000.parquet: 6054629/6315951 bytes
[dataset] default/validation/0000.parquet: 6071013/6315951 bytes
[dataset] default/validation/0000.parquet: 6120165/6315951 bytes
[dataset] default/validation/0000.parquet: 6136549/6315951 bytes
[dataset] default/validation/0000.parquet: 6162301/6315951 bytes
[dataset] default/validation/0000.parquet: 6202085/6315951 bytes
[dataset] default/validation/0000.parquet: 6207099/6315951 bytes
[dataset] default/validation/0000.parquet: 6239867/6315951 bytes
[dataset] default/validation/0000.parquet: 6289019/6315951 bytes
[dataset] default/validation/0000.parquet: 6315951/6315951 bytes
[dataset] installed hellaswag (2 files, revision 218ec52e09a7)
\n## winogrande exit=0\n[dataset] auth: huggingface_hub token file (hf auth login)
[dataset] winogrande_xl/train/0000.parquet: 0/2058506 bytes
[dataset] winogrande_xl/train/0000.parquet: 0/2058506 bytes
[dataset] winogrande_xl/train/0000.parquet: 7589/2058506 bytes
[dataset] winogrande_xl/train/0000.parquet: 16384/2058506 bytes
[dataset] winogrande_xl/train/0000.parquet: 32768/2058506 bytes
[dataset] winogrande_xl/train/0000.parquet: 34460/2058506 bytes
[dataset] winogrande_xl/train/0000.parquet: 50844/2058506 bytes
[dataset] winogrande_xl/train/0000.parquet: 63604/2058506 bytes
[dataset] winogrande_xl/train/0000.parquet: 79988/2058506 bytes
[dataset] winogrande_xl/train/0000.parquet: 96372/2058506 bytes
[dataset] winogrande_xl/train/0000.parquet: 112756/2058506 bytes
[dataset] winogrande_xl/train/0000.parquet: 129140/2058506 bytes
[dataset] winogrande_xl/train/0000.parquet: 132524/2058506 bytes
[dataset] winogrande_xl/train/0000.parquet: 148908/2058506 bytes
[dataset] winogrande_xl/train/0000.parquet: 165292/2058506 bytes
[dataset] winogrande_xl/train/0000.parquet: 181676/2058506 bytes
[dataset] winogrande_xl/train/0000.parquet: 198060/2058506 bytes
[dataset] winogrande_xl/train/0000.parquet: 214444/2058506 bytes
[dataset] winogrande_xl/train/0000.parquet: 230828/2058506 bytes
[dataset] winogrande_xl/train/0000.parquet: 245520/2058506 bytes
[dataset] winogrande_xl/train/0000.parquet: 259304/2058506 bytes
[dataset] winogrande_xl/train/0000.parquet: 275688/2058506 bytes
[dataset] winogrande_xl/train/0000.parquet: 292072/2058506 bytes
[dataset] winogrande_xl/train/0000.parquet: 308456/2058506 bytes
[dataset] winogrande_xl/train/0000.parquet: 324840/2058506 bytes
[dataset] winogrande_xl/train/0000.parquet: 341224/2058506 bytes
[dataset] winogrande_xl/train/0000.parquet: 357608/2058506 bytes
[dataset] winogrande_xl/train/0000.parquet: 373992/2058506 bytes
[dataset] winogrande_xl/train/0000.parquet: 390376/2058506 bytes
[dataset] winogrande_xl/train/0000.parquet: 406760/2058506 bytes
[dataset] winogrande_xl/train/0000.parquet: 423144/2058506 bytes
[dataset] winogrande_xl/train/0000.parquet: 439528/2058506 bytes
[dataset] winogrande_xl/train/0000.parquet: 455912/2058506 bytes
[dataset] winogrande_xl/train/0000.parquet: 472296/2058506 bytes
[dataset] winogrande_xl/train/0000.parquet: 488680/2058506 bytes
[dataset] winogrande_xl/train/0000.parquet: 505064/2058506 bytes
[dataset] winogrande_xl/train/0000.parquet: 537832/2058506 bytes
[dataset] winogrande_xl/train/0000.parquet: 554216/2058506 bytes
[dataset] winogrande_xl/train/0000.parquet: 586984/2058506 bytes
[dataset] winogrande_xl/train/0000.parquet: 619752/2058506 bytes
[dataset] winogrande_xl/train/0000.parquet: 636136/2058506 bytes
[dataset] winogrande_xl/train/0000.parquet: 652520/2058506 bytes
[dataset] winogrande_xl/train/0000.parquet: 701672/2058506 bytes
[dataset] winogrande_xl/train/0000.parquet: 718056/2058506 bytes
[dataset] winogrande_xl/train/0000.parquet: 734440/2058506 bytes
[dataset] winogrande_xl/train/0000.parquet: 750824/2058506 bytes
[dataset] winogrande_xl/train/0000.parquet: 767208/2058506 bytes
[dataset] winogrande_xl/train/0000.parquet: 783592/2058506 bytes
[dataset] winogrande_xl/train/0000.parquet: 799976/2058506 bytes
[dataset] winogrande_xl/train/0000.parquet: 816360/2058506 bytes
[dataset] winogrande_xl/train/0000.parquet: 832744/2058506 bytes
[dataset] winogrande_xl/train/0000.parquet: 865512/2058506 bytes
[dataset] winogrande_xl/train/0000.parquet: 881896/2058506 bytes
[dataset] winogrande_xl/train/0000.parquet: 914664/2058506 bytes
[dataset] winogrande_xl/train/0000.parquet: 947432/2058506 bytes
[dataset] winogrande_xl/train/0000.parquet: 980200/2058506 bytes
[dataset] winogrande_xl/train/0000.parquet: 996584/2058506 bytes
[dataset] winogrande_xl/train/0000.parquet: 1012968/2058506 bytes
[dataset] winogrande_xl/train/0000.parquet: 1029352/2058506 bytes
[dataset] winogrande_xl/train/0000.parquet: 1062120/2058506 bytes
[dataset] winogrande_xl/train/0000.parquet: 1078504/2058506 bytes
[dataset] winogrande_xl/train/0000.parquet: 1094888/2058506 bytes
[dataset] winogrande_xl/train/0000.parquet: 1144040/2058506 bytes
[dataset] winogrande_xl/train/0000.parquet: 1193192/2058506 bytes
[dataset] winogrande_xl/train/0000.parquet: 1242344/2058506 bytes
[dataset] winogrande_xl/train/0000.parquet: 1258728/2058506 bytes
[dataset] winogrande_xl/train/0000.parquet: 1275112/2058506 bytes
[dataset] winogrande_xl/train/0000.parquet: 1291496/2058506 bytes
[dataset] winogrande_xl/train/0000.parquet: 1324264/2058506 bytes
[dataset] winogrande_xl/train/0000.parquet: 1357032/2058506 bytes
[dataset] winogrande_xl/train/0000.parquet: 1406184/2058506 bytes
[dataset] winogrande_xl/train/0000.parquet: 1422568/2058506 bytes
[dataset] winogrande_xl/train/0000.parquet: 1471720/2058506 bytes
[dataset] winogrande_xl/train/0000.parquet: 1520872/2058506 bytes
[dataset] winogrande_xl/train/0000.parquet: 1537256/2058506 bytes
[dataset] winogrande_xl/train/0000.parquet: 1586408/2058506 bytes
[dataset] winogrande_xl/train/0000.parquet: 1619176/2058506 bytes
[dataset] winogrande_xl/train/0000.parquet: 1668328/2058506 bytes
[dataset] winogrande_xl/train/0000.parquet: 1717480/2058506 bytes
[dataset] winogrande_xl/train/0000.parquet: 1750248/2058506 bytes
[dataset] winogrande_xl/train/0000.parquet: 1815784/2058506 bytes
[dataset] winogrande_xl/train/0000.parquet: 1848552/2058506 bytes
[dataset] winogrande_xl/train/0000.parquet: 1897704/2058506 bytes
[dataset] winogrande_xl/train/0000.parquet: 1946856/2058506 bytes
[dataset] winogrande_xl/train/0000.parquet: 1979624/2058506 bytes
[dataset] winogrande_xl/train/0000.parquet: 1996008/2058506 bytes
[dataset] winogrande_xl/train/0000.parquet: 2045160/2058506 bytes
[dataset] winogrande_xl/train/0000.parquet: 2058506/2058506 bytes
[dataset] winogrande_xl/validation/0000.parquet: 0/85928 bytes
[dataset] winogrande_xl/validation/0000.parquet: 0/85928 bytes
[dataset] winogrande_xl/validation/0000.parquet: 53636/85928 bytes
[dataset] winogrande_xl/validation/0000.parquet: 85928/85928 bytes
[dataset] installed winogrande (2 files, revision 01e74176c635)
\n## commonsense_qa exit=0\n[dataset] auth: huggingface_hub token file (hf auth login)
[dataset] default/train/0000.parquet: 0/1247103 bytes
[dataset] default/train/0000.parquet: 0/1247103 bytes
[dataset] default/train/0000.parquet: 8192/1247103 bytes
[dataset] default/train/0000.parquet: 16384/1247103 bytes
[dataset] default/train/0000.parquet: 32768/1247103 bytes
[dataset] default/train/0000.parquet: 34460/1247103 bytes
[dataset] default/train/0000.parquet: 50844/1247103 bytes
[dataset] default/train/0000.parquet: 68920/1247103 bytes
[dataset] default/train/0000.parquet: 85304/1247103 bytes
[dataset] default/train/0000.parquet: 103380/1247103 bytes
[dataset] default/train/0000.parquet: 119764/1247103 bytes
[dataset] default/train/0000.parquet: 136148/1247103 bytes
[dataset] default/train/0000.parquet: 148178/1247103 bytes
[dataset] default/train/0000.parquet: 152532/1247103 bytes
[dataset] default/train/0000.parquet: 168916/1247103 bytes
[dataset] default/train/0000.parquet: 185300/1247103 bytes
[dataset] default/train/0000.parquet: 201684/1247103 bytes
[dataset] default/train/0000.parquet: 218068/1247103 bytes
[dataset] default/train/0000.parquet: 234452/1247103 bytes
[dataset] default/train/0000.parquet: 250836/1247103 bytes
[dataset] default/train/0000.parquet: 267220/1247103 bytes
[dataset] default/train/0000.parquet: 283604/1247103 bytes
[dataset] default/train/0000.parquet: 299988/1247103 bytes
[dataset] default/train/0000.parquet: 316372/1247103 bytes
[dataset] default/train/0000.parquet: 332756/1247103 bytes
[dataset] default/train/0000.parquet: 349140/1247103 bytes
[dataset] default/train/0000.parquet: 365524/1247103 bytes
[dataset] default/train/0000.parquet: 381908/1247103 bytes
[dataset] default/train/0000.parquet: 398292/1247103 bytes
[dataset] default/train/0000.parquet: 414676/1247103 bytes
[dataset] default/train/0000.parquet: 431060/1247103 bytes
[dataset] default/train/0000.parquet: 447444/1247103 bytes
[dataset] default/train/0000.parquet: 463828/1247103 bytes
[dataset] default/train/0000.parquet: 480212/1247103 bytes
[dataset] default/train/0000.parquet: 496596/1247103 bytes
[dataset] default/train/0000.parquet: 512980/1247103 bytes
[dataset] default/train/0000.parquet: 529364/1247103 bytes
[dataset] default/train/0000.parquet: 545748/1247103 bytes
[dataset] default/train/0000.parquet: 562132/1247103 bytes
[dataset] default/train/0000.parquet: 594900/1247103 bytes
[dataset] default/train/0000.parquet: 611284/1247103 bytes
[dataset] default/train/0000.parquet: 627668/1247103 bytes
[dataset] default/train/0000.parquet: 644052/1247103 bytes
[dataset] default/train/0000.parquet: 660436/1247103 bytes
[dataset] default/train/0000.parquet: 676820/1247103 bytes
[dataset] default/train/0000.parquet: 693204/1247103 bytes
[dataset] default/train/0000.parquet: 709588/1247103 bytes
[dataset] default/train/0000.parquet: 725972/1247103 bytes
[dataset] default/train/0000.parquet: 758740/1247103 bytes
[dataset] default/train/0000.parquet: 775124/1247103 bytes
[dataset] default/train/0000.parquet: 791508/1247103 bytes
[dataset] default/train/0000.parquet: 807892/1247103 bytes
[dataset] default/train/0000.parquet: 840660/1247103 bytes
[dataset] default/train/0000.parquet: 857044/1247103 bytes
[dataset] default/train/0000.parquet: 889812/1247103 bytes
[dataset] default/train/0000.parquet: 906196/1247103 bytes
[dataset] default/train/0000.parquet: 922580/1247103 bytes
[dataset] default/train/0000.parquet: 938964/1247103 bytes
[dataset] default/train/0000.parquet: 971732/1247103 bytes
[dataset] default/train/0000.parquet: 988116/1247103 bytes
[dataset] default/train/0000.parquet: 1020884/1247103 bytes
[dataset] default/train/0000.parquet: 1037268/1247103 bytes
[dataset] default/train/0000.parquet: 1070036/1247103 bytes
[dataset] default/train/0000.parquet: 1102804/1247103 bytes
[dataset] default/train/0000.parquet: 1135572/1247103 bytes
[dataset] default/train/0000.parquet: 1168340/1247103 bytes
[dataset] default/train/0000.parquet: 1201108/1247103 bytes
[dataset] default/train/0000.parquet: 1233876/1247103 bytes
[dataset] default/train/0000.parquet: 1247103/1247103 bytes
[dataset] default/validation/0000.parquet: 0/160240 bytes
[dataset] default/validation/0000.parquet: 0/160240 bytes
[dataset] default/validation/0000.parquet: 36214/160240 bytes
[dataset] default/validation/0000.parquet: 74766/160240 bytes
[dataset] default/validation/0000.parquet: 91150/160240 bytes
[dataset] default/validation/0000.parquet: 140302/160240 bytes
[dataset] default/validation/0000.parquet: 160240/160240 bytes
[dataset] installed commonsense_qa (2 files, revision 94630fe30dad)
\n## paws exit=0\n[dataset] auth: huggingface_hub token file (hf auth login)
[dataset] labeled_final/test/0000.parquet: 0/1235128 bytes
[dataset] labeled_final/test/0000.parquet: 0/1235128 bytes
[dataset] labeled_final/test/0000.parquet: 8192/1235128 bytes
[dataset] labeled_final/test/0000.parquet: 16384/1235128 bytes
[dataset] labeled_final/test/0000.parquet: 32768/1235128 bytes
[dataset] labeled_final/test/0000.parquet: 34460/1235128 bytes
[dataset] labeled_final/test/0000.parquet: 51435/1235128 bytes
[dataset] labeled_final/test/0000.parquet: 67819/1235128 bytes
[dataset] labeled_final/test/0000.parquet: 84203/1235128 bytes
[dataset] labeled_final/test/0000.parquet: 101221/1235128 bytes
[dataset] labeled_final/test/0000.parquet: 117605/1235128 bytes
[dataset] labeled_final/test/0000.parquet: 133989/1235128 bytes
[dataset] labeled_final/test/0000.parquet: 150373/1235128 bytes
[dataset] labeled_final/test/0000.parquet: 166757/1235128 bytes
[dataset] labeled_final/test/0000.parquet: 183141/1235128 bytes
[dataset] labeled_final/test/0000.parquet: 199525/1235128 bytes
[dataset] labeled_final/test/0000.parquet: 215909/1235128 bytes
[dataset] labeled_final/test/0000.parquet: 232293/1235128 bytes
[dataset] labeled_final/test/0000.parquet: 248677/1235128 bytes
[dataset] labeled_final/test/0000.parquet: 255961/1235128 bytes
[dataset] labeled_final/test/0000.parquet: 272345/1235128 bytes
[dataset] labeled_final/test/0000.parquet: 288729/1235128 bytes
[dataset] labeled_final/test/0000.parquet: 305113/1235128 bytes
[dataset] labeled_final/test/0000.parquet: 321497/1235128 bytes
[dataset] labeled_final/test/0000.parquet: 337881/1235128 bytes
[dataset] labeled_final/test/0000.parquet: 354265/1235128 bytes
[dataset] labeled_final/test/0000.parquet: 370649/1235128 bytes
[dataset] labeled_final/test/0000.parquet: 387033/1235128 bytes
[dataset] labeled_final/test/0000.parquet: 403417/1235128 bytes
[dataset] labeled_final/test/0000.parquet: 419801/1235128 bytes
[dataset] labeled_final/test/0000.parquet: 436185/1235128 bytes
[dataset] labeled_final/test/0000.parquet: 452569/1235128 bytes
[dataset] labeled_final/test/0000.parquet: 468953/1235128 bytes
[dataset] labeled_final/test/0000.parquet: 485337/1235128 bytes
[dataset] labeled_final/test/0000.parquet: 501721/1235128 bytes
[dataset] labeled_final/test/0000.parquet: 534489/1235128 bytes
[dataset] labeled_final/test/0000.parquet: 550873/1235128 bytes
[dataset] labeled_final/test/0000.parquet: 567257/1235128 bytes
[dataset] labeled_final/test/0000.parquet: 583641/1235128 bytes
[dataset] labeled_final/test/0000.parquet: 600025/1235128 bytes
[dataset] labeled_final/test/0000.parquet: 616409/1235128 bytes
[dataset] labeled_final/test/0000.parquet: 649177/1235128 bytes
[dataset] labeled_final/test/0000.parquet: 665561/1235128 bytes
[dataset] labeled_final/test/0000.parquet: 681945/1235128 bytes
[dataset] labeled_final/test/0000.parquet: 698329/1235128 bytes
[dataset] labeled_final/test/0000.parquet: 714713/1235128 bytes
[dataset] labeled_final/test/0000.parquet: 731097/1235128 bytes
[dataset] labeled_final/test/0000.parquet: 763865/1235128 bytes
[dataset] labeled_final/test/0000.parquet: 780249/1235128 bytes
[dataset] labeled_final/test/0000.parquet: 813017/1235128 bytes
[dataset] labeled_final/test/0000.parquet: 862169/1235128 bytes
[dataset] labeled_final/test/0000.parquet: 894937/1235128 bytes
[dataset] labeled_final/test/0000.parquet: 927705/1235128 bytes
[dataset] labeled_final/test/0000.parquet: 944089/1235128 bytes
[dataset] labeled_final/test/0000.parquet: 976857/1235128 bytes
[dataset] labeled_final/test/0000.parquet: 1026009/1235128 bytes
[dataset] labeled_final/test/0000.parquet: 1042393/1235128 bytes
[dataset] labeled_final/test/0000.parquet: 1075161/1235128 bytes
[dataset] labeled_final/test/0000.parquet: 1124313/1235128 bytes
[dataset] labeled_final/test/0000.parquet: 1173465/1235128 bytes
[dataset] labeled_final/test/0000.parquet: 1206233/1235128 bytes
[dataset] labeled_final/test/0000.parquet: 1235128/1235128 bytes
[dataset] labeled_final/validation/0000.parquet: 0/1230379 bytes
[dataset] labeled_final/validation/0000.parquet: 0/1230379 bytes
[dataset] labeled_final/validation/0000.parquet: 16384/1230379 bytes
[dataset] labeled_final/validation/0000.parquet: 64933/1230379 bytes
[dataset] labeled_final/validation/0000.parquet: 75656/1230379 bytes
[dataset] labeled_final/validation/0000.parquet: 125771/1230379 bytes
[dataset] labeled_final/validation/0000.parquet: 146447/1230379 bytes
[dataset] labeled_final/validation/0000.parquet: 195599/1230379 bytes
[dataset] labeled_final/validation/0000.parquet: 239497/1230379 bytes
[dataset] labeled_final/validation/0000.parquet: 255881/1230379 bytes
[dataset] labeled_final/validation/0000.parquet: 293149/1230379 bytes
[dataset] labeled_final/validation/0000.parquet: 325917/1230379 bytes
[dataset] labeled_final/validation/0000.parquet: 355177/1230379 bytes
[dataset] labeled_final/validation/0000.parquet: 402575/1230379 bytes
[dataset] labeled_final/validation/0000.parquet: 451727/1230379 bytes
[dataset] labeled_final/validation/0000.parquet: 484495/1230379 bytes
[dataset] labeled_final/validation/0000.parquet: 533647/1230379 bytes
[dataset] labeled_final/validation/0000.parquet: 562148/1230379 bytes
[dataset] labeled_final/validation/0000.parquet: 578532/1230379 bytes
[dataset] labeled_final/validation/0000.parquet: 627684/1230379 bytes
[dataset] labeled_final/validation/0000.parquet: 634815/1230379 bytes
[dataset] labeled_final/validation/0000.parquet: 651199/1230379 bytes
[dataset] labeled_final/validation/0000.parquet: 667583/1230379 bytes
[dataset] labeled_final/validation/0000.parquet: 700351/1230379 bytes
[dataset] labeled_final/validation/0000.parquet: 716735/1230379 bytes
[dataset] labeled_final/validation/0000.parquet: 749379/1230379 bytes
[dataset] labeled_final/validation/0000.parquet: 782271/1230379 bytes
[dataset] labeled_final/validation/0000.parquet: 811407/1230379 bytes
[dataset] labeled_final/validation/0000.parquet: 859003/1230379 bytes
[dataset] labeled_final/validation/0000.parquet: 912268/1230379 bytes
[dataset] labeled_final/validation/0000.parquet: 945036/1230379 bytes
[dataset] labeled_final/validation/0000.parquet: 994188/1230379 bytes
[dataset] labeled_final/validation/0000.parquet: 1030125/1230379 bytes
[dataset] labeled_final/validation/0000.parquet: 1062893/1230379 bytes
[dataset] labeled_final/validation/0000.parquet: 1079277/1230379 bytes
[dataset] labeled_final/validation/0000.parquet: 1128429/1230379 bytes
[dataset] labeled_final/validation/0000.parquet: 1144813/1230379 bytes
[dataset] labeled_final/validation/0000.parquet: 1191004/1230379 bytes
[dataset] labeled_final/validation/0000.parquet: 1230379/1230379 bytes
[dataset] installed paws (2 files, revision 161ece9501cf)
\n## boolq exit=0\n[dataset] auth: huggingface_hub token file (hf auth login)
[dataset] default/train/0000.parquet: 0/3685146 bytes
[dataset] default/train/0000.parquet: 0/3685146 bytes
[dataset] default/train/0000.parquet: 8192/3685146 bytes
[dataset] default/train/0000.parquet: 10465/3685146 bytes
[dataset] default/train/0000.parquet: 26849/3685146 bytes
[dataset] default/train/0000.parquet: 44925/3685146 bytes
[dataset] default/train/0000.parquet: 61309/3685146 bytes
[dataset] default/train/0000.parquet: 77693/3685146 bytes
[dataset] default/train/0000.parquet: 91638/3685146 bytes
[dataset] default/train/0000.parquet: 108022/3685146 bytes
[dataset] default/train/0000.parquet: 124406/3685146 bytes
[dataset] default/train/0000.parquet: 140790/3685146 bytes
[dataset] default/train/0000.parquet: 151052/3685146 bytes
[dataset] default/train/0000.parquet: 157174/3685146 bytes
[dataset] default/train/0000.parquet: 173558/3685146 bytes
[dataset] default/train/0000.parquet: 189942/3685146 bytes
[dataset] default/train/0000.parquet: 206326/3685146 bytes
[dataset] default/train/0000.parquet: 222710/3685146 bytes
[dataset] default/train/0000.parquet: 239094/3685146 bytes
[dataset] default/train/0000.parquet: 255478/3685146 bytes
[dataset] default/train/0000.parquet: 271862/3685146 bytes
[dataset] default/train/0000.parquet: 288246/3685146 bytes
[dataset] default/train/0000.parquet: 304630/3685146 bytes
[dataset] default/train/0000.parquet: 321014/3685146 bytes
[dataset] default/train/0000.parquet: 337398/3685146 bytes
[dataset] default/train/0000.parquet: 370166/3685146 bytes
[dataset] default/train/0000.parquet: 386550/3685146 bytes
[dataset] default/train/0000.parquet: 402934/3685146 bytes
[dataset] default/train/0000.parquet: 419318/3685146 bytes
[dataset] default/train/0000.parquet: 435702/3685146 bytes
[dataset] default/train/0000.parquet: 452086/3685146 bytes
[dataset] default/train/0000.parquet: 468470/3685146 bytes
[dataset] default/train/0000.parquet: 484854/3685146 bytes
[dataset] default/train/0000.parquet: 501238/3685146 bytes
[dataset] default/train/0000.parquet: 517622/3685146 bytes
[dataset] default/train/0000.parquet: 534006/3685146 bytes
[dataset] default/train/0000.parquet: 566774/3685146 bytes
[dataset] default/train/0000.parquet: 583158/3685146 bytes
[dataset] default/train/0000.parquet: 599542/3685146 bytes
[dataset] default/train/0000.parquet: 615926/3685146 bytes
[dataset] default/train/0000.parquet: 632310/3685146 bytes
[dataset] default/train/0000.parquet: 648694/3685146 bytes
[dataset] default/train/0000.parquet: 665078/3685146 bytes
[dataset] default/train/0000.parquet: 681462/3685146 bytes
[dataset] default/train/0000.parquet: 714230/3685146 bytes
[dataset] default/train/0000.parquet: 730614/3685146 bytes
[dataset] default/train/0000.parquet: 763382/3685146 bytes
[dataset] default/train/0000.parquet: 779766/3685146 bytes
[dataset] default/train/0000.parquet: 796150/3685146 bytes
[dataset] default/train/0000.parquet: 812534/3685146 bytes
[dataset] default/train/0000.parquet: 828918/3685146 bytes
[dataset] default/train/0000.parquet: 845302/3685146 bytes
[dataset] default/train/0000.parquet: 861686/3685146 bytes
[dataset] default/train/0000.parquet: 878070/3685146 bytes
[dataset] default/train/0000.parquet: 894454/3685146 bytes
[dataset] default/train/0000.parquet: 910838/3685146 bytes
[dataset] default/train/0000.parquet: 943606/3685146 bytes
[dataset] default/train/0000.parquet: 959990/3685146 bytes
[dataset] default/train/0000.parquet: 976374/3685146 bytes
[dataset] default/train/0000.parquet: 1009142/3685146 bytes
[dataset] default/train/0000.parquet: 1025526/3685146 bytes
[dataset] default/train/0000.parquet: 1041910/3685146 bytes
[dataset] default/train/0000.parquet: 1091062/3685146 bytes
[dataset] default/train/0000.parquet: 1140214/3685146 bytes
[dataset] default/train/0000.parquet: 1189366/3685146 bytes
[dataset] default/train/0000.parquet: 1205750/3685146 bytes
[dataset] default/train/0000.parquet: 1222134/3685146 bytes
[dataset] default/train/0000.parquet: 1238518/3685146 bytes
[dataset] default/train/0000.parquet: 1271286/3685146 bytes
[dataset] default/train/0000.parquet: 1304054/3685146 bytes
[dataset] default/train/0000.parquet: 1369590/3685146 bytes
[dataset] default/train/0000.parquet: 1385974/3685146 bytes
[dataset] default/train/0000.parquet: 1435126/3685146 bytes
[dataset] default/train/0000.parquet: 1451510/3685146 bytes
[dataset] default/train/0000.parquet: 1484278/3685146 bytes
[dataset] default/train/0000.parquet: 1500662/3685146 bytes
[dataset] default/train/0000.parquet: 1533430/3685146 bytes
[dataset] default/train/0000.parquet: 1549814/3685146 bytes
[dataset] default/train/0000.parquet: 1582582/3685146 bytes
[dataset] default/train/0000.parquet: 1631734/3685146 bytes
[dataset] default/train/0000.parquet: 1648118/3685146 bytes
[dataset] default/train/0000.parquet: 1664502/3685146 bytes
[dataset] default/train/0000.parquet: 1680886/3685146 bytes
[dataset] default/train/0000.parquet: 1713654/3685146 bytes
[dataset] default/train/0000.parquet: 1730038/3685146 bytes
[dataset] default/train/0000.parquet: 1779190/3685146 bytes
[dataset] default/train/0000.parquet: 1811958/3685146 bytes
[dataset] default/train/0000.parquet: 1861110/3685146 bytes
[dataset] default/train/0000.parquet: 1877494/3685146 bytes
[dataset] default/train/0000.parquet: 1893878/3685146 bytes
[dataset] default/train/0000.parquet: 1943030/3685146 bytes
[dataset] default/train/0000.parquet: 1959414/3685146 bytes
[dataset] default/train/0000.parquet: 1992182/3685146 bytes
[dataset] default/train/0000.parquet: 2024950/3685146 bytes
[dataset] default/train/0000.parquet: 2074102/3685146 bytes
[dataset] default/train/0000.parquet: 2090486/3685146 bytes
[dataset] default/train/0000.parquet: 2123254/3685146 bytes
[dataset] default/train/0000.parquet: 2172406/3685146 bytes
[dataset] default/train/0000.parquet: 2188790/3685146 bytes
[dataset] default/train/0000.parquet: 2237942/3685146 bytes
[dataset] default/train/0000.parquet: 2254326/3685146 bytes
[dataset] default/train/0000.parquet: 2270710/3685146 bytes
[dataset] default/train/0000.parquet: 2319862/3685146 bytes
[dataset] default/train/0000.parquet: 2352630/3685146 bytes
[dataset] default/train/0000.parquet: 2369014/3685146 bytes
[dataset] default/train/0000.parquet: 2385398/3685146 bytes
[dataset] default/train/0000.parquet: 2401782/3685146 bytes
[dataset] default/train/0000.parquet: 2418166/3685146 bytes
[dataset] default/train/0000.parquet: 2434550/3685146 bytes
[dataset] default/train/0000.parquet: 2450934/3685146 bytes
[dataset] default/train/0000.parquet: 2467318/3685146 bytes
[dataset] default/train/0000.parquet: 2483702/3685146 bytes
[dataset] default/train/0000.parquet: 2500086/3685146 bytes
[dataset] default/train/0000.parquet: 2516470/3685146 bytes
[dataset] default/train/0000.parquet: 2549238/3685146 bytes
[dataset] default/train/0000.parquet: 2565622/3685146 bytes
[dataset] default/train/0000.parquet: 2598390/3685146 bytes
[dataset] default/train/0000.parquet: 2631158/3685146 bytes
[dataset] default/train/0000.parquet: 2647542/3685146 bytes
[dataset] default/train/0000.parquet: 2663926/3685146 bytes
[dataset] default/train/0000.parquet: 2680310/3685146 bytes
[dataset] default/train/0000.parquet: 2696694/3685146 bytes
[dataset] default/train/0000.parquet: 2713078/3685146 bytes
[dataset] default/train/0000.parquet: 2729462/3685146 bytes
[dataset] default/train/0000.parquet: 2745846/3685146 bytes
[dataset] default/train/0000.parquet: 2762230/3685146 bytes
[dataset] default/train/0000.parquet: 2778614/3685146 bytes
[dataset] default/train/0000.parquet: 2794998/3685146 bytes
[dataset] default/train/0000.parquet: 2827766/3685146 bytes
[dataset] default/train/0000.parquet: 2844150/3685146 bytes
[dataset] default/train/0000.parquet: 2876918/3685146 bytes
[dataset] default/train/0000.parquet: 2893302/3685146 bytes
[dataset] default/train/0000.parquet: 2909686/3685146 bytes
[dataset] default/train/0000.parquet: 2926070/3685146 bytes
[dataset] default/train/0000.parquet: 2958838/3685146 bytes
[dataset] default/train/0000.parquet: 2991606/3685146 bytes
[dataset] default/train/0000.parquet: 3040758/3685146 bytes
[dataset] default/train/0000.parquet: 3073526/3685146 bytes
[dataset] default/train/0000.parquet: 3122678/3685146 bytes
[dataset] default/train/0000.parquet: 3139062/3685146 bytes
[dataset] default/train/0000.parquet: 3171830/3685146 bytes
[dataset] default/train/0000.parquet: 3188214/3685146 bytes
[dataset] default/train/0000.parquet: 3204598/3685146 bytes
[dataset] default/train/0000.parquet: 3237366/3685146 bytes
[dataset] default/train/0000.parquet: 3270134/3685146 bytes
[dataset] default/train/0000.parquet: 3319286/3685146 bytes
[dataset] default/train/0000.parquet: 3352054/3685146 bytes
[dataset] default/train/0000.parquet: 3401206/3685146 bytes
[dataset] default/train/0000.parquet: 3450358/3685146 bytes
[dataset] default/train/0000.parquet: 3483126/3685146 bytes
[dataset] default/train/0000.parquet: 3532278/3685146 bytes
[dataset] default/train/0000.parquet: 3581430/3685146 bytes
[dataset] default/train/0000.parquet: 3614198/3685146 bytes
[dataset] default/train/0000.parquet: 3663350/3685146 bytes
[dataset] default/train/0000.parquet: 3685146/3685146 bytes
[dataset] default/validation/0000.parquet: 0/1257630 bytes
[dataset] default/validation/0000.parquet: 0/1257630 bytes
[dataset] default/validation/0000.parquet: 49152/1257630 bytes
[dataset] default/validation/0000.parquet: 67765/1257630 bytes
[dataset] default/validation/0000.parquet: 133301/1257630 bytes
[dataset] default/validation/0000.parquet: 144195/1257630 bytes
[dataset] default/validation/0000.parquet: 160579/1257630 bytes
[dataset] default/validation/0000.parquet: 193347/1257630 bytes
[dataset] default/validation/0000.parquet: 209731/1257630 bytes
[dataset] default/validation/0000.parquet: 240143/1257630 bytes
[dataset] default/validation/0000.parquet: 275267/1257630 bytes
[dataset] default/validation/0000.parquet: 338447/1257630 bytes
[dataset] default/validation/0000.parquet: 354831/1257630 bytes
[dataset] default/validation/0000.parquet: 403983/1257630 bytes
[dataset] default/validation/0000.parquet: 443109/1257630 bytes
[dataset] default/validation/0000.parquet: 475877/1257630 bytes
[dataset] default/validation/0000.parquet: 481938/1257630 bytes
[dataset] default/validation/0000.parquet: 531090/1257630 bytes
[dataset] default/validation/0000.parquet: 543993/1257630 bytes
[dataset] default/validation/0000.parquet: 604280/1257630 bytes
[dataset] default/validation/0000.parquet: 653432/1257630 bytes
[dataset] default/validation/0000.parquet: 686200/1257630 bytes
[dataset] default/validation/0000.parquet: 735352/1257630 bytes
[dataset] default/validation/0000.parquet: 751736/1257630 bytes
[dataset] default/validation/0000.parquet: 800888/1257630 bytes
[dataset] default/validation/0000.parquet: 850040/1257630 bytes
[dataset] default/validation/0000.parquet: 866424/1257630 bytes
[dataset] default/validation/0000.parquet: 899192/1257630 bytes
[dataset] default/validation/0000.parquet: 950001/1257630 bytes
[dataset] default/validation/0000.parquet: 986008/1257630 bytes
[dataset] default/validation/0000.parquet: 1018776/1257630 bytes
[dataset] default/validation/0000.parquet: 1051544/1257630 bytes
[dataset] default/validation/0000.parquet: 1084312/1257630 bytes
[dataset] default/validation/0000.parquet: 1133464/1257630 bytes
[dataset] default/validation/0000.parquet: 1199000/1257630 bytes
[dataset] default/validation/0000.parquet: 1231768/1257630 bytes
[dataset] default/validation/0000.parquet: 1257630/1257630 bytes
[dataset] installed boolq (2 files, revision 35b264d03638)
\n## stsb exit=0\n[dataset] auth: huggingface_hub token file (hf auth login)
[dataset] default/test/0000.parquet: 0/108100 bytes
[dataset] default/test/0000.parquet: 0/108100 bytes
[dataset] default/test/0000.parquet: 8192/108100 bytes
[dataset] default/test/0000.parquet: 10338/108100 bytes
[dataset] default/test/0000.parquet: 26722/108100 bytes
[dataset] default/test/0000.parquet: 34460/108100 bytes
[dataset] default/test/0000.parquet: 50844/108100 bytes
[dataset] default/test/0000.parquet: 68920/108100 bytes
[dataset] default/test/0000.parquet: 85304/108100 bytes
[dataset] default/test/0000.parquet: 103380/108100 bytes
[dataset] default/test/0000.parquet: 108100/108100 bytes
[dataset] default/validation/0000.parquet: 0/142187 bytes
[dataset] default/validation/0000.parquet: 0/142187 bytes
[dataset] default/validation/0000.parquet: 16384/142187 bytes
[dataset] default/validation/0000.parquet: 26453/142187 bytes
[dataset] default/validation/0000.parquet: 42837/142187 bytes
[dataset] default/validation/0000.parquet: 57467/142187 bytes
[dataset] default/validation/0000.parquet: 71251/142187 bytes
[dataset] default/validation/0000.parquet: 87635/142187 bytes
[dataset] default/validation/0000.parquet: 104019/142187 bytes
[dataset] default/validation/0000.parquet: 119495/142187 bytes
[dataset] default/validation/0000.parquet: 125089/142187 bytes
[dataset] default/validation/0000.parquet: 142187/142187 bytes
[dataset] installed stsb (2 files, revision ab7a5ac0e35a)
\n## sst5 exit=0\n[dataset] auth: huggingface_hub token file (hf auth login)
[dataset] default/test/0000.parquet: 0/169968 bytes
[dataset] default/test/0000.parquet: 0/169968 bytes
[dataset] default/test/0000.parquet: 8192/169968 bytes
[dataset] default/test/0000.parquet: 16384/169968 bytes
[dataset] default/test/0000.parquet: 32768/169968 bytes
[dataset] default/test/0000.parquet: 49152/169968 bytes
[dataset] default/test/0000.parquet: 65536/169968 bytes
[dataset] default/test/0000.parquet: 81920/169968 bytes
[dataset] default/test/0000.parquet: 98304/169968 bytes
[dataset] default/test/0000.parquet: 114688/169968 bytes
[dataset] default/test/0000.parquet: 131072/169968 bytes
[dataset] default/test/0000.parquet: 163840/169968 bytes
[dataset] default/test/0000.parquet: 169968/169968 bytes
[dataset] default/validation/0000.parquet: 0/86747 bytes
[dataset] default/validation/0000.parquet: 0/86747 bytes
[dataset] default/validation/0000.parquet: 16384/86747 bytes
[dataset] default/validation/0000.parquet: 49152/86747 bytes
[dataset] default/validation/0000.parquet: 86747/86747 bytes
[dataset] installed sst5 (2 files, revision e51bdcd8cd3a)
\n