mode,scenario,group,layer,layer_type,relative_l2,max_abs,mean_abs
bf16_default,repeat_alone,f636292d4e7f4d319e4375aabd8b9fbcc56cda8904ffb2a4e4b86edcc70c26f9,embedding,embedding,0.0,0.0,0.0
bf16_default,repeat_alone,f636292d4e7f4d319e4375aabd8b9fbcc56cda8904ffb2a4e4b86edcc70c26f9,layer_00,linear_attention,0.0,0.0,0.0
bf16_default,repeat_alone,f636292d4e7f4d319e4375aabd8b9fbcc56cda8904ffb2a4e4b86edcc70c26f9,layer_01,linear_attention,0.0,0.0,0.0
bf16_default,repeat_alone,f636292d4e7f4d319e4375aabd8b9fbcc56cda8904ffb2a4e4b86edcc70c26f9,layer_02,linear_attention,0.0,0.0,0.0
bf16_default,repeat_alone,f636292d4e7f4d319e4375aabd8b9fbcc56cda8904ffb2a4e4b86edcc70c26f9,layer_03,full_attention,0.0,0.0,0.0
bf16_default,repeat_alone,f636292d4e7f4d319e4375aabd8b9fbcc56cda8904ffb2a4e4b86edcc70c26f9,layer_04,linear_attention,0.0,0.0,0.0
bf16_default,repeat_alone,f636292d4e7f4d319e4375aabd8b9fbcc56cda8904ffb2a4e4b86edcc70c26f9,layer_05,linear_attention,0.0,0.0,0.0
bf16_default,repeat_alone,f636292d4e7f4d319e4375aabd8b9fbcc56cda8904ffb2a4e4b86edcc70c26f9,layer_06,linear_attention,0.0,0.0,0.0
bf16_default,repeat_alone,f636292d4e7f4d319e4375aabd8b9fbcc56cda8904ffb2a4e4b86edcc70c26f9,layer_07,full_attention,0.0,0.0,0.0
bf16_default,repeat_alone,f636292d4e7f4d319e4375aabd8b9fbcc56cda8904ffb2a4e4b86edcc70c26f9,layer_08,linear_attention,0.0,0.0,0.0
bf16_default,repeat_alone,f636292d4e7f4d319e4375aabd8b9fbcc56cda8904ffb2a4e4b86edcc70c26f9,layer_09,linear_attention,0.0,0.0,0.0
bf16_default,repeat_alone,f636292d4e7f4d319e4375aabd8b9fbcc56cda8904ffb2a4e4b86edcc70c26f9,layer_10,linear_attention,0.0,0.0,0.0
bf16_default,repeat_alone,f636292d4e7f4d319e4375aabd8b9fbcc56cda8904ffb2a4e4b86edcc70c26f9,layer_11,full_attention,0.0,0.0,0.0
bf16_default,repeat_alone,f636292d4e7f4d319e4375aabd8b9fbcc56cda8904ffb2a4e4b86edcc70c26f9,layer_12,linear_attention,0.0,0.0,0.0
bf16_default,repeat_alone,f636292d4e7f4d319e4375aabd8b9fbcc56cda8904ffb2a4e4b86edcc70c26f9,layer_13,linear_attention,0.0,0.0,0.0
bf16_default,repeat_alone,f636292d4e7f4d319e4375aabd8b9fbcc56cda8904ffb2a4e4b86edcc70c26f9,layer_14,linear_attention,0.0,0.0,0.0
bf16_default,repeat_alone,f636292d4e7f4d319e4375aabd8b9fbcc56cda8904ffb2a4e4b86edcc70c26f9,layer_15,full_attention,0.0,0.0,0.0
bf16_default,repeat_alone,f636292d4e7f4d319e4375aabd8b9fbcc56cda8904ffb2a4e4b86edcc70c26f9,layer_16,linear_attention,0.0,0.0,0.0
bf16_default,repeat_alone,f636292d4e7f4d319e4375aabd8b9fbcc56cda8904ffb2a4e4b86edcc70c26f9,layer_17,linear_attention,0.0,0.0,0.0
bf16_default,repeat_alone,f636292d4e7f4d319e4375aabd8b9fbcc56cda8904ffb2a4e4b86edcc70c26f9,layer_18,linear_attention,0.0,0.0,0.0
bf16_default,repeat_alone,f636292d4e7f4d319e4375aabd8b9fbcc56cda8904ffb2a4e4b86edcc70c26f9,layer_19,full_attention,0.0,0.0,0.0
bf16_default,repeat_alone,f636292d4e7f4d319e4375aabd8b9fbcc56cda8904ffb2a4e4b86edcc70c26f9,layer_20,linear_attention,0.0,0.0,0.0
bf16_default,repeat_alone,f636292d4e7f4d319e4375aabd8b9fbcc56cda8904ffb2a4e4b86edcc70c26f9,layer_21,linear_attention,0.0,0.0,0.0
bf16_default,repeat_alone,f636292d4e7f4d319e4375aabd8b9fbcc56cda8904ffb2a4e4b86edcc70c26f9,layer_22,linear_attention,0.0,0.0,0.0
bf16_default,repeat_alone,f636292d4e7f4d319e4375aabd8b9fbcc56cda8904ffb2a4e4b86edcc70c26f9,layer_23,full_attention,0.0,0.0,0.0
bf16_default,repeat_alone,f636292d4e7f4d319e4375aabd8b9fbcc56cda8904ffb2a4e4b86edcc70c26f9,layer_24,linear_attention,0.0,0.0,0.0
bf16_default,repeat_alone,f636292d4e7f4d319e4375aabd8b9fbcc56cda8904ffb2a4e4b86edcc70c26f9,layer_25,linear_attention,0.0,0.0,0.0
bf16_default,repeat_alone,f636292d4e7f4d319e4375aabd8b9fbcc56cda8904ffb2a4e4b86edcc70c26f9,layer_26,linear_attention,0.0,0.0,0.0
bf16_default,repeat_alone,f636292d4e7f4d319e4375aabd8b9fbcc56cda8904ffb2a4e4b86edcc70c26f9,layer_27,full_attention,0.0,0.0,0.0
bf16_default,repeat_alone,f636292d4e7f4d319e4375aabd8b9fbcc56cda8904ffb2a4e4b86edcc70c26f9,layer_28,linear_attention,0.0,0.0,0.0
bf16_default,repeat_alone,f636292d4e7f4d319e4375aabd8b9fbcc56cda8904ffb2a4e4b86edcc70c26f9,layer_29,linear_attention,0.0,0.0,0.0
bf16_default,repeat_alone,f636292d4e7f4d319e4375aabd8b9fbcc56cda8904ffb2a4e4b86edcc70c26f9,layer_30,linear_attention,0.0,0.0,0.0
bf16_default,repeat_alone,f636292d4e7f4d319e4375aabd8b9fbcc56cda8904ffb2a4e4b86edcc70c26f9,layer_31,full_attention,0.0,0.0,0.0
bf16_default,repeat_alone,f636292d4e7f4d319e4375aabd8b9fbcc56cda8904ffb2a4e4b86edcc70c26f9,final_norm,final_norm,0.0,0.0,0.0
bf16_default,duplicate_batch2,f636292d4e7f4d319e4375aabd8b9fbcc56cda8904ffb2a4e4b86edcc70c26f9,embedding,embedding,0.0,0.0,0.0
bf16_default,duplicate_batch2,f636292d4e7f4d319e4375aabd8b9fbcc56cda8904ffb2a4e4b86edcc70c26f9,layer_00,linear_attention,0.003459324361756444,0.0009765625,0.00011899918172275648
bf16_default,duplicate_batch2,f636292d4e7f4d319e4375aabd8b9fbcc56cda8904ffb2a4e4b86edcc70c26f9,layer_01,linear_attention,0.004846184514462948,0.001953125,0.00019708574109245092
bf16_default,duplicate_batch2,f636292d4e7f4d319e4375aabd8b9fbcc56cda8904ffb2a4e4b86edcc70c26f9,layer_02,linear_attention,0.008368130773305893,0.0078125,0.00033714473829604685
bf16_default,duplicate_batch2,f636292d4e7f4d319e4375aabd8b9fbcc56cda8904ffb2a4e4b86edcc70c26f9,layer_03,full_attention,0.00905126053839922,0.00390625,0.000569857656955719
bf16_default,duplicate_batch2,f636292d4e7f4d319e4375aabd8b9fbcc56cda8904ffb2a4e4b86edcc70c26f9,layer_04,linear_attention,0.012678882107138634,0.015625,0.0010529756546020508
bf16_default,duplicate_batch2,f636292d4e7f4d319e4375aabd8b9fbcc56cda8904ffb2a4e4b86edcc70c26f9,layer_05,linear_attention,0.012520039454102516,0.03125,0.0011580938007682562
bf16_default,duplicate_batch2,f636292d4e7f4d319e4375aabd8b9fbcc56cda8904ffb2a4e4b86edcc70c26f9,layer_06,linear_attention,0.012775197625160217,0.015625,0.0012195080053061247
bf16_default,duplicate_batch2,f636292d4e7f4d319e4375aabd8b9fbcc56cda8904ffb2a4e4b86edcc70c26f9,layer_07,full_attention,0.012269032187759876,0.0087890625,0.0013398975133895874
bf16_default,duplicate_batch2,f636292d4e7f4d319e4375aabd8b9fbcc56cda8904ffb2a4e4b86edcc70c26f9,layer_08,linear_attention,0.01268281601369381,0.0078125,0.0013572722673416138
bf16_default,duplicate_batch2,f636292d4e7f4d319e4375aabd8b9fbcc56cda8904ffb2a4e4b86edcc70c26f9,layer_09,linear_attention,0.012877116911113262,0.0078125,0.001367025077342987
bf16_default,duplicate_batch2,f636292d4e7f4d319e4375aabd8b9fbcc56cda8904ffb2a4e4b86edcc70c26f9,layer_10,linear_attention,0.013654574751853943,0.0078125,0.0014696508878841996
bf16_default,duplicate_batch2,f636292d4e7f4d319e4375aabd8b9fbcc56cda8904ffb2a4e4b86edcc70c26f9,layer_11,full_attention,0.013286729343235493,0.03125,0.0015756308566778898
bf16_default,duplicate_batch2,f636292d4e7f4d319e4375aabd8b9fbcc56cda8904ffb2a4e4b86edcc70c26f9,layer_12,linear_attention,0.014229358173906803,0.03125,0.0016757011180743575
bf16_default,duplicate_batch2,f636292d4e7f4d319e4375aabd8b9fbcc56cda8904ffb2a4e4b86edcc70c26f9,layer_13,linear_attention,0.013753468170762062,0.009765625,0.0017551600467413664
bf16_default,duplicate_batch2,f636292d4e7f4d319e4375aabd8b9fbcc56cda8904ffb2a4e4b86edcc70c26f9,layer_14,linear_attention,0.014363309368491173,0.015625,0.0019554556347429752
bf16_default,duplicate_batch2,f636292d4e7f4d319e4375aabd8b9fbcc56cda8904ffb2a4e4b86edcc70c26f9,layer_15,full_attention,0.01471654698252678,0.03125,0.0021942288149148226
bf16_default,duplicate_batch2,f636292d4e7f4d319e4375aabd8b9fbcc56cda8904ffb2a4e4b86edcc70c26f9,layer_16,linear_attention,0.015875408425927162,0.03125,0.002454544184729457
bf16_default,duplicate_batch2,f636292d4e7f4d319e4375aabd8b9fbcc56cda8904ffb2a4e4b86edcc70c26f9,layer_17,linear_attention,0.016180505976080894,0.03125,0.002796670887619257
bf16_default,duplicate_batch2,f636292d4e7f4d319e4375aabd8b9fbcc56cda8904ffb2a4e4b86edcc70c26f9,layer_18,linear_attention,0.016676880419254303,0.0234375,0.003367864992469549
bf16_default,duplicate_batch2,f636292d4e7f4d319e4375aabd8b9fbcc56cda8904ffb2a4e4b86edcc70c26f9,layer_19,full_attention,0.0166820976883173,0.03125,0.004144811537116766
bf16_default,duplicate_batch2,f636292d4e7f4d319e4375aabd8b9fbcc56cda8904ffb2a4e4b86edcc70c26f9,layer_20,linear_attention,0.016103670001029968,0.03125,0.004625457338988781
bf16_default,duplicate_batch2,f636292d4e7f4d319e4375aabd8b9fbcc56cda8904ffb2a4e4b86edcc70c26f9,layer_21,linear_attention,0.01577671617269516,0.03125,0.0050772191025316715
bf16_default,duplicate_batch2,f636292d4e7f4d319e4375aabd8b9fbcc56cda8904ffb2a4e4b86edcc70c26f9,layer_22,linear_attention,0.016206521540880203,0.125,0.005601131822913885
bf16_default,duplicate_batch2,f636292d4e7f4d319e4375aabd8b9fbcc56cda8904ffb2a4e4b86edcc70c26f9,layer_23,full_attention,0.01471642404794693,0.0625,0.00610319385305047
bf16_default,duplicate_batch2,f636292d4e7f4d319e4375aabd8b9fbcc56cda8904ffb2a4e4b86edcc70c26f9,layer_24,linear_attention,0.015009810216724873,0.0625,0.006591507699340582
bf16_default,duplicate_batch2,f636292d4e7f4d319e4375aabd8b9fbcc56cda8904ffb2a4e4b86edcc70c26f9,layer_25,linear_attention,0.015412508510053158,0.125,0.006988227367401123
bf16_default,duplicate_batch2,f636292d4e7f4d319e4375aabd8b9fbcc56cda8904ffb2a4e4b86edcc70c26f9,layer_26,linear_attention,0.01763055846095085,0.375,0.0075983284041285515
bf16_default,duplicate_batch2,f636292d4e7f4d319e4375aabd8b9fbcc56cda8904ffb2a4e4b86edcc70c26f9,layer_27,full_attention,0.01544253621250391,0.125,0.008388454094529152
bf16_default,duplicate_batch2,f636292d4e7f4d319e4375aabd8b9fbcc56cda8904ffb2a4e4b86edcc70c26f9,layer_28,linear_attention,0.014217216521501541,0.0625,0.009425938129425049
bf16_default,duplicate_batch2,f636292d4e7f4d319e4375aabd8b9fbcc56cda8904ffb2a4e4b86edcc70c26f9,layer_29,linear_attention,0.015016146935522556,0.125,0.010523378849029541
bf16_default,duplicate_batch2,f636292d4e7f4d319e4375aabd8b9fbcc56cda8904ffb2a4e4b86edcc70c26f9,layer_30,linear_attention,0.015198754146695137,0.125,0.01265041809529066
bf16_default,duplicate_batch2,f636292d4e7f4d319e4375aabd8b9fbcc56cda8904ffb2a4e4b86edcc70c26f9,layer_31,full_attention,0.01499764434993267,0.5,0.015518927946686745
bf16_default,duplicate_batch2,f636292d4e7f4d319e4375aabd8b9fbcc56cda8904ffb2a4e4b86edcc70c26f9,final_norm,final_norm,0.014538017101585865,0.21875,0.03296525031328201
bf16_default,right_pad32,f636292d4e7f4d319e4375aabd8b9fbcc56cda8904ffb2a4e4b86edcc70c26f9,embedding,embedding,0.0,0.0,0.0
bf16_default,right_pad32,f636292d4e7f4d319e4375aabd8b9fbcc56cda8904ffb2a4e4b86edcc70c26f9,layer_00,linear_attention,0.004265698604285717,0.0009765625,0.00015195943706203252
bf16_default,right_pad32,f636292d4e7f4d319e4375aabd8b9fbcc56cda8904ffb2a4e4b86edcc70c26f9,layer_01,linear_attention,0.012621729634702206,0.03125,0.00023870616860222071
bf16_default,right_pad32,f636292d4e7f4d319e4375aabd8b9fbcc56cda8904ffb2a4e4b86edcc70c26f9,layer_02,linear_attention,0.01445082575082779,0.03125,0.0004274316015653312
bf16_default,right_pad32,f636292d4e7f4d319e4375aabd8b9fbcc56cda8904ffb2a4e4b86edcc70c26f9,layer_03,full_attention,0.013170034624636173,0.03125,0.0007065460085868835
bf16_default,right_pad32,f636292d4e7f4d319e4375aabd8b9fbcc56cda8904ffb2a4e4b86edcc70c26f9,layer_04,linear_attention,0.014245573431253433,0.015625,0.0012003093725070357
bf16_default,right_pad32,f636292d4e7f4d319e4375aabd8b9fbcc56cda8904ffb2a4e4b86edcc70c26f9,layer_05,linear_attention,0.012348350137472153,0.005859375,0.001247195526957512
bf16_default,right_pad32,f636292d4e7f4d319e4375aabd8b9fbcc56cda8904ffb2a4e4b86edcc70c26f9,layer_06,linear_attention,0.013381242752075195,0.03125,0.0012360125547274947
bf16_default,right_pad32,f636292d4e7f4d319e4375aabd8b9fbcc56cda8904ffb2a4e4b86edcc70c26f9,layer_07,full_attention,0.015020684339106083,0.0625,0.0013601214159280062
bf16_default,right_pad32,f636292d4e7f4d319e4375aabd8b9fbcc56cda8904ffb2a4e4b86edcc70c26f9,layer_08,linear_attention,0.01536641363054514,0.0625,0.001331183360889554
bf16_default,right_pad32,f636292d4e7f4d319e4375aabd8b9fbcc56cda8904ffb2a4e4b86edcc70c26f9,layer_09,linear_attention,0.013595206663012505,0.03125,0.0013754472602158785
bf16_default,right_pad32,f636292d4e7f4d319e4375aabd8b9fbcc56cda8904ffb2a4e4b86edcc70c26f9,layer_10,linear_attention,0.01555643230676651,0.03125,0.0015989840030670166
bf16_default,right_pad32,f636292d4e7f4d319e4375aabd8b9fbcc56cda8904ffb2a4e4b86edcc70c26f9,layer_11,full_attention,0.017031261697411537,0.0625,0.001885145902633667
bf16_default,right_pad32,f636292d4e7f4d319e4375aabd8b9fbcc56cda8904ffb2a4e4b86edcc70c26f9,layer_12,linear_attention,0.016645053401589394,0.03125,0.0020245015621185303
bf16_default,right_pad32,f636292d4e7f4d319e4375aabd8b9fbcc56cda8904ffb2a4e4b86edcc70c26f9,layer_13,linear_attention,0.01616007834672928,0.015625,0.002099317265674472
bf16_default,right_pad32,f636292d4e7f4d319e4375aabd8b9fbcc56cda8904ffb2a4e4b86edcc70c26f9,layer_14,linear_attention,0.017256230115890503,0.015625,0.00238582631573081
bf16_default,right_pad32,f636292d4e7f4d319e4375aabd8b9fbcc56cda8904ffb2a4e4b86edcc70c26f9,layer_15,full_attention,0.017307791858911514,0.03125,0.002624824643135071
bf16_default,right_pad32,f636292d4e7f4d319e4375aabd8b9fbcc56cda8904ffb2a4e4b86edcc70c26f9,layer_16,linear_attention,0.01781504787504673,0.03125,0.0027923763263970613
bf16_default,right_pad32,f636292d4e7f4d319e4375aabd8b9fbcc56cda8904ffb2a4e4b86edcc70c26f9,layer_17,linear_attention,0.017727699130773544,0.03125,0.0030942826997488737
bf16_default,right_pad32,f636292d4e7f4d319e4375aabd8b9fbcc56cda8904ffb2a4e4b86edcc70c26f9,layer_18,linear_attention,0.01707288809120655,0.03125,0.0034599900245666504
bf16_default,right_pad32,f636292d4e7f4d319e4375aabd8b9fbcc56cda8904ffb2a4e4b86edcc70c26f9,layer_19,full_attention,0.015093721449375153,0.03125,0.003761422587558627
bf16_default,right_pad32,f636292d4e7f4d319e4375aabd8b9fbcc56cda8904ffb2a4e4b86edcc70c26f9,layer_20,linear_attention,0.014555544592440128,0.03125,0.004144030623137951
bf16_default,right_pad32,f636292d4e7f4d319e4375aabd8b9fbcc56cda8904ffb2a4e4b86edcc70c26f9,layer_21,linear_attention,0.01391229685395956,0.0234375,0.004457843489944935
bf16_default,right_pad32,f636292d4e7f4d319e4375aabd8b9fbcc56cda8904ffb2a4e4b86edcc70c26f9,layer_22,linear_attention,0.013815772719681263,0.03125,0.005006015300750732
bf16_default,right_pad32,f636292d4e7f4d319e4375aabd8b9fbcc56cda8904ffb2a4e4b86edcc70c26f9,layer_23,full_attention,0.012920297682285309,0.0625,0.005336308386176825
bf16_default,right_pad32,f636292d4e7f4d319e4375aabd8b9fbcc56cda8904ffb2a4e4b86edcc70c26f9,layer_24,linear_attention,0.013634750619530678,0.0625,0.005982515402138233
bf16_default,right_pad32,f636292d4e7f4d319e4375aabd8b9fbcc56cda8904ffb2a4e4b86edcc70c26f9,layer_25,linear_attention,0.013812961056828499,0.125,0.006165838334709406
bf16_default,right_pad32,f636292d4e7f4d319e4375aabd8b9fbcc56cda8904ffb2a4e4b86edcc70c26f9,layer_26,linear_attention,0.012575185857713223,0.125,0.006436070892959833
bf16_default,right_pad32,f636292d4e7f4d319e4375aabd8b9fbcc56cda8904ffb2a4e4b86edcc70c26f9,layer_27,full_attention,0.013740998692810535,0.125,0.007411196827888489
bf16_default,right_pad32,f636292d4e7f4d319e4375aabd8b9fbcc56cda8904ffb2a4e4b86edcc70c26f9,layer_28,linear_attention,0.012459573335945606,0.0625,0.008118296042084694
bf16_default,right_pad32,f636292d4e7f4d319e4375aabd8b9fbcc56cda8904ffb2a4e4b86edcc70c26f9,layer_29,linear_attention,0.012902610003948212,0.0625,0.008959626778960228
bf16_default,right_pad32,f636292d4e7f4d319e4375aabd8b9fbcc56cda8904ffb2a4e4b86edcc70c26f9,layer_30,linear_attention,0.013221272267401218,0.125,0.01066598854959011
bf16_default,right_pad32,f636292d4e7f4d319e4375aabd8b9fbcc56cda8904ffb2a4e4b86edcc70c26f9,layer_31,full_attention,0.012584572657942772,0.140625,0.013521337881684303
bf16_default,right_pad32,f636292d4e7f4d319e4375aabd8b9fbcc56cda8904ffb2a4e4b86edcc70c26f9,final_norm,final_norm,0.013358323834836483,0.3125,0.028815198689699173
bf16_default,right_pad128,f636292d4e7f4d319e4375aabd8b9fbcc56cda8904ffb2a4e4b86edcc70c26f9,embedding,embedding,0.0,0.0,0.0
bf16_default,right_pad128,f636292d4e7f4d319e4375aabd8b9fbcc56cda8904ffb2a4e4b86edcc70c26f9,layer_00,linear_attention,0.0049510556273162365,0.0009765625,0.00017637238488532603
bf16_default,right_pad128,f636292d4e7f4d319e4375aabd8b9fbcc56cda8904ffb2a4e4b86edcc70c26f9,layer_01,linear_attention,0.00849913526326418,0.015625,0.0002722620847634971
bf16_default,right_pad128,f636292d4e7f4d319e4375aabd8b9fbcc56cda8904ffb2a4e4b86edcc70c26f9,layer_02,linear_attention,0.013526642695069313,0.0234375,0.0004823461058549583
bf16_default,right_pad128,f636292d4e7f4d319e4375aabd8b9fbcc56cda8904ffb2a4e4b86edcc70c26f9,layer_03,full_attention,0.013330582529306412,0.03125,0.0007155739003792405
bf16_default,right_pad128,f636292d4e7f4d319e4375aabd8b9fbcc56cda8904ffb2a4e4b86edcc70c26f9,layer_04,linear_attention,0.014676970429718494,0.015625,0.0012288391590118408
bf16_default,right_pad128,f636292d4e7f4d319e4375aabd8b9fbcc56cda8904ffb2a4e4b86edcc70c26f9,layer_05,linear_attention,0.014476470649242401,0.03125,0.0013706072932109237
bf16_default,right_pad128,f636292d4e7f4d319e4375aabd8b9fbcc56cda8904ffb2a4e4b86edcc70c26f9,layer_06,linear_attention,0.01586063578724861,0.046875,0.0014009953010827303
bf16_default,right_pad128,f636292d4e7f4d319e4375aabd8b9fbcc56cda8904ffb2a4e4b86edcc70c26f9,layer_07,full_attention,0.016211798414587975,0.0625,0.001532434718683362
bf16_default,right_pad128,f636292d4e7f4d319e4375aabd8b9fbcc56cda8904ffb2a4e4b86edcc70c26f9,layer_08,linear_attention,0.016385093331336975,0.0625,0.0014674037229269743
bf16_default,right_pad128,f636292d4e7f4d319e4375aabd8b9fbcc56cda8904ffb2a4e4b86edcc70c26f9,layer_09,linear_attention,0.014343802817165852,0.03125,0.001465058303438127
bf16_default,right_pad128,f636292d4e7f4d319e4375aabd8b9fbcc56cda8904ffb2a4e4b86edcc70c26f9,layer_10,linear_attention,0.01432650163769722,0.03125,0.0014626547927036881
bf16_default,right_pad128,f636292d4e7f4d319e4375aabd8b9fbcc56cda8904ffb2a4e4b86edcc70c26f9,layer_11,full_attention,0.014885921031236649,0.0625,0.0015721141826361418
bf16_default,right_pad128,f636292d4e7f4d319e4375aabd8b9fbcc56cda8904ffb2a4e4b86edcc70c26f9,layer_12,linear_attention,0.015873340889811516,0.0625,0.0017048418521881104
bf16_default,right_pad128,f636292d4e7f4d319e4375aabd8b9fbcc56cda8904ffb2a4e4b86edcc70c26f9,layer_13,linear_attention,0.014748704619705677,0.03125,0.0018530606757849455
bf16_default,right_pad128,f636292d4e7f4d319e4375aabd8b9fbcc56cda8904ffb2a4e4b86edcc70c26f9,layer_14,linear_attention,0.015995774418115616,0.0625,0.0019895448349416256
bf16_default,right_pad128,f636292d4e7f4d319e4375aabd8b9fbcc56cda8904ffb2a4e4b86edcc70c26f9,layer_15,full_attention,0.01564725860953331,0.0625,0.0021889626514166594
bf16_default,right_pad128,f636292d4e7f4d319e4375aabd8b9fbcc56cda8904ffb2a4e4b86edcc70c26f9,layer_16,linear_attention,0.016606764867901802,0.0625,0.002464205026626587
bf16_default,right_pad128,f636292d4e7f4d319e4375aabd8b9fbcc56cda8904ffb2a4e4b86edcc70c26f9,layer_17,linear_attention,0.017201315611600876,0.0625,0.002863925648853183
bf16_default,right_pad128,f636292d4e7f4d319e4375aabd8b9fbcc56cda8904ffb2a4e4b86edcc70c26f9,layer_18,linear_attention,0.016326287761330605,0.046875,0.0032556713558733463
bf16_default,right_pad128,f636292d4e7f4d319e4375aabd8b9fbcc56cda8904ffb2a4e4b86edcc70c26f9,layer_19,full_attention,0.01648211106657982,0.03125,0.004154592752456665
bf16_default,right_pad128,f636292d4e7f4d319e4375aabd8b9fbcc56cda8904ffb2a4e4b86edcc70c26f9,layer_20,linear_attention,0.016640715301036835,0.03125,0.004777699708938599
bf16_default,right_pad128,f636292d4e7f4d319e4375aabd8b9fbcc56cda8904ffb2a4e4b86edcc70c26f9,layer_21,linear_attention,0.016068557277321815,0.03125,0.005206984467804432
bf16_default,right_pad128,f636292d4e7f4d319e4375aabd8b9fbcc56cda8904ffb2a4e4b86edcc70c26f9,layer_22,linear_attention,0.015256775543093681,0.03125,0.005566752050071955
bf16_default,right_pad128,f636292d4e7f4d319e4375aabd8b9fbcc56cda8904ffb2a4e4b86edcc70c26f9,layer_23,full_attention,0.016151923686265945,0.0625,0.006818616297096014
bf16_default,right_pad128,f636292d4e7f4d319e4375aabd8b9fbcc56cda8904ffb2a4e4b86edcc70c26f9,layer_24,linear_attention,0.016134563833475113,0.0625,0.007163435220718384
bf16_default,right_pad128,f636292d4e7f4d319e4375aabd8b9fbcc56cda8904ffb2a4e4b86edcc70c26f9,layer_25,linear_attention,0.016131175681948662,0.125,0.007484304718673229
bf16_default,right_pad128,f636292d4e7f4d319e4375aabd8b9fbcc56cda8904ffb2a4e4b86edcc70c26f9,layer_26,linear_attention,0.014862715266644955,0.125,0.007894265465438366
bf16_default,right_pad128,f636292d4e7f4d319e4375aabd8b9fbcc56cda8904ffb2a4e4b86edcc70c26f9,layer_27,full_attention,0.01571984775364399,0.125,0.00862964428961277
bf16_default,right_pad128,f636292d4e7f4d319e4375aabd8b9fbcc56cda8904ffb2a4e4b86edcc70c26f9,layer_28,linear_attention,0.014325723052024841,0.046875,0.009488296695053577
bf16_default,right_pad128,f636292d4e7f4d319e4375aabd8b9fbcc56cda8904ffb2a4e4b86edcc70c26f9,layer_29,linear_attention,0.014971386641263962,0.125,0.010471498593688011
bf16_default,right_pad128,f636292d4e7f4d319e4375aabd8b9fbcc56cda8904ffb2a4e4b86edcc70c26f9,layer_30,linear_attention,0.014660255052149296,0.0625,0.012152683921158314
bf16_default,right_pad128,f636292d4e7f4d319e4375aabd8b9fbcc56cda8904ffb2a4e4b86edcc70c26f9,layer_31,full_attention,0.012968513183295727,0.140625,0.01480981707572937
bf16_default,right_pad128,f636292d4e7f4d319e4375aabd8b9fbcc56cda8904ffb2a4e4b86edcc70c26f9,final_norm,final_norm,0.01388188824057579,0.25,0.03188259154558182
bf16_default,mixed_batch3,f636292d4e7f4d319e4375aabd8b9fbcc56cda8904ffb2a4e4b86edcc70c26f9,embedding,embedding,0.0,0.0,0.0
bf16_default,mixed_batch3,f636292d4e7f4d319e4375aabd8b9fbcc56cda8904ffb2a4e4b86edcc70c26f9,layer_00,linear_attention,0.005068861413747072,0.0009765625,0.000182122370461002
bf16_default,mixed_batch3,f636292d4e7f4d319e4375aabd8b9fbcc56cda8904ffb2a4e4b86edcc70c26f9,layer_01,linear_attention,0.00826116744428873,0.015625,0.0002590373042039573
bf16_default,mixed_batch3,f636292d4e7f4d319e4375aabd8b9fbcc56cda8904ffb2a4e4b86edcc70c26f9,layer_02,linear_attention,0.012460524216294289,0.0234375,0.0004226848541293293
bf16_default,mixed_batch3,f636292d4e7f4d319e4375aabd8b9fbcc56cda8904ffb2a4e4b86edcc70c26f9,layer_03,full_attention,0.012904721312224865,0.03125,0.0006820380804128945
bf16_default,mixed_batch3,f636292d4e7f4d319e4375aabd8b9fbcc56cda8904ffb2a4e4b86edcc70c26f9,layer_04,linear_attention,0.013082832098007202,0.0048828125,0.001110416604205966
bf16_default,mixed_batch3,f636292d4e7f4d319e4375aabd8b9fbcc56cda8904ffb2a4e4b86edcc70c26f9,layer_05,linear_attention,0.012257267720997334,0.0078125,0.0012199267512187362
bf16_default,mixed_batch3,f636292d4e7f4d319e4375aabd8b9fbcc56cda8904ffb2a4e4b86edcc70c26f9,layer_06,linear_attention,0.012888220138847828,0.0078125,0.001262623118236661
bf16_default,mixed_batch3,f636292d4e7f4d319e4375aabd8b9fbcc56cda8904ffb2a4e4b86edcc70c26f9,layer_07,full_attention,0.012268238700926304,0.0078125,0.0013594001065939665
bf16_default,mixed_batch3,f636292d4e7f4d319e4375aabd8b9fbcc56cda8904ffb2a4e4b86edcc70c26f9,layer_08,linear_attention,0.012175312265753746,0.0078125,0.0013085365062579513
bf16_default,mixed_batch3,f636292d4e7f4d319e4375aabd8b9fbcc56cda8904ffb2a4e4b86edcc70c26f9,layer_09,linear_attention,0.013092544861137867,0.03125,0.0013283878797665238
bf16_default,mixed_batch3,f636292d4e7f4d319e4375aabd8b9fbcc56cda8904ffb2a4e4b86edcc70c26f9,layer_10,linear_attention,0.013354749418795109,0.03125,0.00135670299641788
bf16_default,mixed_batch3,f636292d4e7f4d319e4375aabd8b9fbcc56cda8904ffb2a4e4b86edcc70c26f9,layer_11,full_attention,0.012419593520462513,0.013671875,0.0015198528999462724
bf16_default,mixed_batch3,f636292d4e7f4d319e4375aabd8b9fbcc56cda8904ffb2a4e4b86edcc70c26f9,layer_12,linear_attention,0.012890294194221497,0.01171875,0.0015888959169387817
bf16_default,mixed_batch3,f636292d4e7f4d319e4375aabd8b9fbcc56cda8904ffb2a4e4b86edcc70c26f9,layer_13,linear_attention,0.012718948535621166,0.01171875,0.001634788466617465
bf16_default,mixed_batch3,f636292d4e7f4d319e4375aabd8b9fbcc56cda8904ffb2a4e4b86edcc70c26f9,layer_14,linear_attention,0.013155482709407806,0.01171875,0.0017990261549130082
bf16_default,mixed_batch3,f636292d4e7f4d319e4375aabd8b9fbcc56cda8904ffb2a4e4b86edcc70c26f9,layer_15,full_attention,0.013430570252239704,0.03125,0.001987692667171359
bf16_default,mixed_batch3,f636292d4e7f4d319e4375aabd8b9fbcc56cda8904ffb2a4e4b86edcc70c26f9,layer_16,linear_attention,0.01431797631084919,0.03125,0.0021932951640337706
bf16_default,mixed_batch3,f636292d4e7f4d319e4375aabd8b9fbcc56cda8904ffb2a4e4b86edcc70c26f9,layer_17,linear_attention,0.015172972343862057,0.03125,0.002590012503787875
bf16_default,mixed_batch3,f636292d4e7f4d319e4375aabd8b9fbcc56cda8904ffb2a4e4b86edcc70c26f9,layer_18,linear_attention,0.015236414968967438,0.03125,0.0030872642528265715
bf16_default,mixed_batch3,f636292d4e7f4d319e4375aabd8b9fbcc56cda8904ffb2a4e4b86edcc70c26f9,layer_19,full_attention,0.014797598123550415,0.03125,0.003689685370773077
bf16_default,mixed_batch3,f636292d4e7f4d319e4375aabd8b9fbcc56cda8904ffb2a4e4b86edcc70c26f9,layer_20,linear_attention,0.014852341264486313,0.03125,0.004310727119445801
bf16_default,mixed_batch3,f636292d4e7f4d319e4375aabd8b9fbcc56cda8904ffb2a4e4b86edcc70c26f9,layer_21,linear_attention,0.014264034107327461,0.0234375,0.0046059489250183105
bf16_default,mixed_batch3,f636292d4e7f4d319e4375aabd8b9fbcc56cda8904ffb2a4e4b86edcc70c26f9,layer_22,linear_attention,0.014324165880680084,0.0625,0.00513768196105957
bf16_default,mixed_batch3,f636292d4e7f4d319e4375aabd8b9fbcc56cda8904ffb2a4e4b86edcc70c26f9,layer_23,full_attention,0.014257008209824562,0.03125,0.005974292755126953
bf16_default,mixed_batch3,f636292d4e7f4d319e4375aabd8b9fbcc56cda8904ffb2a4e4b86edcc70c26f9,layer_24,linear_attention,0.014448354952037334,0.03125,0.0063947709277272224
bf16_default,mixed_batch3,f636292d4e7f4d319e4375aabd8b9fbcc56cda8904ffb2a4e4b86edcc70c26f9,layer_25,linear_attention,0.01428871788084507,0.0390625,0.0066731213591992855
bf16_default,mixed_batch3,f636292d4e7f4d319e4375aabd8b9fbcc56cda8904ffb2a4e4b86edcc70c26f9,layer_26,linear_attention,0.015176674351096153,0.25,0.007245457265526056
bf16_default,mixed_batch3,f636292d4e7f4d319e4375aabd8b9fbcc56cda8904ffb2a4e4b86edcc70c26f9,layer_27,full_attention,0.014503691345453262,0.125,0.007860183715820312
bf16_default,mixed_batch3,f636292d4e7f4d319e4375aabd8b9fbcc56cda8904ffb2a4e4b86edcc70c26f9,layer_28,linear_attention,0.013834595680236816,0.046875,0.00910978950560093
bf16_default,mixed_batch3,f636292d4e7f4d319e4375aabd8b9fbcc56cda8904ffb2a4e4b86edcc70c26f9,layer_29,linear_attention,0.01457451842725277,0.125,0.010102927684783936
bf16_default,mixed_batch3,f636292d4e7f4d319e4375aabd8b9fbcc56cda8904ffb2a4e4b86edcc70c26f9,layer_30,linear_attention,0.014492597430944443,0.0625,0.012034791521728039
bf16_default,mixed_batch3,f636292d4e7f4d319e4375aabd8b9fbcc56cda8904ffb2a4e4b86edcc70c26f9,layer_31,full_attention,0.01315058209002018,0.1640625,0.014633774757385254
bf16_default,mixed_batch3,f636292d4e7f4d319e4375aabd8b9fbcc56cda8904ffb2a4e4b86edcc70c26f9,final_norm,final_norm,0.014029314741492271,0.296875,0.03199046850204468
bf16_default,left_pad32_explicit,f636292d4e7f4d319e4375aabd8b9fbcc56cda8904ffb2a4e4b86edcc70c26f9,embedding,embedding,0.0,0.0,0.0
bf16_default,left_pad32_explicit,f636292d4e7f4d319e4375aabd8b9fbcc56cda8904ffb2a4e4b86edcc70c26f9,layer_00,linear_attention,0.004265698604285717,0.0009765625,0.00015195943706203252
bf16_default,left_pad32_explicit,f636292d4e7f4d319e4375aabd8b9fbcc56cda8904ffb2a4e4b86edcc70c26f9,layer_01,linear_attention,0.01263325847685337,0.03125,0.00024059861607383937
bf16_default,left_pad32_explicit,f636292d4e7f4d319e4375aabd8b9fbcc56cda8904ffb2a4e4b86edcc70c26f9,layer_02,linear_attention,0.01657971180975437,0.0390625,0.0004234418156556785
bf16_default,left_pad32_explicit,f636292d4e7f4d319e4375aabd8b9fbcc56cda8904ffb2a4e4b86edcc70c26f9,layer_03,full_attention,0.019049135968089104,0.0625,0.0007668152684345841
bf16_default,left_pad32_explicit,f636292d4e7f4d319e4375aabd8b9fbcc56cda8904ffb2a4e4b86edcc70c26f9,layer_04,linear_attention,0.016126850619912148,0.03125,0.0012973040575161576
bf16_default,left_pad32_explicit,f636292d4e7f4d319e4375aabd8b9fbcc56cda8904ffb2a4e4b86edcc70c26f9,layer_05,linear_attention,0.01444696169346571,0.03125,0.001376558793708682
bf16_default,left_pad32_explicit,f636292d4e7f4d319e4375aabd8b9fbcc56cda8904ffb2a4e4b86edcc70c26f9,layer_06,linear_attention,0.015891391783952713,0.046875,0.0014085948932915926
bf16_default,left_pad32_explicit,f636292d4e7f4d319e4375aabd8b9fbcc56cda8904ffb2a4e4b86edcc70c26f9,layer_07,full_attention,0.01594488136470318,0.0625,0.0015063524479046464
bf16_default,left_pad32_explicit,f636292d4e7f4d319e4375aabd8b9fbcc56cda8904ffb2a4e4b86edcc70c26f9,layer_08,linear_attention,0.016066821292042732,0.0625,0.0014419794315472245
bf16_default,left_pad32_explicit,f636292d4e7f4d319e4375aabd8b9fbcc56cda8904ffb2a4e4b86edcc70c26f9,layer_09,linear_attention,0.01408956479281187,0.03125,0.0014197186101227999
bf16_default,left_pad32_explicit,f636292d4e7f4d319e4375aabd8b9fbcc56cda8904ffb2a4e4b86edcc70c26f9,layer_10,linear_attention,0.015371357090771198,0.046875,0.001488327980041504
bf16_default,left_pad32_explicit,f636292d4e7f4d319e4375aabd8b9fbcc56cda8904ffb2a4e4b86edcc70c26f9,layer_11,full_attention,0.015305306762456894,0.0625,0.0016185849672183394
bf16_default,left_pad32_explicit,f636292d4e7f4d319e4375aabd8b9fbcc56cda8904ffb2a4e4b86edcc70c26f9,layer_12,linear_attention,0.015893084928393364,0.0625,0.0017111122142523527
bf16_default,left_pad32_explicit,f636292d4e7f4d319e4375aabd8b9fbcc56cda8904ffb2a4e4b86edcc70c26f9,layer_13,linear_attention,0.01586676575243473,0.0625,0.0018228411208838224
bf16_default,left_pad32_explicit,f636292d4e7f4d319e4375aabd8b9fbcc56cda8904ffb2a4e4b86edcc70c26f9,layer_14,linear_attention,0.01812163181602955,0.09375,0.002040606690570712
bf16_default,left_pad32_explicit,f636292d4e7f4d319e4375aabd8b9fbcc56cda8904ffb2a4e4b86edcc70c26f9,layer_15,full_attention,0.017412444576621056,0.09375,0.0022260069381445646
bf16_default,left_pad32_explicit,f636292d4e7f4d319e4375aabd8b9fbcc56cda8904ffb2a4e4b86edcc70c26f9,layer_16,linear_attention,0.01813863031566143,0.09375,0.0024864673614501953
bf16_default,left_pad32_explicit,f636292d4e7f4d319e4375aabd8b9fbcc56cda8904ffb2a4e4b86edcc70c26f9,layer_17,linear_attention,0.01773819327354431,0.09375,0.002758163260295987
bf16_default,left_pad32_explicit,f636292d4e7f4d319e4375aabd8b9fbcc56cda8904ffb2a4e4b86edcc70c26f9,layer_18,linear_attention,0.016863882541656494,0.09375,0.0031187355052679777
bf16_default,left_pad32_explicit,f636292d4e7f4d319e4375aabd8b9fbcc56cda8904ffb2a4e4b86edcc70c26f9,layer_19,full_attention,0.016042135655879974,0.125,0.003584879683330655
bf16_default,left_pad32_explicit,f636292d4e7f4d319e4375aabd8b9fbcc56cda8904ffb2a4e4b86edcc70c26f9,layer_20,linear_attention,0.01578979752957821,0.125,0.004111724905669689
bf16_default,left_pad32_explicit,f636292d4e7f4d319e4375aabd8b9fbcc56cda8904ffb2a4e4b86edcc70c26f9,layer_21,linear_attention,0.015667231753468513,0.125,0.004633522126823664
bf16_default,left_pad32_explicit,f636292d4e7f4d319e4375aabd8b9fbcc56cda8904ffb2a4e4b86edcc70c26f9,layer_22,linear_attention,0.015557797625660896,0.125,0.0053162602707743645
bf16_default,left_pad32_explicit,f636292d4e7f4d319e4375aabd8b9fbcc56cda8904ffb2a4e4b86edcc70c26f9,layer_23,full_attention,0.01433197408914566,0.0625,0.0059552667662501335
bf16_default,left_pad32_explicit,f636292d4e7f4d319e4375aabd8b9fbcc56cda8904ffb2a4e4b86edcc70c26f9,layer_24,linear_attention,0.014806048013269901,0.0625,0.0065357983112335205
bf16_default,left_pad32_explicit,f636292d4e7f4d319e4375aabd8b9fbcc56cda8904ffb2a4e4b86edcc70c26f9,layer_25,linear_attention,0.014363130554556847,0.046875,0.0067481608130037785
bf16_default,left_pad32_explicit,f636292d4e7f4d319e4375aabd8b9fbcc56cda8904ffb2a4e4b86edcc70c26f9,layer_26,linear_attention,0.013120141811668873,0.0546875,0.00705331563949585
bf16_default,left_pad32_explicit,f636292d4e7f4d319e4375aabd8b9fbcc56cda8904ffb2a4e4b86edcc70c26f9,layer_27,full_attention,0.014345506206154823,0.0625,0.008007431402802467
bf16_default,left_pad32_explicit,f636292d4e7f4d319e4375aabd8b9fbcc56cda8904ffb2a4e4b86edcc70c26f9,layer_28,linear_attention,0.013739649206399918,0.078125,0.00898122787475586
bf16_default,left_pad32_explicit,f636292d4e7f4d319e4375aabd8b9fbcc56cda8904ffb2a4e4b86edcc70c26f9,layer_29,linear_attention,0.014241093769669533,0.078125,0.010029244236648083
bf16_default,left_pad32_explicit,f636292d4e7f4d319e4375aabd8b9fbcc56cda8904ffb2a4e4b86edcc70c26f9,layer_30,linear_attention,0.014373642392456532,0.125,0.011735344305634499
bf16_default,left_pad32_explicit,f636292d4e7f4d319e4375aabd8b9fbcc56cda8904ffb2a4e4b86edcc70c26f9,layer_31,full_attention,0.013181325979530811,0.125,0.014717793092131615
bf16_default,left_pad32_explicit,f636292d4e7f4d319e4375aabd8b9fbcc56cda8904ffb2a4e4b86edcc70c26f9,final_norm,final_norm,0.014209325425326824,0.25,0.031645890325307846
bf16_default,repeat_alone,d4955ede5dce2e67b244906e7599038eb0306d48c276935914518b3fbcb343e0,embedding,embedding,0.0,0.0,0.0
bf16_default,repeat_alone,d4955ede5dce2e67b244906e7599038eb0306d48c276935914518b3fbcb343e0,layer_00,linear_attention,0.0,0.0,0.0
bf16_default,repeat_alone,d4955ede5dce2e67b244906e7599038eb0306d48c276935914518b3fbcb343e0,layer_01,linear_attention,0.0,0.0,0.0
bf16_default,repeat_alone,d4955ede5dce2e67b244906e7599038eb0306d48c276935914518b3fbcb343e0,layer_02,linear_attention,0.0,0.0,0.0
bf16_default,repeat_alone,d4955ede5dce2e67b244906e7599038eb0306d48c276935914518b3fbcb343e0,layer_03,full_attention,0.0,0.0,0.0
bf16_default,repeat_alone,d4955ede5dce2e67b244906e7599038eb0306d48c276935914518b3fbcb343e0,layer_04,linear_attention,0.0,0.0,0.0
bf16_default,repeat_alone,d4955ede5dce2e67b244906e7599038eb0306d48c276935914518b3fbcb343e0,layer_05,linear_attention,0.0,0.0,0.0
bf16_default,repeat_alone,d4955ede5dce2e67b244906e7599038eb0306d48c276935914518b3fbcb343e0,layer_06,linear_attention,0.0,0.0,0.0
bf16_default,repeat_alone,d4955ede5dce2e67b244906e7599038eb0306d48c276935914518b3fbcb343e0,layer_07,full_attention,0.0,0.0,0.0
bf16_default,repeat_alone,d4955ede5dce2e67b244906e7599038eb0306d48c276935914518b3fbcb343e0,layer_08,linear_attention,0.0,0.0,0.0
bf16_default,repeat_alone,d4955ede5dce2e67b244906e7599038eb0306d48c276935914518b3fbcb343e0,layer_09,linear_attention,0.0,0.0,0.0
bf16_default,repeat_alone,d4955ede5dce2e67b244906e7599038eb0306d48c276935914518b3fbcb343e0,layer_10,linear_attention,0.0,0.0,0.0
bf16_default,repeat_alone,d4955ede5dce2e67b244906e7599038eb0306d48c276935914518b3fbcb343e0,layer_11,full_attention,0.0,0.0,0.0
bf16_default,repeat_alone,d4955ede5dce2e67b244906e7599038eb0306d48c276935914518b3fbcb343e0,layer_12,linear_attention,0.0,0.0,0.0
bf16_default,repeat_alone,d4955ede5dce2e67b244906e7599038eb0306d48c276935914518b3fbcb343e0,layer_13,linear_attention,0.0,0.0,0.0
bf16_default,repeat_alone,d4955ede5dce2e67b244906e7599038eb0306d48c276935914518b3fbcb343e0,layer_14,linear_attention,0.0,0.0,0.0
bf16_default,repeat_alone,d4955ede5dce2e67b244906e7599038eb0306d48c276935914518b3fbcb343e0,layer_15,full_attention,0.0,0.0,0.0
bf16_default,repeat_alone,d4955ede5dce2e67b244906e7599038eb0306d48c276935914518b3fbcb343e0,layer_16,linear_attention,0.0,0.0,0.0
bf16_default,repeat_alone,d4955ede5dce2e67b244906e7599038eb0306d48c276935914518b3fbcb343e0,layer_17,linear_attention,0.0,0.0,0.0
bf16_default,repeat_alone,d4955ede5dce2e67b244906e7599038eb0306d48c276935914518b3fbcb343e0,layer_18,linear_attention,0.0,0.0,0.0
bf16_default,repeat_alone,d4955ede5dce2e67b244906e7599038eb0306d48c276935914518b3fbcb343e0,layer_19,full_attention,0.0,0.0,0.0
bf16_default,repeat_alone,d4955ede5dce2e67b244906e7599038eb0306d48c276935914518b3fbcb343e0,layer_20,linear_attention,0.0,0.0,0.0
bf16_default,repeat_alone,d4955ede5dce2e67b244906e7599038eb0306d48c276935914518b3fbcb343e0,layer_21,linear_attention,0.0,0.0,0.0
bf16_default,repeat_alone,d4955ede5dce2e67b244906e7599038eb0306d48c276935914518b3fbcb343e0,layer_22,linear_attention,0.0,0.0,0.0
bf16_default,repeat_alone,d4955ede5dce2e67b244906e7599038eb0306d48c276935914518b3fbcb343e0,layer_23,full_attention,0.0,0.0,0.0
bf16_default,repeat_alone,d4955ede5dce2e67b244906e7599038eb0306d48c276935914518b3fbcb343e0,layer_24,linear_attention,0.0,0.0,0.0
bf16_default,repeat_alone,d4955ede5dce2e67b244906e7599038eb0306d48c276935914518b3fbcb343e0,layer_25,linear_attention,0.0,0.0,0.0
bf16_default,repeat_alone,d4955ede5dce2e67b244906e7599038eb0306d48c276935914518b3fbcb343e0,layer_26,linear_attention,0.0,0.0,0.0
bf16_default,repeat_alone,d4955ede5dce2e67b244906e7599038eb0306d48c276935914518b3fbcb343e0,layer_27,full_attention,0.0,0.0,0.0
bf16_default,repeat_alone,d4955ede5dce2e67b244906e7599038eb0306d48c276935914518b3fbcb343e0,layer_28,linear_attention,0.0,0.0,0.0
bf16_default,repeat_alone,d4955ede5dce2e67b244906e7599038eb0306d48c276935914518b3fbcb343e0,layer_29,linear_attention,0.0,0.0,0.0
bf16_default,repeat_alone,d4955ede5dce2e67b244906e7599038eb0306d48c276935914518b3fbcb343e0,layer_30,linear_attention,0.0,0.0,0.0
bf16_default,repeat_alone,d4955ede5dce2e67b244906e7599038eb0306d48c276935914518b3fbcb343e0,layer_31,full_attention,0.0,0.0,0.0
bf16_default,repeat_alone,d4955ede5dce2e67b244906e7599038eb0306d48c276935914518b3fbcb343e0,final_norm,final_norm,0.0,0.0,0.0
bf16_default,duplicate_batch2,d4955ede5dce2e67b244906e7599038eb0306d48c276935914518b3fbcb343e0,embedding,embedding,0.0,0.0,0.0
bf16_default,duplicate_batch2,d4955ede5dce2e67b244906e7599038eb0306d48c276935914518b3fbcb343e0,layer_00,linear_attention,0.003115298692137003,0.000732421875,0.0001046538382070139
bf16_default,duplicate_batch2,d4955ede5dce2e67b244906e7599038eb0306d48c276935914518b3fbcb343e0,layer_01,linear_attention,0.005626018159091473,0.001953125,0.00022805035405326635
bf16_default,duplicate_batch2,d4955ede5dce2e67b244906e7599038eb0306d48c276935914518b3fbcb343e0,layer_02,linear_attention,0.008858179673552513,0.001953125,0.00037295371294021606
bf16_default,duplicate_batch2,d4955ede5dce2e67b244906e7599038eb0306d48c276935914518b3fbcb343e0,layer_03,full_attention,0.01023308839648962,0.003204345703125,0.0006420761346817017
bf16_default,duplicate_batch2,d4955ede5dce2e67b244906e7599038eb0306d48c276935914518b3fbcb343e0,layer_04,linear_attention,0.014830217696726322,0.00537109375,0.0012385838199406862
bf16_default,duplicate_batch2,d4955ede5dce2e67b244906e7599038eb0306d48c276935914518b3fbcb343e0,layer_05,linear_attention,0.01360006257891655,0.0068359375,0.0013651028275489807
bf16_default,duplicate_batch2,d4955ede5dce2e67b244906e7599038eb0306d48c276935914518b3fbcb343e0,layer_06,linear_attention,0.015672758221626282,0.046875,0.0013962328666821122
bf16_default,duplicate_batch2,d4955ede5dce2e67b244906e7599038eb0306d48c276935914518b3fbcb343e0,layer_07,full_attention,0.014500589109957218,0.03125,0.0015219062333926558
bf16_default,duplicate_batch2,d4955ede5dce2e67b244906e7599038eb0306d48c276935914518b3fbcb343e0,layer_08,linear_attention,0.015260973945260048,0.03125,0.0015570909017696977
bf16_default,duplicate_batch2,d4955ede5dce2e67b244906e7599038eb0306d48c276935914518b3fbcb343e0,layer_09,linear_attention,0.015270858071744442,0.03125,0.0015797049272805452
bf16_default,duplicate_batch2,d4955ede5dce2e67b244906e7599038eb0306d48c276935914518b3fbcb343e0,layer_10,linear_attention,0.015683962032198906,0.03125,0.0016125559341162443
bf16_default,duplicate_batch2,d4955ede5dce2e67b244906e7599038eb0306d48c276935914518b3fbcb343e0,layer_11,full_attention,0.014486788772046566,0.03125,0.0017165988683700562
bf16_default,duplicate_batch2,d4955ede5dce2e67b244906e7599038eb0306d48c276935914518b3fbcb343e0,layer_12,linear_attention,0.01512602437287569,0.015625,0.0018731399904936552
bf16_default,duplicate_batch2,d4955ede5dce2e67b244906e7599038eb0306d48c276935914518b3fbcb343e0,layer_13,linear_attention,0.01656077243387699,0.015625,0.00215675076469779
bf16_default,duplicate_batch2,d4955ede5dce2e67b244906e7599038eb0306d48c276935914518b3fbcb343e0,layer_14,linear_attention,0.01752701960504055,0.03125,0.0023823976516723633
bf16_default,duplicate_batch2,d4955ede5dce2e67b244906e7599038eb0306d48c276935914518b3fbcb343e0,layer_15,full_attention,0.016506677493453026,0.03125,0.00250493292696774
bf16_default,duplicate_batch2,d4955ede5dce2e67b244906e7599038eb0306d48c276935914518b3fbcb343e0,layer_16,linear_attention,0.017460672184824944,0.03125,0.0027687668334692717
bf16_default,duplicate_batch2,d4955ede5dce2e67b244906e7599038eb0306d48c276935914518b3fbcb343e0,layer_17,linear_attention,0.016244130209088326,0.03125,0.0028524398803710938
bf16_default,duplicate_batch2,d4955ede5dce2e67b244906e7599038eb0306d48c276935914518b3fbcb343e0,layer_18,linear_attention,0.015568860806524754,0.03125,0.0030948296189308167
bf16_default,duplicate_batch2,d4955ede5dce2e67b244906e7599038eb0306d48c276935914518b3fbcb343e0,layer_19,full_attention,0.014548449777066708,0.03125,0.0036176443099975586
bf16_default,duplicate_batch2,d4955ede5dce2e67b244906e7599038eb0306d48c276935914518b3fbcb343e0,layer_20,linear_attention,0.01481950655579567,0.03125,0.004166725091636181
bf16_default,duplicate_batch2,d4955ede5dce2e67b244906e7599038eb0306d48c276935914518b3fbcb343e0,layer_21,linear_attention,0.01422316674143076,0.0390625,0.004480552859604359
bf16_default,duplicate_batch2,d4955ede5dce2e67b244906e7599038eb0306d48c276935914518b3fbcb343e0,layer_22,linear_attention,0.01460531447082758,0.0625,0.005118256900459528
bf16_default,duplicate_batch2,d4955ede5dce2e67b244906e7599038eb0306d48c276935914518b3fbcb343e0,layer_23,full_attention,0.013681363314390182,0.0625,0.005633062217384577
bf16_default,duplicate_batch2,d4955ede5dce2e67b244906e7599038eb0306d48c276935914518b3fbcb343e0,layer_24,linear_attention,0.013555720448493958,0.0390625,0.005857294891029596
bf16_default,duplicate_batch2,d4955ede5dce2e67b244906e7599038eb0306d48c276935914518b3fbcb343e0,layer_25,linear_attention,0.013931437395513058,0.125,0.0061588166281580925
bf16_default,duplicate_batch2,d4955ede5dce2e67b244906e7599038eb0306d48c276935914518b3fbcb343e0,layer_26,linear_attention,0.01268171239644289,0.125,0.006549739744514227
bf16_default,duplicate_batch2,d4955ede5dce2e67b244906e7599038eb0306d48c276935914518b3fbcb343e0,layer_27,full_attention,0.014118190854787827,0.125,0.0075352550484240055
bf16_default,duplicate_batch2,d4955ede5dce2e67b244906e7599038eb0306d48c276935914518b3fbcb343e0,layer_28,linear_attention,0.013199069537222385,0.125,0.008371353149414062
bf16_default,duplicate_batch2,d4955ede5dce2e67b244906e7599038eb0306d48c276935914518b3fbcb343e0,layer_29,linear_attention,0.014607254415750504,0.25,0.009335207752883434
bf16_default,duplicate_batch2,d4955ede5dce2e67b244906e7599038eb0306d48c276935914518b3fbcb343e0,layer_30,linear_attention,0.013687768951058388,0.125,0.011056089773774147
bf16_default,duplicate_batch2,d4955ede5dce2e67b244906e7599038eb0306d48c276935914518b3fbcb343e0,layer_31,full_attention,0.013747132383286953,0.375,0.014459562487900257
bf16_default,duplicate_batch2,d4955ede5dce2e67b244906e7599038eb0306d48c276935914518b3fbcb343e0,final_norm,final_norm,0.014079339802265167,0.25,0.031152259558439255
bf16_default,right_pad32,d4955ede5dce2e67b244906e7599038eb0306d48c276935914518b3fbcb343e0,embedding,embedding,0.0,0.0,0.0
bf16_default,right_pad32,d4955ede5dce2e67b244906e7599038eb0306d48c276935914518b3fbcb343e0,layer_00,linear_attention,0.002735918154940009,0.0009765625,8.541867282474414e-05
bf16_default,right_pad32,d4955ede5dce2e67b244906e7599038eb0306d48c276935914518b3fbcb343e0,layer_01,linear_attention,0.004440168850123882,0.001953125,0.0001730892836349085
bf16_default,right_pad32,d4955ede5dce2e67b244906e7599038eb0306d48c276935914518b3fbcb343e0,layer_02,linear_attention,0.008043946698307991,0.0078125,0.0003147915122099221
bf16_default,right_pad32,d4955ede5dce2e67b244906e7599038eb0306d48c276935914518b3fbcb343e0,layer_03,full_attention,0.008230989798903465,0.00390625,0.000509542238432914
bf16_default,right_pad32,d4955ede5dce2e67b244906e7599038eb0306d48c276935914518b3fbcb343e0,layer_04,linear_attention,0.012167070060968399,0.015625,0.0009894378017634153
bf16_default,right_pad32,d4955ede5dce2e67b244906e7599038eb0306d48c276935914518b3fbcb343e0,layer_05,linear_attention,0.011065551079809666,0.005859375,0.001095862709917128
bf16_default,right_pad32,d4955ede5dce2e67b244906e7599038eb0306d48c276935914518b3fbcb343e0,layer_06,linear_attention,0.011479096487164497,0.0078125,0.001117956591770053
bf16_default,right_pad32,d4955ede5dce2e67b244906e7599038eb0306d48c276935914518b3fbcb343e0,layer_07,full_attention,0.012391885742545128,0.03125,0.001277922885492444
bf16_default,right_pad32,d4955ede5dce2e67b244906e7599038eb0306d48c276935914518b3fbcb343e0,layer_08,linear_attention,0.013291913084685802,0.03125,0.0013228431344032288
bf16_default,right_pad32,d4955ede5dce2e67b244906e7599038eb0306d48c276935914518b3fbcb343e0,layer_09,linear_attention,0.013488348573446274,0.03125,0.001364262425340712
bf16_default,right_pad32,d4955ede5dce2e67b244906e7599038eb0306d48c276935914518b3fbcb343e0,layer_10,linear_attention,0.014100844040513039,0.03125,0.0014466643333435059
bf16_default,right_pad32,d4955ede5dce2e67b244906e7599038eb0306d48c276935914518b3fbcb343e0,layer_11,full_attention,0.01382991299033165,0.03125,0.0016674250364303589
bf16_default,right_pad32,d4955ede5dce2e67b244906e7599038eb0306d48c276935914518b3fbcb343e0,layer_12,linear_attention,0.014698594808578491,0.03125,0.0017631768714636564
bf16_default,right_pad32,d4955ede5dce2e67b244906e7599038eb0306d48c276935914518b3fbcb343e0,layer_13,linear_attention,0.014412772841751575,0.015625,0.001879419432953
bf16_default,right_pad32,d4955ede5dce2e67b244906e7599038eb0306d48c276935914518b3fbcb343e0,layer_14,linear_attention,0.014391237869858742,0.015625,0.0020069479942321777
bf16_default,right_pad32,d4955ede5dce2e67b244906e7599038eb0306d48c276935914518b3fbcb343e0,layer_15,full_attention,0.01434559840708971,0.03125,0.0021586776711046696
bf16_default,right_pad32,d4955ede5dce2e67b244906e7599038eb0306d48c276935914518b3fbcb343e0,layer_16,linear_attention,0.015385559760034084,0.015625,0.0024940609000623226
bf16_default,right_pad32,d4955ede5dce2e67b244906e7599038eb0306d48c276935914518b3fbcb343e0,layer_17,linear_attention,0.015168137848377228,0.03125,0.002656996250152588
bf16_default,right_pad32,d4955ede5dce2e67b244906e7599038eb0306d48c276935914518b3fbcb343e0,layer_18,linear_attention,0.01493518054485321,0.015625,0.0030133456457406282
bf16_default,right_pad32,d4955ede5dce2e67b244906e7599038eb0306d48c276935914518b3fbcb343e0,layer_19,full_attention,0.013681898824870586,0.015625,0.003456461476162076
bf16_default,right_pad32,d4955ede5dce2e67b244906e7599038eb0306d48c276935914518b3fbcb343e0,layer_20,linear_attention,0.013885939493775368,0.01953125,0.0040043918415904045
bf16_default,right_pad32,d4955ede5dce2e67b244906e7599038eb0306d48c276935914518b3fbcb343e0,layer_21,linear_attention,0.013705538585782051,0.03125,0.004415631294250488
bf16_default,right_pad32,d4955ede5dce2e67b244906e7599038eb0306d48c276935914518b3fbcb343e0,layer_22,linear_attention,0.01387056801468134,0.0625,0.004907923750579357
bf16_default,right_pad32,d4955ede5dce2e67b244906e7599038eb0306d48c276935914518b3fbcb343e0,layer_23,full_attention,0.013207992538809776,0.0625,0.00541763287037611
bf16_default,right_pad32,d4955ede5dce2e67b244906e7599038eb0306d48c276935914518b3fbcb343e0,layer_24,linear_attention,0.014059915207326412,0.125,0.005843216087669134
bf16_default,right_pad32,d4955ede5dce2e67b244906e7599038eb0306d48c276935914518b3fbcb343e0,layer_25,linear_attention,0.013152498751878738,0.046875,0.006035757251083851
bf16_default,right_pad32,d4955ede5dce2e67b244906e7599038eb0306d48c276935914518b3fbcb343e0,layer_26,linear_attention,0.011872799135744572,0.046875,0.006339085288345814
bf16_default,right_pad32,d4955ede5dce2e67b244906e7599038eb0306d48c276935914518b3fbcb343e0,layer_27,full_attention,0.013436896726489067,0.046875,0.007464563939720392
bf16_default,right_pad32,d4955ede5dce2e67b244906e7599038eb0306d48c276935914518b3fbcb343e0,layer_28,linear_attention,0.013022881001234055,0.046875,0.008462643250823021
bf16_default,right_pad32,d4955ede5dce2e67b244906e7599038eb0306d48c276935914518b3fbcb343e0,layer_29,linear_attention,0.013793863356113434,0.046875,0.00958859920501709
bf16_default,right_pad32,d4955ede5dce2e67b244906e7599038eb0306d48c276935914518b3fbcb343e0,layer_30,linear_attention,0.013996063731610775,0.125,0.01151728630065918
bf16_default,right_pad32,d4955ede5dce2e67b244906e7599038eb0306d48c276935914518b3fbcb343e0,layer_31,full_attention,0.013406261801719666,0.25,0.014803600497543812
bf16_default,right_pad32,d4955ede5dce2e67b244906e7599038eb0306d48c276935914518b3fbcb343e0,final_norm,final_norm,0.014384761452674866,0.25,0.03257931396365166
bf16_default,right_pad128,d4955ede5dce2e67b244906e7599038eb0306d48c276935914518b3fbcb343e0,embedding,embedding,0.0,0.0,0.0
bf16_default,right_pad128,d4955ede5dce2e67b244906e7599038eb0306d48c276935914518b3fbcb343e0,layer_00,linear_attention,0.003115298692137003,0.000732421875,0.0001046538382070139
bf16_default,right_pad128,d4955ede5dce2e67b244906e7599038eb0306d48c276935914518b3fbcb343e0,layer_01,linear_attention,0.005626018159091473,0.001953125,0.00022805035405326635
bf16_default,right_pad128,d4955ede5dce2e67b244906e7599038eb0306d48c276935914518b3fbcb343e0,layer_02,linear_attention,0.008858179673552513,0.001953125,0.00037295371294021606
bf16_default,right_pad128,d4955ede5dce2e67b244906e7599038eb0306d48c276935914518b3fbcb343e0,layer_03,full_attention,0.010261631570756435,0.00323486328125,0.0006419062847271562
bf16_default,right_pad128,d4955ede5dce2e67b244906e7599038eb0306d48c276935914518b3fbcb343e0,layer_04,linear_attention,0.014555136673152447,0.015625,0.0011928863823413849
bf16_default,right_pad128,d4955ede5dce2e67b244906e7599038eb0306d48c276935914518b3fbcb343e0,layer_05,linear_attention,0.014435793273150921,0.03125,0.0013583942782133818
bf16_default,right_pad128,d4955ede5dce2e67b244906e7599038eb0306d48c276935914518b3fbcb343e0,layer_06,linear_attention,0.01438552513718605,0.009765625,0.0014127433532848954
bf16_default,right_pad128,d4955ede5dce2e67b244906e7599038eb0306d48c276935914518b3fbcb343e0,layer_07,full_attention,0.014617836102843285,0.03125,0.0015438601840287447
bf16_default,right_pad128,d4955ede5dce2e67b244906e7599038eb0306d48c276935914518b3fbcb343e0,layer_08,linear_attention,0.014651424251496792,0.03125,0.0015036821132525802
bf16_default,right_pad128,d4955ede5dce2e67b244906e7599038eb0306d48c276935914518b3fbcb343e0,layer_09,linear_attention,0.013964577578008175,0.01171875,0.0014907255535945296
bf16_default,right_pad128,d4955ede5dce2e67b244906e7599038eb0306d48c276935914518b3fbcb343e0,layer_10,linear_attention,0.014195039868354797,0.01171875,0.0015060942387208343
bf16_default,right_pad128,d4955ede5dce2e67b244906e7599038eb0306d48c276935914518b3fbcb343e0,layer_11,full_attention,0.014140034094452858,0.013671875,0.0017500758403912187
bf16_default,right_pad128,d4955ede5dce2e67b244906e7599038eb0306d48c276935914518b3fbcb343e0,layer_12,linear_attention,0.015330782160162926,0.03125,0.0018468766938894987
bf16_default,right_pad128,d4955ede5dce2e67b244906e7599038eb0306d48c276935914518b3fbcb343e0,layer_13,linear_attention,0.015681061893701553,0.03125,0.0020056157372891903
bf16_default,right_pad128,d4955ede5dce2e67b244906e7599038eb0306d48c276935914518b3fbcb343e0,layer_14,linear_attention,0.015940990298986435,0.03125,0.0021786571014672518
bf16_default,right_pad128,d4955ede5dce2e67b244906e7599038eb0306d48c276935914518b3fbcb343e0,layer_15,full_attention,0.016458986327052116,0.0625,0.0023442506790161133
bf16_default,right_pad128,d4955ede5dce2e67b244906e7599038eb0306d48c276935914518b3fbcb343e0,layer_16,linear_attention,0.016165196895599365,0.03125,0.0025866925716400146
bf16_default,right_pad128,d4955ede5dce2e67b244906e7599038eb0306d48c276935914518b3fbcb343e0,layer_17,linear_attention,0.015809444710612297,0.013671875,0.0028512119315564632
bf16_default,right_pad128,d4955ede5dce2e67b244906e7599038eb0306d48c276935914518b3fbcb343e0,layer_18,linear_attention,0.016298232600092888,0.03125,0.0032842219807207584
bf16_default,right_pad128,d4955ede5dce2e67b244906e7599038eb0306d48c276935914518b3fbcb343e0,layer_19,full_attention,0.01549535058438778,0.03125,0.003919035196304321
bf16_default,right_pad128,d4955ede5dce2e67b244906e7599038eb0306d48c276935914518b3fbcb343e0,layer_20,linear_attention,0.015753120183944702,0.0625,0.004448786377906799
bf16_default,right_pad128,d4955ede5dce2e67b244906e7599038eb0306d48c276935914518b3fbcb343e0,layer_21,linear_attention,0.015254516154527664,0.0625,0.004779851529747248
bf16_default,right_pad128,d4955ede5dce2e67b244906e7599038eb0306d48c276935914518b3fbcb343e0,layer_22,linear_attention,0.015696367248892784,0.125,0.0053365170024335384
bf16_default,right_pad128,d4955ede5dce2e67b244906e7599038eb0306d48c276935914518b3fbcb343e0,layer_23,full_attention,0.013938182964920998,0.0625,0.005690800957381725
bf16_default,right_pad128,d4955ede5dce2e67b244906e7599038eb0306d48c276935914518b3fbcb343e0,layer_24,linear_attention,0.01395212858915329,0.0625,0.005950427148491144
bf16_default,right_pad128,d4955ede5dce2e67b244906e7599038eb0306d48c276935914518b3fbcb343e0,layer_25,linear_attention,0.013560079969465733,0.046875,0.006254804320633411
bf16_default,right_pad128,d4955ede5dce2e67b244906e7599038eb0306d48c276935914518b3fbcb343e0,layer_26,linear_attention,0.01266543846577406,0.125,0.006531667895615101
bf16_default,right_pad128,d4955ede5dce2e67b244906e7599038eb0306d48c276935914518b3fbcb343e0,layer_27,full_attention,0.01404221635311842,0.125,0.0075206877663731575
bf16_default,right_pad128,d4955ede5dce2e67b244906e7599038eb0306d48c276935914518b3fbcb343e0,layer_28,linear_attention,0.013629364781081676,0.125,0.008754909038543701
bf16_default,right_pad128,d4955ede5dce2e67b244906e7599038eb0306d48c276935914518b3fbcb343e0,layer_29,linear_attention,0.014439934864640236,0.125,0.009921622462570667
bf16_default,right_pad128,d4955ede5dce2e67b244906e7599038eb0306d48c276935914518b3fbcb343e0,layer_30,linear_attention,0.014386247843503952,0.125,0.011902284808456898
bf16_default,right_pad128,d4955ede5dce2e67b244906e7599038eb0306d48c276935914518b3fbcb343e0,layer_31,full_attention,0.0150045957416296,0.375,0.01610536500811577
bf16_default,right_pad128,d4955ede5dce2e67b244906e7599038eb0306d48c276935914518b3fbcb343e0,final_norm,final_norm,0.01568511687219143,0.25,0.03538086265325546
bf16_default,mixed_batch3,d4955ede5dce2e67b244906e7599038eb0306d48c276935914518b3fbcb343e0,embedding,embedding,0.0,0.0,0.0
bf16_default,mixed_batch3,d4955ede5dce2e67b244906e7599038eb0306d48c276935914518b3fbcb343e0,layer_00,linear_attention,0.0035965738352388144,0.0009765625,0.00012343525304459035
bf16_default,mixed_batch3,d4955ede5dce2e67b244906e7599038eb0306d48c276935914518b3fbcb343e0,layer_01,linear_attention,0.005758838262408972,0.0010986328125,0.0002342838852200657
bf16_default,mixed_batch3,d4955ede5dce2e67b244906e7599038eb0306d48c276935914518b3fbcb343e0,layer_02,linear_attention,0.009284202940762043,0.001953125,0.0003925681230612099
bf16_default,mixed_batch3,d4955ede5dce2e67b244906e7599038eb0306d48c276935914518b3fbcb343e0,layer_03,full_attention,0.009505383670330048,0.0029296875,0.0005956262466497719
bf16_default,mixed_batch3,d4955ede5dce2e67b244906e7599038eb0306d48c276935914518b3fbcb343e0,layer_04,linear_attention,0.012835079804062843,0.015625,0.0010372779797762632
bf16_default,mixed_batch3,d4955ede5dce2e67b244906e7599038eb0306d48c276935914518b3fbcb343e0,layer_05,linear_attention,0.012821672484278679,0.03125,0.0011833712924271822
bf16_default,mixed_batch3,d4955ede5dce2e67b244906e7599038eb0306d48c276935914518b3fbcb343e0,layer_06,linear_attention,0.015169825404882431,0.046875,0.0013314962852746248
bf16_default,mixed_batch3,d4955ede5dce2e67b244906e7599038eb0306d48c276935914518b3fbcb343e0,layer_07,full_attention,0.015604122541844845,0.0625,0.0014539242256432772
bf16_default,mixed_batch3,d4955ede5dce2e67b244906e7599038eb0306d48c276935914518b3fbcb343e0,layer_08,linear_attention,0.016346855089068413,0.0625,0.0014681473840028048
bf16_default,mixed_batch3,d4955ede5dce2e67b244906e7599038eb0306d48c276935914518b3fbcb343e0,layer_09,linear_attention,0.016226695850491524,0.0625,0.001464608358219266
bf16_default,mixed_batch3,d4955ede5dce2e67b244906e7599038eb0306d48c276935914518b3fbcb343e0,layer_10,linear_attention,0.017825128510594368,0.078125,0.0015175342559814453
bf16_default,mixed_batch3,d4955ede5dce2e67b244906e7599038eb0306d48c276935914518b3fbcb343e0,layer_11,full_attention,0.017300618812441826,0.0625,0.001973747741430998
bf16_default,mixed_batch3,d4955ede5dce2e67b244906e7599038eb0306d48c276935914518b3fbcb343e0,layer_12,linear_attention,0.01753440499305725,0.0625,0.001975500490516424
bf16_default,mixed_batch3,d4955ede5dce2e67b244906e7599038eb0306d48c276935914518b3fbcb343e0,layer_13,linear_attention,0.017393263056874275,0.0625,0.002062006387859583
bf16_default,mixed_batch3,d4955ede5dce2e67b244906e7599038eb0306d48c276935914518b3fbcb343e0,layer_14,linear_attention,0.01745196059346199,0.0625,0.0022599040530622005
bf16_default,mixed_batch3,d4955ede5dce2e67b244906e7599038eb0306d48c276935914518b3fbcb343e0,layer_15,full_attention,0.018449164927005768,0.09375,0.0024668811820447445
bf16_default,mixed_batch3,d4955ede5dce2e67b244906e7599038eb0306d48c276935914518b3fbcb343e0,layer_16,linear_attention,0.017471229657530785,0.0625,0.0026755332946777344
bf16_default,mixed_batch3,d4955ede5dce2e67b244906e7599038eb0306d48c276935914518b3fbcb343e0,layer_17,linear_attention,0.017174649983644485,0.0625,0.0028983354568481445
bf16_default,mixed_batch3,d4955ede5dce2e67b244906e7599038eb0306d48c276935914518b3fbcb343e0,layer_18,linear_attention,0.01795022189617157,0.109375,0.0032401741482317448
bf16_default,mixed_batch3,d4955ede5dce2e67b244906e7599038eb0306d48c276935914518b3fbcb343e0,layer_19,full_attention,0.015450249426066875,0.09375,0.0036384493578225374
bf16_default,mixed_batch3,d4955ede5dce2e67b244906e7599038eb0306d48c276935914518b3fbcb343e0,layer_20,linear_attention,0.015275659039616585,0.09375,0.004130801651626825
bf16_default,mixed_batch3,d4955ede5dce2e67b244906e7599038eb0306d48c276935914518b3fbcb343e0,layer_21,linear_attention,0.014712014235556126,0.0625,0.004607385490089655
bf16_default,mixed_batch3,d4955ede5dce2e67b244906e7599038eb0306d48c276935914518b3fbcb343e0,layer_22,linear_attention,0.015585238113999367,0.125,0.005288231186568737
bf16_default,mixed_batch3,d4955ede5dce2e67b244906e7599038eb0306d48c276935914518b3fbcb343e0,layer_23,full_attention,0.013622487895190716,0.0625,0.005562102887779474
bf16_default,mixed_batch3,d4955ede5dce2e67b244906e7599038eb0306d48c276935914518b3fbcb343e0,layer_24,linear_attention,0.014016376808285713,0.0625,0.006012720055878162
bf16_default,mixed_batch3,d4955ede5dce2e67b244906e7599038eb0306d48c276935914518b3fbcb343e0,layer_25,linear_attention,0.01347565371543169,0.03125,0.006220114417374134
bf16_default,mixed_batch3,d4955ede5dce2e67b244906e7599038eb0306d48c276935914518b3fbcb343e0,layer_26,linear_attention,0.014133580960333347,0.25,0.006657409481704235
bf16_default,mixed_batch3,d4955ede5dce2e67b244906e7599038eb0306d48c276935914518b3fbcb343e0,layer_27,full_attention,0.013321769423782825,0.03125,0.007383143994957209
bf16_default,mixed_batch3,d4955ede5dce2e67b244906e7599038eb0306d48c276935914518b3fbcb343e0,layer_28,linear_attention,0.012601112946867943,0.03125,0.008318483829498291
bf16_default,mixed_batch3,d4955ede5dce2e67b244906e7599038eb0306d48c276935914518b3fbcb343e0,layer_29,linear_attention,0.013418218120932579,0.046875,0.009487127885222435
bf16_default,mixed_batch3,d4955ede5dce2e67b244906e7599038eb0306d48c276935914518b3fbcb343e0,layer_30,linear_attention,0.013338944874703884,0.125,0.011058485135436058
bf16_default,mixed_batch3,d4955ede5dce2e67b244906e7599038eb0306d48c276935914518b3fbcb343e0,layer_31,full_attention,0.013116997666656971,0.125,0.014749670401215553
bf16_default,mixed_batch3,d4955ede5dce2e67b244906e7599038eb0306d48c276935914518b3fbcb343e0,final_norm,final_norm,0.014147432520985603,0.3125,0.031682319939136505
bf16_default,left_pad32_explicit,d4955ede5dce2e67b244906e7599038eb0306d48c276935914518b3fbcb343e0,embedding,embedding,0.0,0.0,0.0
bf16_default,left_pad32_explicit,d4955ede5dce2e67b244906e7599038eb0306d48c276935914518b3fbcb343e0,layer_00,linear_attention,0.002735918154940009,0.0009765625,8.541867282474414e-05
bf16_default,left_pad32_explicit,d4955ede5dce2e67b244906e7599038eb0306d48c276935914518b3fbcb343e0,layer_01,linear_attention,0.004400899168103933,0.0010986328125,0.00017406194820068777
bf16_default,left_pad32_explicit,d4955ede5dce2e67b244906e7599038eb0306d48c276935914518b3fbcb343e0,layer_02,linear_attention,0.007612280081957579,0.001953125,0.0003142140922136605
bf16_default,left_pad32_explicit,d4955ede5dce2e67b244906e7599038eb0306d48c276935914518b3fbcb343e0,layer_03,full_attention,0.008489556610584259,0.00390625,0.0005171477678231895
bf16_default,left_pad32_explicit,d4955ede5dce2e67b244906e7599038eb0306d48c276935914518b3fbcb343e0,layer_04,linear_attention,0.011634381487965584,0.0048828125,0.0009566031512804329
bf16_default,left_pad32_explicit,d4955ede5dce2e67b244906e7599038eb0306d48c276935914518b3fbcb343e0,layer_05,linear_attention,0.01142769493162632,0.005859375,0.0011392548913136125
bf16_default,left_pad32_explicit,d4955ede5dce2e67b244906e7599038eb0306d48c276935914518b3fbcb343e0,layer_06,linear_attention,0.012444629333913326,0.0078125,0.0012226939434185624
bf16_default,left_pad32_explicit,d4955ede5dce2e67b244906e7599038eb0306d48c276935914518b3fbcb343e0,layer_07,full_attention,0.012134113349020481,0.0078125,0.0013352155219763517
bf16_default,left_pad32_explicit,d4955ede5dce2e67b244906e7599038eb0306d48c276935914518b3fbcb343e0,layer_08,linear_attention,0.013001235201954842,0.0078125,0.0013926535611972213
bf16_default,left_pad32_explicit,d4955ede5dce2e67b244906e7599038eb0306d48c276935914518b3fbcb343e0,layer_09,linear_attention,0.013299774378538132,0.0078125,0.0014541387790814042
bf16_default,left_pad32_explicit,d4955ede5dce2e67b244906e7599038eb0306d48c276935914518b3fbcb343e0,layer_10,linear_attention,0.014152047224342823,0.009765625,0.0015413344372063875
bf16_default,left_pad32_explicit,d4955ede5dce2e67b244906e7599038eb0306d48c276935914518b3fbcb343e0,layer_11,full_attention,0.0135548897087574,0.01171875,0.0016772508388385177
bf16_default,left_pad32_explicit,d4955ede5dce2e67b244906e7599038eb0306d48c276935914518b3fbcb343e0,layer_12,linear_attention,0.0138706648722291,0.0078125,0.001733824610710144
bf16_default,left_pad32_explicit,d4955ede5dce2e67b244906e7599038eb0306d48c276935914518b3fbcb343e0,layer_13,linear_attention,0.01450319867581129,0.01171875,0.001899580704048276
bf16_default,left_pad32_explicit,d4955ede5dce2e67b244906e7599038eb0306d48c276935914518b3fbcb343e0,layer_14,linear_attention,0.014682496897876263,0.01171875,0.0020578205585479736
bf16_default,left_pad32_explicit,d4955ede5dce2e67b244906e7599038eb0306d48c276935914518b3fbcb343e0,layer_15,full_attention,0.014686603099107742,0.03125,0.002221387578174472
bf16_default,left_pad32_explicit,d4955ede5dce2e67b244906e7599038eb0306d48c276935914518b3fbcb343e0,layer_16,linear_attention,0.015399638563394547,0.03125,0.0024754046462476254
bf16_default,left_pad32_explicit,d4955ede5dce2e67b244906e7599038eb0306d48c276935914518b3fbcb343e0,layer_17,linear_attention,0.015310174785554409,0.03125,0.002697461750358343
bf16_default,left_pad32_explicit,d4955ede5dce2e67b244906e7599038eb0306d48c276935914518b3fbcb343e0,layer_18,linear_attention,0.016312476247549057,0.078125,0.0030795633792877197
bf16_default,left_pad32_explicit,d4955ede5dce2e67b244906e7599038eb0306d48c276935914518b3fbcb343e0,layer_19,full_attention,0.014507845044136047,0.0625,0.0035115957725793123
bf16_default,left_pad32_explicit,d4955ede5dce2e67b244906e7599038eb0306d48c276935914518b3fbcb343e0,layer_20,linear_attention,0.014581207185983658,0.0625,0.0040851859375834465
bf16_default,left_pad32_explicit,d4955ede5dce2e67b244906e7599038eb0306d48c276935914518b3fbcb343e0,layer_21,linear_attention,0.014213046059012413,0.0625,0.00444482546299696
bf16_default,left_pad32_explicit,d4955ede5dce2e67b244906e7599038eb0306d48c276935914518b3fbcb343e0,layer_22,linear_attention,0.01498749852180481,0.125,0.005072110798209906
bf16_default,left_pad32_explicit,d4955ede5dce2e67b244906e7599038eb0306d48c276935914518b3fbcb343e0,layer_23,full_attention,0.013169602490961552,0.0625,0.005371832754462957
bf16_default,left_pad32_explicit,d4955ede5dce2e67b244906e7599038eb0306d48c276935914518b3fbcb343e0,layer_24,linear_attention,0.013467705808579922,0.0625,0.005728876683861017
bf16_default,left_pad32_explicit,d4955ede5dce2e67b244906e7599038eb0306d48c276935914518b3fbcb343e0,layer_25,linear_attention,0.012853136286139488,0.03125,0.005947911646217108
bf16_default,left_pad32_explicit,d4955ede5dce2e67b244906e7599038eb0306d48c276935914518b3fbcb343e0,layer_26,linear_attention,0.013750902377068996,0.25,0.006424045655876398
bf16_default,left_pad32_explicit,d4955ede5dce2e67b244906e7599038eb0306d48c276935914518b3fbcb343e0,layer_27,full_attention,0.013122773729264736,0.0390625,0.007218658924102783
bf16_default,left_pad32_explicit,d4955ede5dce2e67b244906e7599038eb0306d48c276935914518b3fbcb343e0,layer_28,linear_attention,0.01229518000036478,0.0546875,0.008008098229765892
bf16_default,left_pad32_explicit,d4955ede5dce2e67b244906e7599038eb0306d48c276935914518b3fbcb343e0,layer_29,linear_attention,0.013128613121807575,0.125,0.00892636738717556
bf16_default,left_pad32_explicit,d4955ede5dce2e67b244906e7599038eb0306d48c276935914518b3fbcb343e0,layer_30,linear_attention,0.012686344794929028,0.046875,0.010490166954696178
bf16_default,left_pad32_explicit,d4955ede5dce2e67b244906e7599038eb0306d48c276935914518b3fbcb343e0,layer_31,full_attention,0.012315266765654087,0.125,0.013762426562607288
bf16_default,left_pad32_explicit,d4955ede5dce2e67b244906e7599038eb0306d48c276935914518b3fbcb343e0,final_norm,final_norm,0.013518771156668663,0.25,0.030083488672971725
bf16_default,repeat_alone,330322a632bb1efa3b2979d67e2f9b99eb7190450a121d8fac26014a6dbab5d9,embedding,embedding,0.0,0.0,0.0
bf16_default,repeat_alone,330322a632bb1efa3b2979d67e2f9b99eb7190450a121d8fac26014a6dbab5d9,layer_00,linear_attention,0.0,0.0,0.0
bf16_default,repeat_alone,330322a632bb1efa3b2979d67e2f9b99eb7190450a121d8fac26014a6dbab5d9,layer_01,linear_attention,0.0,0.0,0.0
bf16_default,repeat_alone,330322a632bb1efa3b2979d67e2f9b99eb7190450a121d8fac26014a6dbab5d9,layer_02,linear_attention,0.0,0.0,0.0
bf16_default,repeat_alone,330322a632bb1efa3b2979d67e2f9b99eb7190450a121d8fac26014a6dbab5d9,layer_03,full_attention,0.0,0.0,0.0
bf16_default,repeat_alone,330322a632bb1efa3b2979d67e2f9b99eb7190450a121d8fac26014a6dbab5d9,layer_04,linear_attention,0.0,0.0,0.0
bf16_default,repeat_alone,330322a632bb1efa3b2979d67e2f9b99eb7190450a121d8fac26014a6dbab5d9,layer_05,linear_attention,0.0,0.0,0.0
bf16_default,repeat_alone,330322a632bb1efa3b2979d67e2f9b99eb7190450a121d8fac26014a6dbab5d9,layer_06,linear_attention,0.0,0.0,0.0
bf16_default,repeat_alone,330322a632bb1efa3b2979d67e2f9b99eb7190450a121d8fac26014a6dbab5d9,layer_07,full_attention,0.0,0.0,0.0
bf16_default,repeat_alone,330322a632bb1efa3b2979d67e2f9b99eb7190450a121d8fac26014a6dbab5d9,layer_08,linear_attention,0.0,0.0,0.0
bf16_default,repeat_alone,330322a632bb1efa3b2979d67e2f9b99eb7190450a121d8fac26014a6dbab5d9,layer_09,linear_attention,0.0,0.0,0.0
bf16_default,repeat_alone,330322a632bb1efa3b2979d67e2f9b99eb7190450a121d8fac26014a6dbab5d9,layer_10,linear_attention,0.0,0.0,0.0
bf16_default,repeat_alone,330322a632bb1efa3b2979d67e2f9b99eb7190450a121d8fac26014a6dbab5d9,layer_11,full_attention,0.0,0.0,0.0
bf16_default,repeat_alone,330322a632bb1efa3b2979d67e2f9b99eb7190450a121d8fac26014a6dbab5d9,layer_12,linear_attention,0.0,0.0,0.0
bf16_default,repeat_alone,330322a632bb1efa3b2979d67e2f9b99eb7190450a121d8fac26014a6dbab5d9,layer_13,linear_attention,0.0,0.0,0.0
bf16_default,repeat_alone,330322a632bb1efa3b2979d67e2f9b99eb7190450a121d8fac26014a6dbab5d9,layer_14,linear_attention,0.0,0.0,0.0
bf16_default,repeat_alone,330322a632bb1efa3b2979d67e2f9b99eb7190450a121d8fac26014a6dbab5d9,layer_15,full_attention,0.0,0.0,0.0
bf16_default,repeat_alone,330322a632bb1efa3b2979d67e2f9b99eb7190450a121d8fac26014a6dbab5d9,layer_16,linear_attention,0.0,0.0,0.0
bf16_default,repeat_alone,330322a632bb1efa3b2979d67e2f9b99eb7190450a121d8fac26014a6dbab5d9,layer_17,linear_attention,0.0,0.0,0.0
bf16_default,repeat_alone,330322a632bb1efa3b2979d67e2f9b99eb7190450a121d8fac26014a6dbab5d9,layer_18,linear_attention,0.0,0.0,0.0
bf16_default,repeat_alone,330322a632bb1efa3b2979d67e2f9b99eb7190450a121d8fac26014a6dbab5d9,layer_19,full_attention,0.0,0.0,0.0
bf16_default,repeat_alone,330322a632bb1efa3b2979d67e2f9b99eb7190450a121d8fac26014a6dbab5d9,layer_20,linear_attention,0.0,0.0,0.0
bf16_default,repeat_alone,330322a632bb1efa3b2979d67e2f9b99eb7190450a121d8fac26014a6dbab5d9,layer_21,linear_attention,0.0,0.0,0.0
bf16_default,repeat_alone,330322a632bb1efa3b2979d67e2f9b99eb7190450a121d8fac26014a6dbab5d9,layer_22,linear_attention,0.0,0.0,0.0
bf16_default,repeat_alone,330322a632bb1efa3b2979d67e2f9b99eb7190450a121d8fac26014a6dbab5d9,layer_23,full_attention,0.0,0.0,0.0
bf16_default,repeat_alone,330322a632bb1efa3b2979d67e2f9b99eb7190450a121d8fac26014a6dbab5d9,layer_24,linear_attention,0.0,0.0,0.0
bf16_default,repeat_alone,330322a632bb1efa3b2979d67e2f9b99eb7190450a121d8fac26014a6dbab5d9,layer_25,linear_attention,0.0,0.0,0.0
bf16_default,repeat_alone,330322a632bb1efa3b2979d67e2f9b99eb7190450a121d8fac26014a6dbab5d9,layer_26,linear_attention,0.0,0.0,0.0
bf16_default,repeat_alone,330322a632bb1efa3b2979d67e2f9b99eb7190450a121d8fac26014a6dbab5d9,layer_27,full_attention,0.0,0.0,0.0
bf16_default,repeat_alone,330322a632bb1efa3b2979d67e2f9b99eb7190450a121d8fac26014a6dbab5d9,layer_28,linear_attention,0.0,0.0,0.0
bf16_default,repeat_alone,330322a632bb1efa3b2979d67e2f9b99eb7190450a121d8fac26014a6dbab5d9,layer_29,linear_attention,0.0,0.0,0.0
bf16_default,repeat_alone,330322a632bb1efa3b2979d67e2f9b99eb7190450a121d8fac26014a6dbab5d9,layer_30,linear_attention,0.0,0.0,0.0
bf16_default,repeat_alone,330322a632bb1efa3b2979d67e2f9b99eb7190450a121d8fac26014a6dbab5d9,layer_31,full_attention,0.0,0.0,0.0
bf16_default,repeat_alone,330322a632bb1efa3b2979d67e2f9b99eb7190450a121d8fac26014a6dbab5d9,final_norm,final_norm,0.0,0.0,0.0
bf16_default,duplicate_batch2,330322a632bb1efa3b2979d67e2f9b99eb7190450a121d8fac26014a6dbab5d9,embedding,embedding,0.0,0.0,0.0
bf16_default,duplicate_batch2,330322a632bb1efa3b2979d67e2f9b99eb7190450a121d8fac26014a6dbab5d9,layer_00,linear_attention,0.0037616847548633814,0.001953125,0.00013069323904346675
bf16_default,duplicate_batch2,330322a632bb1efa3b2979d67e2f9b99eb7190450a121d8fac26014a6dbab5d9,layer_01,linear_attention,0.005150536075234413,0.001953125,0.0002104826271533966
bf16_default,duplicate_batch2,330322a632bb1efa3b2979d67e2f9b99eb7190450a121d8fac26014a6dbab5d9,layer_02,linear_attention,0.008606326766312122,0.0078125,0.0003576621529646218
bf16_default,duplicate_batch2,330322a632bb1efa3b2979d67e2f9b99eb7190450a121d8fac26014a6dbab5d9,layer_03,full_attention,0.009126437827944756,0.015625,0.0005240410682745278
bf16_default,duplicate_batch2,330322a632bb1efa3b2979d67e2f9b99eb7190450a121d8fac26014a6dbab5d9,layer_04,linear_attention,0.012539212591946125,0.015625,0.0010228961473330855
bf16_default,duplicate_batch2,330322a632bb1efa3b2979d67e2f9b99eb7190450a121d8fac26014a6dbab5d9,layer_05,linear_attention,0.011944280937314034,0.005126953125,0.0011921137338504195
bf16_default,duplicate_batch2,330322a632bb1efa3b2979d67e2f9b99eb7190450a121d8fac26014a6dbab5d9,layer_06,linear_attention,0.01237416360527277,0.0078125,0.001217621611431241
bf16_default,duplicate_batch2,330322a632bb1efa3b2979d67e2f9b99eb7190450a121d8fac26014a6dbab5d9,layer_07,full_attention,0.012602164410054684,0.03125,0.0013142734533175826
bf16_default,duplicate_batch2,330322a632bb1efa3b2979d67e2f9b99eb7190450a121d8fac26014a6dbab5d9,layer_08,linear_attention,0.013154844753444195,0.03125,0.0013390809763222933
bf16_default,duplicate_batch2,330322a632bb1efa3b2979d67e2f9b99eb7190450a121d8fac26014a6dbab5d9,layer_09,linear_attention,0.012907592579722404,0.03125,0.0013251334894448519
bf16_default,duplicate_batch2,330322a632bb1efa3b2979d67e2f9b99eb7190450a121d8fac26014a6dbab5d9,layer_10,linear_attention,0.013846559450030327,0.03125,0.0014026761054992676
bf16_default,duplicate_batch2,330322a632bb1efa3b2979d67e2f9b99eb7190450a121d8fac26014a6dbab5d9,layer_11,full_attention,0.012763186357915401,0.0078125,0.0015587002271786332
bf16_default,duplicate_batch2,330322a632bb1efa3b2979d67e2f9b99eb7190450a121d8fac26014a6dbab5d9,layer_12,linear_attention,0.013239177875220776,0.0087890625,0.0016045004595071077
bf16_default,duplicate_batch2,330322a632bb1efa3b2979d67e2f9b99eb7190450a121d8fac26014a6dbab5d9,layer_13,linear_attention,0.013371435925364494,0.009765625,0.0017126977909356356
bf16_default,duplicate_batch2,330322a632bb1efa3b2979d67e2f9b99eb7190450a121d8fac26014a6dbab5d9,layer_14,linear_attention,0.013711879029870033,0.015625,0.0018515378469601274
bf16_default,duplicate_batch2,330322a632bb1efa3b2979d67e2f9b99eb7190450a121d8fac26014a6dbab5d9,layer_15,full_attention,0.01374658104032278,0.015625,0.0020643710158765316
bf16_default,duplicate_batch2,330322a632bb1efa3b2979d67e2f9b99eb7190450a121d8fac26014a6dbab5d9,layer_16,linear_attention,0.01544440258294344,0.03125,0.002408251166343689
bf16_default,duplicate_batch2,330322a632bb1efa3b2979d67e2f9b99eb7190450a121d8fac26014a6dbab5d9,layer_17,linear_attention,0.01564890332520008,0.03125,0.002713620662689209
bf16_default,duplicate_batch2,330322a632bb1efa3b2979d67e2f9b99eb7190450a121d8fac26014a6dbab5d9,layer_18,linear_attention,0.016226915642619133,0.03125,0.0032043815590441227
bf16_default,duplicate_batch2,330322a632bb1efa3b2979d67e2f9b99eb7190450a121d8fac26014a6dbab5d9,layer_19,full_attention,0.014310683123767376,0.03125,0.0036108256317675114
bf16_default,duplicate_batch2,330322a632bb1efa3b2979d67e2f9b99eb7190450a121d8fac26014a6dbab5d9,layer_20,linear_attention,0.014351989142596722,0.03125,0.004137253854423761
bf16_default,duplicate_batch2,330322a632bb1efa3b2979d67e2f9b99eb7190450a121d8fac26014a6dbab5d9,layer_21,linear_attention,0.014332770369946957,0.0625,0.0045652566477656364
bf16_default,duplicate_batch2,330322a632bb1efa3b2979d67e2f9b99eb7190450a121d8fac26014a6dbab5d9,layer_22,linear_attention,0.013876019977033138,0.0625,0.005041161086410284
bf16_default,duplicate_batch2,330322a632bb1efa3b2979d67e2f9b99eb7190450a121d8fac26014a6dbab5d9,layer_23,full_attention,0.012944880872964859,0.03125,0.005461156368255615
bf16_default,duplicate_batch2,330322a632bb1efa3b2979d67e2f9b99eb7190450a121d8fac26014a6dbab5d9,layer_24,linear_attention,0.013221943750977516,0.0390625,0.005890500731766224
bf16_default,duplicate_batch2,330322a632bb1efa3b2979d67e2f9b99eb7190450a121d8fac26014a6dbab5d9,layer_25,linear_attention,0.01292369607836008,0.0390625,0.006165367551147938
bf16_default,duplicate_batch2,330322a632bb1efa3b2979d67e2f9b99eb7190450a121d8fac26014a6dbab5d9,layer_26,linear_attention,0.011760524474084377,0.125,0.006309975869953632
bf16_default,duplicate_batch2,330322a632bb1efa3b2979d67e2f9b99eb7190450a121d8fac26014a6dbab5d9,layer_27,full_attention,0.013589920476078987,0.125,0.007435464765876532
bf16_default,duplicate_batch2,330322a632bb1efa3b2979d67e2f9b99eb7190450a121d8fac26014a6dbab5d9,layer_28,linear_attention,0.012565555982291698,0.0625,0.008282303810119629
bf16_default,duplicate_batch2,330322a632bb1efa3b2979d67e2f9b99eb7190450a121d8fac26014a6dbab5d9,layer_29,linear_attention,0.0132637619972229,0.078125,0.00933828391134739
bf16_default,duplicate_batch2,330322a632bb1efa3b2979d67e2f9b99eb7190450a121d8fac26014a6dbab5d9,layer_30,linear_attention,0.013104376383125782,0.078125,0.010968685150146484
bf16_default,duplicate_batch2,330322a632bb1efa3b2979d67e2f9b99eb7190450a121d8fac26014a6dbab5d9,layer_31,full_attention,0.01443444099277258,0.625,0.013534808531403542
bf16_default,duplicate_batch2,330322a632bb1efa3b2979d67e2f9b99eb7190450a121d8fac26014a6dbab5d9,final_norm,final_norm,0.013198350556194782,0.25,0.029152238741517067
bf16_default,right_pad32,330322a632bb1efa3b2979d67e2f9b99eb7190450a121d8fac26014a6dbab5d9,embedding,embedding,0.0,0.0,0.0
bf16_default,right_pad32,330322a632bb1efa3b2979d67e2f9b99eb7190450a121d8fac26014a6dbab5d9,layer_00,linear_attention,0.003419797634705901,0.0009765625,0.00011835247278213501
bf16_default,right_pad32,330322a632bb1efa3b2979d67e2f9b99eb7190450a121d8fac26014a6dbab5d9,layer_01,linear_attention,0.005782242398709059,0.001953125,0.00024012476205825806
bf16_default,right_pad32,330322a632bb1efa3b2979d67e2f9b99eb7190450a121d8fac26014a6dbab5d9,layer_02,linear_attention,0.012100615538656712,0.0234375,0.00039984285831451416
bf16_default,right_pad32,330322a632bb1efa3b2979d67e2f9b99eb7190450a121d8fac26014a6dbab5d9,layer_03,full_attention,0.010176158510148525,0.015625,0.000604487955570221
bf16_default,right_pad32,330322a632bb1efa3b2979d67e2f9b99eb7190450a121d8fac26014a6dbab5d9,layer_04,linear_attention,0.012589951045811176,0.015625,0.0010237426031380892
bf16_default,right_pad32,330322a632bb1efa3b2979d67e2f9b99eb7190450a121d8fac26014a6dbab5d9,layer_05,linear_attention,0.011890124529600143,0.00537109375,0.0011854798067361116
bf16_default,right_pad32,330322a632bb1efa3b2979d67e2f9b99eb7190450a121d8fac26014a6dbab5d9,layer_06,linear_attention,0.012069259770214558,0.0087890625,0.0011588692432269454
bf16_default,right_pad32,330322a632bb1efa3b2979d67e2f9b99eb7190450a121d8fac26014a6dbab5d9,layer_07,full_attention,0.012332232668995857,0.03125,0.0012778833042830229
bf16_default,right_pad32,330322a632bb1efa3b2979d67e2f9b99eb7190450a121d8fac26014a6dbab5d9,layer_08,linear_attention,0.012912418693304062,0.03125,0.001302820397540927
bf16_default,right_pad32,330322a632bb1efa3b2979d67e2f9b99eb7190450a121d8fac26014a6dbab5d9,layer_09,linear_attention,0.012504036538302898,0.03125,0.0012590468395501375
bf16_default,right_pad32,330322a632bb1efa3b2979d67e2f9b99eb7190450a121d8fac26014a6dbab5d9,layer_10,linear_attention,0.0138198621571064,0.03125,0.0014019369846209884
bf16_default,right_pad32,330322a632bb1efa3b2979d67e2f9b99eb7190450a121d8fac26014a6dbab5d9,layer_11,full_attention,0.013154527172446251,0.03125,0.0015439748531207442
bf16_default,right_pad32,330322a632bb1efa3b2979d67e2f9b99eb7190450a121d8fac26014a6dbab5d9,layer_12,linear_attention,0.013620857149362564,0.0087890625,0.0016640096437186003
bf16_default,right_pad32,330322a632bb1efa3b2979d67e2f9b99eb7190450a121d8fac26014a6dbab5d9,layer_13,linear_attention,0.014428948052227497,0.03125,0.0017965242732316256
bf16_default,right_pad32,330322a632bb1efa3b2979d67e2f9b99eb7190450a121d8fac26014a6dbab5d9,layer_14,linear_attention,0.014007575809955597,0.015625,0.0018978655571117997
bf16_default,right_pad32,330322a632bb1efa3b2979d67e2f9b99eb7190450a121d8fac26014a6dbab5d9,layer_15,full_attention,0.014317176304757595,0.015625,0.0021462440490722656
bf16_default,right_pad32,330322a632bb1efa3b2979d67e2f9b99eb7190450a121d8fac26014a6dbab5d9,layer_16,linear_attention,0.01540757343173027,0.03125,0.002381452824920416
bf16_default,right_pad32,330322a632bb1efa3b2979d67e2f9b99eb7190450a121d8fac26014a6dbab5d9,layer_17,linear_attention,0.017360372468829155,0.0625,0.0029078484512865543
bf16_default,right_pad32,330322a632bb1efa3b2979d67e2f9b99eb7190450a121d8fac26014a6dbab5d9,layer_18,linear_attention,0.018799729645252228,0.09375,0.003492939518764615
bf16_default,right_pad32,330322a632bb1efa3b2979d67e2f9b99eb7190450a121d8fac26014a6dbab5d9,layer_19,full_attention,0.016191313043236732,0.0625,0.004029727075248957
bf16_default,right_pad32,330322a632bb1efa3b2979d67e2f9b99eb7190450a121d8fac26014a6dbab5d9,layer_20,linear_attention,0.015345770865678787,0.03125,0.004444324877113104
bf16_default,right_pad32,330322a632bb1efa3b2979d67e2f9b99eb7190450a121d8fac26014a6dbab5d9,layer_21,linear_attention,0.014957047998905182,0.0625,0.0047672213986516
bf16_default,right_pad32,330322a632bb1efa3b2979d67e2f9b99eb7190450a121d8fac26014a6dbab5d9,layer_22,linear_attention,0.014547665603458881,0.0625,0.005302488803863525
bf16_default,right_pad32,330322a632bb1efa3b2979d67e2f9b99eb7190450a121d8fac26014a6dbab5d9,layer_23,full_attention,0.01411883719265461,0.125,0.005645751953125
bf16_default,right_pad32,330322a632bb1efa3b2979d67e2f9b99eb7190450a121d8fac26014a6dbab5d9,layer_24,linear_attention,0.014182526618242264,0.125,0.005993521306663752
bf16_default,right_pad32,330322a632bb1efa3b2979d67e2f9b99eb7190450a121d8fac26014a6dbab5d9,layer_25,linear_attention,0.013788663782179356,0.125,0.006221652030944824
bf16_default,right_pad32,330322a632bb1efa3b2979d67e2f9b99eb7190450a121d8fac26014a6dbab5d9,layer_26,linear_attention,0.012394797056913376,0.125,0.006555372383445501
bf16_default,right_pad32,330322a632bb1efa3b2979d67e2f9b99eb7190450a121d8fac26014a6dbab5d9,layer_27,full_attention,0.012977649457752705,0.046875,0.007228481583297253
bf16_default,right_pad32,330322a632bb1efa3b2979d67e2f9b99eb7190450a121d8fac26014a6dbab5d9,layer_28,linear_attention,0.0123434541746974,0.0625,0.008051251992583275
bf16_default,right_pad32,330322a632bb1efa3b2979d67e2f9b99eb7190450a121d8fac26014a6dbab5d9,layer_29,linear_attention,0.01297483965754509,0.125,0.008917379193007946
bf16_default,right_pad32,330322a632bb1efa3b2979d67e2f9b99eb7190450a121d8fac26014a6dbab5d9,layer_30,linear_attention,0.01256867777556181,0.125,0.010212552733719349
bf16_default,right_pad32,330322a632bb1efa3b2979d67e2f9b99eb7190450a121d8fac26014a6dbab5d9,layer_31,full_attention,0.010749815963208675,0.09375,0.012259960174560547
bf16_default,right_pad32,330322a632bb1efa3b2979d67e2f9b99eb7190450a121d8fac26014a6dbab5d9,final_norm,final_norm,0.01166685950011015,0.1875,0.026329517364501953
bf16_default,right_pad128,330322a632bb1efa3b2979d67e2f9b99eb7190450a121d8fac26014a6dbab5d9,embedding,embedding,0.0,0.0,0.0
bf16_default,right_pad128,330322a632bb1efa3b2979d67e2f9b99eb7190450a121d8fac26014a6dbab5d9,layer_00,linear_attention,0.004343061707913876,0.0009765625,0.00015661567158531398
bf16_default,right_pad128,330322a632bb1efa3b2979d67e2f9b99eb7190450a121d8fac26014a6dbab5d9,layer_01,linear_attention,0.006186576094478369,0.00146484375,0.00026008710847236216
bf16_default,right_pad128,330322a632bb1efa3b2979d67e2f9b99eb7190450a121d8fac26014a6dbab5d9,layer_02,linear_attention,0.014489891938865185,0.03125,0.00043272823677398264
bf16_default,right_pad128,330322a632bb1efa3b2979d67e2f9b99eb7190450a121d8fac26014a6dbab5d9,layer_03,full_attention,0.0109285619109869,0.015625,0.0006614178419113159
bf16_default,right_pad128,330322a632bb1efa3b2979d67e2f9b99eb7190450a121d8fac26014a6dbab5d9,layer_04,linear_attention,0.015199274756014347,0.03125,0.0011910081375390291
bf16_default,right_pad128,330322a632bb1efa3b2979d67e2f9b99eb7190450a121d8fac26014a6dbab5d9,layer_05,linear_attention,0.014538855291903019,0.03125,0.0013814836274832487
bf16_default,right_pad128,330322a632bb1efa3b2979d67e2f9b99eb7190450a121d8fac26014a6dbab5d9,layer_06,linear_attention,0.015637533739209175,0.03125,0.0014757632743567228
bf16_default,right_pad128,330322a632bb1efa3b2979d67e2f9b99eb7190450a121d8fac26014a6dbab5d9,layer_07,full_attention,0.01544740330427885,0.03125,0.0016539230709895492
bf16_default,right_pad128,330322a632bb1efa3b2979d67e2f9b99eb7190450a121d8fac26014a6dbab5d9,layer_08,linear_attention,0.01584119163453579,0.03125,0.0016334876418113708
bf16_default,right_pad128,330322a632bb1efa3b2979d67e2f9b99eb7190450a121d8fac26014a6dbab5d9,layer_09,linear_attention,0.015624497085809708,0.03125,0.0016223043203353882
bf16_default,right_pad128,330322a632bb1efa3b2979d67e2f9b99eb7190450a121d8fac26014a6dbab5d9,layer_10,linear_attention,0.015395461581647396,0.015625,0.001632440136745572
bf16_default,right_pad128,330322a632bb1efa3b2979d67e2f9b99eb7190450a121d8fac26014a6dbab5d9,layer_11,full_attention,0.015082605183124542,0.03125,0.0017866402631625533
bf16_default,right_pad128,330322a632bb1efa3b2979d67e2f9b99eb7190450a121d8fac26014a6dbab5d9,layer_12,linear_attention,0.017323704436421394,0.0625,0.001910671591758728
bf16_default,right_pad128,330322a632bb1efa3b2979d67e2f9b99eb7190450a121d8fac26014a6dbab5d9,layer_13,linear_attention,0.01639729179441929,0.03125,0.002077314304187894
bf16_default,right_pad128,330322a632bb1efa3b2979d67e2f9b99eb7190450a121d8fac26014a6dbab5d9,layer_14,linear_attention,0.01729559898376465,0.0625,0.0021842599380761385
bf16_default,right_pad128,330322a632bb1efa3b2979d67e2f9b99eb7190450a121d8fac26014a6dbab5d9,layer_15,full_attention,0.01705482229590416,0.0625,0.0023775696754455566
bf16_default,right_pad128,330322a632bb1efa3b2979d67e2f9b99eb7190450a121d8fac26014a6dbab5d9,layer_16,linear_attention,0.016629260033369064,0.03125,0.002572768833488226
bf16_default,right_pad128,330322a632bb1efa3b2979d67e2f9b99eb7190450a121d8fac26014a6dbab5d9,layer_17,linear_attention,0.01619846187531948,0.03125,0.0028079866897314787
bf16_default,right_pad128,330322a632bb1efa3b2979d67e2f9b99eb7190450a121d8fac26014a6dbab5d9,layer_18,linear_attention,0.016713622957468033,0.046875,0.0033302425872534513
bf16_default,right_pad128,330322a632bb1efa3b2979d67e2f9b99eb7190450a121d8fac26014a6dbab5d9,layer_19,full_attention,0.015188059769570827,0.046875,0.00385151500813663
bf16_default,right_pad128,330322a632bb1efa3b2979d67e2f9b99eb7190450a121d8fac26014a6dbab5d9,layer_20,linear_attention,0.014983181841671467,0.046875,0.0043128966353833675
bf16_default,right_pad128,330322a632bb1efa3b2979d67e2f9b99eb7190450a121d8fac26014a6dbab5d9,layer_21,linear_attention,0.014700602740049362,0.0625,0.004691785667091608
bf16_default,right_pad128,330322a632bb1efa3b2979d67e2f9b99eb7190450a121d8fac26014a6dbab5d9,layer_22,linear_attention,0.01387328002601862,0.0625,0.0050321356393396854
bf16_default,right_pad128,330322a632bb1efa3b2979d67e2f9b99eb7190450a121d8fac26014a6dbab5d9,layer_23,full_attention,0.013295629061758518,0.0625,0.005550074391067028
bf16_default,right_pad128,330322a632bb1efa3b2979d67e2f9b99eb7190450a121d8fac26014a6dbab5d9,layer_24,linear_attention,0.013457631692290306,0.0625,0.005958038382232189
bf16_default,right_pad128,330322a632bb1efa3b2979d67e2f9b99eb7190450a121d8fac26014a6dbab5d9,layer_25,linear_attention,0.01313882227987051,0.046875,0.006254345178604126
bf16_default,right_pad128,330322a632bb1efa3b2979d67e2f9b99eb7190450a121d8fac26014a6dbab5d9,layer_26,linear_attention,0.011758851818740368,0.046875,0.006520080380141735
bf16_default,right_pad128,330322a632bb1efa3b2979d67e2f9b99eb7190450a121d8fac26014a6dbab5d9,layer_27,full_attention,0.013547256588935852,0.125,0.007367896847426891
bf16_default,right_pad128,330322a632bb1efa3b2979d67e2f9b99eb7190450a121d8fac26014a6dbab5d9,layer_28,linear_attention,0.012308120727539062,0.0390625,0.00811002217233181
bf16_default,right_pad128,330322a632bb1efa3b2979d67e2f9b99eb7190450a121d8fac26014a6dbab5d9,layer_29,linear_attention,0.013137833215296268,0.125,0.009177339263260365
bf16_default,right_pad128,330322a632bb1efa3b2979d67e2f9b99eb7190450a121d8fac26014a6dbab5d9,layer_30,linear_attention,0.012821242213249207,0.046875,0.010739815421402454
bf16_default,right_pad128,330322a632bb1efa3b2979d67e2f9b99eb7190450a121d8fac26014a6dbab5d9,layer_31,full_attention,0.011834611184895039,0.125,0.013361120596528053
bf16_default,right_pad128,330322a632bb1efa3b2979d67e2f9b99eb7190450a121d8fac26014a6dbab5d9,final_norm,final_norm,0.01280298363417387,0.25,0.028627866879105568
bf16_default,mixed_batch3,330322a632bb1efa3b2979d67e2f9b99eb7190450a121d8fac26014a6dbab5d9,embedding,embedding,0.0,0.0,0.0
bf16_default,mixed_batch3,330322a632bb1efa3b2979d67e2f9b99eb7190450a121d8fac26014a6dbab5d9,layer_00,linear_attention,0.007826054468750954,0.015625,0.00016253814101219177
bf16_default,mixed_batch3,330322a632bb1efa3b2979d67e2f9b99eb7190450a121d8fac26014a6dbab5d9,layer_01,linear_attention,0.008913188241422176,0.015625,0.0002937227545771748
bf16_default,mixed_batch3,330322a632bb1efa3b2979d67e2f9b99eb7190450a121d8fac26014a6dbab5d9,layer_02,linear_attention,0.017650825902819633,0.0390625,0.0005038544768467546
bf16_default,mixed_batch3,330322a632bb1efa3b2979d67e2f9b99eb7190450a121d8fac26014a6dbab5d9,layer_03,full_attention,0.015528813004493713,0.03125,0.0008806109544821084
bf16_default,mixed_batch3,330322a632bb1efa3b2979d67e2f9b99eb7190450a121d8fac26014a6dbab5d9,layer_04,linear_attention,0.01707449182868004,0.03125,0.0013636201620101929
bf16_default,mixed_batch3,330322a632bb1efa3b2979d67e2f9b99eb7190450a121d8fac26014a6dbab5d9,layer_05,linear_attention,0.016175810247659683,0.03125,0.0015420548152178526
bf16_default,mixed_batch3,330322a632bb1efa3b2979d67e2f9b99eb7190450a121d8fac26014a6dbab5d9,layer_06,linear_attention,0.016731202602386475,0.03125,0.001568332314491272
bf16_default,mixed_batch3,330322a632bb1efa3b2979d67e2f9b99eb7190450a121d8fac26014a6dbab5d9,layer_07,full_attention,0.015623149462044239,0.03125,0.0016504302620887756
bf16_default,mixed_batch3,330322a632bb1efa3b2979d67e2f9b99eb7190450a121d8fac26014a6dbab5d9,layer_08,linear_attention,0.015549292787909508,0.03125,0.0015867457259446383
bf16_default,mixed_batch3,330322a632bb1efa3b2979d67e2f9b99eb7190450a121d8fac26014a6dbab5d9,layer_09,linear_attention,0.014978580176830292,0.03125,0.0015025496250018477
bf16_default,mixed_batch3,330322a632bb1efa3b2979d67e2f9b99eb7190450a121d8fac26014a6dbab5d9,layer_10,linear_attention,0.014878842048346996,0.015625,0.0015350222820416093
bf16_default,mixed_batch3,330322a632bb1efa3b2979d67e2f9b99eb7190450a121d8fac26014a6dbab5d9,layer_11,full_attention,0.014049154706299305,0.03125,0.0016396582359448075
bf16_default,mixed_batch3,330322a632bb1efa3b2979d67e2f9b99eb7190450a121d8fac26014a6dbab5d9,layer_12,linear_attention,0.016512852162122726,0.0625,0.0017797022592276335
bf16_default,mixed_batch3,330322a632bb1efa3b2979d67e2f9b99eb7190450a121d8fac26014a6dbab5d9,layer_13,linear_attention,0.01681583561003208,0.0625,0.001962909009307623
bf16_default,mixed_batch3,330322a632bb1efa3b2979d67e2f9b99eb7190450a121d8fac26014a6dbab5d9,layer_14,linear_attention,0.019124438986182213,0.09375,0.0022104561794549227
bf16_default,mixed_batch3,330322a632bb1efa3b2979d67e2f9b99eb7190450a121d8fac26014a6dbab5d9,layer_15,full_attention,0.0188263151794672,0.09375,0.0024356127250939608
bf16_default,mixed_batch3,330322a632bb1efa3b2979d67e2f9b99eb7190450a121d8fac26014a6dbab5d9,layer_16,linear_attention,0.0183884147554636,0.0625,0.002735027577728033
bf16_default,mixed_batch3,330322a632bb1efa3b2979d67e2f9b99eb7190450a121d8fac26014a6dbab5d9,layer_17,linear_attention,0.018893463537096977,0.0625,0.0031683146953582764
bf16_default,mixed_batch3,330322a632bb1efa3b2979d67e2f9b99eb7190450a121d8fac26014a6dbab5d9,layer_18,linear_attention,0.019493505358695984,0.09375,0.0036339282523840666
bf16_default,mixed_batch3,330322a632bb1efa3b2979d67e2f9b99eb7190450a121d8fac26014a6dbab5d9,layer_19,full_attention,0.019320901483297348,0.15625,0.004345804452896118
bf16_default,mixed_batch3,330322a632bb1efa3b2979d67e2f9b99eb7190450a121d8fac26014a6dbab5d9,layer_20,linear_attention,0.019322501495480537,0.15625,0.005069452337920666
bf16_default,mixed_batch3,330322a632bb1efa3b2979d67e2f9b99eb7190450a121d8fac26014a6dbab5d9,layer_21,linear_attention,0.019409554079174995,0.1875,0.00563009362667799
bf16_default,mixed_batch3,330322a632bb1efa3b2979d67e2f9b99eb7190450a121d8fac26014a6dbab5d9,layer_22,linear_attention,0.017495928332209587,0.125,0.006187936756759882
bf16_default,mixed_batch3,330322a632bb1efa3b2979d67e2f9b99eb7190450a121d8fac26014a6dbab5d9,layer_23,full_attention,0.016410818323493004,0.125,0.006668495945632458
bf16_default,mixed_batch3,330322a632bb1efa3b2979d67e2f9b99eb7190450a121d8fac26014a6dbab5d9,layer_24,linear_attention,0.016628865152597427,0.125,0.007083946373313665
bf16_default,mixed_batch3,330322a632bb1efa3b2979d67e2f9b99eb7190450a121d8fac26014a6dbab5d9,layer_25,linear_attention,0.01626046746969223,0.125,0.007470035459846258
bf16_default,mixed_batch3,330322a632bb1efa3b2979d67e2f9b99eb7190450a121d8fac26014a6dbab5d9,layer_26,linear_attention,0.013896284624934196,0.0625,0.0076926471665501595
bf16_default,mixed_batch3,330322a632bb1efa3b2979d67e2f9b99eb7190450a121d8fac26014a6dbab5d9,layer_27,full_attention,0.01567857153713703,0.0625,0.008732032962143421
bf16_default,mixed_batch3,330322a632bb1efa3b2979d67e2f9b99eb7190450a121d8fac26014a6dbab5d9,layer_28,linear_attention,0.014507667161524296,0.0625,0.00959391612559557
bf16_default,mixed_batch3,330322a632bb1efa3b2979d67e2f9b99eb7190450a121d8fac26014a6dbab5d9,layer_29,linear_attention,0.0157806184142828,0.125,0.011039924807846546
bf16_default,mixed_batch3,330322a632bb1efa3b2979d67e2f9b99eb7190450a121d8fac26014a6dbab5d9,layer_30,linear_attention,0.015847161412239075,0.125,0.01320505142211914
bf16_default,mixed_batch3,330322a632bb1efa3b2979d67e2f9b99eb7190450a121d8fac26014a6dbab5d9,layer_31,full_attention,0.017227040603756905,0.75,0.01570453681051731
bf16_default,mixed_batch3,330322a632bb1efa3b2979d67e2f9b99eb7190450a121d8fac26014a6dbab5d9,final_norm,final_norm,0.015297330915927887,0.375,0.03362106531858444
bf16_default,left_pad32_explicit,330322a632bb1efa3b2979d67e2f9b99eb7190450a121d8fac26014a6dbab5d9,embedding,embedding,0.0,0.0,0.0
bf16_default,left_pad32_explicit,330322a632bb1efa3b2979d67e2f9b99eb7190450a121d8fac26014a6dbab5d9,layer_00,linear_attention,0.003419797634705901,0.0009765625,0.00011835247278213501
bf16_default,left_pad32_explicit,330322a632bb1efa3b2979d67e2f9b99eb7190450a121d8fac26014a6dbab5d9,layer_01,linear_attention,0.0055967397056519985,0.001953125,0.00022998600616119802
bf16_default,left_pad32_explicit,330322a632bb1efa3b2979d67e2f9b99eb7190450a121d8fac26014a6dbab5d9,layer_02,linear_attention,0.010400244034826756,0.015625,0.00039432646008208394
bf16_default,left_pad32_explicit,330322a632bb1efa3b2979d67e2f9b99eb7190450a121d8fac26014a6dbab5d9,layer_03,full_attention,0.012237987481057644,0.03125,0.0006227657431736588
bf16_default,left_pad32_explicit,330322a632bb1efa3b2979d67e2f9b99eb7190450a121d8fac26014a6dbab5d9,layer_04,linear_attention,0.01539123710244894,0.046875,0.0010795623529702425
bf16_default,left_pad32_explicit,330322a632bb1efa3b2979d67e2f9b99eb7190450a121d8fac26014a6dbab5d9,layer_05,linear_attention,0.013065795414149761,0.03125,0.0012203187216073275
bf16_default,left_pad32_explicit,330322a632bb1efa3b2979d67e2f9b99eb7190450a121d8fac26014a6dbab5d9,layer_06,linear_attention,0.013490176759660244,0.03125,0.0012268305290490389
bf16_default,left_pad32_explicit,330322a632bb1efa3b2979d67e2f9b99eb7190450a121d8fac26014a6dbab5d9,layer_07,full_attention,0.013023937121033669,0.03125,0.0013501927023753524
bf16_default,left_pad32_explicit,330322a632bb1efa3b2979d67e2f9b99eb7190450a121d8fac26014a6dbab5d9,layer_08,linear_attention,0.013056077994406223,0.03125,0.001322747441008687
bf16_default,left_pad32_explicit,330322a632bb1efa3b2979d67e2f9b99eb7190450a121d8fac26014a6dbab5d9,layer_09,linear_attention,0.013015286065638065,0.03125,0.0013085067039355636
bf16_default,left_pad32_explicit,330322a632bb1efa3b2979d67e2f9b99eb7190450a121d8fac26014a6dbab5d9,layer_10,linear_attention,0.01331691350787878,0.015625,0.0013943255180492997
bf16_default,left_pad32_explicit,330322a632bb1efa3b2979d67e2f9b99eb7190450a121d8fac26014a6dbab5d9,layer_11,full_attention,0.012236090376973152,0.0087890625,0.0015100777382031083
bf16_default,left_pad32_explicit,330322a632bb1efa3b2979d67e2f9b99eb7190450a121d8fac26014a6dbab5d9,layer_12,linear_attention,0.01277997624129057,0.009765625,0.001559588359668851
bf16_default,left_pad32_explicit,330322a632bb1efa3b2979d67e2f9b99eb7190450a121d8fac26014a6dbab5d9,layer_13,linear_attention,0.012940783053636551,0.01171875,0.0016625940334051847
bf16_default,left_pad32_explicit,330322a632bb1efa3b2979d67e2f9b99eb7190450a121d8fac26014a6dbab5d9,layer_14,linear_attention,0.013733629137277603,0.03125,0.001818191958591342
bf16_default,left_pad32_explicit,330322a632bb1efa3b2979d67e2f9b99eb7190450a121d8fac26014a6dbab5d9,layer_15,full_attention,0.014823824167251587,0.03125,0.0021809935569763184
bf16_default,left_pad32_explicit,330322a632bb1efa3b2979d67e2f9b99eb7190450a121d8fac26014a6dbab5d9,layer_16,linear_attention,0.015515079721808434,0.03125,0.002400378929451108
bf16_default,left_pad32_explicit,330322a632bb1efa3b2979d67e2f9b99eb7190450a121d8fac26014a6dbab5d9,layer_17,linear_attention,0.01670892909169197,0.03125,0.0029276132117956877
bf16_default,left_pad32_explicit,330322a632bb1efa3b2979d67e2f9b99eb7190450a121d8fac26014a6dbab5d9,layer_18,linear_attention,0.01679317280650139,0.03125,0.003349256468936801
bf16_default,left_pad32_explicit,330322a632bb1efa3b2979d67e2f9b99eb7190450a121d8fac26014a6dbab5d9,layer_19,full_attention,0.015806050971150398,0.0625,0.0039658634923398495
bf16_default,left_pad32_explicit,330322a632bb1efa3b2979d67e2f9b99eb7190450a121d8fac26014a6dbab5d9,layer_20,linear_attention,0.01594497077167034,0.09375,0.004450303502380848
bf16_default,left_pad32_explicit,330322a632bb1efa3b2979d67e2f9b99eb7190450a121d8fac26014a6dbab5d9,layer_21,linear_attention,0.015207178890705109,0.0625,0.004915851168334484
bf16_default,left_pad32_explicit,330322a632bb1efa3b2979d67e2f9b99eb7190450a121d8fac26014a6dbab5d9,layer_22,linear_attention,0.014602013863623142,0.0625,0.005320119671523571
bf16_default,left_pad32_explicit,330322a632bb1efa3b2979d67e2f9b99eb7190450a121d8fac26014a6dbab5d9,layer_23,full_attention,0.01345567312091589,0.0625,0.005629765801131725
bf16_default,left_pad32_explicit,330322a632bb1efa3b2979d67e2f9b99eb7190450a121d8fac26014a6dbab5d9,layer_24,linear_attention,0.013879288919270039,0.0625,0.006083428859710693
bf16_default,left_pad32_explicit,330322a632bb1efa3b2979d67e2f9b99eb7190450a121d8fac26014a6dbab5d9,layer_25,linear_attention,0.013397971168160439,0.0390625,0.006308698561042547
bf16_default,left_pad32_explicit,330322a632bb1efa3b2979d67e2f9b99eb7190450a121d8fac26014a6dbab5d9,layer_26,linear_attention,0.012365183793008327,0.125,0.006589388940483332
bf16_default,left_pad32_explicit,330322a632bb1efa3b2979d67e2f9b99eb7190450a121d8fac26014a6dbab5d9,layer_27,full_attention,0.013187958858907223,0.03515625,0.007379770278930664
bf16_default,left_pad32_explicit,330322a632bb1efa3b2979d67e2f9b99eb7190450a121d8fac26014a6dbab5d9,layer_28,linear_attention,0.012468847446143627,0.0390625,0.008244931697845459
bf16_default,left_pad32_explicit,330322a632bb1efa3b2979d67e2f9b99eb7190450a121d8fac26014a6dbab5d9,layer_29,linear_attention,0.013246926479041576,0.125,0.009175563231110573
bf16_default,left_pad32_explicit,330322a632bb1efa3b2979d67e2f9b99eb7190450a121d8fac26014a6dbab5d9,layer_30,linear_attention,0.012697959318757057,0.125,0.010535692796111107
bf16_default,left_pad32_explicit,330322a632bb1efa3b2979d67e2f9b99eb7190450a121d8fac26014a6dbab5d9,layer_31,full_attention,0.011472651734948158,0.125,0.012925195507705212
bf16_default,left_pad32_explicit,330322a632bb1efa3b2979d67e2f9b99eb7190450a121d8fac26014a6dbab5d9,final_norm,final_norm,0.012487622909247875,0.1875,0.02768348529934883
bf16_default,repeat_alone,17d7a74707ec16de2de7773af08ebcd40670cd195e65bd17d877e56a357d64fc,embedding,embedding,0.0,0.0,0.0
bf16_default,repeat_alone,17d7a74707ec16de2de7773af08ebcd40670cd195e65bd17d877e56a357d64fc,layer_00,linear_attention,0.0,0.0,0.0
bf16_default,repeat_alone,17d7a74707ec16de2de7773af08ebcd40670cd195e65bd17d877e56a357d64fc,layer_01,linear_attention,0.0,0.0,0.0
bf16_default,repeat_alone,17d7a74707ec16de2de7773af08ebcd40670cd195e65bd17d877e56a357d64fc,layer_02,linear_attention,0.0,0.0,0.0
bf16_default,repeat_alone,17d7a74707ec16de2de7773af08ebcd40670cd195e65bd17d877e56a357d64fc,layer_03,full_attention,0.0,0.0,0.0
bf16_default,repeat_alone,17d7a74707ec16de2de7773af08ebcd40670cd195e65bd17d877e56a357d64fc,layer_04,linear_attention,0.0,0.0,0.0
bf16_default,repeat_alone,17d7a74707ec16de2de7773af08ebcd40670cd195e65bd17d877e56a357d64fc,layer_05,linear_attention,0.0,0.0,0.0
bf16_default,repeat_alone,17d7a74707ec16de2de7773af08ebcd40670cd195e65bd17d877e56a357d64fc,layer_06,linear_attention,0.0,0.0,0.0
bf16_default,repeat_alone,17d7a74707ec16de2de7773af08ebcd40670cd195e65bd17d877e56a357d64fc,layer_07,full_attention,0.0,0.0,0.0
bf16_default,repeat_alone,17d7a74707ec16de2de7773af08ebcd40670cd195e65bd17d877e56a357d64fc,layer_08,linear_attention,0.0,0.0,0.0
bf16_default,repeat_alone,17d7a74707ec16de2de7773af08ebcd40670cd195e65bd17d877e56a357d64fc,layer_09,linear_attention,0.0,0.0,0.0
bf16_default,repeat_alone,17d7a74707ec16de2de7773af08ebcd40670cd195e65bd17d877e56a357d64fc,layer_10,linear_attention,0.0,0.0,0.0
bf16_default,repeat_alone,17d7a74707ec16de2de7773af08ebcd40670cd195e65bd17d877e56a357d64fc,layer_11,full_attention,0.0,0.0,0.0
bf16_default,repeat_alone,17d7a74707ec16de2de7773af08ebcd40670cd195e65bd17d877e56a357d64fc,layer_12,linear_attention,0.0,0.0,0.0
bf16_default,repeat_alone,17d7a74707ec16de2de7773af08ebcd40670cd195e65bd17d877e56a357d64fc,layer_13,linear_attention,0.0,0.0,0.0
bf16_default,repeat_alone,17d7a74707ec16de2de7773af08ebcd40670cd195e65bd17d877e56a357d64fc,layer_14,linear_attention,0.0,0.0,0.0
bf16_default,repeat_alone,17d7a74707ec16de2de7773af08ebcd40670cd195e65bd17d877e56a357d64fc,layer_15,full_attention,0.0,0.0,0.0
bf16_default,repeat_alone,17d7a74707ec16de2de7773af08ebcd40670cd195e65bd17d877e56a357d64fc,layer_16,linear_attention,0.0,0.0,0.0
bf16_default,repeat_alone,17d7a74707ec16de2de7773af08ebcd40670cd195e65bd17d877e56a357d64fc,layer_17,linear_attention,0.0,0.0,0.0
bf16_default,repeat_alone,17d7a74707ec16de2de7773af08ebcd40670cd195e65bd17d877e56a357d64fc,layer_18,linear_attention,0.0,0.0,0.0
bf16_default,repeat_alone,17d7a74707ec16de2de7773af08ebcd40670cd195e65bd17d877e56a357d64fc,layer_19,full_attention,0.0,0.0,0.0
bf16_default,repeat_alone,17d7a74707ec16de2de7773af08ebcd40670cd195e65bd17d877e56a357d64fc,layer_20,linear_attention,0.0,0.0,0.0
bf16_default,repeat_alone,17d7a74707ec16de2de7773af08ebcd40670cd195e65bd17d877e56a357d64fc,layer_21,linear_attention,0.0,0.0,0.0
bf16_default,repeat_alone,17d7a74707ec16de2de7773af08ebcd40670cd195e65bd17d877e56a357d64fc,layer_22,linear_attention,0.0,0.0,0.0
bf16_default,repeat_alone,17d7a74707ec16de2de7773af08ebcd40670cd195e65bd17d877e56a357d64fc,layer_23,full_attention,0.0,0.0,0.0
bf16_default,repeat_alone,17d7a74707ec16de2de7773af08ebcd40670cd195e65bd17d877e56a357d64fc,layer_24,linear_attention,0.0,0.0,0.0
bf16_default,repeat_alone,17d7a74707ec16de2de7773af08ebcd40670cd195e65bd17d877e56a357d64fc,layer_25,linear_attention,0.0,0.0,0.0
bf16_default,repeat_alone,17d7a74707ec16de2de7773af08ebcd40670cd195e65bd17d877e56a357d64fc,layer_26,linear_attention,0.0,0.0,0.0
bf16_default,repeat_alone,17d7a74707ec16de2de7773af08ebcd40670cd195e65bd17d877e56a357d64fc,layer_27,full_attention,0.0,0.0,0.0
bf16_default,repeat_alone,17d7a74707ec16de2de7773af08ebcd40670cd195e65bd17d877e56a357d64fc,layer_28,linear_attention,0.0,0.0,0.0
bf16_default,repeat_alone,17d7a74707ec16de2de7773af08ebcd40670cd195e65bd17d877e56a357d64fc,layer_29,linear_attention,0.0,0.0,0.0
bf16_default,repeat_alone,17d7a74707ec16de2de7773af08ebcd40670cd195e65bd17d877e56a357d64fc,layer_30,linear_attention,0.0,0.0,0.0
bf16_default,repeat_alone,17d7a74707ec16de2de7773af08ebcd40670cd195e65bd17d877e56a357d64fc,layer_31,full_attention,0.0,0.0,0.0
bf16_default,repeat_alone,17d7a74707ec16de2de7773af08ebcd40670cd195e65bd17d877e56a357d64fc,final_norm,final_norm,0.0,0.0,0.0
bf16_default,duplicate_batch2,17d7a74707ec16de2de7773af08ebcd40670cd195e65bd17d877e56a357d64fc,embedding,embedding,0.0,0.0,0.0
bf16_default,duplicate_batch2,17d7a74707ec16de2de7773af08ebcd40670cd195e65bd17d877e56a357d64fc,layer_00,linear_attention,0.0029961969703435898,0.0009765625,0.00010075997852254659
bf16_default,duplicate_batch2,17d7a74707ec16de2de7773af08ebcd40670cd195e65bd17d877e56a357d64fc,layer_01,linear_attention,0.012799321673810482,0.03125,0.00022323876328300685
bf16_default,duplicate_batch2,17d7a74707ec16de2de7773af08ebcd40670cd195e65bd17d877e56a357d64fc,layer_02,linear_attention,0.019976530224084854,0.046875,0.00045824499102309346
bf16_default,duplicate_batch2,17d7a74707ec16de2de7773af08ebcd40670cd195e65bd17d877e56a357d64fc,layer_03,full_attention,0.016541680321097374,0.046875,0.0007478177431039512
bf16_default,duplicate_batch2,17d7a74707ec16de2de7773af08ebcd40670cd195e65bd17d877e56a357d64fc,layer_04,linear_attention,0.0170796737074852,0.046875,0.001208767294883728
bf16_default,duplicate_batch2,17d7a74707ec16de2de7773af08ebcd40670cd195e65bd17d877e56a357d64fc,layer_05,linear_attention,0.014174471609294415,0.03125,0.0013301477301865816
bf16_default,duplicate_batch2,17d7a74707ec16de2de7773af08ebcd40670cd195e65bd17d877e56a357d64fc,layer_06,linear_attention,0.017059044912457466,0.0625,0.0013640150427818298
bf16_default,duplicate_batch2,17d7a74707ec16de2de7773af08ebcd40670cd195e65bd17d877e56a357d64fc,layer_07,full_attention,0.016084235161542892,0.0625,0.0014618694549426436
bf16_default,duplicate_batch2,17d7a74707ec16de2de7773af08ebcd40670cd195e65bd17d877e56a357d64fc,layer_08,linear_attention,0.014235527254641056,0.03125,0.0013928621774539351
bf16_default,duplicate_batch2,17d7a74707ec16de2de7773af08ebcd40670cd195e65bd17d877e56a357d64fc,layer_09,linear_attention,0.013380009680986404,0.0234375,0.0013959765201434493
bf16_default,duplicate_batch2,17d7a74707ec16de2de7773af08ebcd40670cd195e65bd17d877e56a357d64fc,layer_10,linear_attention,0.013366205617785454,0.0234375,0.0013894826406612992
bf16_default,duplicate_batch2,17d7a74707ec16de2de7773af08ebcd40670cd195e65bd17d877e56a357d64fc,layer_11,full_attention,0.012589938007295132,0.0234375,0.0015012711519375443
bf16_default,duplicate_batch2,17d7a74707ec16de2de7773af08ebcd40670cd195e65bd17d877e56a357d64fc,layer_12,linear_attention,0.012648946605622768,0.015625,0.001525628613308072
bf16_default,duplicate_batch2,17d7a74707ec16de2de7773af08ebcd40670cd195e65bd17d877e56a357d64fc,layer_13,linear_attention,0.012933780439198017,0.015625,0.0016517579788342118
bf16_default,duplicate_batch2,17d7a74707ec16de2de7773af08ebcd40670cd195e65bd17d877e56a357d64fc,layer_14,linear_attention,0.01403116900473833,0.03125,0.0018405914306640625
bf16_default,duplicate_batch2,17d7a74707ec16de2de7773af08ebcd40670cd195e65bd17d877e56a357d64fc,layer_15,full_attention,0.013898796401917934,0.03125,0.002033406402915716
bf16_default,duplicate_batch2,17d7a74707ec16de2de7773af08ebcd40670cd195e65bd17d877e56a357d64fc,layer_16,linear_attention,0.014727494679391384,0.03125,0.0022651939652860165
bf16_default,duplicate_batch2,17d7a74707ec16de2de7773af08ebcd40670cd195e65bd17d877e56a357d64fc,layer_17,linear_attention,0.014087515883147717,0.01953125,0.0024359181988984346
bf16_default,duplicate_batch2,17d7a74707ec16de2de7773af08ebcd40670cd195e65bd17d877e56a357d64fc,layer_18,linear_attention,0.014110936783254147,0.0234375,0.002857512328773737
bf16_default,duplicate_batch2,17d7a74707ec16de2de7773af08ebcd40670cd195e65bd17d877e56a357d64fc,layer_19,full_attention,0.013249838724732399,0.0390625,0.0032137781381607056
bf16_default,duplicate_batch2,17d7a74707ec16de2de7773af08ebcd40670cd195e65bd17d877e56a357d64fc,layer_20,linear_attention,0.013819975778460503,0.0390625,0.0038540721870958805
bf16_default,duplicate_batch2,17d7a74707ec16de2de7773af08ebcd40670cd195e65bd17d877e56a357d64fc,layer_21,linear_attention,0.014206777326762676,0.0625,0.004411003086715937
bf16_default,duplicate_batch2,17d7a74707ec16de2de7773af08ebcd40670cd195e65bd17d877e56a357d64fc,layer_22,linear_attention,0.013834282755851746,0.03125,0.004873132798820734
bf16_default,duplicate_batch2,17d7a74707ec16de2de7773af08ebcd40670cd195e65bd17d877e56a357d64fc,layer_23,full_attention,0.012735751457512379,0.046875,0.005253243260085583
bf16_default,duplicate_batch2,17d7a74707ec16de2de7773af08ebcd40670cd195e65bd17d877e56a357d64fc,layer_24,linear_attention,0.013666446320712566,0.0625,0.005932134576141834
bf16_default,duplicate_batch2,17d7a74707ec16de2de7773af08ebcd40670cd195e65bd17d877e56a357d64fc,layer_25,linear_attention,0.013492864556610584,0.0625,0.006162583827972412
bf16_default,duplicate_batch2,17d7a74707ec16de2de7773af08ebcd40670cd195e65bd17d877e56a357d64fc,layer_26,linear_attention,0.012492097914218903,0.0625,0.006455248687416315
bf16_default,duplicate_batch2,17d7a74707ec16de2de7773af08ebcd40670cd195e65bd17d877e56a357d64fc,layer_27,full_attention,0.012918677181005478,0.0625,0.007029867265373468
bf16_default,duplicate_batch2,17d7a74707ec16de2de7773af08ebcd40670cd195e65bd17d877e56a357d64fc,layer_28,linear_attention,0.012267821468412876,0.046875,0.007985907606780529
bf16_default,duplicate_batch2,17d7a74707ec16de2de7773af08ebcd40670cd195e65bd17d877e56a357d64fc,layer_29,linear_attention,0.013283085078001022,0.125,0.00904267467558384
bf16_default,duplicate_batch2,17d7a74707ec16de2de7773af08ebcd40670cd195e65bd17d877e56a357d64fc,layer_30,linear_attention,0.01283956691622734,0.0625,0.010489809326827526
bf16_default,duplicate_batch2,17d7a74707ec16de2de7773af08ebcd40670cd195e65bd17d877e56a357d64fc,layer_31,full_attention,0.013393771834671497,0.375,0.013698672875761986
bf16_default,duplicate_batch2,17d7a74707ec16de2de7773af08ebcd40670cd195e65bd17d877e56a357d64fc,final_norm,final_norm,0.013102074153721333,0.1875,0.030237961560487747
bf16_default,right_pad32,17d7a74707ec16de2de7773af08ebcd40670cd195e65bd17d877e56a357d64fc,embedding,embedding,0.0,0.0,0.0
bf16_default,right_pad32,17d7a74707ec16de2de7773af08ebcd40670cd195e65bd17d877e56a357d64fc,layer_00,linear_attention,0.002399332821369171,0.0009765625,7.396973524009809e-05
bf16_default,right_pad32,17d7a74707ec16de2de7773af08ebcd40670cd195e65bd17d877e56a357d64fc,layer_01,linear_attention,0.01258733682334423,0.03125,0.00019791796512436122
bf16_default,right_pad32,17d7a74707ec16de2de7773af08ebcd40670cd195e65bd17d877e56a357d64fc,layer_02,linear_attention,0.02042352594435215,0.046875,0.0004905328387394547
bf16_default,right_pad32,17d7a74707ec16de2de7773af08ebcd40670cd195e65bd17d877e56a357d64fc,layer_03,full_attention,0.013838955201208591,0.03125,0.0007178127998486161
bf16_default,right_pad32,17d7a74707ec16de2de7773af08ebcd40670cd195e65bd17d877e56a357d64fc,layer_04,linear_attention,0.015804138034582138,0.03125,0.0012113169068470597
bf16_default,right_pad32,17d7a74707ec16de2de7773af08ebcd40670cd195e65bd17d877e56a357d64fc,layer_05,linear_attention,0.01282193697988987,0.005859375,0.001267330371774733
bf16_default,right_pad32,17d7a74707ec16de2de7773af08ebcd40670cd195e65bd17d877e56a357d64fc,layer_06,linear_attention,0.01265969593077898,0.015625,0.001217913581058383
bf16_default,right_pad32,17d7a74707ec16de2de7773af08ebcd40670cd195e65bd17d877e56a357d64fc,layer_07,full_attention,0.011917459778487682,0.015625,0.0012775749200955033
bf16_default,right_pad32,17d7a74707ec16de2de7773af08ebcd40670cd195e65bd17d877e56a357d64fc,layer_08,linear_attention,0.012216984294354916,0.015625,0.0012713551986962557
bf16_default,right_pad32,17d7a74707ec16de2de7773af08ebcd40670cd195e65bd17d877e56a357d64fc,layer_09,linear_attention,0.012403993867337704,0.015625,0.00129450554959476
bf16_default,right_pad32,17d7a74707ec16de2de7773af08ebcd40670cd195e65bd17d877e56a357d64fc,layer_10,linear_attention,0.012842605821788311,0.015625,0.0013525441754609346
bf16_default,right_pad32,17d7a74707ec16de2de7773af08ebcd40670cd195e65bd17d877e56a357d64fc,layer_11,full_attention,0.013047823682427406,0.03125,0.0015143543714657426
bf16_default,right_pad32,17d7a74707ec16de2de7773af08ebcd40670cd195e65bd17d877e56a357d64fc,layer_12,linear_attention,0.012774528004229069,0.015625,0.0015608787070959806
bf16_default,right_pad32,17d7a74707ec16de2de7773af08ebcd40670cd195e65bd17d877e56a357d64fc,layer_13,linear_attention,0.012734749354422092,0.015625,0.0016287446487694979
bf16_default,right_pad32,17d7a74707ec16de2de7773af08ebcd40670cd195e65bd17d877e56a357d64fc,layer_14,linear_attention,0.013138821348547935,0.015625,0.001794451498426497
bf16_default,right_pad32,17d7a74707ec16de2de7773af08ebcd40670cd195e65bd17d877e56a357d64fc,layer_15,full_attention,0.01389398891478777,0.03125,0.0020496309734880924
bf16_default,right_pad32,17d7a74707ec16de2de7773af08ebcd40670cd195e65bd17d877e56a357d64fc,layer_16,linear_attention,0.014478902332484722,0.015625,0.0022926689125597477
bf16_default,right_pad32,17d7a74707ec16de2de7773af08ebcd40670cd195e65bd17d877e56a357d64fc,layer_17,linear_attention,0.014874882064759731,0.015625,0.002581718610599637
bf16_default,right_pad32,17d7a74707ec16de2de7773af08ebcd40670cd195e65bd17d877e56a357d64fc,layer_18,linear_attention,0.015514802187681198,0.03125,0.0031024038325995207
bf16_default,right_pad32,17d7a74707ec16de2de7773af08ebcd40670cd195e65bd17d877e56a357d64fc,layer_19,full_attention,0.014570414088666439,0.03125,0.0036275596357882023
bf16_default,right_pad32,17d7a74707ec16de2de7773af08ebcd40670cd195e65bd17d877e56a357d64fc,layer_20,linear_attention,0.015156232751905918,0.0625,0.004187381360679865
bf16_default,right_pad32,17d7a74707ec16de2de7773af08ebcd40670cd195e65bd17d877e56a357d64fc,layer_21,linear_attention,0.015620128251612186,0.125,0.004664301872253418
bf16_default,right_pad32,17d7a74707ec16de2de7773af08ebcd40670cd195e65bd17d877e56a357d64fc,layer_22,linear_attention,0.014461849816143513,0.0625,0.005130112171173096
bf16_default,right_pad32,17d7a74707ec16de2de7773af08ebcd40670cd195e65bd17d877e56a357d64fc,layer_23,full_attention,0.013861287385225296,0.0625,0.005758875515311956
bf16_default,right_pad32,17d7a74707ec16de2de7773af08ebcd40670cd195e65bd17d877e56a357d64fc,layer_24,linear_attention,0.013959440402686596,0.0625,0.006139904260635376
bf16_default,right_pad32,17d7a74707ec16de2de7773af08ebcd40670cd195e65bd17d877e56a357d64fc,layer_25,linear_attention,0.013672524131834507,0.0625,0.006334638688713312
bf16_default,right_pad32,17d7a74707ec16de2de7773af08ebcd40670cd195e65bd17d877e56a357d64fc,layer_26,linear_attention,0.013373304158449173,0.125,0.006768578197807074
bf16_default,right_pad32,17d7a74707ec16de2de7773af08ebcd40670cd195e65bd17d877e56a357d64fc,layer_27,full_attention,0.01411729771643877,0.125,0.007517087273299694
bf16_default,right_pad32,17d7a74707ec16de2de7773af08ebcd40670cd195e65bd17d877e56a357d64fc,layer_28,linear_attention,0.012638583779335022,0.0625,0.008212482556700706
bf16_default,right_pad32,17d7a74707ec16de2de7773af08ebcd40670cd195e65bd17d877e56a357d64fc,layer_29,linear_attention,0.013257102109491825,0.046875,0.0092549379914999
bf16_default,right_pad32,17d7a74707ec16de2de7773af08ebcd40670cd195e65bd17d877e56a357d64fc,layer_30,linear_attention,0.013098710216581821,0.0625,0.010689521208405495
bf16_default,right_pad32,17d7a74707ec16de2de7773af08ebcd40670cd195e65bd17d877e56a357d64fc,layer_31,full_attention,0.013039818033576012,0.25,0.013946843333542347
bf16_default,right_pad32,17d7a74707ec16de2de7773af08ebcd40670cd195e65bd17d877e56a357d64fc,final_norm,final_norm,0.0136745385825634,0.1875,0.03140199929475784
bf16_default,right_pad128,17d7a74707ec16de2de7773af08ebcd40670cd195e65bd17d877e56a357d64fc,embedding,embedding,0.0,0.0,0.0
bf16_default,right_pad128,17d7a74707ec16de2de7773af08ebcd40670cd195e65bd17d877e56a357d64fc,layer_00,linear_attention,0.0029961969703435898,0.0009765625,0.00010075997852254659
bf16_default,right_pad128,17d7a74707ec16de2de7773af08ebcd40670cd195e65bd17d877e56a357d64fc,layer_01,linear_attention,0.012799321673810482,0.03125,0.00022323876328300685
bf16_default,right_pad128,17d7a74707ec16de2de7773af08ebcd40670cd195e65bd17d877e56a357d64fc,layer_02,linear_attention,0.019976530224084854,0.046875,0.00045824499102309346
bf16_default,right_pad128,17d7a74707ec16de2de7773af08ebcd40670cd195e65bd17d877e56a357d64fc,layer_03,full_attention,0.016470113769173622,0.046875,0.0007440000772476196
bf16_default,right_pad128,17d7a74707ec16de2de7773af08ebcd40670cd195e65bd17d877e56a357d64fc,layer_04,linear_attention,0.01690097711980343,0.046875,0.0011973291402682662
bf16_default,right_pad128,17d7a74707ec16de2de7773af08ebcd40670cd195e65bd17d877e56a357d64fc,layer_05,linear_attention,0.014162876643240452,0.03125,0.0013374820118770003
bf16_default,right_pad128,17d7a74707ec16de2de7773af08ebcd40670cd195e65bd17d877e56a357d64fc,layer_06,linear_attention,0.01566394232213497,0.046875,0.0013902276987209916
bf16_default,right_pad128,17d7a74707ec16de2de7773af08ebcd40670cd195e65bd17d877e56a357d64fc,layer_07,full_attention,0.013740734197199345,0.03125,0.001416969345882535
bf16_default,right_pad128,17d7a74707ec16de2de7773af08ebcd40670cd195e65bd17d877e56a357d64fc,layer_08,linear_attention,0.014000127092003822,0.03125,0.0014075204962864518
bf16_default,right_pad128,17d7a74707ec16de2de7773af08ebcd40670cd195e65bd17d877e56a357d64fc,layer_09,linear_attention,0.01402921974658966,0.03125,0.001425388501957059
bf16_default,right_pad128,17d7a74707ec16de2de7773af08ebcd40670cd195e65bd17d877e56a357d64fc,layer_10,linear_attention,0.013806783594191074,0.03125,0.0014032155741006136
bf16_default,right_pad128,17d7a74707ec16de2de7773af08ebcd40670cd195e65bd17d877e56a357d64fc,layer_11,full_attention,0.01265734527260065,0.03125,0.0014807969564571977
bf16_default,right_pad128,17d7a74707ec16de2de7773af08ebcd40670cd195e65bd17d877e56a357d64fc,layer_12,linear_attention,0.012271193787455559,0.0107421875,0.0014905929565429688
bf16_default,right_pad128,17d7a74707ec16de2de7773af08ebcd40670cd195e65bd17d877e56a357d64fc,layer_13,linear_attention,0.012224836274981499,0.01171875,0.0015717089409008622
bf16_default,right_pad128,17d7a74707ec16de2de7773af08ebcd40670cd195e65bd17d877e56a357d64fc,layer_14,linear_attention,0.013313869945704937,0.03125,0.0018176883459091187
bf16_default,right_pad128,17d7a74707ec16de2de7773af08ebcd40670cd195e65bd17d877e56a357d64fc,layer_15,full_attention,0.013247838243842125,0.015625,0.0020137906540185213
bf16_default,right_pad128,17d7a74707ec16de2de7773af08ebcd40670cd195e65bd17d877e56a357d64fc,layer_16,linear_attention,0.014584463089704514,0.03125,0.002293103840202093
bf16_default,right_pad128,17d7a74707ec16de2de7773af08ebcd40670cd195e65bd17d877e56a357d64fc,layer_17,linear_attention,0.0151309659704566,0.015625,0.0026375665329396725
bf16_default,right_pad128,17d7a74707ec16de2de7773af08ebcd40670cd195e65bd17d877e56a357d64fc,layer_18,linear_attention,0.01524441409856081,0.0234375,0.00313318963162601
bf16_default,right_pad128,17d7a74707ec16de2de7773af08ebcd40670cd195e65bd17d877e56a357d64fc,layer_19,full_attention,0.014205441810190678,0.03125,0.003537103533744812
bf16_default,right_pad128,17d7a74707ec16de2de7773af08ebcd40670cd195e65bd17d877e56a357d64fc,layer_20,linear_attention,0.014487126842141151,0.03125,0.004118597600609064
bf16_default,right_pad128,17d7a74707ec16de2de7773af08ebcd40670cd195e65bd17d877e56a357d64fc,layer_21,linear_attention,0.01423849631100893,0.03125,0.004561230540275574
bf16_default,right_pad128,17d7a74707ec16de2de7773af08ebcd40670cd195e65bd17d877e56a357d64fc,layer_22,linear_attention,0.014640996232628822,0.0625,0.005144155118614435
bf16_default,right_pad128,17d7a74707ec16de2de7773af08ebcd40670cd195e65bd17d877e56a357d64fc,layer_23,full_attention,0.014187093824148178,0.0625,0.005818224046379328
bf16_default,right_pad128,17d7a74707ec16de2de7773af08ebcd40670cd195e65bd17d877e56a357d64fc,layer_24,linear_attention,0.014891982078552246,0.0625,0.006544959731400013
bf16_default,right_pad128,17d7a74707ec16de2de7773af08ebcd40670cd195e65bd17d877e56a357d64fc,layer_25,linear_attention,0.014510233886539936,0.046875,0.006728815846145153
bf16_default,right_pad128,17d7a74707ec16de2de7773af08ebcd40670cd195e65bd17d877e56a357d64fc,layer_26,linear_attention,0.014172965660691261,0.125,0.007173627614974976
bf16_default,right_pad128,17d7a74707ec16de2de7773af08ebcd40670cd195e65bd17d877e56a357d64fc,layer_27,full_attention,0.014363945461809635,0.046875,0.007906687445938587
bf16_default,right_pad128,17d7a74707ec16de2de7773af08ebcd40670cd195e65bd17d877e56a357d64fc,layer_28,linear_attention,0.013485850766301155,0.04296875,0.00880650244653225
bf16_default,right_pad128,17d7a74707ec16de2de7773af08ebcd40670cd195e65bd17d877e56a357d64fc,layer_29,linear_attention,0.014089551754295826,0.046875,0.009789938107132912
bf16_default,right_pad128,17d7a74707ec16de2de7773af08ebcd40670cd195e65bd17d877e56a357d64fc,layer_30,linear_attention,0.014049414545297623,0.0625,0.01154251117259264
bf16_default,right_pad128,17d7a74707ec16de2de7773af08ebcd40670cd195e65bd17d877e56a357d64fc,layer_31,full_attention,0.012378274463117123,0.125,0.013538217172026634
bf16_default,right_pad128,17d7a74707ec16de2de7773af08ebcd40670cd195e65bd17d877e56a357d64fc,final_norm,final_norm,0.013399692252278328,0.25,0.030490517616271973
bf16_default,mixed_batch3,17d7a74707ec16de2de7773af08ebcd40670cd195e65bd17d877e56a357d64fc,embedding,embedding,0.0,0.0,0.0
bf16_default,mixed_batch3,17d7a74707ec16de2de7773af08ebcd40670cd195e65bd17d877e56a357d64fc,layer_00,linear_attention,0.004077566787600517,0.0009765625,0.00014387964620254934
bf16_default,mixed_batch3,17d7a74707ec16de2de7773af08ebcd40670cd195e65bd17d877e56a357d64fc,layer_01,linear_attention,0.0059473770670592785,0.001953125,0.00024347007274627686
bf16_default,mixed_batch3,17d7a74707ec16de2de7773af08ebcd40670cd195e65bd17d877e56a357d64fc,layer_02,linear_attention,0.0090292664244771,0.0078125,0.0003561675548553467
bf16_default,mixed_batch3,17d7a74707ec16de2de7773af08ebcd40670cd195e65bd17d877e56a357d64fc,layer_03,full_attention,0.009163926355540752,0.00390625,0.000558766711037606
bf16_default,mixed_batch3,17d7a74707ec16de2de7773af08ebcd40670cd195e65bd17d877e56a357d64fc,layer_04,linear_attention,0.012470580637454987,0.015625,0.0010009616380557418
bf16_default,mixed_batch3,17d7a74707ec16de2de7773af08ebcd40670cd195e65bd17d877e56a357d64fc,layer_05,linear_attention,0.011092259548604488,0.01171875,0.0010973915923386812
bf16_default,mixed_batch3,17d7a74707ec16de2de7773af08ebcd40670cd195e65bd17d877e56a357d64fc,layer_06,linear_attention,0.011598379351198673,0.01171875,0.0011162981390953064
bf16_default,mixed_batch3,17d7a74707ec16de2de7773af08ebcd40670cd195e65bd17d877e56a357d64fc,layer_07,full_attention,0.012461365200579166,0.03125,0.0012497067218646407
bf16_default,mixed_batch3,17d7a74707ec16de2de7773af08ebcd40670cd195e65bd17d877e56a357d64fc,layer_08,linear_attention,0.01302388682961464,0.015625,0.001361799193546176
bf16_default,mixed_batch3,17d7a74707ec16de2de7773af08ebcd40670cd195e65bd17d877e56a357d64fc,layer_09,linear_attention,0.012935996986925602,0.015625,0.0013727962505072355
bf16_default,mixed_batch3,17d7a74707ec16de2de7773af08ebcd40670cd195e65bd17d877e56a357d64fc,layer_10,linear_attention,0.013378621079027653,0.015625,0.0014424175024032593
bf16_default,mixed_batch3,17d7a74707ec16de2de7773af08ebcd40670cd195e65bd17d877e56a357d64fc,layer_11,full_attention,0.012609746307134628,0.015625,0.0015565871726721525
bf16_default,mixed_batch3,17d7a74707ec16de2de7773af08ebcd40670cd195e65bd17d877e56a357d64fc,layer_12,linear_attention,0.013544351793825626,0.03125,0.0016006946098059416
bf16_default,mixed_batch3,17d7a74707ec16de2de7773af08ebcd40670cd195e65bd17d877e56a357d64fc,layer_13,linear_attention,0.013765486888587475,0.03125,0.001707184361293912
bf16_default,mixed_batch3,17d7a74707ec16de2de7773af08ebcd40670cd195e65bd17d877e56a357d64fc,layer_14,linear_attention,0.014111902564764023,0.03125,0.0019041493069380522
bf16_default,mixed_batch3,17d7a74707ec16de2de7773af08ebcd40670cd195e65bd17d877e56a357d64fc,layer_15,full_attention,0.014148501679301262,0.015625,0.0021622597705572844
bf16_default,mixed_batch3,17d7a74707ec16de2de7773af08ebcd40670cd195e65bd17d877e56a357d64fc,layer_16,linear_attention,0.015068919397890568,0.03125,0.002371162176132202
bf16_default,mixed_batch3,17d7a74707ec16de2de7773af08ebcd40670cd195e65bd17d877e56a357d64fc,layer_17,linear_attention,0.014703604392707348,0.015625,0.0025646642316132784
bf16_default,mixed_batch3,17d7a74707ec16de2de7773af08ebcd40670cd195e65bd17d877e56a357d64fc,layer_18,linear_attention,0.014349812641739845,0.015625,0.002890944480895996
bf16_default,mixed_batch3,17d7a74707ec16de2de7773af08ebcd40670cd195e65bd17d877e56a357d64fc,layer_19,full_attention,0.013723121024668217,0.01953125,0.0033699660561978817
bf16_default,mixed_batch3,17d7a74707ec16de2de7773af08ebcd40670cd195e65bd17d877e56a357d64fc,layer_20,linear_attention,0.01369798555970192,0.03125,0.0038750648964196444
bf16_default,mixed_batch3,17d7a74707ec16de2de7773af08ebcd40670cd195e65bd17d877e56a357d64fc,layer_21,linear_attention,0.013337639160454273,0.0234375,0.0042490242049098015
bf16_default,mixed_batch3,17d7a74707ec16de2de7773af08ebcd40670cd195e65bd17d877e56a357d64fc,layer_22,linear_attention,0.013470452278852463,0.0625,0.004730045795440674
bf16_default,mixed_batch3,17d7a74707ec16de2de7773af08ebcd40670cd195e65bd17d877e56a357d64fc,layer_23,full_attention,0.012377589009702206,0.0625,0.005073642823845148
bf16_default,mixed_batch3,17d7a74707ec16de2de7773af08ebcd40670cd195e65bd17d877e56a357d64fc,layer_24,linear_attention,0.012962426990270615,0.0625,0.005544728133827448
bf16_default,mixed_batch3,17d7a74707ec16de2de7773af08ebcd40670cd195e65bd17d877e56a357d64fc,layer_25,linear_attention,0.0127095403149724,0.0625,0.005724573042243719
bf16_default,mixed_batch3,17d7a74707ec16de2de7773af08ebcd40670cd195e65bd17d877e56a357d64fc,layer_26,linear_attention,0.011730073019862175,0.0625,0.005968600511550903
bf16_default,mixed_batch3,17d7a74707ec16de2de7773af08ebcd40670cd195e65bd17d877e56a357d64fc,layer_27,full_attention,0.012701036408543587,0.0625,0.006942951586097479
bf16_default,mixed_batch3,17d7a74707ec16de2de7773af08ebcd40670cd195e65bd17d877e56a357d64fc,layer_28,linear_attention,0.012180074118077755,0.125,0.007704305462539196
bf16_default,mixed_batch3,17d7a74707ec16de2de7773af08ebcd40670cd195e65bd17d877e56a357d64fc,layer_29,linear_attention,0.012884177267551422,0.125,0.008829742670059204
bf16_default,mixed_batch3,17d7a74707ec16de2de7773af08ebcd40670cd195e65bd17d877e56a357d64fc,layer_30,linear_attention,0.013098623603582382,0.078125,0.010645115748047829
bf16_default,mixed_batch3,17d7a74707ec16de2de7773af08ebcd40670cd195e65bd17d877e56a357d64fc,layer_31,full_attention,0.012410051189363003,0.25,0.013160372152924538
bf16_default,mixed_batch3,17d7a74707ec16de2de7773af08ebcd40670cd195e65bd17d877e56a357d64fc,final_norm,final_norm,0.012877910397946835,0.1875,0.029561340808868408
bf16_default,left_pad32_explicit,17d7a74707ec16de2de7773af08ebcd40670cd195e65bd17d877e56a357d64fc,embedding,embedding,0.0,0.0,0.0
bf16_default,left_pad32_explicit,17d7a74707ec16de2de7773af08ebcd40670cd195e65bd17d877e56a357d64fc,layer_00,linear_attention,0.002399332821369171,0.0009765625,7.396973524009809e-05
bf16_default,left_pad32_explicit,17d7a74707ec16de2de7773af08ebcd40670cd195e65bd17d877e56a357d64fc,layer_01,linear_attention,0.012584652751684189,0.03125,0.00019917971803806722
bf16_default,left_pad32_explicit,17d7a74707ec16de2de7773af08ebcd40670cd195e65bd17d877e56a357d64fc,layer_02,linear_attention,0.022435374557971954,0.0546875,0.0004572749021463096
bf16_default,left_pad32_explicit,17d7a74707ec16de2de7773af08ebcd40670cd195e65bd17d877e56a357d64fc,layer_03,full_attention,0.013318508863449097,0.03125,0.0006754457717761397
bf16_default,left_pad32_explicit,17d7a74707ec16de2de7773af08ebcd40670cd195e65bd17d877e56a357d64fc,layer_04,linear_attention,0.014576086774468422,0.03125,0.0010910049313679338
bf16_default,left_pad32_explicit,17d7a74707ec16de2de7773af08ebcd40670cd195e65bd17d877e56a357d64fc,layer_05,linear_attention,0.011851010844111443,0.0078125,0.0011646300554275513
bf16_default,left_pad32_explicit,17d7a74707ec16de2de7773af08ebcd40670cd195e65bd17d877e56a357d64fc,layer_06,linear_attention,0.01222496572881937,0.0078125,0.0011769294505938888
bf16_default,left_pad32_explicit,17d7a74707ec16de2de7773af08ebcd40670cd195e65bd17d877e56a357d64fc,layer_07,full_attention,0.012610314413905144,0.03125,0.0012864827876910567
bf16_default,left_pad32_explicit,17d7a74707ec16de2de7773af08ebcd40670cd195e65bd17d877e56a357d64fc,layer_08,linear_attention,0.012780504301190376,0.03125,0.001276372349821031
bf16_default,left_pad32_explicit,17d7a74707ec16de2de7773af08ebcd40670cd195e65bd17d877e56a357d64fc,layer_09,linear_attention,0.013147254474461079,0.03125,0.0013320327270776033
bf16_default,left_pad32_explicit,17d7a74707ec16de2de7773af08ebcd40670cd195e65bd17d877e56a357d64fc,layer_10,linear_attention,0.01327529177069664,0.03125,0.0013566523557528853
bf16_default,left_pad32_explicit,17d7a74707ec16de2de7773af08ebcd40670cd195e65bd17d877e56a357d64fc,layer_11,full_attention,0.012504322454333305,0.03125,0.0014782429207116365
bf16_default,left_pad32_explicit,17d7a74707ec16de2de7773af08ebcd40670cd195e65bd17d877e56a357d64fc,layer_12,linear_attention,0.014562351629137993,0.0625,0.0015225261449813843
bf16_default,left_pad32_explicit,17d7a74707ec16de2de7773af08ebcd40670cd195e65bd17d877e56a357d64fc,layer_13,linear_attention,0.014602591283619404,0.0625,0.0016444146167486906
bf16_default,left_pad32_explicit,17d7a74707ec16de2de7773af08ebcd40670cd195e65bd17d877e56a357d64fc,layer_14,linear_attention,0.01657429151237011,0.09375,0.0017915755743160844
bf16_default,left_pad32_explicit,17d7a74707ec16de2de7773af08ebcd40670cd195e65bd17d877e56a357d64fc,layer_15,full_attention,0.015454784035682678,0.0625,0.002180007053539157
bf16_default,left_pad32_explicit,17d7a74707ec16de2de7773af08ebcd40670cd195e65bd17d877e56a357d64fc,layer_16,linear_attention,0.016574677079916,0.0625,0.0024930357467383146
bf16_default,left_pad32_explicit,17d7a74707ec16de2de7773af08ebcd40670cd195e65bd17d877e56a357d64fc,layer_17,linear_attention,0.01757873222231865,0.0625,0.00295066530816257
bf16_default,left_pad32_explicit,17d7a74707ec16de2de7773af08ebcd40670cd195e65bd17d877e56a357d64fc,layer_18,linear_attention,0.01783319190144539,0.09375,0.0033801912795752287
bf16_default,left_pad32_explicit,17d7a74707ec16de2de7773af08ebcd40670cd195e65bd17d877e56a357d64fc,layer_19,full_attention,0.01611902192234993,0.0625,0.003921905066817999
bf16_default,left_pad32_explicit,17d7a74707ec16de2de7773af08ebcd40670cd195e65bd17d877e56a357d64fc,layer_20,linear_attention,0.015585720539093018,0.0625,0.004366874694824219
bf16_default,left_pad32_explicit,17d7a74707ec16de2de7773af08ebcd40670cd195e65bd17d877e56a357d64fc,layer_21,linear_attention,0.015156465582549572,0.0625,0.00476382952183485
bf16_default,left_pad32_explicit,17d7a74707ec16de2de7773af08ebcd40670cd195e65bd17d877e56a357d64fc,layer_22,linear_attention,0.01469741202890873,0.0625,0.005214703269302845
bf16_default,left_pad32_explicit,17d7a74707ec16de2de7773af08ebcd40670cd195e65bd17d877e56a357d64fc,layer_23,full_attention,0.013700752519071102,0.0625,0.005624216981232166
bf16_default,left_pad32_explicit,17d7a74707ec16de2de7773af08ebcd40670cd195e65bd17d877e56a357d64fc,layer_24,linear_attention,0.01414190698415041,0.0625,0.006146288011223078
bf16_default,left_pad32_explicit,17d7a74707ec16de2de7773af08ebcd40670cd195e65bd17d877e56a357d64fc,layer_25,linear_attention,0.014092985540628433,0.078125,0.0064983367919921875
bf16_default,left_pad32_explicit,17d7a74707ec16de2de7773af08ebcd40670cd195e65bd17d877e56a357d64fc,layer_26,linear_attention,0.013655678369104862,0.125,0.0068277777172625065
bf16_default,left_pad32_explicit,17d7a74707ec16de2de7773af08ebcd40670cd195e65bd17d877e56a357d64fc,layer_27,full_attention,0.0143781378865242,0.125,0.007706117816269398
bf16_default,left_pad32_explicit,17d7a74707ec16de2de7773af08ebcd40670cd195e65bd17d877e56a357d64fc,layer_28,linear_attention,0.012907844968140125,0.09375,0.008335566148161888
bf16_default,left_pad32_explicit,17d7a74707ec16de2de7773af08ebcd40670cd195e65bd17d877e56a357d64fc,layer_29,linear_attention,0.013733658008277416,0.125,0.009201663546264172
bf16_default,left_pad32_explicit,17d7a74707ec16de2de7773af08ebcd40670cd195e65bd17d877e56a357d64fc,layer_30,linear_attention,0.013376926071941853,0.078125,0.010780632495880127
bf16_default,left_pad32_explicit,17d7a74707ec16de2de7773af08ebcd40670cd195e65bd17d877e56a357d64fc,layer_31,full_attention,0.013266480527818203,0.25,0.014082526788115501
bf16_default,left_pad32_explicit,17d7a74707ec16de2de7773af08ebcd40670cd195e65bd17d877e56a357d64fc,final_norm,final_norm,0.013818789273500443,0.21875,0.031219011172652245
bf16_math,repeat_alone,f636292d4e7f4d319e4375aabd8b9fbcc56cda8904ffb2a4e4b86edcc70c26f9,embedding,embedding,0.0,0.0,0.0
bf16_math,repeat_alone,f636292d4e7f4d319e4375aabd8b9fbcc56cda8904ffb2a4e4b86edcc70c26f9,layer_00,linear_attention,0.0,0.0,0.0
bf16_math,repeat_alone,f636292d4e7f4d319e4375aabd8b9fbcc56cda8904ffb2a4e4b86edcc70c26f9,layer_01,linear_attention,0.0,0.0,0.0
bf16_math,repeat_alone,f636292d4e7f4d319e4375aabd8b9fbcc56cda8904ffb2a4e4b86edcc70c26f9,layer_02,linear_attention,0.0,0.0,0.0
bf16_math,repeat_alone,f636292d4e7f4d319e4375aabd8b9fbcc56cda8904ffb2a4e4b86edcc70c26f9,layer_03,full_attention,0.0,0.0,0.0
bf16_math,repeat_alone,f636292d4e7f4d319e4375aabd8b9fbcc56cda8904ffb2a4e4b86edcc70c26f9,layer_04,linear_attention,0.0,0.0,0.0
bf16_math,repeat_alone,f636292d4e7f4d319e4375aabd8b9fbcc56cda8904ffb2a4e4b86edcc70c26f9,layer_05,linear_attention,0.0,0.0,0.0
bf16_math,repeat_alone,f636292d4e7f4d319e4375aabd8b9fbcc56cda8904ffb2a4e4b86edcc70c26f9,layer_06,linear_attention,0.0,0.0,0.0
bf16_math,repeat_alone,f636292d4e7f4d319e4375aabd8b9fbcc56cda8904ffb2a4e4b86edcc70c26f9,layer_07,full_attention,0.0,0.0,0.0
bf16_math,repeat_alone,f636292d4e7f4d319e4375aabd8b9fbcc56cda8904ffb2a4e4b86edcc70c26f9,layer_08,linear_attention,0.0,0.0,0.0
bf16_math,repeat_alone,f636292d4e7f4d319e4375aabd8b9fbcc56cda8904ffb2a4e4b86edcc70c26f9,layer_09,linear_attention,0.0,0.0,0.0
bf16_math,repeat_alone,f636292d4e7f4d319e4375aabd8b9fbcc56cda8904ffb2a4e4b86edcc70c26f9,layer_10,linear_attention,0.0,0.0,0.0
bf16_math,repeat_alone,f636292d4e7f4d319e4375aabd8b9fbcc56cda8904ffb2a4e4b86edcc70c26f9,layer_11,full_attention,0.0,0.0,0.0
bf16_math,repeat_alone,f636292d4e7f4d319e4375aabd8b9fbcc56cda8904ffb2a4e4b86edcc70c26f9,layer_12,linear_attention,0.0,0.0,0.0
bf16_math,repeat_alone,f636292d4e7f4d319e4375aabd8b9fbcc56cda8904ffb2a4e4b86edcc70c26f9,layer_13,linear_attention,0.0,0.0,0.0
bf16_math,repeat_alone,f636292d4e7f4d319e4375aabd8b9fbcc56cda8904ffb2a4e4b86edcc70c26f9,layer_14,linear_attention,0.0,0.0,0.0
bf16_math,repeat_alone,f636292d4e7f4d319e4375aabd8b9fbcc56cda8904ffb2a4e4b86edcc70c26f9,layer_15,full_attention,0.0,0.0,0.0
bf16_math,repeat_alone,f636292d4e7f4d319e4375aabd8b9fbcc56cda8904ffb2a4e4b86edcc70c26f9,layer_16,linear_attention,0.0,0.0,0.0
bf16_math,repeat_alone,f636292d4e7f4d319e4375aabd8b9fbcc56cda8904ffb2a4e4b86edcc70c26f9,layer_17,linear_attention,0.0,0.0,0.0
bf16_math,repeat_alone,f636292d4e7f4d319e4375aabd8b9fbcc56cda8904ffb2a4e4b86edcc70c26f9,layer_18,linear_attention,0.0,0.0,0.0
bf16_math,repeat_alone,f636292d4e7f4d319e4375aabd8b9fbcc56cda8904ffb2a4e4b86edcc70c26f9,layer_19,full_attention,0.0,0.0,0.0
bf16_math,repeat_alone,f636292d4e7f4d319e4375aabd8b9fbcc56cda8904ffb2a4e4b86edcc70c26f9,layer_20,linear_attention,0.0,0.0,0.0
bf16_math,repeat_alone,f636292d4e7f4d319e4375aabd8b9fbcc56cda8904ffb2a4e4b86edcc70c26f9,layer_21,linear_attention,0.0,0.0,0.0
bf16_math,repeat_alone,f636292d4e7f4d319e4375aabd8b9fbcc56cda8904ffb2a4e4b86edcc70c26f9,layer_22,linear_attention,0.0,0.0,0.0
bf16_math,repeat_alone,f636292d4e7f4d319e4375aabd8b9fbcc56cda8904ffb2a4e4b86edcc70c26f9,layer_23,full_attention,0.0,0.0,0.0
bf16_math,repeat_alone,f636292d4e7f4d319e4375aabd8b9fbcc56cda8904ffb2a4e4b86edcc70c26f9,layer_24,linear_attention,0.0,0.0,0.0
bf16_math,repeat_alone,f636292d4e7f4d319e4375aabd8b9fbcc56cda8904ffb2a4e4b86edcc70c26f9,layer_25,linear_attention,0.0,0.0,0.0
bf16_math,repeat_alone,f636292d4e7f4d319e4375aabd8b9fbcc56cda8904ffb2a4e4b86edcc70c26f9,layer_26,linear_attention,0.0,0.0,0.0
bf16_math,repeat_alone,f636292d4e7f4d319e4375aabd8b9fbcc56cda8904ffb2a4e4b86edcc70c26f9,layer_27,full_attention,0.0,0.0,0.0
bf16_math,repeat_alone,f636292d4e7f4d319e4375aabd8b9fbcc56cda8904ffb2a4e4b86edcc70c26f9,layer_28,linear_attention,0.0,0.0,0.0
bf16_math,repeat_alone,f636292d4e7f4d319e4375aabd8b9fbcc56cda8904ffb2a4e4b86edcc70c26f9,layer_29,linear_attention,0.0,0.0,0.0
bf16_math,repeat_alone,f636292d4e7f4d319e4375aabd8b9fbcc56cda8904ffb2a4e4b86edcc70c26f9,layer_30,linear_attention,0.0,0.0,0.0
bf16_math,repeat_alone,f636292d4e7f4d319e4375aabd8b9fbcc56cda8904ffb2a4e4b86edcc70c26f9,layer_31,full_attention,0.0,0.0,0.0
bf16_math,repeat_alone,f636292d4e7f4d319e4375aabd8b9fbcc56cda8904ffb2a4e4b86edcc70c26f9,final_norm,final_norm,0.0,0.0,0.0
bf16_math,duplicate_batch2,f636292d4e7f4d319e4375aabd8b9fbcc56cda8904ffb2a4e4b86edcc70c26f9,embedding,embedding,0.0,0.0,0.0
bf16_math,duplicate_batch2,f636292d4e7f4d319e4375aabd8b9fbcc56cda8904ffb2a4e4b86edcc70c26f9,layer_00,linear_attention,0.003459324361756444,0.0009765625,0.00011899918172275648
bf16_math,duplicate_batch2,f636292d4e7f4d319e4375aabd8b9fbcc56cda8904ffb2a4e4b86edcc70c26f9,layer_01,linear_attention,0.004846184514462948,0.001953125,0.00019708574109245092
bf16_math,duplicate_batch2,f636292d4e7f4d319e4375aabd8b9fbcc56cda8904ffb2a4e4b86edcc70c26f9,layer_02,linear_attention,0.008368130773305893,0.0078125,0.00033714473829604685
bf16_math,duplicate_batch2,f636292d4e7f4d319e4375aabd8b9fbcc56cda8904ffb2a4e4b86edcc70c26f9,layer_03,full_attention,0.008864925242960453,0.00390625,0.0005587354535236955
bf16_math,duplicate_batch2,f636292d4e7f4d319e4375aabd8b9fbcc56cda8904ffb2a4e4b86edcc70c26f9,layer_04,linear_attention,0.012902496382594109,0.015625,0.0010679602855816483
bf16_math,duplicate_batch2,f636292d4e7f4d319e4375aabd8b9fbcc56cda8904ffb2a4e4b86edcc70c26f9,layer_05,linear_attention,0.01257824245840311,0.03125,0.001173465745523572
bf16_math,duplicate_batch2,f636292d4e7f4d319e4375aabd8b9fbcc56cda8904ffb2a4e4b86edcc70c26f9,layer_06,linear_attention,0.013681763783097267,0.03125,0.0012772276531904936
bf16_math,duplicate_batch2,f636292d4e7f4d319e4375aabd8b9fbcc56cda8904ffb2a4e4b86edcc70c26f9,layer_07,full_attention,0.01275794580578804,0.0078125,0.0014186829794198275
bf16_math,duplicate_batch2,f636292d4e7f4d319e4375aabd8b9fbcc56cda8904ffb2a4e4b86edcc70c26f9,layer_08,linear_attention,0.013291671872138977,0.0078125,0.001425325870513916
bf16_math,duplicate_batch2,f636292d4e7f4d319e4375aabd8b9fbcc56cda8904ffb2a4e4b86edcc70c26f9,layer_09,linear_attention,0.013853329233825207,0.0078125,0.0014951616758480668
bf16_math,duplicate_batch2,f636292d4e7f4d319e4375aabd8b9fbcc56cda8904ffb2a4e4b86edcc70c26f9,layer_10,linear_attention,0.01425025425851345,0.0078125,0.0015452206134796143
bf16_math,duplicate_batch2,f636292d4e7f4d319e4375aabd8b9fbcc56cda8904ffb2a4e4b86edcc70c26f9,layer_11,full_attention,0.013490663841366768,0.03125,0.0016084254020825028
bf16_math,duplicate_batch2,f636292d4e7f4d319e4375aabd8b9fbcc56cda8904ffb2a4e4b86edcc70c26f9,layer_12,linear_attention,0.013951010070741177,0.03125,0.0016810416709631681
bf16_math,duplicate_batch2,f636292d4e7f4d319e4375aabd8b9fbcc56cda8904ffb2a4e4b86edcc70c26f9,layer_13,linear_attention,0.01408102735877037,0.03125,0.0017820060020312667
bf16_math,duplicate_batch2,f636292d4e7f4d319e4375aabd8b9fbcc56cda8904ffb2a4e4b86edcc70c26f9,layer_14,linear_attention,0.01413803081959486,0.03125,0.0019111931324005127
bf16_math,duplicate_batch2,f636292d4e7f4d319e4375aabd8b9fbcc56cda8904ffb2a4e4b86edcc70c26f9,layer_15,full_attention,0.014354423619806767,0.03125,0.0021389052271842957
bf16_math,duplicate_batch2,f636292d4e7f4d319e4375aabd8b9fbcc56cda8904ffb2a4e4b86edcc70c26f9,layer_16,linear_attention,0.015553576871752739,0.03125,0.0024398178793489933
bf16_math,duplicate_batch2,f636292d4e7f4d319e4375aabd8b9fbcc56cda8904ffb2a4e4b86edcc70c26f9,layer_17,linear_attention,0.01569090597331524,0.03125,0.002694076392799616
bf16_math,duplicate_batch2,f636292d4e7f4d319e4375aabd8b9fbcc56cda8904ffb2a4e4b86edcc70c26f9,layer_18,linear_attention,0.015476709231734276,0.03125,0.0031127810943871737
bf16_math,duplicate_batch2,f636292d4e7f4d319e4375aabd8b9fbcc56cda8904ffb2a4e4b86edcc70c26f9,layer_19,full_attention,0.014363379217684269,0.01953125,0.0035986497532576323
bf16_math,duplicate_batch2,f636292d4e7f4d319e4375aabd8b9fbcc56cda8904ffb2a4e4b86edcc70c26f9,layer_20,linear_attention,0.014245737344026566,0.01953125,0.004120051860809326
bf16_math,duplicate_batch2,f636292d4e7f4d319e4375aabd8b9fbcc56cda8904ffb2a4e4b86edcc70c26f9,layer_21,linear_attention,0.014202526770532131,0.0234375,0.0045855045318603516
bf16_math,duplicate_batch2,f636292d4e7f4d319e4375aabd8b9fbcc56cda8904ffb2a4e4b86edcc70c26f9,layer_22,linear_attention,0.013737986795604229,0.03125,0.005012154579162598
bf16_math,duplicate_batch2,f636292d4e7f4d319e4375aabd8b9fbcc56cda8904ffb2a4e4b86edcc70c26f9,layer_23,full_attention,0.012981939129531384,0.03125,0.005423235706984997
bf16_math,duplicate_batch2,f636292d4e7f4d319e4375aabd8b9fbcc56cda8904ffb2a4e4b86edcc70c26f9,layer_24,linear_attention,0.013334950432181358,0.0625,0.005753344390541315
bf16_math,duplicate_batch2,f636292d4e7f4d319e4375aabd8b9fbcc56cda8904ffb2a4e4b86edcc70c26f9,layer_25,linear_attention,0.013549668714404106,0.125,0.006006729789078236
bf16_math,duplicate_batch2,f636292d4e7f4d319e4375aabd8b9fbcc56cda8904ffb2a4e4b86edcc70c26f9,layer_26,linear_attention,0.012513024732470512,0.125,0.006412476301193237
bf16_math,duplicate_batch2,f636292d4e7f4d319e4375aabd8b9fbcc56cda8904ffb2a4e4b86edcc70c26f9,layer_27,full_attention,0.013471091166138649,0.125,0.00725561985746026
bf16_math,duplicate_batch2,f636292d4e7f4d319e4375aabd8b9fbcc56cda8904ffb2a4e4b86edcc70c26f9,layer_28,linear_attention,0.012491906061768532,0.0625,0.008198368363082409
bf16_math,duplicate_batch2,f636292d4e7f4d319e4375aabd8b9fbcc56cda8904ffb2a4e4b86edcc70c26f9,layer_29,linear_attention,0.012924999929964542,0.078125,0.008979057893157005
bf16_math,duplicate_batch2,f636292d4e7f4d319e4375aabd8b9fbcc56cda8904ffb2a4e4b86edcc70c26f9,layer_30,linear_attention,0.013879993930459023,0.25,0.010712774470448494
bf16_math,duplicate_batch2,f636292d4e7f4d319e4375aabd8b9fbcc56cda8904ffb2a4e4b86edcc70c26f9,layer_31,full_attention,0.012916719540953636,0.25,0.014035332016646862
bf16_math,duplicate_batch2,f636292d4e7f4d319e4375aabd8b9fbcc56cda8904ffb2a4e4b86edcc70c26f9,final_norm,final_norm,0.013279478065669537,0.15625,0.029926234856247902
bf16_math,right_pad32,f636292d4e7f4d319e4375aabd8b9fbcc56cda8904ffb2a4e4b86edcc70c26f9,embedding,embedding,0.0,0.0,0.0
bf16_math,right_pad32,f636292d4e7f4d319e4375aabd8b9fbcc56cda8904ffb2a4e4b86edcc70c26f9,layer_00,linear_attention,0.004265698604285717,0.0009765625,0.00015195943706203252
bf16_math,right_pad32,f636292d4e7f4d319e4375aabd8b9fbcc56cda8904ffb2a4e4b86edcc70c26f9,layer_01,linear_attention,0.012621729634702206,0.03125,0.00023870616860222071
bf16_math,right_pad32,f636292d4e7f4d319e4375aabd8b9fbcc56cda8904ffb2a4e4b86edcc70c26f9,layer_02,linear_attention,0.01445082575082779,0.03125,0.0004274316015653312
bf16_math,right_pad32,f636292d4e7f4d319e4375aabd8b9fbcc56cda8904ffb2a4e4b86edcc70c26f9,layer_03,full_attention,0.013163577765226364,0.03125,0.0007066562538966537
bf16_math,right_pad32,f636292d4e7f4d319e4375aabd8b9fbcc56cda8904ffb2a4e4b86edcc70c26f9,layer_04,linear_attention,0.013792158104479313,0.015625,0.0011667072540149093
bf16_math,right_pad32,f636292d4e7f4d319e4375aabd8b9fbcc56cda8904ffb2a4e4b86edcc70c26f9,layer_05,linear_attention,0.01204171497374773,0.005859375,0.001216383301652968
bf16_math,right_pad32,f636292d4e7f4d319e4375aabd8b9fbcc56cda8904ffb2a4e4b86edcc70c26f9,layer_06,linear_attention,0.012838855385780334,0.015625,0.0012248099083080888
bf16_math,right_pad32,f636292d4e7f4d319e4375aabd8b9fbcc56cda8904ffb2a4e4b86edcc70c26f9,layer_07,full_attention,0.013113508000969887,0.03125,0.0013571887975558639
bf16_math,right_pad32,f636292d4e7f4d319e4375aabd8b9fbcc56cda8904ffb2a4e4b86edcc70c26f9,layer_08,linear_attention,0.01512435544282198,0.0625,0.0013095855247229338
bf16_math,right_pad32,f636292d4e7f4d319e4375aabd8b9fbcc56cda8904ffb2a4e4b86edcc70c26f9,layer_09,linear_attention,0.012914100661873817,0.03125,0.0012932628160342574
bf16_math,right_pad32,f636292d4e7f4d319e4375aabd8b9fbcc56cda8904ffb2a4e4b86edcc70c26f9,layer_10,linear_attention,0.01424544770270586,0.046875,0.0013497680192813277
bf16_math,right_pad32,f636292d4e7f4d319e4375aabd8b9fbcc56cda8904ffb2a4e4b86edcc70c26f9,layer_11,full_attention,0.01432652585208416,0.0625,0.0014817208284512162
bf16_math,right_pad32,f636292d4e7f4d319e4375aabd8b9fbcc56cda8904ffb2a4e4b86edcc70c26f9,layer_12,linear_attention,0.017160292714834213,0.09375,0.0015824079746380448
bf16_math,right_pad32,f636292d4e7f4d319e4375aabd8b9fbcc56cda8904ffb2a4e4b86edcc70c26f9,layer_13,linear_attention,0.017603153362870216,0.09375,0.0017991333734244108
bf16_math,right_pad32,f636292d4e7f4d319e4375aabd8b9fbcc56cda8904ffb2a4e4b86edcc70c26f9,layer_14,linear_attention,0.019988683983683586,0.125,0.00199415092356503
bf16_math,right_pad32,f636292d4e7f4d319e4375aabd8b9fbcc56cda8904ffb2a4e4b86edcc70c26f9,layer_15,full_attention,0.018147673457860947,0.09375,0.002377414610236883
bf16_math,right_pad32,f636292d4e7f4d319e4375aabd8b9fbcc56cda8904ffb2a4e4b86edcc70c26f9,layer_16,linear_attention,0.018791142851114273,0.09375,0.002648708177730441
bf16_math,right_pad32,f636292d4e7f4d319e4375aabd8b9fbcc56cda8904ffb2a4e4b86edcc70c26f9,layer_17,linear_attention,0.017572985962033272,0.09375,0.0027231485582888126
bf16_math,right_pad32,f636292d4e7f4d319e4375aabd8b9fbcc56cda8904ffb2a4e4b86edcc70c26f9,layer_18,linear_attention,0.016598811373114586,0.09375,0.003049105405807495
bf16_math,right_pad32,f636292d4e7f4d319e4375aabd8b9fbcc56cda8904ffb2a4e4b86edcc70c26f9,layer_19,full_attention,0.013906007632613182,0.03125,0.0034614144824445248
bf16_math,right_pad32,f636292d4e7f4d319e4375aabd8b9fbcc56cda8904ffb2a4e4b86edcc70c26f9,layer_20,linear_attention,0.013653190806508064,0.03125,0.003919243812561035
bf16_math,right_pad32,f636292d4e7f4d319e4375aabd8b9fbcc56cda8904ffb2a4e4b86edcc70c26f9,layer_21,linear_attention,0.013388849794864655,0.0234375,0.004277742002159357
bf16_math,right_pad32,f636292d4e7f4d319e4375aabd8b9fbcc56cda8904ffb2a4e4b86edcc70c26f9,layer_22,linear_attention,0.01281240489333868,0.02734375,0.004650688264518976
bf16_math,right_pad32,f636292d4e7f4d319e4375aabd8b9fbcc56cda8904ffb2a4e4b86edcc70c26f9,layer_23,full_attention,0.012142469175159931,0.03125,0.00507742166519165
bf16_math,right_pad32,f636292d4e7f4d319e4375aabd8b9fbcc56cda8904ffb2a4e4b86edcc70c26f9,layer_24,linear_attention,0.012530549429357052,0.0625,0.005403274204581976
bf16_math,right_pad32,f636292d4e7f4d319e4375aabd8b9fbcc56cda8904ffb2a4e4b86edcc70c26f9,layer_25,linear_attention,0.012809605337679386,0.125,0.0056570409797132015
bf16_math,right_pad32,f636292d4e7f4d319e4375aabd8b9fbcc56cda8904ffb2a4e4b86edcc70c26f9,layer_26,linear_attention,0.011316250078380108,0.03125,0.006019038148224354
bf16_math,right_pad32,f636292d4e7f4d319e4375aabd8b9fbcc56cda8904ffb2a4e4b86edcc70c26f9,layer_27,full_attention,0.012477039359509945,0.046875,0.0068884133361279964
bf16_math,right_pad32,f636292d4e7f4d319e4375aabd8b9fbcc56cda8904ffb2a4e4b86edcc70c26f9,layer_28,linear_attention,0.011885578744113445,0.0625,0.007654857821762562
bf16_math,right_pad32,f636292d4e7f4d319e4375aabd8b9fbcc56cda8904ffb2a4e4b86edcc70c26f9,layer_29,linear_attention,0.012279265560209751,0.0625,0.008470701985061169
bf16_math,right_pad32,f636292d4e7f4d319e4375aabd8b9fbcc56cda8904ffb2a4e4b86edcc70c26f9,layer_30,linear_attention,0.012110334821045399,0.0625,0.009875543415546417
bf16_math,right_pad32,f636292d4e7f4d319e4375aabd8b9fbcc56cda8904ffb2a4e4b86edcc70c26f9,layer_31,full_attention,0.011501395143568516,0.125,0.012960588559508324
bf16_math,right_pad32,f636292d4e7f4d319e4375aabd8b9fbcc56cda8904ffb2a4e4b86edcc70c26f9,final_norm,final_norm,0.012427887879312038,0.25,0.027913212776184082
bf16_math,right_pad128,f636292d4e7f4d319e4375aabd8b9fbcc56cda8904ffb2a4e4b86edcc70c26f9,embedding,embedding,0.0,0.0,0.0
bf16_math,right_pad128,f636292d4e7f4d319e4375aabd8b9fbcc56cda8904ffb2a4e4b86edcc70c26f9,layer_00,linear_attention,0.0049510556273162365,0.0009765625,0.00017637238488532603
bf16_math,right_pad128,f636292d4e7f4d319e4375aabd8b9fbcc56cda8904ffb2a4e4b86edcc70c26f9,layer_01,linear_attention,0.00849913526326418,0.015625,0.0002722620847634971
bf16_math,right_pad128,f636292d4e7f4d319e4375aabd8b9fbcc56cda8904ffb2a4e4b86edcc70c26f9,layer_02,linear_attention,0.013526642695069313,0.0234375,0.0004823461058549583
bf16_math,right_pad128,f636292d4e7f4d319e4375aabd8b9fbcc56cda8904ffb2a4e4b86edcc70c26f9,layer_03,full_attention,0.013316095806658268,0.03125,0.0007124632829800248
bf16_math,right_pad128,f636292d4e7f4d319e4375aabd8b9fbcc56cda8904ffb2a4e4b86edcc70c26f9,layer_04,linear_attention,0.01417988445609808,0.015625,0.0011841744417324662
bf16_math,right_pad128,f636292d4e7f4d319e4375aabd8b9fbcc56cda8904ffb2a4e4b86edcc70c26f9,layer_05,linear_attention,0.01380471233278513,0.03125,0.0013147055869922042
bf16_math,right_pad128,f636292d4e7f4d319e4375aabd8b9fbcc56cda8904ffb2a4e4b86edcc70c26f9,layer_06,linear_attention,0.017362335696816444,0.0625,0.0014297037851065397
bf16_math,right_pad128,f636292d4e7f4d319e4375aabd8b9fbcc56cda8904ffb2a4e4b86edcc70c26f9,layer_07,full_attention,0.016770631074905396,0.0625,0.001609566854313016
bf16_math,right_pad128,f636292d4e7f4d319e4375aabd8b9fbcc56cda8904ffb2a4e4b86edcc70c26f9,layer_08,linear_attention,0.017194027081131935,0.0625,0.0015845686430111527
bf16_math,right_pad128,f636292d4e7f4d319e4375aabd8b9fbcc56cda8904ffb2a4e4b86edcc70c26f9,layer_09,linear_attention,0.015050229616463184,0.03125,0.0015360831748694181
bf16_math,right_pad128,f636292d4e7f4d319e4375aabd8b9fbcc56cda8904ffb2a4e4b86edcc70c26f9,layer_10,linear_attention,0.0163631159812212,0.046875,0.001623350428417325
bf16_math,right_pad128,f636292d4e7f4d319e4375aabd8b9fbcc56cda8904ffb2a4e4b86edcc70c26f9,layer_11,full_attention,0.016146184876561165,0.0625,0.0017666518688201904
bf16_math,right_pad128,f636292d4e7f4d319e4375aabd8b9fbcc56cda8904ffb2a4e4b86edcc70c26f9,layer_12,linear_attention,0.016623103991150856,0.0625,0.0018319248920306563
bf16_math,right_pad128,f636292d4e7f4d319e4375aabd8b9fbcc56cda8904ffb2a4e4b86edcc70c26f9,layer_13,linear_attention,0.01677294634282589,0.0625,0.0019672662019729614
bf16_math,right_pad128,f636292d4e7f4d319e4375aabd8b9fbcc56cda8904ffb2a4e4b86edcc70c26f9,layer_14,linear_attention,0.017577994614839554,0.0625,0.002215161919593811
bf16_math,right_pad128,f636292d4e7f4d319e4375aabd8b9fbcc56cda8904ffb2a4e4b86edcc70c26f9,layer_15,full_attention,0.01676400564610958,0.0625,0.0023555816151201725
bf16_math,right_pad128,f636292d4e7f4d319e4375aabd8b9fbcc56cda8904ffb2a4e4b86edcc70c26f9,layer_16,linear_attention,0.01634798012673855,0.03125,0.002573025180026889
bf16_math,right_pad128,f636292d4e7f4d319e4375aabd8b9fbcc56cda8904ffb2a4e4b86edcc70c26f9,layer_17,linear_attention,0.015885129570961,0.03125,0.0027206719387322664
bf16_math,right_pad128,f636292d4e7f4d319e4375aabd8b9fbcc56cda8904ffb2a4e4b86edcc70c26f9,layer_18,linear_attention,0.015055928379297256,0.03125,0.0029836357571184635
bf16_math,right_pad128,f636292d4e7f4d319e4375aabd8b9fbcc56cda8904ffb2a4e4b86edcc70c26f9,layer_19,full_attention,0.013443986885249615,0.0234375,0.0033444284927099943
bf16_math,right_pad128,f636292d4e7f4d319e4375aabd8b9fbcc56cda8904ffb2a4e4b86edcc70c26f9,layer_20,linear_attention,0.01330986712127924,0.0234375,0.003783011343330145
bf16_math,right_pad128,f636292d4e7f4d319e4375aabd8b9fbcc56cda8904ffb2a4e4b86edcc70c26f9,layer_21,linear_attention,0.012995729222893715,0.0234375,0.00413324823603034
bf16_math,right_pad128,f636292d4e7f4d319e4375aabd8b9fbcc56cda8904ffb2a4e4b86edcc70c26f9,layer_22,linear_attention,0.012785447761416435,0.0625,0.004496174864470959
bf16_math,right_pad128,f636292d4e7f4d319e4375aabd8b9fbcc56cda8904ffb2a4e4b86edcc70c26f9,layer_23,full_attention,0.012311040423810482,0.03125,0.005085408687591553
bf16_math,right_pad128,f636292d4e7f4d319e4375aabd8b9fbcc56cda8904ffb2a4e4b86edcc70c26f9,layer_24,linear_attention,0.012960008345544338,0.0625,0.005586886312812567
bf16_math,right_pad128,f636292d4e7f4d319e4375aabd8b9fbcc56cda8904ffb2a4e4b86edcc70c26f9,layer_25,linear_attention,0.013137209229171276,0.125,0.005821430590003729
bf16_math,right_pad128,f636292d4e7f4d319e4375aabd8b9fbcc56cda8904ffb2a4e4b86edcc70c26f9,layer_26,linear_attention,0.012166299857199192,0.125,0.006183016113936901
bf16_math,right_pad128,f636292d4e7f4d319e4375aabd8b9fbcc56cda8904ffb2a4e4b86edcc70c26f9,layer_27,full_attention,0.013283263891935349,0.125,0.007176578044891357
bf16_math,right_pad128,f636292d4e7f4d319e4375aabd8b9fbcc56cda8904ffb2a4e4b86edcc70c26f9,layer_28,linear_attention,0.013567162677645683,0.25,0.008192014880478382
bf16_math,right_pad128,f636292d4e7f4d319e4375aabd8b9fbcc56cda8904ffb2a4e4b86edcc70c26f9,layer_29,linear_attention,0.013162268325686455,0.125,0.009124088101089
bf16_math,right_pad128,f636292d4e7f4d319e4375aabd8b9fbcc56cda8904ffb2a4e4b86edcc70c26f9,layer_30,linear_attention,0.013094378635287285,0.125,0.010838182643055916
bf16_math,right_pad128,f636292d4e7f4d319e4375aabd8b9fbcc56cda8904ffb2a4e4b86edcc70c26f9,layer_31,full_attention,0.012586252763867378,0.125,0.014180338010191917
bf16_math,right_pad128,f636292d4e7f4d319e4375aabd8b9fbcc56cda8904ffb2a4e4b86edcc70c26f9,final_norm,final_norm,0.013463069684803486,0.15625,0.030837560072541237
bf16_math,mixed_batch3,f636292d4e7f4d319e4375aabd8b9fbcc56cda8904ffb2a4e4b86edcc70c26f9,embedding,embedding,0.0,0.0,0.0
bf16_math,mixed_batch3,f636292d4e7f4d319e4375aabd8b9fbcc56cda8904ffb2a4e4b86edcc70c26f9,layer_00,linear_attention,0.005068861413747072,0.0009765625,0.000182122370461002
bf16_math,mixed_batch3,f636292d4e7f4d319e4375aabd8b9fbcc56cda8904ffb2a4e4b86edcc70c26f9,layer_01,linear_attention,0.00826116744428873,0.015625,0.0002590373042039573
bf16_math,mixed_batch3,f636292d4e7f4d319e4375aabd8b9fbcc56cda8904ffb2a4e4b86edcc70c26f9,layer_02,linear_attention,0.012460524216294289,0.0234375,0.0004226848541293293
bf16_math,mixed_batch3,f636292d4e7f4d319e4375aabd8b9fbcc56cda8904ffb2a4e4b86edcc70c26f9,layer_03,full_attention,0.012883728370070457,0.03125,0.0006847366457805037
bf16_math,mixed_batch3,f636292d4e7f4d319e4375aabd8b9fbcc56cda8904ffb2a4e4b86edcc70c26f9,layer_04,linear_attention,0.01353276427835226,0.015625,0.0011302561033517122
bf16_math,mixed_batch3,f636292d4e7f4d319e4375aabd8b9fbcc56cda8904ffb2a4e4b86edcc70c26f9,layer_05,linear_attention,0.013262107968330383,0.03125,0.001246809959411621
bf16_math,mixed_batch3,f636292d4e7f4d319e4375aabd8b9fbcc56cda8904ffb2a4e4b86edcc70c26f9,layer_06,linear_attention,0.014082175679504871,0.03125,0.001294775283895433
bf16_math,mixed_batch3,f636292d4e7f4d319e4375aabd8b9fbcc56cda8904ffb2a4e4b86edcc70c26f9,layer_07,full_attention,0.015639834105968475,0.0625,0.0014627486234530807
bf16_math,mixed_batch3,f636292d4e7f4d319e4375aabd8b9fbcc56cda8904ffb2a4e4b86edcc70c26f9,layer_08,linear_attention,0.015795385465025902,0.0625,0.0014063507551327348
bf16_math,mixed_batch3,f636292d4e7f4d319e4375aabd8b9fbcc56cda8904ffb2a4e4b86edcc70c26f9,layer_09,linear_attention,0.014075457118451595,0.03125,0.0014445707201957703
bf16_math,mixed_batch3,f636292d4e7f4d319e4375aabd8b9fbcc56cda8904ffb2a4e4b86edcc70c26f9,layer_10,linear_attention,0.014719127677381039,0.046875,0.0014258086448535323
bf16_math,mixed_batch3,f636292d4e7f4d319e4375aabd8b9fbcc56cda8904ffb2a4e4b86edcc70c26f9,layer_11,full_attention,0.014765024185180664,0.0625,0.001585543155670166
bf16_math,mixed_batch3,f636292d4e7f4d319e4375aabd8b9fbcc56cda8904ffb2a4e4b86edcc70c26f9,layer_12,linear_attention,0.015271861106157303,0.0625,0.0016486704116687179
bf16_math,mixed_batch3,f636292d4e7f4d319e4375aabd8b9fbcc56cda8904ffb2a4e4b86edcc70c26f9,layer_13,linear_attention,0.015598142519593239,0.0625,0.0017927795415744185
bf16_math,mixed_batch3,f636292d4e7f4d319e4375aabd8b9fbcc56cda8904ffb2a4e4b86edcc70c26f9,layer_14,linear_attention,0.017236681655049324,0.09375,0.0019184350967407227
bf16_math,mixed_batch3,f636292d4e7f4d319e4375aabd8b9fbcc56cda8904ffb2a4e4b86edcc70c26f9,layer_15,full_attention,0.01719326712191105,0.09375,0.002206668257713318
bf16_math,mixed_batch3,f636292d4e7f4d319e4375aabd8b9fbcc56cda8904ffb2a4e4b86edcc70c26f9,layer_16,linear_attention,0.017952630296349525,0.09375,0.0024709166027605534
bf16_math,mixed_batch3,f636292d4e7f4d319e4375aabd8b9fbcc56cda8904ffb2a4e4b86edcc70c26f9,layer_17,linear_attention,0.01485168095678091,0.03125,0.002546960022300482
bf16_math,mixed_batch3,f636292d4e7f4d319e4375aabd8b9fbcc56cda8904ffb2a4e4b86edcc70c26f9,layer_18,linear_attention,0.013871581293642521,0.017578125,0.0027954638935625553
bf16_math,mixed_batch3,f636292d4e7f4d319e4375aabd8b9fbcc56cda8904ffb2a4e4b86edcc70c26f9,layer_19,full_attention,0.012747520580887794,0.0234375,0.003176456782966852
bf16_math,mixed_batch3,f636292d4e7f4d319e4375aabd8b9fbcc56cda8904ffb2a4e4b86edcc70c26f9,layer_20,linear_attention,0.012615124695003033,0.03125,0.0035299062728881836
bf16_math,mixed_batch3,f636292d4e7f4d319e4375aabd8b9fbcc56cda8904ffb2a4e4b86edcc70c26f9,layer_21,linear_attention,0.012324192561209202,0.02734375,0.003887391183525324
bf16_math,mixed_batch3,f636292d4e7f4d319e4375aabd8b9fbcc56cda8904ffb2a4e4b86edcc70c26f9,layer_22,linear_attention,0.012153783813118935,0.033203125,0.004352974705398083
bf16_math,mixed_batch3,f636292d4e7f4d319e4375aabd8b9fbcc56cda8904ffb2a4e4b86edcc70c26f9,layer_23,full_attention,0.011800957843661308,0.0625,0.0048583270981907845
bf16_math,mixed_batch3,f636292d4e7f4d319e4375aabd8b9fbcc56cda8904ffb2a4e4b86edcc70c26f9,layer_24,linear_attention,0.012725193984806538,0.125,0.005284413695335388
bf16_math,mixed_batch3,f636292d4e7f4d319e4375aabd8b9fbcc56cda8904ffb2a4e4b86edcc70c26f9,layer_25,linear_attention,0.012721003964543343,0.125,0.005588543601334095
bf16_math,mixed_batch3,f636292d4e7f4d319e4375aabd8b9fbcc56cda8904ffb2a4e4b86edcc70c26f9,layer_26,linear_attention,0.011315305717289448,0.0390625,0.005998492240905762
bf16_math,mixed_batch3,f636292d4e7f4d319e4375aabd8b9fbcc56cda8904ffb2a4e4b86edcc70c26f9,layer_27,full_attention,0.012689840979874134,0.046875,0.007071363739669323
bf16_math,mixed_batch3,f636292d4e7f4d319e4375aabd8b9fbcc56cda8904ffb2a4e4b86edcc70c26f9,layer_28,linear_attention,0.012036924250423908,0.046875,0.00790557824075222
bf16_math,mixed_batch3,f636292d4e7f4d319e4375aabd8b9fbcc56cda8904ffb2a4e4b86edcc70c26f9,layer_29,linear_attention,0.012493262998759747,0.0625,0.008805966004729271
bf16_math,mixed_batch3,f636292d4e7f4d319e4375aabd8b9fbcc56cda8904ffb2a4e4b86edcc70c26f9,layer_30,linear_attention,0.012640174478292465,0.0625,0.010421313345432281
bf16_math,mixed_batch3,f636292d4e7f4d319e4375aabd8b9fbcc56cda8904ffb2a4e4b86edcc70c26f9,layer_31,full_attention,0.012157982215285301,0.125,0.013453429564833641
bf16_math,mixed_batch3,f636292d4e7f4d319e4375aabd8b9fbcc56cda8904ffb2a4e4b86edcc70c26f9,final_norm,final_norm,0.01289556547999382,0.1875,0.02924661710858345
bf16_math,left_pad32_explicit,f636292d4e7f4d319e4375aabd8b9fbcc56cda8904ffb2a4e4b86edcc70c26f9,embedding,embedding,0.0,0.0,0.0
bf16_math,left_pad32_explicit,f636292d4e7f4d319e4375aabd8b9fbcc56cda8904ffb2a4e4b86edcc70c26f9,layer_00,linear_attention,0.004265698604285717,0.0009765625,0.00015195943706203252
bf16_math,left_pad32_explicit,f636292d4e7f4d319e4375aabd8b9fbcc56cda8904ffb2a4e4b86edcc70c26f9,layer_01,linear_attention,0.01263325847685337,0.03125,0.00024059861607383937
bf16_math,left_pad32_explicit,f636292d4e7f4d319e4375aabd8b9fbcc56cda8904ffb2a4e4b86edcc70c26f9,layer_02,linear_attention,0.01657971180975437,0.0390625,0.0004234418156556785
bf16_math,left_pad32_explicit,f636292d4e7f4d319e4375aabd8b9fbcc56cda8904ffb2a4e4b86edcc70c26f9,layer_03,full_attention,0.016193263232707977,0.046875,0.0007571399328298867
bf16_math,left_pad32_explicit,f636292d4e7f4d319e4375aabd8b9fbcc56cda8904ffb2a4e4b86edcc70c26f9,layer_04,linear_attention,0.013916297815740108,0.015625,0.0011671126121655107
bf16_math,left_pad32_explicit,f636292d4e7f4d319e4375aabd8b9fbcc56cda8904ffb2a4e4b86edcc70c26f9,layer_05,linear_attention,0.013414044864475727,0.03125,0.001257625175639987
bf16_math,left_pad32_explicit,f636292d4e7f4d319e4375aabd8b9fbcc56cda8904ffb2a4e4b86edcc70c26f9,layer_06,linear_attention,0.014227492734789848,0.03125,0.0013200044631958008
bf16_math,left_pad32_explicit,f636292d4e7f4d319e4375aabd8b9fbcc56cda8904ffb2a4e4b86edcc70c26f9,layer_07,full_attention,0.015577646903693676,0.0625,0.0014505952131003141
bf16_math,left_pad32_explicit,f636292d4e7f4d319e4375aabd8b9fbcc56cda8904ffb2a4e4b86edcc70c26f9,layer_08,linear_attention,0.01578405871987343,0.0625,0.0014169305795803666
bf16_math,left_pad32_explicit,f636292d4e7f4d319e4375aabd8b9fbcc56cda8904ffb2a4e4b86edcc70c26f9,layer_09,linear_attention,0.013896062970161438,0.03125,0.0014270811807364225
bf16_math,left_pad32_explicit,f636292d4e7f4d319e4375aabd8b9fbcc56cda8904ffb2a4e4b86edcc70c26f9,layer_10,linear_attention,0.013957670889794827,0.03125,0.0014362953370437026
bf16_math,left_pad32_explicit,f636292d4e7f4d319e4375aabd8b9fbcc56cda8904ffb2a4e4b86edcc70c26f9,layer_11,full_attention,0.014731046743690968,0.0625,0.0015647828113287687
bf16_math,left_pad32_explicit,f636292d4e7f4d319e4375aabd8b9fbcc56cda8904ffb2a4e4b86edcc70c26f9,layer_12,linear_attention,0.015033813193440437,0.0625,0.0016029954422265291
bf16_math,left_pad32_explicit,f636292d4e7f4d319e4375aabd8b9fbcc56cda8904ffb2a4e4b86edcc70c26f9,layer_13,linear_attention,0.015426108613610268,0.0625,0.001774623990058899
bf16_math,left_pad32_explicit,f636292d4e7f4d319e4375aabd8b9fbcc56cda8904ffb2a4e4b86edcc70c26f9,layer_14,linear_attention,0.017257248982787132,0.09375,0.0019106626277789474
bf16_math,left_pad32_explicit,f636292d4e7f4d319e4375aabd8b9fbcc56cda8904ffb2a4e4b86edcc70c26f9,layer_15,full_attention,0.015500331297516823,0.0625,0.002151289489120245
bf16_math,left_pad32_explicit,f636292d4e7f4d319e4375aabd8b9fbcc56cda8904ffb2a4e4b86edcc70c26f9,layer_16,linear_attention,0.016436109319329262,0.0625,0.0024200379848480225
bf16_math,left_pad32_explicit,f636292d4e7f4d319e4375aabd8b9fbcc56cda8904ffb2a4e4b86edcc70c26f9,layer_17,linear_attention,0.015912769362330437,0.0625,0.002601188374683261
bf16_math,left_pad32_explicit,f636292d4e7f4d319e4375aabd8b9fbcc56cda8904ffb2a4e4b86edcc70c26f9,layer_18,linear_attention,0.015101918950676918,0.0625,0.0028854310512542725
bf16_math,left_pad32_explicit,f636292d4e7f4d319e4375aabd8b9fbcc56cda8904ffb2a4e4b86edcc70c26f9,layer_19,full_attention,0.014795547351241112,0.0625,0.0035767077933996916
bf16_math,left_pad32_explicit,f636292d4e7f4d319e4375aabd8b9fbcc56cda8904ffb2a4e4b86edcc70c26f9,layer_20,linear_attention,0.015069177374243736,0.0625,0.0042625246569514275
bf16_math,left_pad32_explicit,f636292d4e7f4d319e4375aabd8b9fbcc56cda8904ffb2a4e4b86edcc70c26f9,layer_21,linear_attention,0.014396808110177517,0.0625,0.004568970296531916
bf16_math,left_pad32_explicit,f636292d4e7f4d319e4375aabd8b9fbcc56cda8904ffb2a4e4b86edcc70c26f9,layer_22,linear_attention,0.013749968260526657,0.0625,0.004949235823005438
bf16_math,left_pad32_explicit,f636292d4e7f4d319e4375aabd8b9fbcc56cda8904ffb2a4e4b86edcc70c26f9,layer_23,full_attention,0.013170038349926472,0.0625,0.005432498641312122
bf16_math,left_pad32_explicit,f636292d4e7f4d319e4375aabd8b9fbcc56cda8904ffb2a4e4b86edcc70c26f9,layer_24,linear_attention,0.013351616449654102,0.046875,0.005933822598308325
bf16_math,left_pad32_explicit,f636292d4e7f4d319e4375aabd8b9fbcc56cda8904ffb2a4e4b86edcc70c26f9,layer_25,linear_attention,0.013283852487802505,0.046875,0.0062677981331944466
bf16_math,left_pad32_explicit,f636292d4e7f4d319e4375aabd8b9fbcc56cda8904ffb2a4e4b86edcc70c26f9,layer_26,linear_attention,0.01244785450398922,0.0625,0.006736245937645435
bf16_math,left_pad32_explicit,f636292d4e7f4d319e4375aabd8b9fbcc56cda8904ffb2a4e4b86edcc70c26f9,layer_27,full_attention,0.013137792237102985,0.0625,0.007293599657714367
bf16_math,left_pad32_explicit,f636292d4e7f4d319e4375aabd8b9fbcc56cda8904ffb2a4e4b86edcc70c26f9,layer_28,linear_attention,0.012499368749558926,0.09375,0.008110093884170055
bf16_math,left_pad32_explicit,f636292d4e7f4d319e4375aabd8b9fbcc56cda8904ffb2a4e4b86edcc70c26f9,layer_29,linear_attention,0.013073299080133438,0.09375,0.009083437733352184
bf16_math,left_pad32_explicit,f636292d4e7f4d319e4375aabd8b9fbcc56cda8904ffb2a4e4b86edcc70c26f9,layer_30,linear_attention,0.013409561477601528,0.09375,0.010996205732226372
bf16_math,left_pad32_explicit,f636292d4e7f4d319e4375aabd8b9fbcc56cda8904ffb2a4e4b86edcc70c26f9,layer_31,full_attention,0.01200619526207447,0.125,0.013628160580992699
bf16_math,left_pad32_explicit,f636292d4e7f4d319e4375aabd8b9fbcc56cda8904ffb2a4e4b86edcc70c26f9,final_norm,final_norm,0.013045807369053364,0.21875,0.029491256922483444
bf16_math,repeat_alone,d4955ede5dce2e67b244906e7599038eb0306d48c276935914518b3fbcb343e0,embedding,embedding,0.0,0.0,0.0
bf16_math,repeat_alone,d4955ede5dce2e67b244906e7599038eb0306d48c276935914518b3fbcb343e0,layer_00,linear_attention,0.0,0.0,0.0
bf16_math,repeat_alone,d4955ede5dce2e67b244906e7599038eb0306d48c276935914518b3fbcb343e0,layer_01,linear_attention,0.0,0.0,0.0
bf16_math,repeat_alone,d4955ede5dce2e67b244906e7599038eb0306d48c276935914518b3fbcb343e0,layer_02,linear_attention,0.0,0.0,0.0
bf16_math,repeat_alone,d4955ede5dce2e67b244906e7599038eb0306d48c276935914518b3fbcb343e0,layer_03,full_attention,0.0,0.0,0.0
bf16_math,repeat_alone,d4955ede5dce2e67b244906e7599038eb0306d48c276935914518b3fbcb343e0,layer_04,linear_attention,0.0,0.0,0.0
bf16_math,repeat_alone,d4955ede5dce2e67b244906e7599038eb0306d48c276935914518b3fbcb343e0,layer_05,linear_attention,0.0,0.0,0.0
bf16_math,repeat_alone,d4955ede5dce2e67b244906e7599038eb0306d48c276935914518b3fbcb343e0,layer_06,linear_attention,0.0,0.0,0.0
bf16_math,repeat_alone,d4955ede5dce2e67b244906e7599038eb0306d48c276935914518b3fbcb343e0,layer_07,full_attention,0.0,0.0,0.0
bf16_math,repeat_alone,d4955ede5dce2e67b244906e7599038eb0306d48c276935914518b3fbcb343e0,layer_08,linear_attention,0.0,0.0,0.0
bf16_math,repeat_alone,d4955ede5dce2e67b244906e7599038eb0306d48c276935914518b3fbcb343e0,layer_09,linear_attention,0.0,0.0,0.0
bf16_math,repeat_alone,d4955ede5dce2e67b244906e7599038eb0306d48c276935914518b3fbcb343e0,layer_10,linear_attention,0.0,0.0,0.0
bf16_math,repeat_alone,d4955ede5dce2e67b244906e7599038eb0306d48c276935914518b3fbcb343e0,layer_11,full_attention,0.0,0.0,0.0
bf16_math,repeat_alone,d4955ede5dce2e67b244906e7599038eb0306d48c276935914518b3fbcb343e0,layer_12,linear_attention,0.0,0.0,0.0
bf16_math,repeat_alone,d4955ede5dce2e67b244906e7599038eb0306d48c276935914518b3fbcb343e0,layer_13,linear_attention,0.0,0.0,0.0
bf16_math,repeat_alone,d4955ede5dce2e67b244906e7599038eb0306d48c276935914518b3fbcb343e0,layer_14,linear_attention,0.0,0.0,0.0
bf16_math,repeat_alone,d4955ede5dce2e67b244906e7599038eb0306d48c276935914518b3fbcb343e0,layer_15,full_attention,0.0,0.0,0.0
bf16_math,repeat_alone,d4955ede5dce2e67b244906e7599038eb0306d48c276935914518b3fbcb343e0,layer_16,linear_attention,0.0,0.0,0.0
bf16_math,repeat_alone,d4955ede5dce2e67b244906e7599038eb0306d48c276935914518b3fbcb343e0,layer_17,linear_attention,0.0,0.0,0.0
bf16_math,repeat_alone,d4955ede5dce2e67b244906e7599038eb0306d48c276935914518b3fbcb343e0,layer_18,linear_attention,0.0,0.0,0.0
bf16_math,repeat_alone,d4955ede5dce2e67b244906e7599038eb0306d48c276935914518b3fbcb343e0,layer_19,full_attention,0.0,0.0,0.0
bf16_math,repeat_alone,d4955ede5dce2e67b244906e7599038eb0306d48c276935914518b3fbcb343e0,layer_20,linear_attention,0.0,0.0,0.0
bf16_math,repeat_alone,d4955ede5dce2e67b244906e7599038eb0306d48c276935914518b3fbcb343e0,layer_21,linear_attention,0.0,0.0,0.0
bf16_math,repeat_alone,d4955ede5dce2e67b244906e7599038eb0306d48c276935914518b3fbcb343e0,layer_22,linear_attention,0.0,0.0,0.0
bf16_math,repeat_alone,d4955ede5dce2e67b244906e7599038eb0306d48c276935914518b3fbcb343e0,layer_23,full_attention,0.0,0.0,0.0
bf16_math,repeat_alone,d4955ede5dce2e67b244906e7599038eb0306d48c276935914518b3fbcb343e0,layer_24,linear_attention,0.0,0.0,0.0
bf16_math,repeat_alone,d4955ede5dce2e67b244906e7599038eb0306d48c276935914518b3fbcb343e0,layer_25,linear_attention,0.0,0.0,0.0
bf16_math,repeat_alone,d4955ede5dce2e67b244906e7599038eb0306d48c276935914518b3fbcb343e0,layer_26,linear_attention,0.0,0.0,0.0
bf16_math,repeat_alone,d4955ede5dce2e67b244906e7599038eb0306d48c276935914518b3fbcb343e0,layer_27,full_attention,0.0,0.0,0.0
bf16_math,repeat_alone,d4955ede5dce2e67b244906e7599038eb0306d48c276935914518b3fbcb343e0,layer_28,linear_attention,0.0,0.0,0.0
bf16_math,repeat_alone,d4955ede5dce2e67b244906e7599038eb0306d48c276935914518b3fbcb343e0,layer_29,linear_attention,0.0,0.0,0.0
bf16_math,repeat_alone,d4955ede5dce2e67b244906e7599038eb0306d48c276935914518b3fbcb343e0,layer_30,linear_attention,0.0,0.0,0.0
bf16_math,repeat_alone,d4955ede5dce2e67b244906e7599038eb0306d48c276935914518b3fbcb343e0,layer_31,full_attention,0.0,0.0,0.0
bf16_math,repeat_alone,d4955ede5dce2e67b244906e7599038eb0306d48c276935914518b3fbcb343e0,final_norm,final_norm,0.0,0.0,0.0
bf16_math,duplicate_batch2,d4955ede5dce2e67b244906e7599038eb0306d48c276935914518b3fbcb343e0,embedding,embedding,0.0,0.0,0.0
bf16_math,duplicate_batch2,d4955ede5dce2e67b244906e7599038eb0306d48c276935914518b3fbcb343e0,layer_00,linear_attention,0.003115298692137003,0.000732421875,0.0001046538382070139
bf16_math,duplicate_batch2,d4955ede5dce2e67b244906e7599038eb0306d48c276935914518b3fbcb343e0,layer_01,linear_attention,0.005626018159091473,0.001953125,0.00022805035405326635
bf16_math,duplicate_batch2,d4955ede5dce2e67b244906e7599038eb0306d48c276935914518b3fbcb343e0,layer_02,linear_attention,0.008858179673552513,0.001953125,0.00037295371294021606
bf16_math,duplicate_batch2,d4955ede5dce2e67b244906e7599038eb0306d48c276935914518b3fbcb343e0,layer_03,full_attention,0.010258612222969532,0.00323486328125,0.0006436690455302596
bf16_math,duplicate_batch2,d4955ede5dce2e67b244906e7599038eb0306d48c276935914518b3fbcb343e0,layer_04,linear_attention,0.016626346856355667,0.015625,0.001372557831928134
bf16_math,duplicate_batch2,d4955ede5dce2e67b244906e7599038eb0306d48c276935914518b3fbcb343e0,layer_05,linear_attention,0.015881871804594994,0.03125,0.001515136449597776
bf16_math,duplicate_batch2,d4955ede5dce2e67b244906e7599038eb0306d48c276935914518b3fbcb343e0,layer_06,linear_attention,0.015966514125466347,0.0087890625,0.001574999070726335
bf16_math,duplicate_batch2,d4955ede5dce2e67b244906e7599038eb0306d48c276935914518b3fbcb343e0,layer_07,full_attention,0.015224778093397617,0.03125,0.0016134321922436357
bf16_math,duplicate_batch2,d4955ede5dce2e67b244906e7599038eb0306d48c276935914518b3fbcb343e0,layer_08,linear_attention,0.014850434847176075,0.0087890625,0.0015844255685806274
bf16_math,duplicate_batch2,d4955ede5dce2e67b244906e7599038eb0306d48c276935914518b3fbcb343e0,layer_09,linear_attention,0.014354677870869637,0.00830078125,0.0015681118238717318
bf16_math,duplicate_batch2,d4955ede5dce2e67b244906e7599038eb0306d48c276935914518b3fbcb343e0,layer_10,linear_attention,0.014325788244605064,0.0087890625,0.0015524595510214567
bf16_math,duplicate_batch2,d4955ede5dce2e67b244906e7599038eb0306d48c276935914518b3fbcb343e0,layer_11,full_attention,0.013046946376562119,0.0087890625,0.001625911914743483
bf16_math,duplicate_batch2,d4955ede5dce2e67b244906e7599038eb0306d48c276935914518b3fbcb343e0,layer_12,linear_attention,0.014172661118209362,0.03125,0.0016850114334374666
bf16_math,duplicate_batch2,d4955ede5dce2e67b244906e7599038eb0306d48c276935914518b3fbcb343e0,layer_13,linear_attention,0.013806703500449657,0.01171875,0.001783366547897458
bf16_math,duplicate_batch2,d4955ede5dce2e67b244906e7599038eb0306d48c276935914518b3fbcb343e0,layer_14,linear_attention,0.014132171869277954,0.03125,0.00188484787940979
bf16_math,duplicate_batch2,d4955ede5dce2e67b244906e7599038eb0306d48c276935914518b3fbcb343e0,layer_15,full_attention,0.01549696084111929,0.0625,0.0021604388020932674
bf16_math,duplicate_batch2,d4955ede5dce2e67b244906e7599038eb0306d48c276935914518b3fbcb343e0,layer_16,linear_attention,0.01622813567519188,0.0625,0.0024513364769518375
bf16_math,duplicate_batch2,d4955ede5dce2e67b244906e7599038eb0306d48c276935914518b3fbcb343e0,layer_17,linear_attention,0.017333252355456352,0.09375,0.002768272068351507
bf16_math,duplicate_batch2,d4955ede5dce2e67b244906e7599038eb0306d48c276935914518b3fbcb343e0,layer_18,linear_attention,0.018262702971696854,0.125,0.0031676411163061857
bf16_math,duplicate_batch2,d4955ede5dce2e67b244906e7599038eb0306d48c276935914518b3fbcb343e0,layer_19,full_attention,0.01641816459596157,0.125,0.0037334798835217953
bf16_math,duplicate_batch2,d4955ede5dce2e67b244906e7599038eb0306d48c276935914518b3fbcb343e0,layer_20,linear_attention,0.01718689128756523,0.15625,0.0043344199657440186
bf16_math,duplicate_batch2,d4955ede5dce2e67b244906e7599038eb0306d48c276935914518b3fbcb343e0,layer_21,linear_attention,0.016047677025198936,0.125,0.004838538356125355
bf16_math,duplicate_batch2,d4955ede5dce2e67b244906e7599038eb0306d48c276935914518b3fbcb343e0,layer_22,linear_attention,0.016879741102457047,0.1875,0.005463996436446905
bf16_math,duplicate_batch2,d4955ede5dce2e67b244906e7599038eb0306d48c276935914518b3fbcb343e0,layer_23,full_attention,0.015314657241106033,0.125,0.0062133194878697395
bf16_math,duplicate_batch2,d4955ede5dce2e67b244906e7599038eb0306d48c276935914518b3fbcb343e0,layer_24,linear_attention,0.01599733531475067,0.125,0.006866711191833019
bf16_math,duplicate_batch2,d4955ede5dce2e67b244906e7599038eb0306d48c276935914518b3fbcb343e0,layer_25,linear_attention,0.015559133142232895,0.125,0.00712816696614027
bf16_math,duplicate_batch2,d4955ede5dce2e67b244906e7599038eb0306d48c276935914518b3fbcb343e0,layer_26,linear_attention,0.014047469012439251,0.125,0.00746614346280694
bf16_math,duplicate_batch2,d4955ede5dce2e67b244906e7599038eb0306d48c276935914518b3fbcb343e0,layer_27,full_attention,0.016090361401438713,0.25,0.008228302001953125
bf16_math,duplicate_batch2,d4955ede5dce2e67b244906e7599038eb0306d48c276935914518b3fbcb343e0,layer_28,linear_attention,0.015163720585405827,0.25,0.009275102987885475
bf16_math,duplicate_batch2,d4955ede5dce2e67b244906e7599038eb0306d48c276935914518b3fbcb343e0,layer_29,linear_attention,0.01469655055552721,0.125,0.01020040549337864
bf16_math,duplicate_batch2,d4955ede5dce2e67b244906e7599038eb0306d48c276935914518b3fbcb343e0,layer_30,linear_attention,0.015598144382238388,0.375,0.011799502186477184
bf16_math,duplicate_batch2,d4955ede5dce2e67b244906e7599038eb0306d48c276935914518b3fbcb343e0,layer_31,full_attention,0.01300257071852684,0.125,0.01448354683816433
bf16_math,duplicate_batch2,d4955ede5dce2e67b244906e7599038eb0306d48c276935914518b3fbcb343e0,final_norm,final_norm,0.014129679650068283,0.1875,0.03172372654080391
bf16_math,right_pad32,d4955ede5dce2e67b244906e7599038eb0306d48c276935914518b3fbcb343e0,embedding,embedding,0.0,0.0,0.0
bf16_math,right_pad32,d4955ede5dce2e67b244906e7599038eb0306d48c276935914518b3fbcb343e0,layer_00,linear_attention,0.002735918154940009,0.0009765625,8.541867282474414e-05
bf16_math,right_pad32,d4955ede5dce2e67b244906e7599038eb0306d48c276935914518b3fbcb343e0,layer_01,linear_attention,0.004440168850123882,0.001953125,0.0001730892836349085
bf16_math,right_pad32,d4955ede5dce2e67b244906e7599038eb0306d48c276935914518b3fbcb343e0,layer_02,linear_attention,0.008043946698307991,0.0078125,0.0003147915122099221
bf16_math,right_pad32,d4955ede5dce2e67b244906e7599038eb0306d48c276935914518b3fbcb343e0,layer_03,full_attention,0.008089527487754822,0.00390625,0.0005016818759031594
bf16_math,right_pad32,d4955ede5dce2e67b244906e7599038eb0306d48c276935914518b3fbcb343e0,layer_04,linear_attention,0.01286408957093954,0.015625,0.001043385243974626
bf16_math,right_pad32,d4955ede5dce2e67b244906e7599038eb0306d48c276935914518b3fbcb343e0,layer_05,linear_attention,0.011715546250343323,0.005859375,0.0011599721619859338
bf16_math,right_pad32,d4955ede5dce2e67b244906e7599038eb0306d48c276935914518b3fbcb343e0,layer_06,linear_attention,0.012018149718642235,0.0078125,0.0011732757557183504
bf16_math,right_pad32,d4955ede5dce2e67b244906e7599038eb0306d48c276935914518b3fbcb343e0,layer_07,full_attention,0.01100235991179943,0.0087890625,0.0011968075996264815
bf16_math,right_pad32,d4955ede5dce2e67b244906e7599038eb0306d48c276935914518b3fbcb343e0,layer_08,linear_attention,0.011282665655016899,0.0078125,0.0011781990760937333
bf16_math,right_pad32,d4955ede5dce2e67b244906e7599038eb0306d48c276935914518b3fbcb343e0,layer_09,linear_attention,0.011085150763392448,0.009765625,0.0011849567526951432
bf16_math,right_pad32,d4955ede5dce2e67b244906e7599038eb0306d48c276935914518b3fbcb343e0,layer_10,linear_attention,0.011395989917218685,0.009765625,0.0012107894290238619
bf16_math,right_pad32,d4955ede5dce2e67b244906e7599038eb0306d48c276935914518b3fbcb343e0,layer_11,full_attention,0.011813418939709663,0.009765625,0.0014702677726745605
bf16_math,right_pad32,d4955ede5dce2e67b244906e7599038eb0306d48c276935914518b3fbcb343e0,layer_12,linear_attention,0.012387054041028023,0.009765625,0.0015194922452792525
bf16_math,right_pad32,d4955ede5dce2e67b244906e7599038eb0306d48c276935914518b3fbcb343e0,layer_13,linear_attention,0.012589027173817158,0.009765625,0.0016082882648333907
bf16_math,right_pad32,d4955ede5dce2e67b244906e7599038eb0306d48c276935914518b3fbcb343e0,layer_14,linear_attention,0.012634198181331158,0.015625,0.001734274672344327
bf16_math,right_pad32,d4955ede5dce2e67b244906e7599038eb0306d48c276935914518b3fbcb343e0,layer_15,full_attention,0.01335934642702341,0.03125,0.001982375979423523
bf16_math,right_pad32,d4955ede5dce2e67b244906e7599038eb0306d48c276935914518b3fbcb343e0,layer_16,linear_attention,0.014981772750616074,0.0625,0.0022401451133191586
bf16_math,right_pad32,d4955ede5dce2e67b244906e7599038eb0306d48c276935914518b3fbcb343e0,layer_17,linear_attention,0.014982886612415314,0.0625,0.0025135993491858244
bf16_math,right_pad32,d4955ede5dce2e67b244906e7599038eb0306d48c276935914518b3fbcb343e0,layer_18,linear_attention,0.015779029577970505,0.09375,0.0028790414799004793
bf16_math,right_pad32,d4955ede5dce2e67b244906e7599038eb0306d48c276935914518b3fbcb343e0,layer_19,full_attention,0.013722820207476616,0.0625,0.0033689856063574553
bf16_math,right_pad32,d4955ede5dce2e67b244906e7599038eb0306d48c276935914518b3fbcb343e0,layer_20,linear_attention,0.01336207427084446,0.03125,0.003782260464504361
bf16_math,right_pad32,d4955ede5dce2e67b244906e7599038eb0306d48c276935914518b3fbcb343e0,layer_21,linear_attention,0.013076812028884888,0.0234375,0.004154452588409185
bf16_math,right_pad32,d4955ede5dce2e67b244906e7599038eb0306d48c276935914518b3fbcb343e0,layer_22,linear_attention,0.01316576637327671,0.0625,0.004651820752769709
bf16_math,right_pad32,d4955ede5dce2e67b244906e7599038eb0306d48c276935914518b3fbcb343e0,layer_23,full_attention,0.012825221754610538,0.0625,0.005266738124191761
bf16_math,right_pad32,d4955ede5dce2e67b244906e7599038eb0306d48c276935914518b3fbcb343e0,layer_24,linear_attention,0.013100739568471909,0.03125,0.0056809186935424805
bf16_math,right_pad32,d4955ede5dce2e67b244906e7599038eb0306d48c276935914518b3fbcb343e0,layer_25,linear_attention,0.012735682539641857,0.03125,0.0059188902378082275
bf16_math,right_pad32,d4955ede5dce2e67b244906e7599038eb0306d48c276935914518b3fbcb343e0,layer_26,linear_attention,0.0116102434694767,0.033203125,0.006209558341652155
bf16_math,right_pad32,d4955ede5dce2e67b244906e7599038eb0306d48c276935914518b3fbcb343e0,layer_27,full_attention,0.012659645639359951,0.0390625,0.006981515791267157
bf16_math,right_pad32,d4955ede5dce2e67b244906e7599038eb0306d48c276935914518b3fbcb343e0,layer_28,linear_attention,0.01202571950852871,0.046875,0.007726120762526989
bf16_math,right_pad32,d4955ede5dce2e67b244906e7599038eb0306d48c276935914518b3fbcb343e0,layer_29,linear_attention,0.012491362169384956,0.05078125,0.00864400900900364
bf16_math,right_pad32,d4955ede5dce2e67b244906e7599038eb0306d48c276935914518b3fbcb343e0,layer_30,linear_attention,0.013253165408968925,0.25,0.010380739346146584
bf16_math,right_pad32,d4955ede5dce2e67b244906e7599038eb0306d48c276935914518b3fbcb343e0,layer_31,full_attention,0.012233927845954895,0.09375,0.013669967651367188
bf16_math,right_pad32,d4955ede5dce2e67b244906e7599038eb0306d48c276935914518b3fbcb343e0,final_norm,final_norm,0.013427329249680042,0.25,0.02996450662612915
bf16_math,right_pad128,d4955ede5dce2e67b244906e7599038eb0306d48c276935914518b3fbcb343e0,embedding,embedding,0.0,0.0,0.0
bf16_math,right_pad128,d4955ede5dce2e67b244906e7599038eb0306d48c276935914518b3fbcb343e0,layer_00,linear_attention,0.003115298692137003,0.000732421875,0.0001046538382070139
bf16_math,right_pad128,d4955ede5dce2e67b244906e7599038eb0306d48c276935914518b3fbcb343e0,layer_01,linear_attention,0.005626018159091473,0.001953125,0.00022805035405326635
bf16_math,right_pad128,d4955ede5dce2e67b244906e7599038eb0306d48c276935914518b3fbcb343e0,layer_02,linear_attention,0.008858179673552513,0.001953125,0.00037295371294021606
bf16_math,right_pad128,d4955ede5dce2e67b244906e7599038eb0306d48c276935914518b3fbcb343e0,layer_03,full_attention,0.010258612222969532,0.00323486328125,0.0006436690455302596
bf16_math,right_pad128,d4955ede5dce2e67b244906e7599038eb0306d48c276935914518b3fbcb343e0,layer_04,linear_attention,0.016626346856355667,0.015625,0.001372557831928134
bf16_math,right_pad128,d4955ede5dce2e67b244906e7599038eb0306d48c276935914518b3fbcb343e0,layer_05,linear_attention,0.015881871804594994,0.03125,0.001515136449597776
bf16_math,right_pad128,d4955ede5dce2e67b244906e7599038eb0306d48c276935914518b3fbcb343e0,layer_06,linear_attention,0.015966514125466347,0.0087890625,0.001574999070726335
bf16_math,right_pad128,d4955ede5dce2e67b244906e7599038eb0306d48c276935914518b3fbcb343e0,layer_07,full_attention,0.015224778093397617,0.03125,0.0016134321922436357
bf16_math,right_pad128,d4955ede5dce2e67b244906e7599038eb0306d48c276935914518b3fbcb343e0,layer_08,linear_attention,0.014850434847176075,0.0087890625,0.0015844255685806274
bf16_math,right_pad128,d4955ede5dce2e67b244906e7599038eb0306d48c276935914518b3fbcb343e0,layer_09,linear_attention,0.014354677870869637,0.00830078125,0.0015681118238717318
bf16_math,right_pad128,d4955ede5dce2e67b244906e7599038eb0306d48c276935914518b3fbcb343e0,layer_10,linear_attention,0.014325788244605064,0.0087890625,0.0015524595510214567
bf16_math,right_pad128,d4955ede5dce2e67b244906e7599038eb0306d48c276935914518b3fbcb343e0,layer_11,full_attention,0.013046946376562119,0.0087890625,0.001625911914743483
bf16_math,right_pad128,d4955ede5dce2e67b244906e7599038eb0306d48c276935914518b3fbcb343e0,layer_12,linear_attention,0.014172661118209362,0.03125,0.0016850114334374666
bf16_math,right_pad128,d4955ede5dce2e67b244906e7599038eb0306d48c276935914518b3fbcb343e0,layer_13,linear_attention,0.013806703500449657,0.01171875,0.001783366547897458
bf16_math,right_pad128,d4955ede5dce2e67b244906e7599038eb0306d48c276935914518b3fbcb343e0,layer_14,linear_attention,0.014132171869277954,0.03125,0.00188484787940979
bf16_math,right_pad128,d4955ede5dce2e67b244906e7599038eb0306d48c276935914518b3fbcb343e0,layer_15,full_attention,0.01549696084111929,0.0625,0.0021604388020932674
bf16_math,right_pad128,d4955ede5dce2e67b244906e7599038eb0306d48c276935914518b3fbcb343e0,layer_16,linear_attention,0.01622813567519188,0.0625,0.0024513364769518375
bf16_math,right_pad128,d4955ede5dce2e67b244906e7599038eb0306d48c276935914518b3fbcb343e0,layer_17,linear_attention,0.017333252355456352,0.09375,0.002768272068351507
bf16_math,right_pad128,d4955ede5dce2e67b244906e7599038eb0306d48c276935914518b3fbcb343e0,layer_18,linear_attention,0.018262702971696854,0.125,0.0031676411163061857
bf16_math,right_pad128,d4955ede5dce2e67b244906e7599038eb0306d48c276935914518b3fbcb343e0,layer_19,full_attention,0.01641816459596157,0.125,0.0037334798835217953
bf16_math,right_pad128,d4955ede5dce2e67b244906e7599038eb0306d48c276935914518b3fbcb343e0,layer_20,linear_attention,0.01718689128756523,0.15625,0.0043344199657440186
bf16_math,right_pad128,d4955ede5dce2e67b244906e7599038eb0306d48c276935914518b3fbcb343e0,layer_21,linear_attention,0.016047677025198936,0.125,0.004838538356125355
bf16_math,right_pad128,d4955ede5dce2e67b244906e7599038eb0306d48c276935914518b3fbcb343e0,layer_22,linear_attention,0.016879741102457047,0.1875,0.005463996436446905
bf16_math,right_pad128,d4955ede5dce2e67b244906e7599038eb0306d48c276935914518b3fbcb343e0,layer_23,full_attention,0.015314657241106033,0.125,0.0062133194878697395
bf16_math,right_pad128,d4955ede5dce2e67b244906e7599038eb0306d48c276935914518b3fbcb343e0,layer_24,linear_attention,0.01599733531475067,0.125,0.006866711191833019
bf16_math,right_pad128,d4955ede5dce2e67b244906e7599038eb0306d48c276935914518b3fbcb343e0,layer_25,linear_attention,0.015559133142232895,0.125,0.00712816696614027
bf16_math,right_pad128,d4955ede5dce2e67b244906e7599038eb0306d48c276935914518b3fbcb343e0,layer_26,linear_attention,0.014047469012439251,0.125,0.00746614346280694
bf16_math,right_pad128,d4955ede5dce2e67b244906e7599038eb0306d48c276935914518b3fbcb343e0,layer_27,full_attention,0.016090361401438713,0.25,0.008228302001953125
bf16_math,right_pad128,d4955ede5dce2e67b244906e7599038eb0306d48c276935914518b3fbcb343e0,layer_28,linear_attention,0.015163720585405827,0.25,0.009275102987885475
bf16_math,right_pad128,d4955ede5dce2e67b244906e7599038eb0306d48c276935914518b3fbcb343e0,layer_29,linear_attention,0.01469655055552721,0.125,0.01020040549337864
bf16_math,right_pad128,d4955ede5dce2e67b244906e7599038eb0306d48c276935914518b3fbcb343e0,layer_30,linear_attention,0.015598144382238388,0.375,0.011799502186477184
bf16_math,right_pad128,d4955ede5dce2e67b244906e7599038eb0306d48c276935914518b3fbcb343e0,layer_31,full_attention,0.01300257071852684,0.125,0.01448354683816433
bf16_math,right_pad128,d4955ede5dce2e67b244906e7599038eb0306d48c276935914518b3fbcb343e0,final_norm,final_norm,0.014129679650068283,0.1875,0.03172372654080391
bf16_math,mixed_batch3,d4955ede5dce2e67b244906e7599038eb0306d48c276935914518b3fbcb343e0,embedding,embedding,0.0,0.0,0.0
bf16_math,mixed_batch3,d4955ede5dce2e67b244906e7599038eb0306d48c276935914518b3fbcb343e0,layer_00,linear_attention,0.0035965738352388144,0.0009765625,0.00012343525304459035
bf16_math,mixed_batch3,d4955ede5dce2e67b244906e7599038eb0306d48c276935914518b3fbcb343e0,layer_01,linear_attention,0.005758838262408972,0.0010986328125,0.0002342838852200657
bf16_math,mixed_batch3,d4955ede5dce2e67b244906e7599038eb0306d48c276935914518b3fbcb343e0,layer_02,linear_attention,0.009284202940762043,0.001953125,0.0003925681230612099
bf16_math,mixed_batch3,d4955ede5dce2e67b244906e7599038eb0306d48c276935914518b3fbcb343e0,layer_03,full_attention,0.009343924932181835,0.0029296875,0.0005846291896887124
bf16_math,mixed_batch3,d4955ede5dce2e67b244906e7599038eb0306d48c276935914518b3fbcb343e0,layer_04,linear_attention,0.012797432951629162,0.015625,0.0010316282277926803
bf16_math,mixed_batch3,d4955ede5dce2e67b244906e7599038eb0306d48c276935914518b3fbcb343e0,layer_05,linear_attention,0.01270436029881239,0.03125,0.0011706349905580282
bf16_math,mixed_batch3,d4955ede5dce2e67b244906e7599038eb0306d48c276935914518b3fbcb343e0,layer_06,linear_attention,0.01390640065073967,0.015625,0.00134183163754642
bf16_math,mixed_batch3,d4955ede5dce2e67b244906e7599038eb0306d48c276935914518b3fbcb343e0,layer_07,full_attention,0.013612841255962849,0.03125,0.0014321282505989075
bf16_math,mixed_batch3,d4955ede5dce2e67b244906e7599038eb0306d48c276935914518b3fbcb343e0,layer_08,linear_attention,0.014452026225626469,0.03125,0.0014833242166787386
bf16_math,mixed_batch3,d4955ede5dce2e67b244906e7599038eb0306d48c276935914518b3fbcb343e0,layer_09,linear_attention,0.013768895529210567,0.0087890625,0.001481750630773604
bf16_math,mixed_batch3,d4955ede5dce2e67b244906e7599038eb0306d48c276935914518b3fbcb343e0,layer_10,linear_attention,0.015071612782776356,0.03125,0.0015743806725367904
bf16_math,mixed_batch3,d4955ede5dce2e67b244906e7599038eb0306d48c276935914518b3fbcb343e0,layer_11,full_attention,0.015030988492071629,0.03125,0.0018233924638479948
bf16_math,mixed_batch3,d4955ede5dce2e67b244906e7599038eb0306d48c276935914518b3fbcb343e0,layer_12,linear_attention,0.0148799829185009,0.01123046875,0.0018429756164550781
bf16_math,mixed_batch3,d4955ede5dce2e67b244906e7599038eb0306d48c276935914518b3fbcb343e0,layer_13,linear_attention,0.015292623080313206,0.03125,0.00192404689732939
bf16_math,mixed_batch3,d4955ede5dce2e67b244906e7599038eb0306d48c276935914518b3fbcb343e0,layer_14,linear_attention,0.01622137241065502,0.0625,0.002052479889243841
bf16_math,mixed_batch3,d4955ede5dce2e67b244906e7599038eb0306d48c276935914518b3fbcb343e0,layer_15,full_attention,0.017630353569984436,0.09375,0.002319520805031061
bf16_math,mixed_batch3,d4955ede5dce2e67b244906e7599038eb0306d48c276935914518b3fbcb343e0,layer_16,linear_attention,0.017821382731199265,0.09375,0.002518290188163519
bf16_math,mixed_batch3,d4955ede5dce2e67b244906e7599038eb0306d48c276935914518b3fbcb343e0,layer_17,linear_attention,0.016967732459306717,0.09375,0.0027092755772173405
bf16_math,mixed_batch3,d4955ede5dce2e67b244906e7599038eb0306d48c276935914518b3fbcb343e0,layer_18,linear_attention,0.017841225489974022,0.125,0.003099229885265231
bf16_math,mixed_batch3,d4955ede5dce2e67b244906e7599038eb0306d48c276935914518b3fbcb343e0,layer_19,full_attention,0.016279172152280807,0.125,0.003648471785709262
bf16_math,mixed_batch3,d4955ede5dce2e67b244906e7599038eb0306d48c276935914518b3fbcb343e0,layer_20,linear_attention,0.015197579748928547,0.09375,0.004128003027290106
bf16_math,mixed_batch3,d4955ede5dce2e67b244906e7599038eb0306d48c276935914518b3fbcb343e0,layer_21,linear_attention,0.014275996014475822,0.0625,0.00448338408023119
bf16_math,mixed_batch3,d4955ede5dce2e67b244906e7599038eb0306d48c276935914518b3fbcb343e0,layer_22,linear_attention,0.014678748324513435,0.125,0.004961168859153986
bf16_math,mixed_batch3,d4955ede5dce2e67b244906e7599038eb0306d48c276935914518b3fbcb343e0,layer_23,full_attention,0.013187224045395851,0.0625,0.0054281591437757015
bf16_math,mixed_batch3,d4955ede5dce2e67b244906e7599038eb0306d48c276935914518b3fbcb343e0,layer_24,linear_attention,0.01360947173088789,0.03125,0.005940920207649469
bf16_math,mixed_batch3,d4955ede5dce2e67b244906e7599038eb0306d48c276935914518b3fbcb343e0,layer_25,linear_attention,0.013273059390485287,0.03125,0.006188177969306707
bf16_math,mixed_batch3,d4955ede5dce2e67b244906e7599038eb0306d48c276935914518b3fbcb343e0,layer_26,linear_attention,0.012078714556992054,0.0390625,0.006550854537636042
bf16_math,mixed_batch3,d4955ede5dce2e67b244906e7599038eb0306d48c276935914518b3fbcb343e0,layer_27,full_attention,0.014940052293241024,0.25,0.007415747735649347
bf16_math,mixed_batch3,d4955ede5dce2e67b244906e7599038eb0306d48c276935914518b3fbcb343e0,layer_28,linear_attention,0.014144863933324814,0.25,0.008499610237777233
bf16_math,mixed_batch3,d4955ede5dce2e67b244906e7599038eb0306d48c276935914518b3fbcb343e0,layer_29,linear_attention,0.013690926134586334,0.125,0.009426141157746315
bf16_math,mixed_batch3,d4955ede5dce2e67b244906e7599038eb0306d48c276935914518b3fbcb343e0,layer_30,linear_attention,0.014775088988244534,0.25,0.01173102855682373
bf16_math,mixed_batch3,d4955ede5dce2e67b244906e7599038eb0306d48c276935914518b3fbcb343e0,layer_31,full_attention,0.013926933519542217,0.125,0.015562057495117188
bf16_math,mixed_batch3,d4955ede5dce2e67b244906e7599038eb0306d48c276935914518b3fbcb343e0,final_norm,final_norm,0.01520846039056778,0.375,0.0340973362326622
bf16_math,left_pad32_explicit,d4955ede5dce2e67b244906e7599038eb0306d48c276935914518b3fbcb343e0,embedding,embedding,0.0,0.0,0.0
bf16_math,left_pad32_explicit,d4955ede5dce2e67b244906e7599038eb0306d48c276935914518b3fbcb343e0,layer_00,linear_attention,0.002735918154940009,0.0009765625,8.541867282474414e-05
bf16_math,left_pad32_explicit,d4955ede5dce2e67b244906e7599038eb0306d48c276935914518b3fbcb343e0,layer_01,linear_attention,0.004400899168103933,0.0010986328125,0.00017406194820068777
bf16_math,left_pad32_explicit,d4955ede5dce2e67b244906e7599038eb0306d48c276935914518b3fbcb343e0,layer_02,linear_attention,0.007612280081957579,0.001953125,0.0003142140922136605
bf16_math,left_pad32_explicit,d4955ede5dce2e67b244906e7599038eb0306d48c276935914518b3fbcb343e0,layer_03,full_attention,0.008402449078857899,0.0025634765625,0.0005210891249589622
bf16_math,left_pad32_explicit,d4955ede5dce2e67b244906e7599038eb0306d48c276935914518b3fbcb343e0,layer_04,linear_attention,0.012674544006586075,0.015625,0.0010242208372801542
bf16_math,left_pad32_explicit,d4955ede5dce2e67b244906e7599038eb0306d48c276935914518b3fbcb343e0,layer_05,linear_attention,0.013130957260727882,0.03125,0.0012285439297556877
bf16_math,left_pad32_explicit,d4955ede5dce2e67b244906e7599038eb0306d48c276935914518b3fbcb343e0,layer_06,linear_attention,0.014025111682713032,0.015625,0.0013632416957989335
bf16_math,left_pad32_explicit,d4955ede5dce2e67b244906e7599038eb0306d48c276935914518b3fbcb343e0,layer_07,full_attention,0.013593695126473904,0.03125,0.0014105148147791624
bf16_math,left_pad32_explicit,d4955ede5dce2e67b244906e7599038eb0306d48c276935914518b3fbcb343e0,layer_08,linear_attention,0.0142071433365345,0.03125,0.0014377161860466003
bf16_math,left_pad32_explicit,d4955ede5dce2e67b244906e7599038eb0306d48c276935914518b3fbcb343e0,layer_09,linear_attention,0.01428378839045763,0.03125,0.0014665096532553434
bf16_math,left_pad32_explicit,d4955ede5dce2e67b244906e7599038eb0306d48c276935914518b3fbcb343e0,layer_10,linear_attention,0.014718795195221901,0.03125,0.0015082999598234892
bf16_math,left_pad32_explicit,d4955ede5dce2e67b244906e7599038eb0306d48c276935914518b3fbcb343e0,layer_11,full_attention,0.01366875134408474,0.03125,0.0016468294197693467
bf16_math,left_pad32_explicit,d4955ede5dce2e67b244906e7599038eb0306d48c276935914518b3fbcb343e0,layer_12,linear_attention,0.013683848083019257,0.015625,0.0016649126773700118
bf16_math,left_pad32_explicit,d4955ede5dce2e67b244906e7599038eb0306d48c276935914518b3fbcb343e0,layer_13,linear_attention,0.014125028625130653,0.017578125,0.0018272250890731812
bf16_math,left_pad32_explicit,d4955ede5dce2e67b244906e7599038eb0306d48c276935914518b3fbcb343e0,layer_14,linear_attention,0.014908373355865479,0.03125,0.0020213841926306486
bf16_math,left_pad32_explicit,d4955ede5dce2e67b244906e7599038eb0306d48c276935914518b3fbcb343e0,layer_15,full_attention,0.015803908929228783,0.0625,0.002243444323539734
bf16_math,left_pad32_explicit,d4955ede5dce2e67b244906e7599038eb0306d48c276935914518b3fbcb343e0,layer_16,linear_attention,0.016130365431308746,0.0625,0.0024201988708227873
bf16_math,left_pad32_explicit,d4955ede5dce2e67b244906e7599038eb0306d48c276935914518b3fbcb343e0,layer_17,linear_attention,0.016937019303441048,0.09375,0.0026852129958570004
bf16_math,left_pad32_explicit,d4955ede5dce2e67b244906e7599038eb0306d48c276935914518b3fbcb343e0,layer_18,linear_attention,0.018136654049158096,0.125,0.003191441297531128
bf16_math,left_pad32_explicit,d4955ede5dce2e67b244906e7599038eb0306d48c276935914518b3fbcb343e0,layer_19,full_attention,0.01562462281435728,0.09375,0.003685391042381525
bf16_math,left_pad32_explicit,d4955ede5dce2e67b244906e7599038eb0306d48c276935914518b3fbcb343e0,layer_20,linear_attention,0.014793161302804947,0.0625,0.004145503044128418
bf16_math,left_pad32_explicit,d4955ede5dce2e67b244906e7599038eb0306d48c276935914518b3fbcb343e0,layer_21,linear_attention,0.013933196663856506,0.024169921875,0.004414737224578857
bf16_math,left_pad32_explicit,d4955ede5dce2e67b244906e7599038eb0306d48c276935914518b3fbcb343e0,layer_22,linear_attention,0.01388720702379942,0.02685546875,0.004976263735443354
bf16_math,left_pad32_explicit,d4955ede5dce2e67b244906e7599038eb0306d48c276935914518b3fbcb343e0,layer_23,full_attention,0.013250388205051422,0.03125,0.005521559622138739
bf16_math,left_pad32_explicit,d4955ede5dce2e67b244906e7599038eb0306d48c276935914518b3fbcb343e0,layer_24,linear_attention,0.013457585126161575,0.046875,0.005805933382362127
bf16_math,left_pad32_explicit,d4955ede5dce2e67b244906e7599038eb0306d48c276935914518b3fbcb343e0,layer_25,linear_attention,0.013227720744907856,0.046875,0.0060929893516004086
bf16_math,left_pad32_explicit,d4955ede5dce2e67b244906e7599038eb0306d48c276935914518b3fbcb343e0,layer_26,linear_attention,0.011801176704466343,0.046875,0.006340980529785156
bf16_math,left_pad32_explicit,d4955ede5dce2e67b244906e7599038eb0306d48c276935914518b3fbcb343e0,layer_27,full_attention,0.013506756164133549,0.125,0.007240486331284046
bf16_math,left_pad32_explicit,d4955ede5dce2e67b244906e7599038eb0306d48c276935914518b3fbcb343e0,layer_28,linear_attention,0.01264052465558052,0.125,0.00803610123693943
bf16_math,left_pad32_explicit,d4955ede5dce2e67b244906e7599038eb0306d48c276935914518b3fbcb343e0,layer_29,linear_attention,0.013091829605400562,0.125,0.008963298983871937
bf16_math,left_pad32_explicit,d4955ede5dce2e67b244906e7599038eb0306d48c276935914518b3fbcb343e0,layer_30,linear_attention,0.012818342074751854,0.125,0.010348344221711159
bf16_math,left_pad32_explicit,d4955ede5dce2e67b244906e7599038eb0306d48c276935914518b3fbcb343e0,layer_31,full_attention,0.012652941048145294,0.15625,0.013832664117217064
bf16_math,left_pad32_explicit,d4955ede5dce2e67b244906e7599038eb0306d48c276935914518b3fbcb343e0,final_norm,final_norm,0.013805026188492775,0.3125,0.02991248294711113
bf16_math,repeat_alone,330322a632bb1efa3b2979d67e2f9b99eb7190450a121d8fac26014a6dbab5d9,embedding,embedding,0.0,0.0,0.0
bf16_math,repeat_alone,330322a632bb1efa3b2979d67e2f9b99eb7190450a121d8fac26014a6dbab5d9,layer_00,linear_attention,0.0,0.0,0.0
bf16_math,repeat_alone,330322a632bb1efa3b2979d67e2f9b99eb7190450a121d8fac26014a6dbab5d9,layer_01,linear_attention,0.0,0.0,0.0
bf16_math,repeat_alone,330322a632bb1efa3b2979d67e2f9b99eb7190450a121d8fac26014a6dbab5d9,layer_02,linear_attention,0.0,0.0,0.0
bf16_math,repeat_alone,330322a632bb1efa3b2979d67e2f9b99eb7190450a121d8fac26014a6dbab5d9,layer_03,full_attention,0.0,0.0,0.0
bf16_math,repeat_alone,330322a632bb1efa3b2979d67e2f9b99eb7190450a121d8fac26014a6dbab5d9,layer_04,linear_attention,0.0,0.0,0.0
bf16_math,repeat_alone,330322a632bb1efa3b2979d67e2f9b99eb7190450a121d8fac26014a6dbab5d9,layer_05,linear_attention,0.0,0.0,0.0
bf16_math,repeat_alone,330322a632bb1efa3b2979d67e2f9b99eb7190450a121d8fac26014a6dbab5d9,layer_06,linear_attention,0.0,0.0,0.0
bf16_math,repeat_alone,330322a632bb1efa3b2979d67e2f9b99eb7190450a121d8fac26014a6dbab5d9,layer_07,full_attention,0.0,0.0,0.0
bf16_math,repeat_alone,330322a632bb1efa3b2979d67e2f9b99eb7190450a121d8fac26014a6dbab5d9,layer_08,linear_attention,0.0,0.0,0.0
bf16_math,repeat_alone,330322a632bb1efa3b2979d67e2f9b99eb7190450a121d8fac26014a6dbab5d9,layer_09,linear_attention,0.0,0.0,0.0
bf16_math,repeat_alone,330322a632bb1efa3b2979d67e2f9b99eb7190450a121d8fac26014a6dbab5d9,layer_10,linear_attention,0.0,0.0,0.0
bf16_math,repeat_alone,330322a632bb1efa3b2979d67e2f9b99eb7190450a121d8fac26014a6dbab5d9,layer_11,full_attention,0.0,0.0,0.0
bf16_math,repeat_alone,330322a632bb1efa3b2979d67e2f9b99eb7190450a121d8fac26014a6dbab5d9,layer_12,linear_attention,0.0,0.0,0.0
bf16_math,repeat_alone,330322a632bb1efa3b2979d67e2f9b99eb7190450a121d8fac26014a6dbab5d9,layer_13,linear_attention,0.0,0.0,0.0
bf16_math,repeat_alone,330322a632bb1efa3b2979d67e2f9b99eb7190450a121d8fac26014a6dbab5d9,layer_14,linear_attention,0.0,0.0,0.0
bf16_math,repeat_alone,330322a632bb1efa3b2979d67e2f9b99eb7190450a121d8fac26014a6dbab5d9,layer_15,full_attention,0.0,0.0,0.0
bf16_math,repeat_alone,330322a632bb1efa3b2979d67e2f9b99eb7190450a121d8fac26014a6dbab5d9,layer_16,linear_attention,0.0,0.0,0.0
bf16_math,repeat_alone,330322a632bb1efa3b2979d67e2f9b99eb7190450a121d8fac26014a6dbab5d9,layer_17,linear_attention,0.0,0.0,0.0
bf16_math,repeat_alone,330322a632bb1efa3b2979d67e2f9b99eb7190450a121d8fac26014a6dbab5d9,layer_18,linear_attention,0.0,0.0,0.0
bf16_math,repeat_alone,330322a632bb1efa3b2979d67e2f9b99eb7190450a121d8fac26014a6dbab5d9,layer_19,full_attention,0.0,0.0,0.0
bf16_math,repeat_alone,330322a632bb1efa3b2979d67e2f9b99eb7190450a121d8fac26014a6dbab5d9,layer_20,linear_attention,0.0,0.0,0.0
bf16_math,repeat_alone,330322a632bb1efa3b2979d67e2f9b99eb7190450a121d8fac26014a6dbab5d9,layer_21,linear_attention,0.0,0.0,0.0
bf16_math,repeat_alone,330322a632bb1efa3b2979d67e2f9b99eb7190450a121d8fac26014a6dbab5d9,layer_22,linear_attention,0.0,0.0,0.0
bf16_math,repeat_alone,330322a632bb1efa3b2979d67e2f9b99eb7190450a121d8fac26014a6dbab5d9,layer_23,full_attention,0.0,0.0,0.0
bf16_math,repeat_alone,330322a632bb1efa3b2979d67e2f9b99eb7190450a121d8fac26014a6dbab5d9,layer_24,linear_attention,0.0,0.0,0.0
bf16_math,repeat_alone,330322a632bb1efa3b2979d67e2f9b99eb7190450a121d8fac26014a6dbab5d9,layer_25,linear_attention,0.0,0.0,0.0
bf16_math,repeat_alone,330322a632bb1efa3b2979d67e2f9b99eb7190450a121d8fac26014a6dbab5d9,layer_26,linear_attention,0.0,0.0,0.0
bf16_math,repeat_alone,330322a632bb1efa3b2979d67e2f9b99eb7190450a121d8fac26014a6dbab5d9,layer_27,full_attention,0.0,0.0,0.0
bf16_math,repeat_alone,330322a632bb1efa3b2979d67e2f9b99eb7190450a121d8fac26014a6dbab5d9,layer_28,linear_attention,0.0,0.0,0.0
bf16_math,repeat_alone,330322a632bb1efa3b2979d67e2f9b99eb7190450a121d8fac26014a6dbab5d9,layer_29,linear_attention,0.0,0.0,0.0
bf16_math,repeat_alone,330322a632bb1efa3b2979d67e2f9b99eb7190450a121d8fac26014a6dbab5d9,layer_30,linear_attention,0.0,0.0,0.0
bf16_math,repeat_alone,330322a632bb1efa3b2979d67e2f9b99eb7190450a121d8fac26014a6dbab5d9,layer_31,full_attention,0.0,0.0,0.0
bf16_math,repeat_alone,330322a632bb1efa3b2979d67e2f9b99eb7190450a121d8fac26014a6dbab5d9,final_norm,final_norm,0.0,0.0,0.0
bf16_math,duplicate_batch2,330322a632bb1efa3b2979d67e2f9b99eb7190450a121d8fac26014a6dbab5d9,embedding,embedding,0.0,0.0,0.0
bf16_math,duplicate_batch2,330322a632bb1efa3b2979d67e2f9b99eb7190450a121d8fac26014a6dbab5d9,layer_00,linear_attention,0.0037616847548633814,0.001953125,0.00013069323904346675
bf16_math,duplicate_batch2,330322a632bb1efa3b2979d67e2f9b99eb7190450a121d8fac26014a6dbab5d9,layer_01,linear_attention,0.005150536075234413,0.001953125,0.0002104826271533966
bf16_math,duplicate_batch2,330322a632bb1efa3b2979d67e2f9b99eb7190450a121d8fac26014a6dbab5d9,layer_02,linear_attention,0.008606326766312122,0.0078125,0.0003576621529646218
bf16_math,duplicate_batch2,330322a632bb1efa3b2979d67e2f9b99eb7190450a121d8fac26014a6dbab5d9,layer_03,full_attention,0.00906943529844284,0.015625,0.0005197867867536843
bf16_math,duplicate_batch2,330322a632bb1efa3b2979d67e2f9b99eb7190450a121d8fac26014a6dbab5d9,layer_04,linear_attention,0.013496714644134045,0.03125,0.0010269104968756437
bf16_math,duplicate_batch2,330322a632bb1efa3b2979d67e2f9b99eb7190450a121d8fac26014a6dbab5d9,layer_05,linear_attention,0.013232961297035217,0.03125,0.0012409307528287172
bf16_math,duplicate_batch2,330322a632bb1efa3b2979d67e2f9b99eb7190450a121d8fac26014a6dbab5d9,layer_06,linear_attention,0.01458658929914236,0.03125,0.0013326645130291581
bf16_math,duplicate_batch2,330322a632bb1efa3b2979d67e2f9b99eb7190450a121d8fac26014a6dbab5d9,layer_07,full_attention,0.0155788604170084,0.0625,0.0014241918688639998
bf16_math,duplicate_batch2,330322a632bb1efa3b2979d67e2f9b99eb7190450a121d8fac26014a6dbab5d9,layer_08,linear_attention,0.016181841492652893,0.0625,0.0014417454367503524
bf16_math,duplicate_batch2,330322a632bb1efa3b2979d67e2f9b99eb7190450a121d8fac26014a6dbab5d9,layer_09,linear_attention,0.01648225635290146,0.0625,0.0014834776520729065
bf16_math,duplicate_batch2,330322a632bb1efa3b2979d67e2f9b99eb7190450a121d8fac26014a6dbab5d9,layer_10,linear_attention,0.01859324425458908,0.078125,0.0016085862880572677
bf16_math,duplicate_batch2,330322a632bb1efa3b2979d67e2f9b99eb7190450a121d8fac26014a6dbab5d9,layer_11,full_attention,0.016511399298906326,0.0625,0.00180131196975708
bf16_math,duplicate_batch2,330322a632bb1efa3b2979d67e2f9b99eb7190450a121d8fac26014a6dbab5d9,layer_12,linear_attention,0.016965027898550034,0.0625,0.001855570124462247
bf16_math,duplicate_batch2,330322a632bb1efa3b2979d67e2f9b99eb7190450a121d8fac26014a6dbab5d9,layer_13,linear_attention,0.019153157249093056,0.09375,0.002036509569734335
bf16_math,duplicate_batch2,330322a632bb1efa3b2979d67e2f9b99eb7190450a121d8fac26014a6dbab5d9,layer_14,linear_attention,0.01932521164417267,0.09375,0.0022544830571860075
bf16_math,duplicate_batch2,330322a632bb1efa3b2979d67e2f9b99eb7190450a121d8fac26014a6dbab5d9,layer_15,full_attention,0.01817012019455433,0.09375,0.002317053033038974
bf16_math,duplicate_batch2,330322a632bb1efa3b2979d67e2f9b99eb7190450a121d8fac26014a6dbab5d9,layer_16,linear_attention,0.018008487299084663,0.0625,0.0026695518754422665
bf16_math,duplicate_batch2,330322a632bb1efa3b2979d67e2f9b99eb7190450a121d8fac26014a6dbab5d9,layer_17,linear_attention,0.017831627279520035,0.09375,0.002805388066917658
bf16_math,duplicate_batch2,330322a632bb1efa3b2979d67e2f9b99eb7190450a121d8fac26014a6dbab5d9,layer_18,linear_attention,0.01649521477520466,0.078125,0.0031142234802246094
bf16_math,duplicate_batch2,330322a632bb1efa3b2979d67e2f9b99eb7190450a121d8fac26014a6dbab5d9,layer_19,full_attention,0.014741979539394379,0.0625,0.003658142639324069
bf16_math,duplicate_batch2,330322a632bb1efa3b2979d67e2f9b99eb7190450a121d8fac26014a6dbab5d9,layer_20,linear_attention,0.014845327474176884,0.09375,0.004091346170753241
bf16_math,duplicate_batch2,330322a632bb1efa3b2979d67e2f9b99eb7190450a121d8fac26014a6dbab5d9,layer_21,linear_attention,0.014056272804737091,0.0625,0.004469490144401789
bf16_math,duplicate_batch2,330322a632bb1efa3b2979d67e2f9b99eb7190450a121d8fac26014a6dbab5d9,layer_22,linear_attention,0.01413217093795538,0.125,0.004889818839728832
bf16_math,duplicate_batch2,330322a632bb1efa3b2979d67e2f9b99eb7190450a121d8fac26014a6dbab5d9,layer_23,full_attention,0.013327179476618767,0.125,0.005292332265526056
bf16_math,duplicate_batch2,330322a632bb1efa3b2979d67e2f9b99eb7190450a121d8fac26014a6dbab5d9,layer_24,linear_attention,0.013740913942456245,0.125,0.005734371952712536
bf16_math,duplicate_batch2,330322a632bb1efa3b2979d67e2f9b99eb7190450a121d8fac26014a6dbab5d9,layer_25,linear_attention,0.01367410272359848,0.125,0.006135868839919567
bf16_math,duplicate_batch2,330322a632bb1efa3b2979d67e2f9b99eb7190450a121d8fac26014a6dbab5d9,layer_26,linear_attention,0.012003641575574875,0.125,0.006368654780089855
bf16_math,duplicate_batch2,330322a632bb1efa3b2979d67e2f9b99eb7190450a121d8fac26014a6dbab5d9,layer_27,full_attention,0.01460182573646307,0.25,0.007329869084060192
bf16_math,duplicate_batch2,330322a632bb1efa3b2979d67e2f9b99eb7190450a121d8fac26014a6dbab5d9,layer_28,linear_attention,0.013483334332704544,0.25,0.008156418800354004
bf16_math,duplicate_batch2,330322a632bb1efa3b2979d67e2f9b99eb7190450a121d8fac26014a6dbab5d9,layer_29,linear_attention,0.013806003145873547,0.25,0.009088659659028053
bf16_math,duplicate_batch2,330322a632bb1efa3b2979d67e2f9b99eb7190450a121d8fac26014a6dbab5d9,layer_30,linear_attention,0.012205230072140694,0.0625,0.010264957323670387
bf16_math,duplicate_batch2,330322a632bb1efa3b2979d67e2f9b99eb7190450a121d8fac26014a6dbab5d9,layer_31,full_attention,0.011727175675332546,0.125,0.013212442398071289
bf16_math,duplicate_batch2,330322a632bb1efa3b2979d67e2f9b99eb7190450a121d8fac26014a6dbab5d9,final_norm,final_norm,0.012686590664088726,0.25,0.02803649939596653
bf16_math,right_pad32,330322a632bb1efa3b2979d67e2f9b99eb7190450a121d8fac26014a6dbab5d9,embedding,embedding,0.0,0.0,0.0
bf16_math,right_pad32,330322a632bb1efa3b2979d67e2f9b99eb7190450a121d8fac26014a6dbab5d9,layer_00,linear_attention,0.003419797634705901,0.0009765625,0.00011835247278213501
bf16_math,right_pad32,330322a632bb1efa3b2979d67e2f9b99eb7190450a121d8fac26014a6dbab5d9,layer_01,linear_attention,0.005782242398709059,0.001953125,0.00024012476205825806
bf16_math,right_pad32,330322a632bb1efa3b2979d67e2f9b99eb7190450a121d8fac26014a6dbab5d9,layer_02,linear_attention,0.012100615538656712,0.0234375,0.00039984285831451416
bf16_math,right_pad32,330322a632bb1efa3b2979d67e2f9b99eb7190450a121d8fac26014a6dbab5d9,layer_03,full_attention,0.009936262853443623,0.015625,0.0005933657521381974
bf16_math,right_pad32,330322a632bb1efa3b2979d67e2f9b99eb7190450a121d8fac26014a6dbab5d9,layer_04,linear_attention,0.012296443805098534,0.015625,0.0010029554832726717
bf16_math,right_pad32,330322a632bb1efa3b2979d67e2f9b99eb7190450a121d8fac26014a6dbab5d9,layer_05,linear_attention,0.010981211438775063,0.0048828125,0.0011021196842193604
bf16_math,right_pad32,330322a632bb1efa3b2979d67e2f9b99eb7190450a121d8fac26014a6dbab5d9,layer_06,linear_attention,0.011049922555685043,0.0078125,0.001064515090547502
bf16_math,right_pad32,330322a632bb1efa3b2979d67e2f9b99eb7190450a121d8fac26014a6dbab5d9,layer_07,full_attention,0.010525587946176529,0.0078125,0.0011515781516209245
bf16_math,right_pad32,330322a632bb1efa3b2979d67e2f9b99eb7190450a121d8fac26014a6dbab5d9,layer_08,linear_attention,0.011278921738266945,0.0078125,0.001192982541397214
bf16_math,right_pad32,330322a632bb1efa3b2979d67e2f9b99eb7190450a121d8fac26014a6dbab5d9,layer_09,linear_attention,0.012264322489500046,0.03125,0.0012235797476023436
bf16_math,right_pad32,330322a632bb1efa3b2979d67e2f9b99eb7190450a121d8fac26014a6dbab5d9,layer_10,linear_attention,0.012589284218847752,0.0078125,0.001342087984085083
bf16_math,right_pad32,330322a632bb1efa3b2979d67e2f9b99eb7190450a121d8fac26014a6dbab5d9,layer_11,full_attention,0.012751723639667034,0.009765625,0.0015663921367377043
bf16_math,right_pad32,330322a632bb1efa3b2979d67e2f9b99eb7190450a121d8fac26014a6dbab5d9,layer_12,linear_attention,0.013160964474081993,0.0078125,0.0016168535221368074
bf16_math,right_pad32,330322a632bb1efa3b2979d67e2f9b99eb7190450a121d8fac26014a6dbab5d9,layer_13,linear_attention,0.013864059001207352,0.03125,0.001736026257276535
bf16_math,right_pad32,330322a632bb1efa3b2979d67e2f9b99eb7190450a121d8fac26014a6dbab5d9,layer_14,linear_attention,0.01367112435400486,0.03125,0.0018313467735424638
bf16_math,right_pad32,330322a632bb1efa3b2979d67e2f9b99eb7190450a121d8fac26014a6dbab5d9,layer_15,full_attention,0.013633230701088905,0.03125,0.001996749546378851
bf16_math,right_pad32,330322a632bb1efa3b2979d67e2f9b99eb7190450a121d8fac26014a6dbab5d9,layer_16,linear_attention,0.013948151841759682,0.015625,0.0021823972929269075
bf16_math,right_pad32,330322a632bb1efa3b2979d67e2f9b99eb7190450a121d8fac26014a6dbab5d9,layer_17,linear_attention,0.013580569066107273,0.01171875,0.002393364906311035
bf16_math,right_pad32,330322a632bb1efa3b2979d67e2f9b99eb7190450a121d8fac26014a6dbab5d9,layer_18,linear_attention,0.014496972784399986,0.03125,0.002893340541049838
bf16_math,right_pad32,330322a632bb1efa3b2979d67e2f9b99eb7190450a121d8fac26014a6dbab5d9,layer_19,full_attention,0.01318111177533865,0.03125,0.0033414214849472046
bf16_math,right_pad32,330322a632bb1efa3b2979d67e2f9b99eb7190450a121d8fac26014a6dbab5d9,layer_20,linear_attention,0.012843434698879719,0.017578125,0.003700989531353116
bf16_math,right_pad32,330322a632bb1efa3b2979d67e2f9b99eb7190450a121d8fac26014a6dbab5d9,layer_21,linear_attention,0.012964282184839249,0.0625,0.004067408852279186
bf16_math,right_pad32,330322a632bb1efa3b2979d67e2f9b99eb7190450a121d8fac26014a6dbab5d9,layer_22,linear_attention,0.012156901881098747,0.03125,0.004440578632056713
bf16_math,right_pad32,330322a632bb1efa3b2979d67e2f9b99eb7190450a121d8fac26014a6dbab5d9,layer_23,full_attention,0.012381605803966522,0.0625,0.0051163313910365105
bf16_math,right_pad32,330322a632bb1efa3b2979d67e2f9b99eb7190450a121d8fac26014a6dbab5d9,layer_24,linear_attention,0.01265239343047142,0.0625,0.00548927765339613
bf16_math,right_pad32,330322a632bb1efa3b2979d67e2f9b99eb7190450a121d8fac26014a6dbab5d9,layer_25,linear_attention,0.01230755727738142,0.0322265625,0.005712020210921764
bf16_math,right_pad32,330322a632bb1efa3b2979d67e2f9b99eb7190450a121d8fac26014a6dbab5d9,layer_26,linear_attention,0.011486760340631008,0.125,0.0061248899437487125
bf16_math,right_pad32,330322a632bb1efa3b2979d67e2f9b99eb7190450a121d8fac26014a6dbab5d9,layer_27,full_attention,0.01270319614559412,0.125,0.006892872042953968
bf16_math,right_pad32,330322a632bb1efa3b2979d67e2f9b99eb7190450a121d8fac26014a6dbab5d9,layer_28,linear_attention,0.013044439256191254,0.25,0.00779536971822381
bf16_math,right_pad32,330322a632bb1efa3b2979d67e2f9b99eb7190450a121d8fac26014a6dbab5d9,layer_29,linear_attention,0.013293352909386158,0.25,0.008614909835159779
bf16_math,right_pad32,330322a632bb1efa3b2979d67e2f9b99eb7190450a121d8fac26014a6dbab5d9,layer_30,linear_attention,0.01167772151529789,0.0625,0.009766352362930775
bf16_math,right_pad32,330322a632bb1efa3b2979d67e2f9b99eb7190450a121d8fac26014a6dbab5d9,layer_31,full_attention,0.011143192648887634,0.25,0.012293720617890358
bf16_math,right_pad32,330322a632bb1efa3b2979d67e2f9b99eb7190450a121d8fac26014a6dbab5d9,final_norm,final_norm,0.011800668202340603,0.1875,0.026788974180817604
bf16_math,right_pad128,330322a632bb1efa3b2979d67e2f9b99eb7190450a121d8fac26014a6dbab5d9,embedding,embedding,0.0,0.0,0.0
bf16_math,right_pad128,330322a632bb1efa3b2979d67e2f9b99eb7190450a121d8fac26014a6dbab5d9,layer_00,linear_attention,0.004343061707913876,0.0009765625,0.00015661567158531398
bf16_math,right_pad128,330322a632bb1efa3b2979d67e2f9b99eb7190450a121d8fac26014a6dbab5d9,layer_01,linear_attention,0.006186576094478369,0.00146484375,0.00026008710847236216
bf16_math,right_pad128,330322a632bb1efa3b2979d67e2f9b99eb7190450a121d8fac26014a6dbab5d9,layer_02,linear_attention,0.014489891938865185,0.03125,0.00043272823677398264
bf16_math,right_pad128,330322a632bb1efa3b2979d67e2f9b99eb7190450a121d8fac26014a6dbab5d9,layer_03,full_attention,0.01088622771203518,0.015625,0.0006634190795011818
bf16_math,right_pad128,330322a632bb1efa3b2979d67e2f9b99eb7190450a121d8fac26014a6dbab5d9,layer_04,linear_attention,0.014728463254868984,0.03125,0.0011468708980828524
bf16_math,right_pad128,330322a632bb1efa3b2979d67e2f9b99eb7190450a121d8fac26014a6dbab5d9,layer_05,linear_attention,0.01409419346600771,0.03125,0.0013379395240917802
bf16_math,right_pad128,330322a632bb1efa3b2979d67e2f9b99eb7190450a121d8fac26014a6dbab5d9,layer_06,linear_attention,0.015920309349894524,0.03125,0.0015008270274847746
bf16_math,right_pad128,330322a632bb1efa3b2979d67e2f9b99eb7190450a121d8fac26014a6dbab5d9,layer_07,full_attention,0.015200378373265266,0.03125,0.0016316368710249662
bf16_math,right_pad128,330322a632bb1efa3b2979d67e2f9b99eb7190450a121d8fac26014a6dbab5d9,layer_08,linear_attention,0.016153084114193916,0.03125,0.001683472073636949
bf16_math,right_pad128,330322a632bb1efa3b2979d67e2f9b99eb7190450a121d8fac26014a6dbab5d9,layer_09,linear_attention,0.015992669388651848,0.03125,0.0016557067865505815
bf16_math,right_pad128,330322a632bb1efa3b2979d67e2f9b99eb7190450a121d8fac26014a6dbab5d9,layer_10,linear_attention,0.018316010013222694,0.0625,0.0017433970933780074
bf16_math,right_pad128,330322a632bb1efa3b2979d67e2f9b99eb7190450a121d8fac26014a6dbab5d9,layer_11,full_attention,0.017994027584791183,0.0625,0.002027750015258789
bf16_math,right_pad128,330322a632bb1efa3b2979d67e2f9b99eb7190450a121d8fac26014a6dbab5d9,layer_12,linear_attention,0.020634472370147705,0.09375,0.002112609101459384
bf16_math,right_pad128,330322a632bb1efa3b2979d67e2f9b99eb7190450a121d8fac26014a6dbab5d9,layer_13,linear_attention,0.021223997697234154,0.09375,0.002369459718465805
bf16_math,right_pad128,330322a632bb1efa3b2979d67e2f9b99eb7190450a121d8fac26014a6dbab5d9,layer_14,linear_attention,0.020957516506314278,0.09375,0.002538615372031927
bf16_math,right_pad128,330322a632bb1efa3b2979d67e2f9b99eb7190450a121d8fac26014a6dbab5d9,layer_15,full_attention,0.018508924171328545,0.0625,0.002646929118782282
bf16_math,right_pad128,330322a632bb1efa3b2979d67e2f9b99eb7190450a121d8fac26014a6dbab5d9,layer_16,linear_attention,0.01842929981648922,0.0625,0.002770638559013605
bf16_math,right_pad128,330322a632bb1efa3b2979d67e2f9b99eb7190450a121d8fac26014a6dbab5d9,layer_17,linear_attention,0.01869616098701954,0.09375,0.002988868858665228
bf16_math,right_pad128,330322a632bb1efa3b2979d67e2f9b99eb7190450a121d8fac26014a6dbab5d9,layer_18,linear_attention,0.016841720789670944,0.0625,0.0032330453395843506
bf16_math,right_pad128,330322a632bb1efa3b2979d67e2f9b99eb7190450a121d8fac26014a6dbab5d9,layer_19,full_attention,0.015536142513155937,0.0625,0.0038552910555154085
bf16_math,right_pad128,330322a632bb1efa3b2979d67e2f9b99eb7190450a121d8fac26014a6dbab5d9,layer_20,linear_attention,0.015382220037281513,0.09375,0.004269087221473455
bf16_math,right_pad128,330322a632bb1efa3b2979d67e2f9b99eb7190450a121d8fac26014a6dbab5d9,layer_21,linear_attention,0.014333945699036121,0.0625,0.004538619425147772
bf16_math,right_pad128,330322a632bb1efa3b2979d67e2f9b99eb7190450a121d8fac26014a6dbab5d9,layer_22,linear_attention,0.014369429089128971,0.125,0.004970422480255365
bf16_math,right_pad128,330322a632bb1efa3b2979d67e2f9b99eb7190450a121d8fac26014a6dbab5d9,layer_23,full_attention,0.013784968294203281,0.125,0.00553505402058363
bf16_math,right_pad128,330322a632bb1efa3b2979d67e2f9b99eb7190450a121d8fac26014a6dbab5d9,layer_24,linear_attention,0.013878988102078438,0.125,0.0059042214415967464
bf16_math,right_pad128,330322a632bb1efa3b2979d67e2f9b99eb7190450a121d8fac26014a6dbab5d9,layer_25,linear_attention,0.013576889410614967,0.125,0.0062067387625575066
bf16_math,right_pad128,330322a632bb1efa3b2979d67e2f9b99eb7190450a121d8fac26014a6dbab5d9,layer_26,linear_attention,0.012171627953648567,0.125,0.006603205110877752
bf16_math,right_pad128,330322a632bb1efa3b2979d67e2f9b99eb7190450a121d8fac26014a6dbab5d9,layer_27,full_attention,0.015450073406100273,0.25,0.007892346009612083
bf16_math,right_pad128,330322a632bb1efa3b2979d67e2f9b99eb7190450a121d8fac26014a6dbab5d9,layer_28,linear_attention,0.014036157168447971,0.25,0.008671605959534645
bf16_math,right_pad128,330322a632bb1efa3b2979d67e2f9b99eb7190450a121d8fac26014a6dbab5d9,layer_29,linear_attention,0.014480642974376678,0.25,0.00965728797018528
bf16_math,right_pad128,330322a632bb1efa3b2979d67e2f9b99eb7190450a121d8fac26014a6dbab5d9,layer_30,linear_attention,0.013264833018183708,0.0625,0.011187362484633923
bf16_math,right_pad128,330322a632bb1efa3b2979d67e2f9b99eb7190450a121d8fac26014a6dbab5d9,layer_31,full_attention,0.012036739848554134,0.125,0.013821696862578392
bf16_math,right_pad128,330322a632bb1efa3b2979d67e2f9b99eb7190450a121d8fac26014a6dbab5d9,final_norm,final_norm,0.013115719892084599,0.25,0.029485274106264114
bf16_math,mixed_batch3,330322a632bb1efa3b2979d67e2f9b99eb7190450a121d8fac26014a6dbab5d9,embedding,embedding,0.0,0.0,0.0
bf16_math,mixed_batch3,330322a632bb1efa3b2979d67e2f9b99eb7190450a121d8fac26014a6dbab5d9,layer_00,linear_attention,0.007826054468750954,0.015625,0.00016253814101219177
bf16_math,mixed_batch3,330322a632bb1efa3b2979d67e2f9b99eb7190450a121d8fac26014a6dbab5d9,layer_01,linear_attention,0.008913188241422176,0.015625,0.0002937227545771748
bf16_math,mixed_batch3,330322a632bb1efa3b2979d67e2f9b99eb7190450a121d8fac26014a6dbab5d9,layer_02,linear_attention,0.017650825902819633,0.0390625,0.0005038544768467546
bf16_math,mixed_batch3,330322a632bb1efa3b2979d67e2f9b99eb7190450a121d8fac26014a6dbab5d9,layer_03,full_attention,0.015544582158327103,0.03125,0.0008810296421870589
bf16_math,mixed_batch3,330322a632bb1efa3b2979d67e2f9b99eb7190450a121d8fac26014a6dbab5d9,layer_04,linear_attention,0.017082924023270607,0.03125,0.0013658523093909025
bf16_math,mixed_batch3,330322a632bb1efa3b2979d67e2f9b99eb7190450a121d8fac26014a6dbab5d9,layer_05,linear_attention,0.016036799177527428,0.03125,0.0015383393038064241
bf16_math,mixed_batch3,330322a632bb1efa3b2979d67e2f9b99eb7190450a121d8fac26014a6dbab5d9,layer_06,linear_attention,0.01607920601963997,0.03125,0.001492051756940782
bf16_math,mixed_batch3,330322a632bb1efa3b2979d67e2f9b99eb7190450a121d8fac26014a6dbab5d9,layer_07,full_attention,0.016754986718297005,0.0625,0.001576183713041246
bf16_math,mixed_batch3,330322a632bb1efa3b2979d67e2f9b99eb7190450a121d8fac26014a6dbab5d9,layer_08,linear_attention,0.017198042944073677,0.0625,0.001569502055644989
bf16_math,mixed_batch3,330322a632bb1efa3b2979d67e2f9b99eb7190450a121d8fac26014a6dbab5d9,layer_09,linear_attention,0.017200741916894913,0.0625,0.001576098846271634
bf16_math,mixed_batch3,330322a632bb1efa3b2979d67e2f9b99eb7190450a121d8fac26014a6dbab5d9,layer_10,linear_attention,0.0199014563113451,0.078125,0.0017945945728570223
bf16_math,mixed_batch3,330322a632bb1efa3b2979d67e2f9b99eb7190450a121d8fac26014a6dbab5d9,layer_11,full_attention,0.018095504492521286,0.0625,0.0020259141456335783
bf16_math,mixed_batch3,330322a632bb1efa3b2979d67e2f9b99eb7190450a121d8fac26014a6dbab5d9,layer_12,linear_attention,0.01841762848198414,0.0625,0.002060717437416315
bf16_math,mixed_batch3,330322a632bb1efa3b2979d67e2f9b99eb7190450a121d8fac26014a6dbab5d9,layer_13,linear_attention,0.020678222179412842,0.09375,0.0022804357577115297
bf16_math,mixed_batch3,330322a632bb1efa3b2979d67e2f9b99eb7190450a121d8fac26014a6dbab5d9,layer_14,linear_attention,0.020815402269363403,0.09375,0.0024771392345428467
bf16_math,mixed_batch3,330322a632bb1efa3b2979d67e2f9b99eb7190450a121d8fac26014a6dbab5d9,layer_15,full_attention,0.019995849579572678,0.09375,0.0026391446590423584
bf16_math,mixed_batch3,330322a632bb1efa3b2979d67e2f9b99eb7190450a121d8fac26014a6dbab5d9,layer_16,linear_attention,0.018963176757097244,0.0625,0.002819883869960904
bf16_math,mixed_batch3,330322a632bb1efa3b2979d67e2f9b99eb7190450a121d8fac26014a6dbab5d9,layer_17,linear_attention,0.018773578107357025,0.09375,0.0030071199871599674
bf16_math,mixed_batch3,330322a632bb1efa3b2979d67e2f9b99eb7190450a121d8fac26014a6dbab5d9,layer_18,linear_attention,0.01794901117682457,0.09375,0.003320109797641635
bf16_math,mixed_batch3,330322a632bb1efa3b2979d67e2f9b99eb7190450a121d8fac26014a6dbab5d9,layer_19,full_attention,0.01546905841678381,0.09375,0.0036928891204297543
bf16_math,mixed_batch3,330322a632bb1efa3b2979d67e2f9b99eb7190450a121d8fac26014a6dbab5d9,layer_20,linear_attention,0.015158812515437603,0.09375,0.004177737049758434
bf16_math,mixed_batch3,330322a632bb1efa3b2979d67e2f9b99eb7190450a121d8fac26014a6dbab5d9,layer_21,linear_attention,0.014124780893325806,0.0625,0.004488766193389893
bf16_math,mixed_batch3,330322a632bb1efa3b2979d67e2f9b99eb7190450a121d8fac26014a6dbab5d9,layer_22,linear_attention,0.014240655116736889,0.125,0.004984529223293066
bf16_math,mixed_batch3,330322a632bb1efa3b2979d67e2f9b99eb7190450a121d8fac26014a6dbab5d9,layer_23,full_attention,0.013358424417674541,0.125,0.005388128571212292
bf16_math,mixed_batch3,330322a632bb1efa3b2979d67e2f9b99eb7190450a121d8fac26014a6dbab5d9,layer_24,linear_attention,0.013499250635504723,0.125,0.0057437061332166195
bf16_math,mixed_batch3,330322a632bb1efa3b2979d67e2f9b99eb7190450a121d8fac26014a6dbab5d9,layer_25,linear_attention,0.013359405100345612,0.125,0.006073059048503637
bf16_math,mixed_batch3,330322a632bb1efa3b2979d67e2f9b99eb7190450a121d8fac26014a6dbab5d9,layer_26,linear_attention,0.01198984868824482,0.125,0.006463378667831421
bf16_math,mixed_batch3,330322a632bb1efa3b2979d67e2f9b99eb7190450a121d8fac26014a6dbab5d9,layer_27,full_attention,0.016458220779895782,0.375,0.007324242498725653
bf16_math,mixed_batch3,330322a632bb1efa3b2979d67e2f9b99eb7190450a121d8fac26014a6dbab5d9,layer_28,linear_attention,0.014954037964344025,0.375,0.008188331499695778
bf16_math,mixed_batch3,330322a632bb1efa3b2979d67e2f9b99eb7190450a121d8fac26014a6dbab5d9,layer_29,linear_attention,0.015094953589141369,0.375,0.009086060337722301
bf16_math,mixed_batch3,330322a632bb1efa3b2979d67e2f9b99eb7190450a121d8fac26014a6dbab5d9,layer_30,linear_attention,0.012890344485640526,0.125,0.01066445093601942
bf16_math,mixed_batch3,330322a632bb1efa3b2979d67e2f9b99eb7190450a121d8fac26014a6dbab5d9,layer_31,full_attention,0.011994010768830776,0.125,0.013811087235808372
bf16_math,mixed_batch3,330322a632bb1efa3b2979d67e2f9b99eb7190450a121d8fac26014a6dbab5d9,final_norm,final_norm,0.013070494867861271,0.1875,0.02989279106259346
bf16_math,left_pad32_explicit,330322a632bb1efa3b2979d67e2f9b99eb7190450a121d8fac26014a6dbab5d9,embedding,embedding,0.0,0.0,0.0
bf16_math,left_pad32_explicit,330322a632bb1efa3b2979d67e2f9b99eb7190450a121d8fac26014a6dbab5d9,layer_00,linear_attention,0.003419797634705901,0.0009765625,0.00011835247278213501
bf16_math,left_pad32_explicit,330322a632bb1efa3b2979d67e2f9b99eb7190450a121d8fac26014a6dbab5d9,layer_01,linear_attention,0.0055967397056519985,0.001953125,0.00022998600616119802
bf16_math,left_pad32_explicit,330322a632bb1efa3b2979d67e2f9b99eb7190450a121d8fac26014a6dbab5d9,layer_02,linear_attention,0.010400244034826756,0.015625,0.00039432646008208394
bf16_math,left_pad32_explicit,330322a632bb1efa3b2979d67e2f9b99eb7190450a121d8fac26014a6dbab5d9,layer_03,full_attention,0.012175659649074078,0.03125,0.0006199002382345498
bf16_math,left_pad32_explicit,330322a632bb1efa3b2979d67e2f9b99eb7190450a121d8fac26014a6dbab5d9,layer_04,linear_attention,0.015922874212265015,0.046875,0.0011453747283667326
bf16_math,left_pad32_explicit,330322a632bb1efa3b2979d67e2f9b99eb7190450a121d8fac26014a6dbab5d9,layer_05,linear_attention,0.013289611786603928,0.03125,0.0012455761898308992
bf16_math,left_pad32_explicit,330322a632bb1efa3b2979d67e2f9b99eb7190450a121d8fac26014a6dbab5d9,layer_06,linear_attention,0.013482891954481602,0.03125,0.001248002052307129
bf16_math,left_pad32_explicit,330322a632bb1efa3b2979d67e2f9b99eb7190450a121d8fac26014a6dbab5d9,layer_07,full_attention,0.012586149387061596,0.03125,0.0013114095199853182
bf16_math,left_pad32_explicit,330322a632bb1efa3b2979d67e2f9b99eb7190450a121d8fac26014a6dbab5d9,layer_08,linear_attention,0.012988554313778877,0.03125,0.0013111934531480074
bf16_math,left_pad32_explicit,330322a632bb1efa3b2979d67e2f9b99eb7190450a121d8fac26014a6dbab5d9,layer_09,linear_attention,0.012937091290950775,0.03125,0.0013021737104281783
bf16_math,left_pad32_explicit,330322a632bb1efa3b2979d67e2f9b99eb7190450a121d8fac26014a6dbab5d9,layer_10,linear_attention,0.01331227459013462,0.03125,0.0013576537603512406
bf16_math,left_pad32_explicit,330322a632bb1efa3b2979d67e2f9b99eb7190450a121d8fac26014a6dbab5d9,layer_11,full_attention,0.012909173034131527,0.03125,0.0015210866695269942
bf16_math,left_pad32_explicit,330322a632bb1efa3b2979d67e2f9b99eb7190450a121d8fac26014a6dbab5d9,layer_12,linear_attention,0.012835985980927944,0.03125,0.0014875412452965975
bf16_math,left_pad32_explicit,330322a632bb1efa3b2979d67e2f9b99eb7190450a121d8fac26014a6dbab5d9,layer_13,linear_attention,0.01519726775586605,0.0625,0.0017178722191601992
bf16_math,left_pad32_explicit,330322a632bb1efa3b2979d67e2f9b99eb7190450a121d8fac26014a6dbab5d9,layer_14,linear_attention,0.014899742789566517,0.0625,0.001822394086048007
bf16_math,left_pad32_explicit,330322a632bb1efa3b2979d67e2f9b99eb7190450a121d8fac26014a6dbab5d9,layer_15,full_attention,0.014794562943279743,0.0625,0.0019926964305341244
bf16_math,left_pad32_explicit,330322a632bb1efa3b2979d67e2f9b99eb7190450a121d8fac26014a6dbab5d9,layer_16,linear_attention,0.015276004560291767,0.0625,0.002198177622631192
bf16_math,left_pad32_explicit,330322a632bb1efa3b2979d67e2f9b99eb7190450a121d8fac26014a6dbab5d9,layer_17,linear_attention,0.015031253919005394,0.0625,0.002469992730766535
bf16_math,left_pad32_explicit,330322a632bb1efa3b2979d67e2f9b99eb7190450a121d8fac26014a6dbab5d9,layer_18,linear_attention,0.014915451407432556,0.0625,0.0028148232959210873
bf16_math,left_pad32_explicit,330322a632bb1efa3b2979d67e2f9b99eb7190450a121d8fac26014a6dbab5d9,layer_19,full_attention,0.012868533842265606,0.03125,0.0032664923928678036
bf16_math,left_pad32_explicit,330322a632bb1efa3b2979d67e2f9b99eb7190450a121d8fac26014a6dbab5d9,layer_20,linear_attention,0.012806531973183155,0.0625,0.0035433173179626465
bf16_math,left_pad32_explicit,330322a632bb1efa3b2979d67e2f9b99eb7190450a121d8fac26014a6dbab5d9,layer_21,linear_attention,0.012282447889447212,0.0625,0.0038210272323340178
bf16_math,left_pad32_explicit,330322a632bb1efa3b2979d67e2f9b99eb7190450a121d8fac26014a6dbab5d9,layer_22,linear_attention,0.012741797603666782,0.125,0.0042991964146494865
bf16_math,left_pad32_explicit,330322a632bb1efa3b2979d67e2f9b99eb7190450a121d8fac26014a6dbab5d9,layer_23,full_attention,0.011357199400663376,0.0625,0.004669463727623224
bf16_math,left_pad32_explicit,330322a632bb1efa3b2979d67e2f9b99eb7190450a121d8fac26014a6dbab5d9,layer_24,linear_attention,0.011551598086953163,0.0625,0.005000281147658825
bf16_math,left_pad32_explicit,330322a632bb1efa3b2979d67e2f9b99eb7190450a121d8fac26014a6dbab5d9,layer_25,linear_attention,0.011833865195512772,0.125,0.0052201151847839355
bf16_math,left_pad32_explicit,330322a632bb1efa3b2979d67e2f9b99eb7190450a121d8fac26014a6dbab5d9,layer_26,linear_attention,0.012175158597528934,0.25,0.0056168437004089355
bf16_math,left_pad32_explicit,330322a632bb1efa3b2979d67e2f9b99eb7190450a121d8fac26014a6dbab5d9,layer_27,full_attention,0.013196202926337719,0.25,0.0062912823632359505
bf16_math,left_pad32_explicit,330322a632bb1efa3b2979d67e2f9b99eb7190450a121d8fac26014a6dbab5d9,layer_28,linear_attention,0.01222252007573843,0.25,0.007071328349411488
bf16_math,left_pad32_explicit,330322a632bb1efa3b2979d67e2f9b99eb7190450a121d8fac26014a6dbab5d9,layer_29,linear_attention,0.011489459313452244,0.125,0.007778001017868519
bf16_math,left_pad32_explicit,330322a632bb1efa3b2979d67e2f9b99eb7190450a121d8fac26014a6dbab5d9,layer_30,linear_attention,0.010971525683999062,0.09375,0.008988452143967152
bf16_math,left_pad32_explicit,330322a632bb1efa3b2979d67e2f9b99eb7190450a121d8fac26014a6dbab5d9,layer_31,full_attention,0.010734686627984047,0.15625,0.011789798736572266
bf16_math,left_pad32_explicit,330322a632bb1efa3b2979d67e2f9b99eb7190450a121d8fac26014a6dbab5d9,final_norm,final_norm,0.011516604572534561,0.3125,0.025077039375901222
bf16_math,repeat_alone,17d7a74707ec16de2de7773af08ebcd40670cd195e65bd17d877e56a357d64fc,embedding,embedding,0.0,0.0,0.0
bf16_math,repeat_alone,17d7a74707ec16de2de7773af08ebcd40670cd195e65bd17d877e56a357d64fc,layer_00,linear_attention,0.0,0.0,0.0
bf16_math,repeat_alone,17d7a74707ec16de2de7773af08ebcd40670cd195e65bd17d877e56a357d64fc,layer_01,linear_attention,0.0,0.0,0.0
bf16_math,repeat_alone,17d7a74707ec16de2de7773af08ebcd40670cd195e65bd17d877e56a357d64fc,layer_02,linear_attention,0.0,0.0,0.0
bf16_math,repeat_alone,17d7a74707ec16de2de7773af08ebcd40670cd195e65bd17d877e56a357d64fc,layer_03,full_attention,0.0,0.0,0.0
bf16_math,repeat_alone,17d7a74707ec16de2de7773af08ebcd40670cd195e65bd17d877e56a357d64fc,layer_04,linear_attention,0.0,0.0,0.0
bf16_math,repeat_alone,17d7a74707ec16de2de7773af08ebcd40670cd195e65bd17d877e56a357d64fc,layer_05,linear_attention,0.0,0.0,0.0
bf16_math,repeat_alone,17d7a74707ec16de2de7773af08ebcd40670cd195e65bd17d877e56a357d64fc,layer_06,linear_attention,0.0,0.0,0.0
bf16_math,repeat_alone,17d7a74707ec16de2de7773af08ebcd40670cd195e65bd17d877e56a357d64fc,layer_07,full_attention,0.0,0.0,0.0
bf16_math,repeat_alone,17d7a74707ec16de2de7773af08ebcd40670cd195e65bd17d877e56a357d64fc,layer_08,linear_attention,0.0,0.0,0.0
bf16_math,repeat_alone,17d7a74707ec16de2de7773af08ebcd40670cd195e65bd17d877e56a357d64fc,layer_09,linear_attention,0.0,0.0,0.0
bf16_math,repeat_alone,17d7a74707ec16de2de7773af08ebcd40670cd195e65bd17d877e56a357d64fc,layer_10,linear_attention,0.0,0.0,0.0
bf16_math,repeat_alone,17d7a74707ec16de2de7773af08ebcd40670cd195e65bd17d877e56a357d64fc,layer_11,full_attention,0.0,0.0,0.0
bf16_math,repeat_alone,17d7a74707ec16de2de7773af08ebcd40670cd195e65bd17d877e56a357d64fc,layer_12,linear_attention,0.0,0.0,0.0
bf16_math,repeat_alone,17d7a74707ec16de2de7773af08ebcd40670cd195e65bd17d877e56a357d64fc,layer_13,linear_attention,0.0,0.0,0.0
bf16_math,repeat_alone,17d7a74707ec16de2de7773af08ebcd40670cd195e65bd17d877e56a357d64fc,layer_14,linear_attention,0.0,0.0,0.0
bf16_math,repeat_alone,17d7a74707ec16de2de7773af08ebcd40670cd195e65bd17d877e56a357d64fc,layer_15,full_attention,0.0,0.0,0.0
bf16_math,repeat_alone,17d7a74707ec16de2de7773af08ebcd40670cd195e65bd17d877e56a357d64fc,layer_16,linear_attention,0.0,0.0,0.0
bf16_math,repeat_alone,17d7a74707ec16de2de7773af08ebcd40670cd195e65bd17d877e56a357d64fc,layer_17,linear_attention,0.0,0.0,0.0
bf16_math,repeat_alone,17d7a74707ec16de2de7773af08ebcd40670cd195e65bd17d877e56a357d64fc,layer_18,linear_attention,0.0,0.0,0.0
bf16_math,repeat_alone,17d7a74707ec16de2de7773af08ebcd40670cd195e65bd17d877e56a357d64fc,layer_19,full_attention,0.0,0.0,0.0
bf16_math,repeat_alone,17d7a74707ec16de2de7773af08ebcd40670cd195e65bd17d877e56a357d64fc,layer_20,linear_attention,0.0,0.0,0.0
bf16_math,repeat_alone,17d7a74707ec16de2de7773af08ebcd40670cd195e65bd17d877e56a357d64fc,layer_21,linear_attention,0.0,0.0,0.0
bf16_math,repeat_alone,17d7a74707ec16de2de7773af08ebcd40670cd195e65bd17d877e56a357d64fc,layer_22,linear_attention,0.0,0.0,0.0
bf16_math,repeat_alone,17d7a74707ec16de2de7773af08ebcd40670cd195e65bd17d877e56a357d64fc,layer_23,full_attention,0.0,0.0,0.0
bf16_math,repeat_alone,17d7a74707ec16de2de7773af08ebcd40670cd195e65bd17d877e56a357d64fc,layer_24,linear_attention,0.0,0.0,0.0
bf16_math,repeat_alone,17d7a74707ec16de2de7773af08ebcd40670cd195e65bd17d877e56a357d64fc,layer_25,linear_attention,0.0,0.0,0.0
bf16_math,repeat_alone,17d7a74707ec16de2de7773af08ebcd40670cd195e65bd17d877e56a357d64fc,layer_26,linear_attention,0.0,0.0,0.0
bf16_math,repeat_alone,17d7a74707ec16de2de7773af08ebcd40670cd195e65bd17d877e56a357d64fc,layer_27,full_attention,0.0,0.0,0.0
bf16_math,repeat_alone,17d7a74707ec16de2de7773af08ebcd40670cd195e65bd17d877e56a357d64fc,layer_28,linear_attention,0.0,0.0,0.0
bf16_math,repeat_alone,17d7a74707ec16de2de7773af08ebcd40670cd195e65bd17d877e56a357d64fc,layer_29,linear_attention,0.0,0.0,0.0
bf16_math,repeat_alone,17d7a74707ec16de2de7773af08ebcd40670cd195e65bd17d877e56a357d64fc,layer_30,linear_attention,0.0,0.0,0.0
bf16_math,repeat_alone,17d7a74707ec16de2de7773af08ebcd40670cd195e65bd17d877e56a357d64fc,layer_31,full_attention,0.0,0.0,0.0
bf16_math,repeat_alone,17d7a74707ec16de2de7773af08ebcd40670cd195e65bd17d877e56a357d64fc,final_norm,final_norm,0.0,0.0,0.0
bf16_math,duplicate_batch2,17d7a74707ec16de2de7773af08ebcd40670cd195e65bd17d877e56a357d64fc,embedding,embedding,0.0,0.0,0.0
bf16_math,duplicate_batch2,17d7a74707ec16de2de7773af08ebcd40670cd195e65bd17d877e56a357d64fc,layer_00,linear_attention,0.0029961969703435898,0.0009765625,0.00010075997852254659
bf16_math,duplicate_batch2,17d7a74707ec16de2de7773af08ebcd40670cd195e65bd17d877e56a357d64fc,layer_01,linear_attention,0.012799321673810482,0.03125,0.00022323876328300685
bf16_math,duplicate_batch2,17d7a74707ec16de2de7773af08ebcd40670cd195e65bd17d877e56a357d64fc,layer_02,linear_attention,0.019976530224084854,0.046875,0.00045824499102309346
bf16_math,duplicate_batch2,17d7a74707ec16de2de7773af08ebcd40670cd195e65bd17d877e56a357d64fc,layer_03,full_attention,0.016528518870472908,0.046875,0.0007463216898031533
bf16_math,duplicate_batch2,17d7a74707ec16de2de7773af08ebcd40670cd195e65bd17d877e56a357d64fc,layer_04,linear_attention,0.01676403172314167,0.046875,0.0011776536703109741
bf16_math,duplicate_batch2,17d7a74707ec16de2de7773af08ebcd40670cd195e65bd17d877e56a357d64fc,layer_05,linear_attention,0.016474593430757523,0.0625,0.0013368219370022416
bf16_math,duplicate_batch2,17d7a74707ec16de2de7773af08ebcd40670cd195e65bd17d877e56a357d64fc,layer_06,linear_attention,0.018013810738921165,0.0625,0.0014928221935406327
bf16_math,duplicate_batch2,17d7a74707ec16de2de7773af08ebcd40670cd195e65bd17d877e56a357d64fc,layer_07,full_attention,0.014558396302163601,0.03125,0.0015210688579827547
bf16_math,duplicate_batch2,17d7a74707ec16de2de7773af08ebcd40670cd195e65bd17d877e56a357d64fc,layer_08,linear_attention,0.014819644391536713,0.03125,0.0014960371190682054
bf16_math,duplicate_batch2,17d7a74707ec16de2de7773af08ebcd40670cd195e65bd17d877e56a357d64fc,layer_09,linear_attention,0.013511047698557377,0.015625,0.0014374225866049528
bf16_math,duplicate_batch2,17d7a74707ec16de2de7773af08ebcd40670cd195e65bd17d877e56a357d64fc,layer_10,linear_attention,0.014074699021875858,0.015625,0.0014786198735237122
bf16_math,duplicate_batch2,17d7a74707ec16de2de7773af08ebcd40670cd195e65bd17d877e56a357d64fc,layer_11,full_attention,0.013216769322752953,0.03125,0.0015515207778662443
bf16_math,duplicate_batch2,17d7a74707ec16de2de7773af08ebcd40670cd195e65bd17d877e56a357d64fc,layer_12,linear_attention,0.013296701945364475,0.01171875,0.0016092598671093583
bf16_math,duplicate_batch2,17d7a74707ec16de2de7773af08ebcd40670cd195e65bd17d877e56a357d64fc,layer_13,linear_attention,0.013563037849962711,0.0107421875,0.0017463148105889559
bf16_math,duplicate_batch2,17d7a74707ec16de2de7773af08ebcd40670cd195e65bd17d877e56a357d64fc,layer_14,linear_attention,0.013578877784311771,0.01171875,0.0018691871082410216
bf16_math,duplicate_batch2,17d7a74707ec16de2de7773af08ebcd40670cd195e65bd17d877e56a357d64fc,layer_15,full_attention,0.013889937661588192,0.01171875,0.0021089911460876465
bf16_math,duplicate_batch2,17d7a74707ec16de2de7773af08ebcd40670cd195e65bd17d877e56a357d64fc,layer_16,linear_attention,0.014128822833299637,0.01171875,0.002240777015686035
bf16_math,duplicate_batch2,17d7a74707ec16de2de7773af08ebcd40670cd195e65bd17d877e56a357d64fc,layer_17,linear_attention,0.01425650343298912,0.01171875,0.002494770335033536
bf16_math,duplicate_batch2,17d7a74707ec16de2de7773af08ebcd40670cd195e65bd17d877e56a357d64fc,layer_18,linear_attention,0.01453213021159172,0.015625,0.0029500871896743774
bf16_math,duplicate_batch2,17d7a74707ec16de2de7773af08ebcd40670cd195e65bd17d877e56a357d64fc,layer_19,full_attention,0.014309518970549107,0.03125,0.003579168114811182
bf16_math,duplicate_batch2,17d7a74707ec16de2de7773af08ebcd40670cd195e65bd17d877e56a357d64fc,layer_20,linear_attention,0.014145167544484138,0.021484375,0.004051643423736095
bf16_math,duplicate_batch2,17d7a74707ec16de2de7773af08ebcd40670cd195e65bd17d877e56a357d64fc,layer_21,linear_attention,0.013831447809934616,0.01953125,0.004415648989379406
bf16_math,duplicate_batch2,17d7a74707ec16de2de7773af08ebcd40670cd195e65bd17d877e56a357d64fc,layer_22,linear_attention,0.014168978668749332,0.0625,0.005019879434257746
bf16_math,duplicate_batch2,17d7a74707ec16de2de7773af08ebcd40670cd195e65bd17d877e56a357d64fc,layer_23,full_attention,0.013143282383680344,0.0625,0.005421960260719061
bf16_math,duplicate_batch2,17d7a74707ec16de2de7773af08ebcd40670cd195e65bd17d877e56a357d64fc,layer_24,linear_attention,0.013288351707160473,0.0625,0.005777901504188776
bf16_math,duplicate_batch2,17d7a74707ec16de2de7773af08ebcd40670cd195e65bd17d877e56a357d64fc,layer_25,linear_attention,0.013175229541957378,0.0625,0.006095230579376221
bf16_math,duplicate_batch2,17d7a74707ec16de2de7773af08ebcd40670cd195e65bd17d877e56a357d64fc,layer_26,linear_attention,0.014376696199178696,0.25,0.006559622474014759
bf16_math,duplicate_batch2,17d7a74707ec16de2de7773af08ebcd40670cd195e65bd17d877e56a357d64fc,layer_27,full_attention,0.014201870188117027,0.125,0.007652676198631525
bf16_math,duplicate_batch2,17d7a74707ec16de2de7773af08ebcd40670cd195e65bd17d877e56a357d64fc,layer_28,linear_attention,0.01300664059817791,0.125,0.008286046795547009
bf16_math,duplicate_batch2,17d7a74707ec16de2de7773af08ebcd40670cd195e65bd17d877e56a357d64fc,layer_29,linear_attention,0.013534177094697952,0.125,0.009273946285247803
bf16_math,duplicate_batch2,17d7a74707ec16de2de7773af08ebcd40670cd195e65bd17d877e56a357d64fc,layer_30,linear_attention,0.013468190096318722,0.05078125,0.011056637391448021
bf16_math,duplicate_batch2,17d7a74707ec16de2de7773af08ebcd40670cd195e65bd17d877e56a357d64fc,layer_31,full_attention,0.012938708066940308,0.125,0.0139686344191432
bf16_math,duplicate_batch2,17d7a74707ec16de2de7773af08ebcd40670cd195e65bd17d877e56a357d64fc,final_norm,final_norm,0.013818788342177868,0.25,0.03138936683535576
bf16_math,right_pad32,17d7a74707ec16de2de7773af08ebcd40670cd195e65bd17d877e56a357d64fc,embedding,embedding,0.0,0.0,0.0
bf16_math,right_pad32,17d7a74707ec16de2de7773af08ebcd40670cd195e65bd17d877e56a357d64fc,layer_00,linear_attention,0.002399332821369171,0.0009765625,7.396973524009809e-05
bf16_math,right_pad32,17d7a74707ec16de2de7773af08ebcd40670cd195e65bd17d877e56a357d64fc,layer_01,linear_attention,0.01258733682334423,0.03125,0.00019791796512436122
bf16_math,right_pad32,17d7a74707ec16de2de7773af08ebcd40670cd195e65bd17d877e56a357d64fc,layer_02,linear_attention,0.02042352594435215,0.046875,0.0004905328387394547
bf16_math,right_pad32,17d7a74707ec16de2de7773af08ebcd40670cd195e65bd17d877e56a357d64fc,layer_03,full_attention,0.016377342864871025,0.046875,0.0007264345767907798
bf16_math,right_pad32,17d7a74707ec16de2de7773af08ebcd40670cd195e65bd17d877e56a357d64fc,layer_04,linear_attention,0.016870010644197464,0.046875,0.0011952966451644897
bf16_math,right_pad32,17d7a74707ec16de2de7773af08ebcd40670cd195e65bd17d877e56a357d64fc,layer_05,linear_attention,0.01679893210530281,0.0625,0.0013657778035849333
bf16_math,right_pad32,17d7a74707ec16de2de7773af08ebcd40670cd195e65bd17d877e56a357d64fc,layer_06,linear_attention,0.017913229763507843,0.0625,0.001467986381612718
bf16_math,right_pad32,17d7a74707ec16de2de7773af08ebcd40670cd195e65bd17d877e56a357d64fc,layer_07,full_attention,0.014207732863724232,0.03125,0.0014812767039984465
bf16_math,right_pad32,17d7a74707ec16de2de7773af08ebcd40670cd195e65bd17d877e56a357d64fc,layer_08,linear_attention,0.013132297433912754,0.015625,0.0013720623683184385
bf16_math,right_pad32,17d7a74707ec16de2de7773af08ebcd40670cd195e65bd17d877e56a357d64fc,layer_09,linear_attention,0.012623421847820282,0.013671875,0.001337844179943204
bf16_math,right_pad32,17d7a74707ec16de2de7773af08ebcd40670cd195e65bd17d877e56a357d64fc,layer_10,linear_attention,0.012738491408526897,0.013671875,0.0013480574125424027
bf16_math,right_pad32,17d7a74707ec16de2de7773af08ebcd40670cd195e65bd17d877e56a357d64fc,layer_11,full_attention,0.011965467594563961,0.015625,0.0014433041214942932
bf16_math,right_pad32,17d7a74707ec16de2de7773af08ebcd40670cd195e65bd17d877e56a357d64fc,layer_12,linear_attention,0.01278152409940958,0.03125,0.001472896314226091
bf16_math,right_pad32,17d7a74707ec16de2de7773af08ebcd40670cd195e65bd17d877e56a357d64fc,layer_13,linear_attention,0.012781686149537563,0.03125,0.0015565454959869385
bf16_math,right_pad32,17d7a74707ec16de2de7773af08ebcd40670cd195e65bd17d877e56a357d64fc,layer_14,linear_attention,0.0122451800853014,0.017578125,0.0016747418558225036
bf16_math,right_pad32,17d7a74707ec16de2de7773af08ebcd40670cd195e65bd17d877e56a357d64fc,layer_15,full_attention,0.012724824249744415,0.017578125,0.0019179641967639327
bf16_math,right_pad32,17d7a74707ec16de2de7773af08ebcd40670cd195e65bd17d877e56a357d64fc,layer_16,linear_attention,0.012760222889482975,0.01953125,0.001994136720895767
bf16_math,right_pad32,17d7a74707ec16de2de7773af08ebcd40670cd195e65bd17d877e56a357d64fc,layer_17,linear_attention,0.012988153845071793,0.0234375,0.002245501382276416
bf16_math,right_pad32,17d7a74707ec16de2de7773af08ebcd40670cd195e65bd17d877e56a357d64fc,layer_18,linear_attention,0.0125257084146142,0.02734375,0.00247589941136539
bf16_math,right_pad32,17d7a74707ec16de2de7773af08ebcd40670cd195e65bd17d877e56a357d64fc,layer_19,full_attention,0.01282634399831295,0.03125,0.0030922696460038424
bf16_math,right_pad32,17d7a74707ec16de2de7773af08ebcd40670cd195e65bd17d877e56a357d64fc,layer_20,linear_attention,0.012678949162364006,0.03125,0.0035405277740210295
bf16_math,right_pad32,17d7a74707ec16de2de7773af08ebcd40670cd195e65bd17d877e56a357d64fc,layer_21,linear_attention,0.013117975555360317,0.0625,0.00404965877532959
bf16_math,right_pad32,17d7a74707ec16de2de7773af08ebcd40670cd195e65bd17d877e56a357d64fc,layer_22,linear_attention,0.013045300729572773,0.0625,0.004578983876854181
bf16_math,right_pad32,17d7a74707ec16de2de7773af08ebcd40670cd195e65bd17d877e56a357d64fc,layer_23,full_attention,0.0121334632858634,0.0625,0.004937684629112482
bf16_math,right_pad32,17d7a74707ec16de2de7773af08ebcd40670cd195e65bd17d877e56a357d64fc,layer_24,linear_attention,0.01314026303589344,0.125,0.0053941188380122185
bf16_math,right_pad32,17d7a74707ec16de2de7773af08ebcd40670cd195e65bd17d877e56a357d64fc,layer_25,linear_attention,0.012953565455973148,0.125,0.005639255046844482
bf16_math,right_pad32,17d7a74707ec16de2de7773af08ebcd40670cd195e65bd17d877e56a357d64fc,layer_26,linear_attention,0.014070458710193634,0.25,0.006190532352775335
bf16_math,right_pad32,17d7a74707ec16de2de7773af08ebcd40670cd195e65bd17d877e56a357d64fc,layer_27,full_attention,0.014806177467107773,0.25,0.00717549305409193
bf16_math,right_pad32,17d7a74707ec16de2de7773af08ebcd40670cd195e65bd17d877e56a357d64fc,layer_28,linear_attention,0.01363607868552208,0.25,0.007962321862578392
bf16_math,right_pad32,17d7a74707ec16de2de7773af08ebcd40670cd195e65bd17d877e56a357d64fc,layer_29,linear_attention,0.014122453518211842,0.25,0.008976387791335583
bf16_math,right_pad32,17d7a74707ec16de2de7773af08ebcd40670cd195e65bd17d877e56a357d64fc,layer_30,linear_attention,0.012839742004871368,0.09375,0.01036306656897068
bf16_math,right_pad32,17d7a74707ec16de2de7773af08ebcd40670cd195e65bd17d877e56a357d64fc,layer_31,full_attention,0.0119825704023242,0.125,0.013057446107268333
bf16_math,right_pad32,17d7a74707ec16de2de7773af08ebcd40670cd195e65bd17d877e56a357d64fc,final_norm,final_norm,0.012749775312840939,0.171875,0.029127871617674828
bf16_math,right_pad128,17d7a74707ec16de2de7773af08ebcd40670cd195e65bd17d877e56a357d64fc,embedding,embedding,0.0,0.0,0.0
bf16_math,right_pad128,17d7a74707ec16de2de7773af08ebcd40670cd195e65bd17d877e56a357d64fc,layer_00,linear_attention,0.0029961969703435898,0.0009765625,0.00010075997852254659
bf16_math,right_pad128,17d7a74707ec16de2de7773af08ebcd40670cd195e65bd17d877e56a357d64fc,layer_01,linear_attention,0.012799321673810482,0.03125,0.00022323876328300685
bf16_math,right_pad128,17d7a74707ec16de2de7773af08ebcd40670cd195e65bd17d877e56a357d64fc,layer_02,linear_attention,0.019976530224084854,0.046875,0.00045824499102309346
bf16_math,right_pad128,17d7a74707ec16de2de7773af08ebcd40670cd195e65bd17d877e56a357d64fc,layer_03,full_attention,0.016528518870472908,0.046875,0.0007463216898031533
bf16_math,right_pad128,17d7a74707ec16de2de7773af08ebcd40670cd195e65bd17d877e56a357d64fc,layer_04,linear_attention,0.01676403172314167,0.046875,0.0011776536703109741
bf16_math,right_pad128,17d7a74707ec16de2de7773af08ebcd40670cd195e65bd17d877e56a357d64fc,layer_05,linear_attention,0.016474593430757523,0.0625,0.0013368219370022416
bf16_math,right_pad128,17d7a74707ec16de2de7773af08ebcd40670cd195e65bd17d877e56a357d64fc,layer_06,linear_attention,0.018013810738921165,0.0625,0.0014928221935406327
bf16_math,right_pad128,17d7a74707ec16de2de7773af08ebcd40670cd195e65bd17d877e56a357d64fc,layer_07,full_attention,0.014558396302163601,0.03125,0.0015210688579827547
bf16_math,right_pad128,17d7a74707ec16de2de7773af08ebcd40670cd195e65bd17d877e56a357d64fc,layer_08,linear_attention,0.014819644391536713,0.03125,0.0014960371190682054
bf16_math,right_pad128,17d7a74707ec16de2de7773af08ebcd40670cd195e65bd17d877e56a357d64fc,layer_09,linear_attention,0.013511047698557377,0.015625,0.0014374225866049528
bf16_math,right_pad128,17d7a74707ec16de2de7773af08ebcd40670cd195e65bd17d877e56a357d64fc,layer_10,linear_attention,0.014074699021875858,0.015625,0.0014786198735237122
bf16_math,right_pad128,17d7a74707ec16de2de7773af08ebcd40670cd195e65bd17d877e56a357d64fc,layer_11,full_attention,0.013216769322752953,0.03125,0.0015515207778662443
bf16_math,right_pad128,17d7a74707ec16de2de7773af08ebcd40670cd195e65bd17d877e56a357d64fc,layer_12,linear_attention,0.013296701945364475,0.01171875,0.0016092598671093583
bf16_math,right_pad128,17d7a74707ec16de2de7773af08ebcd40670cd195e65bd17d877e56a357d64fc,layer_13,linear_attention,0.013563037849962711,0.0107421875,0.0017463148105889559
bf16_math,right_pad128,17d7a74707ec16de2de7773af08ebcd40670cd195e65bd17d877e56a357d64fc,layer_14,linear_attention,0.013578877784311771,0.01171875,0.0018691871082410216
bf16_math,right_pad128,17d7a74707ec16de2de7773af08ebcd40670cd195e65bd17d877e56a357d64fc,layer_15,full_attention,0.013889937661588192,0.01171875,0.0021089911460876465
bf16_math,right_pad128,17d7a74707ec16de2de7773af08ebcd40670cd195e65bd17d877e56a357d64fc,layer_16,linear_attention,0.014128822833299637,0.01171875,0.002240777015686035
bf16_math,right_pad128,17d7a74707ec16de2de7773af08ebcd40670cd195e65bd17d877e56a357d64fc,layer_17,linear_attention,0.01425650343298912,0.01171875,0.002494770335033536
bf16_math,right_pad128,17d7a74707ec16de2de7773af08ebcd40670cd195e65bd17d877e56a357d64fc,layer_18,linear_attention,0.01453213021159172,0.015625,0.0029500871896743774
bf16_math,right_pad128,17d7a74707ec16de2de7773af08ebcd40670cd195e65bd17d877e56a357d64fc,layer_19,full_attention,0.014309518970549107,0.03125,0.003579168114811182
bf16_math,right_pad128,17d7a74707ec16de2de7773af08ebcd40670cd195e65bd17d877e56a357d64fc,layer_20,linear_attention,0.014145167544484138,0.021484375,0.004051643423736095
bf16_math,right_pad128,17d7a74707ec16de2de7773af08ebcd40670cd195e65bd17d877e56a357d64fc,layer_21,linear_attention,0.013831447809934616,0.01953125,0.004415648989379406
bf16_math,right_pad128,17d7a74707ec16de2de7773af08ebcd40670cd195e65bd17d877e56a357d64fc,layer_22,linear_attention,0.014168978668749332,0.0625,0.005019879434257746
bf16_math,right_pad128,17d7a74707ec16de2de7773af08ebcd40670cd195e65bd17d877e56a357d64fc,layer_23,full_attention,0.013143282383680344,0.0625,0.005421960260719061
bf16_math,right_pad128,17d7a74707ec16de2de7773af08ebcd40670cd195e65bd17d877e56a357d64fc,layer_24,linear_attention,0.013288351707160473,0.0625,0.005777901504188776
bf16_math,right_pad128,17d7a74707ec16de2de7773af08ebcd40670cd195e65bd17d877e56a357d64fc,layer_25,linear_attention,0.013175229541957378,0.0625,0.006095230579376221
bf16_math,right_pad128,17d7a74707ec16de2de7773af08ebcd40670cd195e65bd17d877e56a357d64fc,layer_26,linear_attention,0.014376696199178696,0.25,0.006559622474014759
bf16_math,right_pad128,17d7a74707ec16de2de7773af08ebcd40670cd195e65bd17d877e56a357d64fc,layer_27,full_attention,0.014201870188117027,0.125,0.007652676198631525
bf16_math,right_pad128,17d7a74707ec16de2de7773af08ebcd40670cd195e65bd17d877e56a357d64fc,layer_28,linear_attention,0.01300664059817791,0.125,0.008286046795547009
bf16_math,right_pad128,17d7a74707ec16de2de7773af08ebcd40670cd195e65bd17d877e56a357d64fc,layer_29,linear_attention,0.013534177094697952,0.125,0.009273946285247803
bf16_math,right_pad128,17d7a74707ec16de2de7773af08ebcd40670cd195e65bd17d877e56a357d64fc,layer_30,linear_attention,0.013468190096318722,0.05078125,0.011056637391448021
bf16_math,right_pad128,17d7a74707ec16de2de7773af08ebcd40670cd195e65bd17d877e56a357d64fc,layer_31,full_attention,0.012938708066940308,0.125,0.0139686344191432
bf16_math,right_pad128,17d7a74707ec16de2de7773af08ebcd40670cd195e65bd17d877e56a357d64fc,final_norm,final_norm,0.013818788342177868,0.25,0.03138936683535576
bf16_math,mixed_batch3,17d7a74707ec16de2de7773af08ebcd40670cd195e65bd17d877e56a357d64fc,embedding,embedding,0.0,0.0,0.0
bf16_math,mixed_batch3,17d7a74707ec16de2de7773af08ebcd40670cd195e65bd17d877e56a357d64fc,layer_00,linear_attention,0.004077566787600517,0.0009765625,0.00014387964620254934
bf16_math,mixed_batch3,17d7a74707ec16de2de7773af08ebcd40670cd195e65bd17d877e56a357d64fc,layer_01,linear_attention,0.0059473770670592785,0.001953125,0.00024347007274627686
bf16_math,mixed_batch3,17d7a74707ec16de2de7773af08ebcd40670cd195e65bd17d877e56a357d64fc,layer_02,linear_attention,0.0090292664244771,0.0078125,0.0003561675548553467
bf16_math,mixed_batch3,17d7a74707ec16de2de7773af08ebcd40670cd195e65bd17d877e56a357d64fc,layer_03,full_attention,0.009438004344701767,0.00390625,0.0005765616660937667
bf16_math,mixed_batch3,17d7a74707ec16de2de7773af08ebcd40670cd195e65bd17d877e56a357d64fc,layer_04,linear_attention,0.011422463692724705,0.0078125,0.0009314209455624223
bf16_math,mixed_batch3,17d7a74707ec16de2de7773af08ebcd40670cd195e65bd17d877e56a357d64fc,layer_05,linear_attention,0.012300509959459305,0.03125,0.0011238530278205872
bf16_math,mixed_batch3,17d7a74707ec16de2de7773af08ebcd40670cd195e65bd17d877e56a357d64fc,layer_06,linear_attention,0.013114728964865208,0.03125,0.0011918589007109404
bf16_math,mixed_batch3,17d7a74707ec16de2de7773af08ebcd40670cd195e65bd17d877e56a357d64fc,layer_07,full_attention,0.012247206643223763,0.03125,0.001252156449481845
bf16_math,mixed_batch3,17d7a74707ec16de2de7773af08ebcd40670cd195e65bd17d877e56a357d64fc,layer_08,linear_attention,0.01255973894149065,0.03125,0.001221374375745654
bf16_math,mixed_batch3,17d7a74707ec16de2de7773af08ebcd40670cd195e65bd17d877e56a357d64fc,layer_09,linear_attention,0.012488913722336292,0.03125,0.0012361437547951937
bf16_math,mixed_batch3,17d7a74707ec16de2de7773af08ebcd40670cd195e65bd17d877e56a357d64fc,layer_10,linear_attention,0.01292325183749199,0.03125,0.0013207674492150545
bf16_math,mixed_batch3,17d7a74707ec16de2de7773af08ebcd40670cd195e65bd17d877e56a357d64fc,layer_11,full_attention,0.011818322353065014,0.0078125,0.001471094787120819
bf16_math,mixed_batch3,17d7a74707ec16de2de7773af08ebcd40670cd195e65bd17d877e56a357d64fc,layer_12,linear_attention,0.012963340617716312,0.03125,0.001545000122860074
bf16_math,mixed_batch3,17d7a74707ec16de2de7773af08ebcd40670cd195e65bd17d877e56a357d64fc,layer_13,linear_attention,0.013381526805460453,0.03125,0.0016861200565472245
bf16_math,mixed_batch3,17d7a74707ec16de2de7773af08ebcd40670cd195e65bd17d877e56a357d64fc,layer_14,linear_attention,0.012686765752732754,0.009765625,0.0017627303022891283
bf16_math,mixed_batch3,17d7a74707ec16de2de7773af08ebcd40670cd195e65bd17d877e56a357d64fc,layer_15,full_attention,0.013023417443037033,0.0087890625,0.00200575590133667
bf16_math,mixed_batch3,17d7a74707ec16de2de7773af08ebcd40670cd195e65bd17d877e56a357d64fc,layer_16,linear_attention,0.013767522759735584,0.015625,0.002183252479881048
bf16_math,mixed_batch3,17d7a74707ec16de2de7773af08ebcd40670cd195e65bd17d877e56a357d64fc,layer_17,linear_attention,0.01377809513360262,0.015625,0.0023987540043890476
bf16_math,mixed_batch3,17d7a74707ec16de2de7773af08ebcd40670cd195e65bd17d877e56a357d64fc,layer_18,linear_attention,0.013518649153411388,0.015625,0.002745267702266574
bf16_math,mixed_batch3,17d7a74707ec16de2de7773af08ebcd40670cd195e65bd17d877e56a357d64fc,layer_19,full_attention,0.013129541650414467,0.03125,0.0033013627398759127
bf16_math,mixed_batch3,17d7a74707ec16de2de7773af08ebcd40670cd195e65bd17d877e56a357d64fc,layer_20,linear_attention,0.013069056905806065,0.017578125,0.003751689102500677
bf16_math,mixed_batch3,17d7a74707ec16de2de7773af08ebcd40670cd195e65bd17d877e56a357d64fc,layer_21,linear_attention,0.013358359225094318,0.0234375,0.004310739226639271
bf16_math,mixed_batch3,17d7a74707ec16de2de7773af08ebcd40670cd195e65bd17d877e56a357d64fc,layer_22,linear_attention,0.012950130738317966,0.0234375,0.00469052791595459
bf16_math,mixed_batch3,17d7a74707ec16de2de7773af08ebcd40670cd195e65bd17d877e56a357d64fc,layer_23,full_attention,0.01214250922203064,0.03125,0.005067265126854181
bf16_math,mixed_batch3,17d7a74707ec16de2de7773af08ebcd40670cd195e65bd17d877e56a357d64fc,layer_24,linear_attention,0.012826429679989815,0.0625,0.0055574774742126465
bf16_math,mixed_batch3,17d7a74707ec16de2de7773af08ebcd40670cd195e65bd17d877e56a357d64fc,layer_25,linear_attention,0.012942448258399963,0.0625,0.0059545161202549934
bf16_math,mixed_batch3,17d7a74707ec16de2de7773af08ebcd40670cd195e65bd17d877e56a357d64fc,layer_26,linear_attention,0.01310668233782053,0.125,0.006617403123527765
bf16_math,mixed_batch3,17d7a74707ec16de2de7773af08ebcd40670cd195e65bd17d877e56a357d64fc,layer_27,full_attention,0.013603677041828632,0.125,0.007220447063446045
bf16_math,mixed_batch3,17d7a74707ec16de2de7773af08ebcd40670cd195e65bd17d877e56a357d64fc,layer_28,linear_attention,0.012354355305433273,0.125,0.007766759488731623
bf16_math,mixed_batch3,17d7a74707ec16de2de7773af08ebcd40670cd195e65bd17d877e56a357d64fc,layer_29,linear_attention,0.012632773257791996,0.0546875,0.008706068620085716
bf16_math,mixed_batch3,17d7a74707ec16de2de7773af08ebcd40670cd195e65bd17d877e56a357d64fc,layer_30,linear_attention,0.012658117339015007,0.125,0.010197758674621582
bf16_math,mixed_batch3,17d7a74707ec16de2de7773af08ebcd40670cd195e65bd17d877e56a357d64fc,layer_31,full_attention,0.011915572918951511,0.125,0.012842178344726562
bf16_math,mixed_batch3,17d7a74707ec16de2de7773af08ebcd40670cd195e65bd17d877e56a357d64fc,final_norm,final_norm,0.012683575972914696,0.25,0.028828252106904984
bf16_math,left_pad32_explicit,17d7a74707ec16de2de7773af08ebcd40670cd195e65bd17d877e56a357d64fc,embedding,embedding,0.0,0.0,0.0
bf16_math,left_pad32_explicit,17d7a74707ec16de2de7773af08ebcd40670cd195e65bd17d877e56a357d64fc,layer_00,linear_attention,0.002399332821369171,0.0009765625,7.396973524009809e-05
bf16_math,left_pad32_explicit,17d7a74707ec16de2de7773af08ebcd40670cd195e65bd17d877e56a357d64fc,layer_01,linear_attention,0.012584652751684189,0.03125,0.00019917971803806722
bf16_math,left_pad32_explicit,17d7a74707ec16de2de7773af08ebcd40670cd195e65bd17d877e56a357d64fc,layer_02,linear_attention,0.022435374557971954,0.0546875,0.0004572749021463096
bf16_math,left_pad32_explicit,17d7a74707ec16de2de7773af08ebcd40670cd195e65bd17d877e56a357d64fc,layer_03,full_attention,0.01160524133592844,0.015625,0.0006839275592938066
bf16_math,left_pad32_explicit,17d7a74707ec16de2de7773af08ebcd40670cd195e65bd17d877e56a357d64fc,layer_04,linear_attention,0.014424476772546768,0.03125,0.0010789663065224886
bf16_math,left_pad32_explicit,17d7a74707ec16de2de7773af08ebcd40670cd195e65bd17d877e56a357d64fc,layer_05,linear_attention,0.012799185700714588,0.03125,0.001163849257864058
bf16_math,left_pad32_explicit,17d7a74707ec16de2de7773af08ebcd40670cd195e65bd17d877e56a357d64fc,layer_06,linear_attention,0.014576488174498081,0.046875,0.0012115970021113753
bf16_math,left_pad32_explicit,17d7a74707ec16de2de7773af08ebcd40670cd195e65bd17d877e56a357d64fc,layer_07,full_attention,0.0130683658644557,0.03125,0.0013450294500216842
bf16_math,left_pad32_explicit,17d7a74707ec16de2de7773af08ebcd40670cd195e65bd17d877e56a357d64fc,layer_08,linear_attention,0.013315709307789803,0.03125,0.0013430260587483644
bf16_math,left_pad32_explicit,17d7a74707ec16de2de7773af08ebcd40670cd195e65bd17d877e56a357d64fc,layer_09,linear_attention,0.013175589963793755,0.03125,0.001327085541561246
bf16_math,left_pad32_explicit,17d7a74707ec16de2de7773af08ebcd40670cd195e65bd17d877e56a357d64fc,layer_10,linear_attention,0.013555794954299927,0.03125,0.0013858735328540206
bf16_math,left_pad32_explicit,17d7a74707ec16de2de7773af08ebcd40670cd195e65bd17d877e56a357d64fc,layer_11,full_attention,0.012166094966232777,0.009765625,0.0015035197138786316
bf16_math,left_pad32_explicit,17d7a74707ec16de2de7773af08ebcd40670cd195e65bd17d877e56a357d64fc,layer_12,linear_attention,0.012883425690233707,0.03125,0.0014910101890563965
bf16_math,left_pad32_explicit,17d7a74707ec16de2de7773af08ebcd40670cd195e65bd17d877e56a357d64fc,layer_13,linear_attention,0.01268055010586977,0.03125,0.001571890665218234
bf16_math,left_pad32_explicit,17d7a74707ec16de2de7773af08ebcd40670cd195e65bd17d877e56a357d64fc,layer_14,linear_attention,0.012774425558745861,0.03125,0.0017065588617697358
bf16_math,left_pad32_explicit,17d7a74707ec16de2de7773af08ebcd40670cd195e65bd17d877e56a357d64fc,layer_15,full_attention,0.01281034480780363,0.03125,0.0018867015605792403
bf16_math,left_pad32_explicit,17d7a74707ec16de2de7773af08ebcd40670cd195e65bd17d877e56a357d64fc,layer_16,linear_attention,0.013237422332167625,0.03125,0.002061840845271945
bf16_math,left_pad32_explicit,17d7a74707ec16de2de7773af08ebcd40670cd195e65bd17d877e56a357d64fc,layer_17,linear_attention,0.013494118116796017,0.03125,0.0023022324312478304
bf16_math,left_pad32_explicit,17d7a74707ec16de2de7773af08ebcd40670cd195e65bd17d877e56a357d64fc,layer_18,linear_attention,0.012745819985866547,0.03125,0.0025519817136228085
bf16_math,left_pad32_explicit,17d7a74707ec16de2de7773af08ebcd40670cd195e65bd17d877e56a357d64fc,layer_19,full_attention,0.012151824310421944,0.03125,0.0029864951502531767
bf16_math,left_pad32_explicit,17d7a74707ec16de2de7773af08ebcd40670cd195e65bd17d877e56a357d64fc,layer_20,linear_attention,0.012881684117019176,0.0625,0.0035646199248731136
bf16_math,left_pad32_explicit,17d7a74707ec16de2de7773af08ebcd40670cd195e65bd17d877e56a357d64fc,layer_21,linear_attention,0.013141061179339886,0.0625,0.004079687409102917
bf16_math,left_pad32_explicit,17d7a74707ec16de2de7773af08ebcd40670cd195e65bd17d877e56a357d64fc,layer_22,linear_attention,0.013483763672411442,0.0625,0.00474359979853034
bf16_math,left_pad32_explicit,17d7a74707ec16de2de7773af08ebcd40670cd195e65bd17d877e56a357d64fc,layer_23,full_attention,0.012561925686895847,0.0625,0.005197268910706043
bf16_math,left_pad32_explicit,17d7a74707ec16de2de7773af08ebcd40670cd195e65bd17d877e56a357d64fc,layer_24,linear_attention,0.013249094597995281,0.125,0.005490392446517944
bf16_math,left_pad32_explicit,17d7a74707ec16de2de7773af08ebcd40670cd195e65bd17d877e56a357d64fc,layer_25,linear_attention,0.01255370769649744,0.0625,0.005716228391975164
bf16_math,left_pad32_explicit,17d7a74707ec16de2de7773af08ebcd40670cd195e65bd17d877e56a357d64fc,layer_26,linear_attention,0.0160856693983078,0.375,0.006104695610702038
bf16_math,left_pad32_explicit,17d7a74707ec16de2de7773af08ebcd40670cd195e65bd17d877e56a357d64fc,layer_27,full_attention,0.01430590357631445,0.25,0.00692362803965807
bf16_math,left_pad32_explicit,17d7a74707ec16de2de7773af08ebcd40670cd195e65bd17d877e56a357d64fc,layer_28,linear_attention,0.013315257616341114,0.25,0.007773160934448242
bf16_math,left_pad32_explicit,17d7a74707ec16de2de7773af08ebcd40670cd195e65bd17d877e56a357d64fc,layer_29,linear_attention,0.013710545375943184,0.25,0.008763802237808704
bf16_math,left_pad32_explicit,17d7a74707ec16de2de7773af08ebcd40670cd195e65bd17d877e56a357d64fc,layer_30,linear_attention,0.012751753441989422,0.125,0.010217237286269665
bf16_math,left_pad32_explicit,17d7a74707ec16de2de7773af08ebcd40670cd195e65bd17d877e56a357d64fc,layer_31,full_attention,0.011865862645208836,0.125,0.012784862890839577
bf16_math,left_pad32_explicit,17d7a74707ec16de2de7773af08ebcd40670cd195e65bd17d877e56a357d64fc,final_norm,final_norm,0.012705616652965546,0.25,0.02888202667236328
bf16_strict_math,repeat_alone,f636292d4e7f4d319e4375aabd8b9fbcc56cda8904ffb2a4e4b86edcc70c26f9,embedding,embedding,0.0,0.0,0.0
bf16_strict_math,repeat_alone,f636292d4e7f4d319e4375aabd8b9fbcc56cda8904ffb2a4e4b86edcc70c26f9,layer_00,linear_attention,0.0,0.0,0.0
bf16_strict_math,repeat_alone,f636292d4e7f4d319e4375aabd8b9fbcc56cda8904ffb2a4e4b86edcc70c26f9,layer_01,linear_attention,0.0,0.0,0.0
bf16_strict_math,repeat_alone,f636292d4e7f4d319e4375aabd8b9fbcc56cda8904ffb2a4e4b86edcc70c26f9,layer_02,linear_attention,0.0,0.0,0.0
bf16_strict_math,repeat_alone,f636292d4e7f4d319e4375aabd8b9fbcc56cda8904ffb2a4e4b86edcc70c26f9,layer_03,full_attention,0.0,0.0,0.0
bf16_strict_math,repeat_alone,f636292d4e7f4d319e4375aabd8b9fbcc56cda8904ffb2a4e4b86edcc70c26f9,layer_04,linear_attention,0.0,0.0,0.0
bf16_strict_math,repeat_alone,f636292d4e7f4d319e4375aabd8b9fbcc56cda8904ffb2a4e4b86edcc70c26f9,layer_05,linear_attention,0.0,0.0,0.0
bf16_strict_math,repeat_alone,f636292d4e7f4d319e4375aabd8b9fbcc56cda8904ffb2a4e4b86edcc70c26f9,layer_06,linear_attention,0.0,0.0,0.0
bf16_strict_math,repeat_alone,f636292d4e7f4d319e4375aabd8b9fbcc56cda8904ffb2a4e4b86edcc70c26f9,layer_07,full_attention,0.0,0.0,0.0
bf16_strict_math,repeat_alone,f636292d4e7f4d319e4375aabd8b9fbcc56cda8904ffb2a4e4b86edcc70c26f9,layer_08,linear_attention,0.0,0.0,0.0
bf16_strict_math,repeat_alone,f636292d4e7f4d319e4375aabd8b9fbcc56cda8904ffb2a4e4b86edcc70c26f9,layer_09,linear_attention,0.0,0.0,0.0
bf16_strict_math,repeat_alone,f636292d4e7f4d319e4375aabd8b9fbcc56cda8904ffb2a4e4b86edcc70c26f9,layer_10,linear_attention,0.0,0.0,0.0
bf16_strict_math,repeat_alone,f636292d4e7f4d319e4375aabd8b9fbcc56cda8904ffb2a4e4b86edcc70c26f9,layer_11,full_attention,0.0,0.0,0.0
bf16_strict_math,repeat_alone,f636292d4e7f4d319e4375aabd8b9fbcc56cda8904ffb2a4e4b86edcc70c26f9,layer_12,linear_attention,0.0,0.0,0.0
bf16_strict_math,repeat_alone,f636292d4e7f4d319e4375aabd8b9fbcc56cda8904ffb2a4e4b86edcc70c26f9,layer_13,linear_attention,0.0,0.0,0.0
bf16_strict_math,repeat_alone,f636292d4e7f4d319e4375aabd8b9fbcc56cda8904ffb2a4e4b86edcc70c26f9,layer_14,linear_attention,0.0,0.0,0.0
bf16_strict_math,repeat_alone,f636292d4e7f4d319e4375aabd8b9fbcc56cda8904ffb2a4e4b86edcc70c26f9,layer_15,full_attention,0.0,0.0,0.0
bf16_strict_math,repeat_alone,f636292d4e7f4d319e4375aabd8b9fbcc56cda8904ffb2a4e4b86edcc70c26f9,layer_16,linear_attention,0.0,0.0,0.0
bf16_strict_math,repeat_alone,f636292d4e7f4d319e4375aabd8b9fbcc56cda8904ffb2a4e4b86edcc70c26f9,layer_17,linear_attention,0.0,0.0,0.0
bf16_strict_math,repeat_alone,f636292d4e7f4d319e4375aabd8b9fbcc56cda8904ffb2a4e4b86edcc70c26f9,layer_18,linear_attention,0.0,0.0,0.0
bf16_strict_math,repeat_alone,f636292d4e7f4d319e4375aabd8b9fbcc56cda8904ffb2a4e4b86edcc70c26f9,layer_19,full_attention,0.0,0.0,0.0
bf16_strict_math,repeat_alone,f636292d4e7f4d319e4375aabd8b9fbcc56cda8904ffb2a4e4b86edcc70c26f9,layer_20,linear_attention,0.0,0.0,0.0
bf16_strict_math,repeat_alone,f636292d4e7f4d319e4375aabd8b9fbcc56cda8904ffb2a4e4b86edcc70c26f9,layer_21,linear_attention,0.0,0.0,0.0
bf16_strict_math,repeat_alone,f636292d4e7f4d319e4375aabd8b9fbcc56cda8904ffb2a4e4b86edcc70c26f9,layer_22,linear_attention,0.0,0.0,0.0
bf16_strict_math,repeat_alone,f636292d4e7f4d319e4375aabd8b9fbcc56cda8904ffb2a4e4b86edcc70c26f9,layer_23,full_attention,0.0,0.0,0.0
bf16_strict_math,repeat_alone,f636292d4e7f4d319e4375aabd8b9fbcc56cda8904ffb2a4e4b86edcc70c26f9,layer_24,linear_attention,0.0,0.0,0.0
bf16_strict_math,repeat_alone,f636292d4e7f4d319e4375aabd8b9fbcc56cda8904ffb2a4e4b86edcc70c26f9,layer_25,linear_attention,0.0,0.0,0.0
bf16_strict_math,repeat_alone,f636292d4e7f4d319e4375aabd8b9fbcc56cda8904ffb2a4e4b86edcc70c26f9,layer_26,linear_attention,0.0,0.0,0.0
bf16_strict_math,repeat_alone,f636292d4e7f4d319e4375aabd8b9fbcc56cda8904ffb2a4e4b86edcc70c26f9,layer_27,full_attention,0.0,0.0,0.0
bf16_strict_math,repeat_alone,f636292d4e7f4d319e4375aabd8b9fbcc56cda8904ffb2a4e4b86edcc70c26f9,layer_28,linear_attention,0.0,0.0,0.0
bf16_strict_math,repeat_alone,f636292d4e7f4d319e4375aabd8b9fbcc56cda8904ffb2a4e4b86edcc70c26f9,layer_29,linear_attention,0.0,0.0,0.0
bf16_strict_math,repeat_alone,f636292d4e7f4d319e4375aabd8b9fbcc56cda8904ffb2a4e4b86edcc70c26f9,layer_30,linear_attention,0.0,0.0,0.0
bf16_strict_math,repeat_alone,f636292d4e7f4d319e4375aabd8b9fbcc56cda8904ffb2a4e4b86edcc70c26f9,layer_31,full_attention,0.0,0.0,0.0
bf16_strict_math,repeat_alone,f636292d4e7f4d319e4375aabd8b9fbcc56cda8904ffb2a4e4b86edcc70c26f9,final_norm,final_norm,0.0,0.0,0.0
bf16_strict_math,duplicate_batch2,f636292d4e7f4d319e4375aabd8b9fbcc56cda8904ffb2a4e4b86edcc70c26f9,embedding,embedding,0.0,0.0,0.0
bf16_strict_math,duplicate_batch2,f636292d4e7f4d319e4375aabd8b9fbcc56cda8904ffb2a4e4b86edcc70c26f9,layer_00,linear_attention,0.00011712163541233167,0.000244140625,1.7434358312584664e-07
bf16_strict_math,duplicate_batch2,f636292d4e7f4d319e4375aabd8b9fbcc56cda8904ffb2a4e4b86edcc70c26f9,layer_01,linear_attention,0.002116380725055933,0.0009765625,6.90683737047948e-05
bf16_strict_math,duplicate_batch2,f636292d4e7f4d319e4375aabd8b9fbcc56cda8904ffb2a4e4b86edcc70c26f9,layer_02,linear_attention,0.004932335112243891,0.00390625,0.00019154101028107107
bf16_strict_math,duplicate_batch2,f636292d4e7f4d319e4375aabd8b9fbcc56cda8904ffb2a4e4b86edcc70c26f9,layer_03,full_attention,0.006167409475892782,0.00390625,0.0003787144960369915
bf16_strict_math,duplicate_batch2,f636292d4e7f4d319e4375aabd8b9fbcc56cda8904ffb2a4e4b86edcc70c26f9,layer_04,linear_attention,0.009345087222754955,0.0040283203125,0.0007818281883373857
bf16_strict_math,duplicate_batch2,f636292d4e7f4d319e4375aabd8b9fbcc56cda8904ffb2a4e4b86edcc70c26f9,layer_05,linear_attention,0.010451027192175388,0.03125,0.0009311795001849532
bf16_strict_math,duplicate_batch2,f636292d4e7f4d319e4375aabd8b9fbcc56cda8904ffb2a4e4b86edcc70c26f9,layer_06,linear_attention,0.010277844034135342,0.015625,0.0009701281669549644
bf16_strict_math,duplicate_batch2,f636292d4e7f4d319e4375aabd8b9fbcc56cda8904ffb2a4e4b86edcc70c26f9,layer_07,full_attention,0.011106735095381737,0.03125,0.0011247784132137895
bf16_strict_math,duplicate_batch2,f636292d4e7f4d319e4375aabd8b9fbcc56cda8904ffb2a4e4b86edcc70c26f9,layer_08,linear_attention,0.011585058644413948,0.03125,0.001135990023612976
bf16_strict_math,duplicate_batch2,f636292d4e7f4d319e4375aabd8b9fbcc56cda8904ffb2a4e4b86edcc70c26f9,layer_09,linear_attention,0.011387906968593597,0.03125,0.0011349305277690291
bf16_strict_math,duplicate_batch2,f636292d4e7f4d319e4375aabd8b9fbcc56cda8904ffb2a4e4b86edcc70c26f9,layer_10,linear_attention,0.011688677594065666,0.03125,0.0011621058220043778
bf16_strict_math,duplicate_batch2,f636292d4e7f4d319e4375aabd8b9fbcc56cda8904ffb2a4e4b86edcc70c26f9,layer_11,full_attention,0.011495614424347878,0.03125,0.001323249889537692
bf16_strict_math,duplicate_batch2,f636292d4e7f4d319e4375aabd8b9fbcc56cda8904ffb2a4e4b86edcc70c26f9,layer_12,linear_attention,0.012158811092376709,0.03125,0.001411390257999301
bf16_strict_math,duplicate_batch2,f636292d4e7f4d319e4375aabd8b9fbcc56cda8904ffb2a4e4b86edcc70c26f9,layer_13,linear_attention,0.012177874334156513,0.01171875,0.0015606284141540527
bf16_strict_math,duplicate_batch2,f636292d4e7f4d319e4375aabd8b9fbcc56cda8904ffb2a4e4b86edcc70c26f9,layer_14,linear_attention,0.012394260615110397,0.01171875,0.0016816199058666825
bf16_strict_math,duplicate_batch2,f636292d4e7f4d319e4375aabd8b9fbcc56cda8904ffb2a4e4b86edcc70c26f9,layer_15,full_attention,0.013052335008978844,0.03125,0.0019119366770610213
bf16_strict_math,duplicate_batch2,f636292d4e7f4d319e4375aabd8b9fbcc56cda8904ffb2a4e4b86edcc70c26f9,layer_16,linear_attention,0.013293963856995106,0.03125,0.0020435929764062166
bf16_strict_math,duplicate_batch2,f636292d4e7f4d319e4375aabd8b9fbcc56cda8904ffb2a4e4b86edcc70c26f9,layer_17,linear_attention,0.013234933838248253,0.03125,0.0022590041626244783
bf16_strict_math,duplicate_batch2,f636292d4e7f4d319e4375aabd8b9fbcc56cda8904ffb2a4e4b86edcc70c26f9,layer_18,linear_attention,0.013685383833944798,0.0625,0.0026226521003991365
bf16_strict_math,duplicate_batch2,f636292d4e7f4d319e4375aabd8b9fbcc56cda8904ffb2a4e4b86edcc70c26f9,layer_19,full_attention,0.01236180029809475,0.0625,0.0029087394941598177
bf16_strict_math,duplicate_batch2,f636292d4e7f4d319e4375aabd8b9fbcc56cda8904ffb2a4e4b86edcc70c26f9,layer_20,linear_attention,0.011777025647461414,0.0625,0.003178203012794256
bf16_strict_math,duplicate_batch2,f636292d4e7f4d319e4375aabd8b9fbcc56cda8904ffb2a4e4b86edcc70c26f9,layer_21,linear_attention,0.011310305446386337,0.0625,0.003443479537963867
bf16_strict_math,duplicate_batch2,f636292d4e7f4d319e4375aabd8b9fbcc56cda8904ffb2a4e4b86edcc70c26f9,layer_22,linear_attention,0.010965543799102306,0.0234375,0.0038898945786058903
bf16_strict_math,duplicate_batch2,f636292d4e7f4d319e4375aabd8b9fbcc56cda8904ffb2a4e4b86edcc70c26f9,layer_23,full_attention,0.010632291436195374,0.0625,0.004313981626182795
bf16_strict_math,duplicate_batch2,f636292d4e7f4d319e4375aabd8b9fbcc56cda8904ffb2a4e4b86edcc70c26f9,layer_24,linear_attention,0.011134464293718338,0.0625,0.004805260803550482
bf16_strict_math,duplicate_batch2,f636292d4e7f4d319e4375aabd8b9fbcc56cda8904ffb2a4e4b86edcc70c26f9,layer_25,linear_attention,0.011488319374620914,0.125,0.004977875854820013
bf16_strict_math,duplicate_batch2,f636292d4e7f4d319e4375aabd8b9fbcc56cda8904ffb2a4e4b86edcc70c26f9,layer_26,linear_attention,0.010127827525138855,0.046875,0.005391365382820368
bf16_strict_math,duplicate_batch2,f636292d4e7f4d319e4375aabd8b9fbcc56cda8904ffb2a4e4b86edcc70c26f9,layer_27,full_attention,0.013248802162706852,0.25,0.006326162721961737
bf16_strict_math,duplicate_batch2,f636292d4e7f4d319e4375aabd8b9fbcc56cda8904ffb2a4e4b86edcc70c26f9,layer_28,linear_attention,0.011328102089464664,0.125,0.007220268249511719
bf16_strict_math,duplicate_batch2,f636292d4e7f4d319e4375aabd8b9fbcc56cda8904ffb2a4e4b86edcc70c26f9,layer_29,linear_attention,0.0117639796808362,0.125,0.008062457665801048
bf16_strict_math,duplicate_batch2,f636292d4e7f4d319e4375aabd8b9fbcc56cda8904ffb2a4e4b86edcc70c26f9,layer_30,linear_attention,0.01192132756114006,0.125,0.00975487194955349
bf16_strict_math,duplicate_batch2,f636292d4e7f4d319e4375aabd8b9fbcc56cda8904ffb2a4e4b86edcc70c26f9,layer_31,full_attention,0.012493368238210678,0.375,0.013073300942778587
bf16_strict_math,duplicate_batch2,f636292d4e7f4d319e4375aabd8b9fbcc56cda8904ffb2a4e4b86edcc70c26f9,final_norm,final_norm,0.012532596476376057,0.25,0.02837582863867283
bf16_strict_math,right_pad32,f636292d4e7f4d319e4375aabd8b9fbcc56cda8904ffb2a4e4b86edcc70c26f9,embedding,embedding,0.0,0.0,0.0
bf16_strict_math,right_pad32,f636292d4e7f4d319e4375aabd8b9fbcc56cda8904ffb2a4e4b86edcc70c26f9,layer_00,linear_attention,0.0,0.0,0.0
bf16_strict_math,right_pad32,f636292d4e7f4d319e4375aabd8b9fbcc56cda8904ffb2a4e4b86edcc70c26f9,layer_01,linear_attention,0.0,0.0,0.0
bf16_strict_math,right_pad32,f636292d4e7f4d319e4375aabd8b9fbcc56cda8904ffb2a4e4b86edcc70c26f9,layer_02,linear_attention,0.0,0.0,0.0
bf16_strict_math,right_pad32,f636292d4e7f4d319e4375aabd8b9fbcc56cda8904ffb2a4e4b86edcc70c26f9,layer_03,full_attention,0.0,0.0,0.0
bf16_strict_math,right_pad32,f636292d4e7f4d319e4375aabd8b9fbcc56cda8904ffb2a4e4b86edcc70c26f9,layer_04,linear_attention,0.0,0.0,0.0
bf16_strict_math,right_pad32,f636292d4e7f4d319e4375aabd8b9fbcc56cda8904ffb2a4e4b86edcc70c26f9,layer_05,linear_attention,0.0,0.0,0.0
bf16_strict_math,right_pad32,f636292d4e7f4d319e4375aabd8b9fbcc56cda8904ffb2a4e4b86edcc70c26f9,layer_06,linear_attention,0.0,0.0,0.0
bf16_strict_math,right_pad32,f636292d4e7f4d319e4375aabd8b9fbcc56cda8904ffb2a4e4b86edcc70c26f9,layer_07,full_attention,0.0,0.0,0.0
bf16_strict_math,right_pad32,f636292d4e7f4d319e4375aabd8b9fbcc56cda8904ffb2a4e4b86edcc70c26f9,layer_08,linear_attention,0.0,0.0,0.0
bf16_strict_math,right_pad32,f636292d4e7f4d319e4375aabd8b9fbcc56cda8904ffb2a4e4b86edcc70c26f9,layer_09,linear_attention,0.0,0.0,0.0
bf16_strict_math,right_pad32,f636292d4e7f4d319e4375aabd8b9fbcc56cda8904ffb2a4e4b86edcc70c26f9,layer_10,linear_attention,0.0,0.0,0.0
bf16_strict_math,right_pad32,f636292d4e7f4d319e4375aabd8b9fbcc56cda8904ffb2a4e4b86edcc70c26f9,layer_11,full_attention,0.0,0.0,0.0
bf16_strict_math,right_pad32,f636292d4e7f4d319e4375aabd8b9fbcc56cda8904ffb2a4e4b86edcc70c26f9,layer_12,linear_attention,0.0,0.0,0.0
bf16_strict_math,right_pad32,f636292d4e7f4d319e4375aabd8b9fbcc56cda8904ffb2a4e4b86edcc70c26f9,layer_13,linear_attention,0.0,0.0,0.0
bf16_strict_math,right_pad32,f636292d4e7f4d319e4375aabd8b9fbcc56cda8904ffb2a4e4b86edcc70c26f9,layer_14,linear_attention,0.0,0.0,0.0
bf16_strict_math,right_pad32,f636292d4e7f4d319e4375aabd8b9fbcc56cda8904ffb2a4e4b86edcc70c26f9,layer_15,full_attention,0.0,0.0,0.0
bf16_strict_math,right_pad32,f636292d4e7f4d319e4375aabd8b9fbcc56cda8904ffb2a4e4b86edcc70c26f9,layer_16,linear_attention,0.0,0.0,0.0
bf16_strict_math,right_pad32,f636292d4e7f4d319e4375aabd8b9fbcc56cda8904ffb2a4e4b86edcc70c26f9,layer_17,linear_attention,0.0,0.0,0.0
bf16_strict_math,right_pad32,f636292d4e7f4d319e4375aabd8b9fbcc56cda8904ffb2a4e4b86edcc70c26f9,layer_18,linear_attention,0.0,0.0,0.0
bf16_strict_math,right_pad32,f636292d4e7f4d319e4375aabd8b9fbcc56cda8904ffb2a4e4b86edcc70c26f9,layer_19,full_attention,0.0,0.0,0.0
bf16_strict_math,right_pad32,f636292d4e7f4d319e4375aabd8b9fbcc56cda8904ffb2a4e4b86edcc70c26f9,layer_20,linear_attention,0.0,0.0,0.0
bf16_strict_math,right_pad32,f636292d4e7f4d319e4375aabd8b9fbcc56cda8904ffb2a4e4b86edcc70c26f9,layer_21,linear_attention,0.0,0.0,0.0
bf16_strict_math,right_pad32,f636292d4e7f4d319e4375aabd8b9fbcc56cda8904ffb2a4e4b86edcc70c26f9,layer_22,linear_attention,0.0,0.0,0.0
bf16_strict_math,right_pad32,f636292d4e7f4d319e4375aabd8b9fbcc56cda8904ffb2a4e4b86edcc70c26f9,layer_23,full_attention,0.0,0.0,0.0
bf16_strict_math,right_pad32,f636292d4e7f4d319e4375aabd8b9fbcc56cda8904ffb2a4e4b86edcc70c26f9,layer_24,linear_attention,0.0,0.0,0.0
bf16_strict_math,right_pad32,f636292d4e7f4d319e4375aabd8b9fbcc56cda8904ffb2a4e4b86edcc70c26f9,layer_25,linear_attention,0.0,0.0,0.0
bf16_strict_math,right_pad32,f636292d4e7f4d319e4375aabd8b9fbcc56cda8904ffb2a4e4b86edcc70c26f9,layer_26,linear_attention,0.0,0.0,0.0
bf16_strict_math,right_pad32,f636292d4e7f4d319e4375aabd8b9fbcc56cda8904ffb2a4e4b86edcc70c26f9,layer_27,full_attention,0.0,0.0,0.0
bf16_strict_math,right_pad32,f636292d4e7f4d319e4375aabd8b9fbcc56cda8904ffb2a4e4b86edcc70c26f9,layer_28,linear_attention,0.0,0.0,0.0
bf16_strict_math,right_pad32,f636292d4e7f4d319e4375aabd8b9fbcc56cda8904ffb2a4e4b86edcc70c26f9,layer_29,linear_attention,0.0,0.0,0.0
bf16_strict_math,right_pad32,f636292d4e7f4d319e4375aabd8b9fbcc56cda8904ffb2a4e4b86edcc70c26f9,layer_30,linear_attention,0.0,0.0,0.0
bf16_strict_math,right_pad32,f636292d4e7f4d319e4375aabd8b9fbcc56cda8904ffb2a4e4b86edcc70c26f9,layer_31,full_attention,0.0,0.0,0.0
bf16_strict_math,right_pad32,f636292d4e7f4d319e4375aabd8b9fbcc56cda8904ffb2a4e4b86edcc70c26f9,final_norm,final_norm,0.0,0.0,0.0
bf16_strict_math,right_pad128,f636292d4e7f4d319e4375aabd8b9fbcc56cda8904ffb2a4e4b86edcc70c26f9,embedding,embedding,0.0,0.0,0.0
bf16_strict_math,right_pad128,f636292d4e7f4d319e4375aabd8b9fbcc56cda8904ffb2a4e4b86edcc70c26f9,layer_00,linear_attention,0.00011712163541233167,0.000244140625,1.7434358312584664e-07
bf16_strict_math,right_pad128,f636292d4e7f4d319e4375aabd8b9fbcc56cda8904ffb2a4e4b86edcc70c26f9,layer_01,linear_attention,0.002116380725055933,0.0009765625,6.90683737047948e-05
bf16_strict_math,right_pad128,f636292d4e7f4d319e4375aabd8b9fbcc56cda8904ffb2a4e4b86edcc70c26f9,layer_02,linear_attention,0.004932335112243891,0.00390625,0.00019154101028107107
bf16_strict_math,right_pad128,f636292d4e7f4d319e4375aabd8b9fbcc56cda8904ffb2a4e4b86edcc70c26f9,layer_03,full_attention,0.006190035957843065,0.00390625,0.00037813634844496846
bf16_strict_math,right_pad128,f636292d4e7f4d319e4375aabd8b9fbcc56cda8904ffb2a4e4b86edcc70c26f9,layer_04,linear_attention,0.009433071129024029,0.00390625,0.0007882177596911788
bf16_strict_math,right_pad128,f636292d4e7f4d319e4375aabd8b9fbcc56cda8904ffb2a4e4b86edcc70c26f9,layer_05,linear_attention,0.010602260008454323,0.03125,0.0009449362987652421
bf16_strict_math,right_pad128,f636292d4e7f4d319e4375aabd8b9fbcc56cda8904ffb2a4e4b86edcc70c26f9,layer_06,linear_attention,0.010545546188950539,0.015625,0.000988325453363359
bf16_strict_math,right_pad128,f636292d4e7f4d319e4375aabd8b9fbcc56cda8904ffb2a4e4b86edcc70c26f9,layer_07,full_attention,0.011033443734049797,0.03125,0.0011065140133723617
bf16_strict_math,right_pad128,f636292d4e7f4d319e4375aabd8b9fbcc56cda8904ffb2a4e4b86edcc70c26f9,layer_08,linear_attention,0.011489036493003368,0.03125,0.0011282622581347823
bf16_strict_math,right_pad128,f636292d4e7f4d319e4375aabd8b9fbcc56cda8904ffb2a4e4b86edcc70c26f9,layer_09,linear_attention,0.011702359654009342,0.03125,0.001167386770248413
bf16_strict_math,right_pad128,f636292d4e7f4d319e4375aabd8b9fbcc56cda8904ffb2a4e4b86edcc70c26f9,layer_10,linear_attention,0.011862169951200485,0.03125,0.0011811315780505538
bf16_strict_math,right_pad128,f636292d4e7f4d319e4375aabd8b9fbcc56cda8904ffb2a4e4b86edcc70c26f9,layer_11,full_attention,0.011278750374913216,0.03125,0.0012850702041760087
bf16_strict_math,right_pad128,f636292d4e7f4d319e4375aabd8b9fbcc56cda8904ffb2a4e4b86edcc70c26f9,layer_12,linear_attention,0.01216698158532381,0.03125,0.0013993323082104325
bf16_strict_math,right_pad128,f636292d4e7f4d319e4375aabd8b9fbcc56cda8904ffb2a4e4b86edcc70c26f9,layer_13,linear_attention,0.011963377706706524,0.015625,0.0015117466682568192
bf16_strict_math,right_pad128,f636292d4e7f4d319e4375aabd8b9fbcc56cda8904ffb2a4e4b86edcc70c26f9,layer_14,linear_attention,0.01238224096596241,0.015625,0.0016544327372685075
bf16_strict_math,right_pad128,f636292d4e7f4d319e4375aabd8b9fbcc56cda8904ffb2a4e4b86edcc70c26f9,layer_15,full_attention,0.013178120367228985,0.03125,0.0019012272823601961
bf16_strict_math,right_pad128,f636292d4e7f4d319e4375aabd8b9fbcc56cda8904ffb2a4e4b86edcc70c26f9,layer_16,linear_attention,0.013540581800043583,0.03125,0.0020862400997430086
bf16_strict_math,right_pad128,f636292d4e7f4d319e4375aabd8b9fbcc56cda8904ffb2a4e4b86edcc70c26f9,layer_17,linear_attention,0.01354976650327444,0.03125,0.0023357034660875797
bf16_strict_math,right_pad128,f636292d4e7f4d319e4375aabd8b9fbcc56cda8904ffb2a4e4b86edcc70c26f9,layer_18,linear_attention,0.013137150555849075,0.046875,0.0025638341903686523
bf16_strict_math,right_pad128,f636292d4e7f4d319e4375aabd8b9fbcc56cda8904ffb2a4e4b86edcc70c26f9,layer_19,full_attention,0.011658355593681335,0.03125,0.002860990120097995
bf16_strict_math,right_pad128,f636292d4e7f4d319e4375aabd8b9fbcc56cda8904ffb2a4e4b86edcc70c26f9,layer_20,linear_attention,0.011649641208350658,0.03125,0.003231707261875272
bf16_strict_math,right_pad128,f636292d4e7f4d319e4375aabd8b9fbcc56cda8904ffb2a4e4b86edcc70c26f9,layer_21,linear_attention,0.011186898685991764,0.0234375,0.0035340548492968082
bf16_strict_math,right_pad128,f636292d4e7f4d319e4375aabd8b9fbcc56cda8904ffb2a4e4b86edcc70c26f9,layer_22,linear_attention,0.011176543310284615,0.03125,0.003970229532569647
bf16_strict_math,right_pad128,f636292d4e7f4d319e4375aabd8b9fbcc56cda8904ffb2a4e4b86edcc70c26f9,layer_23,full_attention,0.01102958619594574,0.0625,0.004470539279282093
bf16_strict_math,right_pad128,f636292d4e7f4d319e4375aabd8b9fbcc56cda8904ffb2a4e4b86edcc70c26f9,layer_24,linear_attention,0.011311078444123268,0.0625,0.0048205675557255745
bf16_strict_math,right_pad128,f636292d4e7f4d319e4375aabd8b9fbcc56cda8904ffb2a4e4b86edcc70c26f9,layer_25,linear_attention,0.011649232357740402,0.125,0.005052989814430475
bf16_strict_math,right_pad128,f636292d4e7f4d319e4375aabd8b9fbcc56cda8904ffb2a4e4b86edcc70c26f9,layer_26,linear_attention,0.010192184709012508,0.03125,0.005382436327636242
bf16_strict_math,right_pad128,f636292d4e7f4d319e4375aabd8b9fbcc56cda8904ffb2a4e4b86edcc70c26f9,layer_27,full_attention,0.011594941839575768,0.125,0.00611801166087389
bf16_strict_math,right_pad128,f636292d4e7f4d319e4375aabd8b9fbcc56cda8904ffb2a4e4b86edcc70c26f9,layer_28,linear_attention,0.011214089579880238,0.125,0.0071051595732569695
bf16_strict_math,right_pad128,f636292d4e7f4d319e4375aabd8b9fbcc56cda8904ffb2a4e4b86edcc70c26f9,layer_29,linear_attention,0.012759195640683174,0.25,0.008125114254653454
bf16_strict_math,right_pad128,f636292d4e7f4d319e4375aabd8b9fbcc56cda8904ffb2a4e4b86edcc70c26f9,layer_30,linear_attention,0.01279583852738142,0.25,0.009894048795104027
bf16_strict_math,right_pad128,f636292d4e7f4d319e4375aabd8b9fbcc56cda8904ffb2a4e4b86edcc70c26f9,layer_31,full_attention,0.012553688138723373,0.375,0.013134598731994629
bf16_strict_math,right_pad128,f636292d4e7f4d319e4375aabd8b9fbcc56cda8904ffb2a4e4b86edcc70c26f9,final_norm,final_norm,0.01238987036049366,0.25,0.02779148891568184
bf16_strict_math,mixed_batch3,f636292d4e7f4d319e4375aabd8b9fbcc56cda8904ffb2a4e4b86edcc70c26f9,embedding,embedding,0.0,0.0,0.0
bf16_strict_math,mixed_batch3,f636292d4e7f4d319e4375aabd8b9fbcc56cda8904ffb2a4e4b86edcc70c26f9,layer_00,linear_attention,0.0,0.0,0.0
bf16_strict_math,mixed_batch3,f636292d4e7f4d319e4375aabd8b9fbcc56cda8904ffb2a4e4b86edcc70c26f9,layer_01,linear_attention,0.0,0.0,0.0
bf16_strict_math,mixed_batch3,f636292d4e7f4d319e4375aabd8b9fbcc56cda8904ffb2a4e4b86edcc70c26f9,layer_02,linear_attention,0.0,0.0,0.0
bf16_strict_math,mixed_batch3,f636292d4e7f4d319e4375aabd8b9fbcc56cda8904ffb2a4e4b86edcc70c26f9,layer_03,full_attention,0.0,0.0,0.0
bf16_strict_math,mixed_batch3,f636292d4e7f4d319e4375aabd8b9fbcc56cda8904ffb2a4e4b86edcc70c26f9,layer_04,linear_attention,0.0,0.0,0.0
bf16_strict_math,mixed_batch3,f636292d4e7f4d319e4375aabd8b9fbcc56cda8904ffb2a4e4b86edcc70c26f9,layer_05,linear_attention,0.0,0.0,0.0
bf16_strict_math,mixed_batch3,f636292d4e7f4d319e4375aabd8b9fbcc56cda8904ffb2a4e4b86edcc70c26f9,layer_06,linear_attention,0.0019410370150581002,0.001953125,0.00011101960990345106
bf16_strict_math,mixed_batch3,f636292d4e7f4d319e4375aabd8b9fbcc56cda8904ffb2a4e4b86edcc70c26f9,layer_07,full_attention,0.0034626631531864405,0.00390625,0.00032551289768889546
bf16_strict_math,mixed_batch3,f636292d4e7f4d319e4375aabd8b9fbcc56cda8904ffb2a4e4b86edcc70c26f9,layer_08,linear_attention,0.004378581419587135,0.00390625,0.0004292428493499756
bf16_strict_math,mixed_batch3,f636292d4e7f4d319e4375aabd8b9fbcc56cda8904ffb2a4e4b86edcc70c26f9,layer_09,linear_attention,0.004965627565979958,0.00390625,0.000502619135659188
bf16_strict_math,mixed_batch3,f636292d4e7f4d319e4375aabd8b9fbcc56cda8904ffb2a4e4b86edcc70c26f9,layer_10,linear_attention,0.005908014718443155,0.0078125,0.0005967855686321855
bf16_strict_math,mixed_batch3,f636292d4e7f4d319e4375aabd8b9fbcc56cda8904ffb2a4e4b86edcc70c26f9,layer_11,full_attention,0.006319696549326181,0.0078125,0.0007318735006265342
bf16_strict_math,mixed_batch3,f636292d4e7f4d319e4375aabd8b9fbcc56cda8904ffb2a4e4b86edcc70c26f9,layer_12,linear_attention,0.00671119149774313,0.0078125,0.0007814139244146645
bf16_strict_math,mixed_batch3,f636292d4e7f4d319e4375aabd8b9fbcc56cda8904ffb2a4e4b86edcc70c26f9,layer_13,linear_attention,0.007523973472416401,0.0078125,0.0009381651761941612
bf16_strict_math,mixed_batch3,f636292d4e7f4d319e4375aabd8b9fbcc56cda8904ffb2a4e4b86edcc70c26f9,layer_14,linear_attention,0.008267123252153397,0.0078125,0.0010950267314910889
bf16_strict_math,mixed_batch3,f636292d4e7f4d319e4375aabd8b9fbcc56cda8904ffb2a4e4b86edcc70c26f9,layer_15,full_attention,0.009806427173316479,0.03125,0.0013743042945861816
bf16_strict_math,mixed_batch3,f636292d4e7f4d319e4375aabd8b9fbcc56cda8904ffb2a4e4b86edcc70c26f9,layer_16,linear_attention,0.010209301486611366,0.03125,0.0015124797355383635
bf16_strict_math,mixed_batch3,f636292d4e7f4d319e4375aabd8b9fbcc56cda8904ffb2a4e4b86edcc70c26f9,layer_17,linear_attention,0.010352504439651966,0.03125,0.0017280041938647628
bf16_strict_math,mixed_batch3,f636292d4e7f4d319e4375aabd8b9fbcc56cda8904ffb2a4e4b86edcc70c26f9,layer_18,linear_attention,0.010494290851056576,0.03125,0.002053844975307584
bf16_strict_math,mixed_batch3,f636292d4e7f4d319e4375aabd8b9fbcc56cda8904ffb2a4e4b86edcc70c26f9,layer_19,full_attention,0.009826984256505966,0.015625,0.0023956983350217342
bf16_strict_math,mixed_batch3,f636292d4e7f4d319e4375aabd8b9fbcc56cda8904ffb2a4e4b86edcc70c26f9,layer_20,linear_attention,0.01002271007746458,0.015625,0.002776926849037409
bf16_strict_math,mixed_batch3,f636292d4e7f4d319e4375aabd8b9fbcc56cda8904ffb2a4e4b86edcc70c26f9,layer_21,linear_attention,0.01005288865417242,0.0234375,0.003127670381218195
bf16_strict_math,mixed_batch3,f636292d4e7f4d319e4375aabd8b9fbcc56cda8904ffb2a4e4b86edcc70c26f9,layer_22,linear_attention,0.010106828063726425,0.0234375,0.0035927058197557926
bf16_strict_math,mixed_batch3,f636292d4e7f4d319e4375aabd8b9fbcc56cda8904ffb2a4e4b86edcc70c26f9,layer_23,full_attention,0.010287625715136528,0.0625,0.004154992289841175
bf16_strict_math,mixed_batch3,f636292d4e7f4d319e4375aabd8b9fbcc56cda8904ffb2a4e4b86edcc70c26f9,layer_24,linear_attention,0.01050218753516674,0.0625,0.00442932266741991
bf16_strict_math,mixed_batch3,f636292d4e7f4d319e4375aabd8b9fbcc56cda8904ffb2a4e4b86edcc70c26f9,layer_25,linear_attention,0.011138461530208588,0.125,0.0046971142292022705
bf16_strict_math,mixed_batch3,f636292d4e7f4d319e4375aabd8b9fbcc56cda8904ffb2a4e4b86edcc70c26f9,layer_26,linear_attention,0.010431948117911816,0.125,0.005041399504989386
bf16_strict_math,mixed_batch3,f636292d4e7f4d319e4375aabd8b9fbcc56cda8904ffb2a4e4b86edcc70c26f9,layer_27,full_attention,0.011629249900579453,0.125,0.006063384003937244
bf16_strict_math,mixed_batch3,f636292d4e7f4d319e4375aabd8b9fbcc56cda8904ffb2a4e4b86edcc70c26f9,layer_28,linear_attention,0.01104838214814663,0.125,0.006898737046867609
bf16_strict_math,mixed_batch3,f636292d4e7f4d319e4375aabd8b9fbcc56cda8904ffb2a4e4b86edcc70c26f9,layer_29,linear_attention,0.011517735198140144,0.125,0.007737100124359131
bf16_strict_math,mixed_batch3,f636292d4e7f4d319e4375aabd8b9fbcc56cda8904ffb2a4e4b86edcc70c26f9,layer_30,linear_attention,0.011635560542345047,0.125,0.009253144264221191
bf16_strict_math,mixed_batch3,f636292d4e7f4d319e4375aabd8b9fbcc56cda8904ffb2a4e4b86edcc70c26f9,layer_31,full_attention,0.011610578745603561,0.25,0.012645458802580833
bf16_strict_math,mixed_batch3,f636292d4e7f4d319e4375aabd8b9fbcc56cda8904ffb2a4e4b86edcc70c26f9,final_norm,final_norm,0.011998670175671577,0.25,0.027082324028015137
bf16_strict_math,left_pad32_explicit,f636292d4e7f4d319e4375aabd8b9fbcc56cda8904ffb2a4e4b86edcc70c26f9,embedding,embedding,0.0,0.0,0.0
bf16_strict_math,left_pad32_explicit,f636292d4e7f4d319e4375aabd8b9fbcc56cda8904ffb2a4e4b86edcc70c26f9,layer_00,linear_attention,0.0,0.0,0.0
bf16_strict_math,left_pad32_explicit,f636292d4e7f4d319e4375aabd8b9fbcc56cda8904ffb2a4e4b86edcc70c26f9,layer_01,linear_attention,0.0016333058010786772,0.0009765625,4.6484172344207764e-05
bf16_strict_math,left_pad32_explicit,f636292d4e7f4d319e4375aabd8b9fbcc56cda8904ffb2a4e4b86edcc70c26f9,layer_02,linear_attention,0.0045372555032372475,0.00390625,0.00017173141532111913
bf16_strict_math,left_pad32_explicit,f636292d4e7f4d319e4375aabd8b9fbcc56cda8904ffb2a4e4b86edcc70c26f9,layer_03,full_attention,0.006549900397658348,0.00390625,0.00039825885323807597
bf16_strict_math,left_pad32_explicit,f636292d4e7f4d319e4375aabd8b9fbcc56cda8904ffb2a4e4b86edcc70c26f9,layer_04,linear_attention,0.00901560578495264,0.00390625,0.0007562816026620567
bf16_strict_math,left_pad32_explicit,f636292d4e7f4d319e4375aabd8b9fbcc56cda8904ffb2a4e4b86edcc70c26f9,layer_05,linear_attention,0.010542938485741615,0.03125,0.0009397387620992959
bf16_strict_math,left_pad32_explicit,f636292d4e7f4d319e4375aabd8b9fbcc56cda8904ffb2a4e4b86edcc70c26f9,layer_06,linear_attention,0.010896053165197372,0.015625,0.001032024621963501
bf16_strict_math,left_pad32_explicit,f636292d4e7f4d319e4375aabd8b9fbcc56cda8904ffb2a4e4b86edcc70c26f9,layer_07,full_attention,0.010677930898964405,0.0078125,0.0011615961557254195
bf16_strict_math,left_pad32_explicit,f636292d4e7f4d319e4375aabd8b9fbcc56cda8904ffb2a4e4b86edcc70c26f9,layer_08,linear_attention,0.01209702342748642,0.03125,0.00118151749484241
bf16_strict_math,left_pad32_explicit,f636292d4e7f4d319e4375aabd8b9fbcc56cda8904ffb2a4e4b86edcc70c26f9,layer_09,linear_attention,0.012200646102428436,0.03125,0.0012123316992074251
bf16_strict_math,left_pad32_explicit,f636292d4e7f4d319e4375aabd8b9fbcc56cda8904ffb2a4e4b86edcc70c26f9,layer_10,linear_attention,0.01260619517415762,0.03125,0.001269865082576871
bf16_strict_math,left_pad32_explicit,f636292d4e7f4d319e4375aabd8b9fbcc56cda8904ffb2a4e4b86edcc70c26f9,layer_11,full_attention,0.011988596990704536,0.03125,0.0013923824299126863
bf16_strict_math,left_pad32_explicit,f636292d4e7f4d319e4375aabd8b9fbcc56cda8904ffb2a4e4b86edcc70c26f9,layer_12,linear_attention,0.012765255756676197,0.03125,0.0014893576735630631
bf16_strict_math,left_pad32_explicit,f636292d4e7f4d319e4375aabd8b9fbcc56cda8904ffb2a4e4b86edcc70c26f9,layer_13,linear_attention,0.013116641901433468,0.03125,0.0016213894123211503
bf16_strict_math,left_pad32_explicit,f636292d4e7f4d319e4375aabd8b9fbcc56cda8904ffb2a4e4b86edcc70c26f9,layer_14,linear_attention,0.01324903592467308,0.015625,0.0017766505479812622
bf16_strict_math,left_pad32_explicit,f636292d4e7f4d319e4375aabd8b9fbcc56cda8904ffb2a4e4b86edcc70c26f9,layer_15,full_attention,0.013514447957277298,0.015625,0.0019937902688980103
bf16_strict_math,left_pad32_explicit,f636292d4e7f4d319e4375aabd8b9fbcc56cda8904ffb2a4e4b86edcc70c26f9,layer_16,linear_attention,0.013751519843935966,0.015625,0.0021483837626874447
bf16_strict_math,left_pad32_explicit,f636292d4e7f4d319e4375aabd8b9fbcc56cda8904ffb2a4e4b86edcc70c26f9,layer_17,linear_attention,0.013895397074520588,0.01171875,0.0024076669942587614
bf16_strict_math,left_pad32_explicit,f636292d4e7f4d319e4375aabd8b9fbcc56cda8904ffb2a4e4b86edcc70c26f9,layer_18,linear_attention,0.01316735427826643,0.0234375,0.0026385902892798185
bf16_strict_math,left_pad32_explicit,f636292d4e7f4d319e4375aabd8b9fbcc56cda8904ffb2a4e4b86edcc70c26f9,layer_19,full_attention,0.012660125270485878,0.0625,0.0029838948976248503
bf16_strict_math,left_pad32_explicit,f636292d4e7f4d319e4375aabd8b9fbcc56cda8904ffb2a4e4b86edcc70c26f9,layer_20,linear_attention,0.012943696230649948,0.0625,0.003542667720466852
bf16_strict_math,left_pad32_explicit,f636292d4e7f4d319e4375aabd8b9fbcc56cda8904ffb2a4e4b86edcc70c26f9,layer_21,linear_attention,0.012830587103962898,0.0625,0.003950667567551136
bf16_strict_math,left_pad32_explicit,f636292d4e7f4d319e4375aabd8b9fbcc56cda8904ffb2a4e4b86edcc70c26f9,layer_22,linear_attention,0.012150807306170464,0.0625,0.0042771100997924805
bf16_strict_math,left_pad32_explicit,f636292d4e7f4d319e4375aabd8b9fbcc56cda8904ffb2a4e4b86edcc70c26f9,layer_23,full_attention,0.011944963596761227,0.03125,0.004944193176925182
bf16_strict_math,left_pad32_explicit,f636292d4e7f4d319e4375aabd8b9fbcc56cda8904ffb2a4e4b86edcc70c26f9,layer_24,linear_attention,0.012441607192158699,0.03125,0.005468624643981457
bf16_strict_math,left_pad32_explicit,f636292d4e7f4d319e4375aabd8b9fbcc56cda8904ffb2a4e4b86edcc70c26f9,layer_25,linear_attention,0.012525251135230064,0.046875,0.005789166782051325
bf16_strict_math,left_pad32_explicit,f636292d4e7f4d319e4375aabd8b9fbcc56cda8904ffb2a4e4b86edcc70c26f9,layer_26,linear_attention,0.011659861542284489,0.0625,0.006185096688568592
bf16_strict_math,left_pad32_explicit,f636292d4e7f4d319e4375aabd8b9fbcc56cda8904ffb2a4e4b86edcc70c26f9,layer_27,full_attention,0.013043899089097977,0.125,0.006977939512580633
bf16_strict_math,left_pad32_explicit,f636292d4e7f4d319e4375aabd8b9fbcc56cda8904ffb2a4e4b86edcc70c26f9,layer_28,linear_attention,0.012086624279618263,0.09375,0.007827520370483398
bf16_strict_math,left_pad32_explicit,f636292d4e7f4d319e4375aabd8b9fbcc56cda8904ffb2a4e4b86edcc70c26f9,layer_29,linear_attention,0.012785072438418865,0.125,0.008658314123749733
bf16_strict_math,left_pad32_explicit,f636292d4e7f4d319e4375aabd8b9fbcc56cda8904ffb2a4e4b86edcc70c26f9,layer_30,linear_attention,0.012850802391767502,0.125,0.010394561104476452
bf16_strict_math,left_pad32_explicit,f636292d4e7f4d319e4375aabd8b9fbcc56cda8904ffb2a4e4b86edcc70c26f9,layer_31,full_attention,0.012611056677997112,0.25,0.013810515403747559
bf16_strict_math,left_pad32_explicit,f636292d4e7f4d319e4375aabd8b9fbcc56cda8904ffb2a4e4b86edcc70c26f9,final_norm,final_norm,0.012920661829411983,0.25,0.029598241671919823
bf16_strict_math,repeat_alone,d4955ede5dce2e67b244906e7599038eb0306d48c276935914518b3fbcb343e0,embedding,embedding,0.0,0.0,0.0
bf16_strict_math,repeat_alone,d4955ede5dce2e67b244906e7599038eb0306d48c276935914518b3fbcb343e0,layer_00,linear_attention,0.0,0.0,0.0
bf16_strict_math,repeat_alone,d4955ede5dce2e67b244906e7599038eb0306d48c276935914518b3fbcb343e0,layer_01,linear_attention,0.0,0.0,0.0
bf16_strict_math,repeat_alone,d4955ede5dce2e67b244906e7599038eb0306d48c276935914518b3fbcb343e0,layer_02,linear_attention,0.0,0.0,0.0
bf16_strict_math,repeat_alone,d4955ede5dce2e67b244906e7599038eb0306d48c276935914518b3fbcb343e0,layer_03,full_attention,0.0,0.0,0.0
bf16_strict_math,repeat_alone,d4955ede5dce2e67b244906e7599038eb0306d48c276935914518b3fbcb343e0,layer_04,linear_attention,0.0,0.0,0.0
bf16_strict_math,repeat_alone,d4955ede5dce2e67b244906e7599038eb0306d48c276935914518b3fbcb343e0,layer_05,linear_attention,0.0,0.0,0.0
bf16_strict_math,repeat_alone,d4955ede5dce2e67b244906e7599038eb0306d48c276935914518b3fbcb343e0,layer_06,linear_attention,0.0,0.0,0.0
bf16_strict_math,repeat_alone,d4955ede5dce2e67b244906e7599038eb0306d48c276935914518b3fbcb343e0,layer_07,full_attention,0.0,0.0,0.0
bf16_strict_math,repeat_alone,d4955ede5dce2e67b244906e7599038eb0306d48c276935914518b3fbcb343e0,layer_08,linear_attention,0.0,0.0,0.0
bf16_strict_math,repeat_alone,d4955ede5dce2e67b244906e7599038eb0306d48c276935914518b3fbcb343e0,layer_09,linear_attention,0.0,0.0,0.0
bf16_strict_math,repeat_alone,d4955ede5dce2e67b244906e7599038eb0306d48c276935914518b3fbcb343e0,layer_10,linear_attention,0.0,0.0,0.0
bf16_strict_math,repeat_alone,d4955ede5dce2e67b244906e7599038eb0306d48c276935914518b3fbcb343e0,layer_11,full_attention,0.0,0.0,0.0
bf16_strict_math,repeat_alone,d4955ede5dce2e67b244906e7599038eb0306d48c276935914518b3fbcb343e0,layer_12,linear_attention,0.0,0.0,0.0
bf16_strict_math,repeat_alone,d4955ede5dce2e67b244906e7599038eb0306d48c276935914518b3fbcb343e0,layer_13,linear_attention,0.0,0.0,0.0
bf16_strict_math,repeat_alone,d4955ede5dce2e67b244906e7599038eb0306d48c276935914518b3fbcb343e0,layer_14,linear_attention,0.0,0.0,0.0
bf16_strict_math,repeat_alone,d4955ede5dce2e67b244906e7599038eb0306d48c276935914518b3fbcb343e0,layer_15,full_attention,0.0,0.0,0.0
bf16_strict_math,repeat_alone,d4955ede5dce2e67b244906e7599038eb0306d48c276935914518b3fbcb343e0,layer_16,linear_attention,0.0,0.0,0.0
bf16_strict_math,repeat_alone,d4955ede5dce2e67b244906e7599038eb0306d48c276935914518b3fbcb343e0,layer_17,linear_attention,0.0,0.0,0.0
bf16_strict_math,repeat_alone,d4955ede5dce2e67b244906e7599038eb0306d48c276935914518b3fbcb343e0,layer_18,linear_attention,0.0,0.0,0.0
bf16_strict_math,repeat_alone,d4955ede5dce2e67b244906e7599038eb0306d48c276935914518b3fbcb343e0,layer_19,full_attention,0.0,0.0,0.0
bf16_strict_math,repeat_alone,d4955ede5dce2e67b244906e7599038eb0306d48c276935914518b3fbcb343e0,layer_20,linear_attention,0.0,0.0,0.0
bf16_strict_math,repeat_alone,d4955ede5dce2e67b244906e7599038eb0306d48c276935914518b3fbcb343e0,layer_21,linear_attention,0.0,0.0,0.0
bf16_strict_math,repeat_alone,d4955ede5dce2e67b244906e7599038eb0306d48c276935914518b3fbcb343e0,layer_22,linear_attention,0.0,0.0,0.0
bf16_strict_math,repeat_alone,d4955ede5dce2e67b244906e7599038eb0306d48c276935914518b3fbcb343e0,layer_23,full_attention,0.0,0.0,0.0
bf16_strict_math,repeat_alone,d4955ede5dce2e67b244906e7599038eb0306d48c276935914518b3fbcb343e0,layer_24,linear_attention,0.0,0.0,0.0
bf16_strict_math,repeat_alone,d4955ede5dce2e67b244906e7599038eb0306d48c276935914518b3fbcb343e0,layer_25,linear_attention,0.0,0.0,0.0
bf16_strict_math,repeat_alone,d4955ede5dce2e67b244906e7599038eb0306d48c276935914518b3fbcb343e0,layer_26,linear_attention,0.0,0.0,0.0
bf16_strict_math,repeat_alone,d4955ede5dce2e67b244906e7599038eb0306d48c276935914518b3fbcb343e0,layer_27,full_attention,0.0,0.0,0.0
bf16_strict_math,repeat_alone,d4955ede5dce2e67b244906e7599038eb0306d48c276935914518b3fbcb343e0,layer_28,linear_attention,0.0,0.0,0.0
bf16_strict_math,repeat_alone,d4955ede5dce2e67b244906e7599038eb0306d48c276935914518b3fbcb343e0,layer_29,linear_attention,0.0,0.0,0.0
bf16_strict_math,repeat_alone,d4955ede5dce2e67b244906e7599038eb0306d48c276935914518b3fbcb343e0,layer_30,linear_attention,0.0,0.0,0.0
bf16_strict_math,repeat_alone,d4955ede5dce2e67b244906e7599038eb0306d48c276935914518b3fbcb343e0,layer_31,full_attention,0.0,0.0,0.0
bf16_strict_math,repeat_alone,d4955ede5dce2e67b244906e7599038eb0306d48c276935914518b3fbcb343e0,final_norm,final_norm,0.0,0.0,0.0
bf16_strict_math,duplicate_batch2,d4955ede5dce2e67b244906e7599038eb0306d48c276935914518b3fbcb343e0,embedding,embedding,0.0,0.0,0.0
bf16_strict_math,duplicate_batch2,d4955ede5dce2e67b244906e7599038eb0306d48c276935914518b3fbcb343e0,layer_00,linear_attention,7.760337030049413e-05,0.0001220703125,1.3113022134803032e-07
bf16_strict_math,duplicate_batch2,d4955ede5dce2e67b244906e7599038eb0306d48c276935914518b3fbcb343e0,layer_01,linear_attention,0.0016468031099066138,0.00048828125,4.819408059120178e-05
bf16_strict_math,duplicate_batch2,d4955ede5dce2e67b244906e7599038eb0306d48c276935914518b3fbcb343e0,layer_02,linear_attention,0.004424329847097397,0.001953125,0.00016790888912510127
bf16_strict_math,duplicate_batch2,d4955ede5dce2e67b244906e7599038eb0306d48c276935914518b3fbcb343e0,layer_03,full_attention,0.005694247782230377,0.00390625,0.0003387838660273701
bf16_strict_math,duplicate_batch2,d4955ede5dce2e67b244906e7599038eb0306d48c276935914518b3fbcb343e0,layer_04,linear_attention,0.007938372902572155,0.0078125,0.0006284535047598183
bf16_strict_math,duplicate_batch2,d4955ede5dce2e67b244906e7599038eb0306d48c276935914518b3fbcb343e0,layer_05,linear_attention,0.007562755141407251,0.0078125,0.0007222645217552781
bf16_strict_math,duplicate_batch2,d4955ede5dce2e67b244906e7599038eb0306d48c276935914518b3fbcb343e0,layer_06,linear_attention,0.008544380776584148,0.0078125,0.0008151829242706299
bf16_strict_math,duplicate_batch2,d4955ede5dce2e67b244906e7599038eb0306d48c276935914518b3fbcb343e0,layer_07,full_attention,0.009742144495248795,0.03125,0.0009640626376494765
bf16_strict_math,duplicate_batch2,d4955ede5dce2e67b244906e7599038eb0306d48c276935914518b3fbcb343e0,layer_08,linear_attention,0.010402636602520943,0.03125,0.0009986162185668945
bf16_strict_math,duplicate_batch2,d4955ede5dce2e67b244906e7599038eb0306d48c276935914518b3fbcb343e0,layer_09,linear_attention,0.013042667880654335,0.0625,0.0010533661115914583
bf16_strict_math,duplicate_batch2,d4955ede5dce2e67b244906e7599038eb0306d48c276935914518b3fbcb343e0,layer_10,linear_attention,0.0120391845703125,0.03125,0.0012293115723878145
bf16_strict_math,duplicate_batch2,d4955ede5dce2e67b244906e7599038eb0306d48c276935914518b3fbcb343e0,layer_11,full_attention,0.01197803020477295,0.03125,0.0014142424333840609
bf16_strict_math,duplicate_batch2,d4955ede5dce2e67b244906e7599038eb0306d48c276935914518b3fbcb343e0,layer_12,linear_attention,0.012054404243826866,0.015625,0.0014594882959499955
bf16_strict_math,duplicate_batch2,d4955ede5dce2e67b244906e7599038eb0306d48c276935914518b3fbcb343e0,layer_13,linear_attention,0.011910746805369854,0.015625,0.0015216752653941512
bf16_strict_math,duplicate_batch2,d4955ede5dce2e67b244906e7599038eb0306d48c276935914518b3fbcb343e0,layer_14,linear_attention,0.012027842923998833,0.015625,0.0016508400440216064
bf16_strict_math,duplicate_batch2,d4955ede5dce2e67b244906e7599038eb0306d48c276935914518b3fbcb343e0,layer_15,full_attention,0.01158118899911642,0.015625,0.0017429053550586104
bf16_strict_math,duplicate_batch2,d4955ede5dce2e67b244906e7599038eb0306d48c276935914518b3fbcb343e0,layer_16,linear_attention,0.0120393680408597,0.015625,0.0019427239894866943
bf16_strict_math,duplicate_batch2,d4955ede5dce2e67b244906e7599038eb0306d48c276935914518b3fbcb343e0,layer_17,linear_attention,0.011829034425318241,0.015625,0.002103179693222046
bf16_strict_math,duplicate_batch2,d4955ede5dce2e67b244906e7599038eb0306d48c276935914518b3fbcb343e0,layer_18,linear_attention,0.01200792845338583,0.01953125,0.002376106334850192
bf16_strict_math,duplicate_batch2,d4955ede5dce2e67b244906e7599038eb0306d48c276935914518b3fbcb343e0,layer_19,full_attention,0.010871845297515392,0.015625,0.0026886523701250553
bf16_strict_math,duplicate_batch2,d4955ede5dce2e67b244906e7599038eb0306d48c276935914518b3fbcb343e0,layer_20,linear_attention,0.01118666585534811,0.0234375,0.00315093994140625
bf16_strict_math,duplicate_batch2,d4955ede5dce2e67b244906e7599038eb0306d48c276935914518b3fbcb343e0,layer_21,linear_attention,0.011073378846049309,0.03125,0.0034741044510155916
bf16_strict_math,duplicate_batch2,d4955ede5dce2e67b244906e7599038eb0306d48c276935914518b3fbcb343e0,layer_22,linear_attention,0.010894505307078362,0.0390625,0.003833270166069269
bf16_strict_math,duplicate_batch2,d4955ede5dce2e67b244906e7599038eb0306d48c276935914518b3fbcb343e0,layer_23,full_attention,0.01041360106319189,0.0390625,0.004235720727592707
bf16_strict_math,duplicate_batch2,d4955ede5dce2e67b244906e7599038eb0306d48c276935914518b3fbcb343e0,layer_24,linear_attention,0.011829457245767117,0.0390625,0.00504979956895113
bf16_strict_math,duplicate_batch2,d4955ede5dce2e67b244906e7599038eb0306d48c276935914518b3fbcb343e0,layer_25,linear_attention,0.011559327132999897,0.046875,0.005313002970069647
bf16_strict_math,duplicate_batch2,d4955ede5dce2e67b244906e7599038eb0306d48c276935914518b3fbcb343e0,layer_26,linear_attention,0.011044716462492943,0.125,0.005590247921645641
bf16_strict_math,duplicate_batch2,d4955ede5dce2e67b244906e7599038eb0306d48c276935914518b3fbcb343e0,layer_27,full_attention,0.011482510715723038,0.046875,0.0062548876740038395
bf16_strict_math,duplicate_batch2,d4955ede5dce2e67b244906e7599038eb0306d48c276935914518b3fbcb343e0,layer_28,linear_attention,0.010914712212979794,0.046875,0.007119226269423962
bf16_strict_math,duplicate_batch2,d4955ede5dce2e67b244906e7599038eb0306d48c276935914518b3fbcb343e0,layer_29,linear_attention,0.011522926390171051,0.046875,0.007961702533066273
bf16_strict_math,duplicate_batch2,d4955ede5dce2e67b244906e7599038eb0306d48c276935914518b3fbcb343e0,layer_30,linear_attention,0.011176510713994503,0.046875,0.009116905741393566
bf16_strict_math,duplicate_batch2,d4955ede5dce2e67b244906e7599038eb0306d48c276935914518b3fbcb343e0,layer_31,full_attention,0.012391312047839165,0.5,0.011757278814911842
bf16_strict_math,duplicate_batch2,d4955ede5dce2e67b244906e7599038eb0306d48c276935914518b3fbcb343e0,final_norm,final_norm,0.011803344823420048,0.25,0.026302600279450417
bf16_strict_math,right_pad32,d4955ede5dce2e67b244906e7599038eb0306d48c276935914518b3fbcb343e0,embedding,embedding,0.0,0.0,0.0
bf16_strict_math,right_pad32,d4955ede5dce2e67b244906e7599038eb0306d48c276935914518b3fbcb343e0,layer_00,linear_attention,0.0,0.0,0.0
bf16_strict_math,right_pad32,d4955ede5dce2e67b244906e7599038eb0306d48c276935914518b3fbcb343e0,layer_01,linear_attention,0.0,0.0,0.0
bf16_strict_math,right_pad32,d4955ede5dce2e67b244906e7599038eb0306d48c276935914518b3fbcb343e0,layer_02,linear_attention,0.002194681903347373,0.0009765625,6.161593046272174e-05
bf16_strict_math,right_pad32,d4955ede5dce2e67b244906e7599038eb0306d48c276935914518b3fbcb343e0,layer_03,full_attention,0.0037321895360946655,0.0009765625,0.00020516217045951635
bf16_strict_math,right_pad32,d4955ede5dce2e67b244906e7599038eb0306d48c276935914518b3fbcb343e0,layer_04,linear_attention,0.006415291223675013,0.00244140625,0.0004989653825759888
bf16_strict_math,right_pad32,d4955ede5dce2e67b244906e7599038eb0306d48c276935914518b3fbcb343e0,layer_05,linear_attention,0.006731077097356319,0.00390625,0.000643707811832428
bf16_strict_math,right_pad32,d4955ede5dce2e67b244906e7599038eb0306d48c276935914518b3fbcb343e0,layer_06,linear_attention,0.007576256059110165,0.005859375,0.0007196009391918778
bf16_strict_math,right_pad32,d4955ede5dce2e67b244906e7599038eb0306d48c276935914518b3fbcb343e0,layer_07,full_attention,0.007482749409973621,0.005859375,0.0007980719092302024
bf16_strict_math,right_pad32,d4955ede5dce2e67b244906e7599038eb0306d48c276935914518b3fbcb343e0,layer_08,linear_attention,0.007949750870466232,0.005859375,0.0008215874549932778
bf16_strict_math,right_pad32,d4955ede5dce2e67b244906e7599038eb0306d48c276935914518b3fbcb343e0,layer_09,linear_attention,0.009140241891145706,0.03125,0.0008465111022815108
bf16_strict_math,right_pad32,d4955ede5dce2e67b244906e7599038eb0306d48c276935914518b3fbcb343e0,layer_10,linear_attention,0.008697723969817162,0.0078125,0.0009160503977909684
bf16_strict_math,right_pad32,d4955ede5dce2e67b244906e7599038eb0306d48c276935914518b3fbcb343e0,layer_11,full_attention,0.009019861929118633,0.01171875,0.0011195659171789885
bf16_strict_math,right_pad32,d4955ede5dce2e67b244906e7599038eb0306d48c276935914518b3fbcb343e0,layer_12,linear_attention,0.010112914256751537,0.03125,0.0011426329147070646
bf16_strict_math,right_pad32,d4955ede5dce2e67b244906e7599038eb0306d48c276935914518b3fbcb343e0,layer_13,linear_attention,0.01032712496817112,0.03125,0.001227529370225966
bf16_strict_math,right_pad32,d4955ede5dce2e67b244906e7599038eb0306d48c276935914518b3fbcb343e0,layer_14,linear_attention,0.010988913476467133,0.03125,0.001438480569049716
bf16_strict_math,right_pad32,d4955ede5dce2e67b244906e7599038eb0306d48c276935914518b3fbcb343e0,layer_15,full_attention,0.01087241992354393,0.03125,0.0015543221961706877
bf16_strict_math,right_pad32,d4955ede5dce2e67b244906e7599038eb0306d48c276935914518b3fbcb343e0,layer_16,linear_attention,0.010969804599881172,0.03125,0.0016867161029949784
bf16_strict_math,right_pad32,d4955ede5dce2e67b244906e7599038eb0306d48c276935914518b3fbcb343e0,layer_17,linear_attention,0.01106406282633543,0.03125,0.0018826723098754883
bf16_strict_math,right_pad32,d4955ede5dce2e67b244906e7599038eb0306d48c276935914518b3fbcb343e0,layer_18,linear_attention,0.011809324845671654,0.046875,0.002261826302856207
bf16_strict_math,right_pad32,d4955ede5dce2e67b244906e7599038eb0306d48c276935914518b3fbcb343e0,layer_19,full_attention,0.011946559883654118,0.0625,0.0028268396854400635
bf16_strict_math,right_pad32,d4955ede5dce2e67b244906e7599038eb0306d48c276935914518b3fbcb343e0,layer_20,linear_attention,0.011840452440083027,0.03125,0.0032988786697387695
bf16_strict_math,right_pad32,d4955ede5dce2e67b244906e7599038eb0306d48c276935914518b3fbcb343e0,layer_21,linear_attention,0.011672727763652802,0.0234375,0.003679376794025302
bf16_strict_math,right_pad32,d4955ede5dce2e67b244906e7599038eb0306d48c276935914518b3fbcb343e0,layer_22,linear_attention,0.01181298028677702,0.0625,0.004175382666289806
bf16_strict_math,right_pad32,d4955ede5dce2e67b244906e7599038eb0306d48c276935914518b3fbcb343e0,layer_23,full_attention,0.01152101531624794,0.03125,0.004759931471198797
bf16_strict_math,right_pad32,d4955ede5dce2e67b244906e7599038eb0306d48c276935914518b3fbcb343e0,layer_24,linear_attention,0.01226396206766367,0.0625,0.005231036338955164
bf16_strict_math,right_pad32,d4955ede5dce2e67b244906e7599038eb0306d48c276935914518b3fbcb343e0,layer_25,linear_attention,0.011944303289055824,0.046875,0.005451947450637817
bf16_strict_math,right_pad32,d4955ede5dce2e67b244906e7599038eb0306d48c276935914518b3fbcb343e0,layer_26,linear_attention,0.0114689189940691,0.125,0.005850434303283691
bf16_strict_math,right_pad32,d4955ede5dce2e67b244906e7599038eb0306d48c276935914518b3fbcb343e0,layer_27,full_attention,0.012524311430752277,0.125,0.006619739346206188
bf16_strict_math,right_pad32,d4955ede5dce2e67b244906e7599038eb0306d48c276935914518b3fbcb343e0,layer_28,linear_attention,0.011865442618727684,0.125,0.007499384693801403
bf16_strict_math,right_pad32,d4955ede5dce2e67b244906e7599038eb0306d48c276935914518b3fbcb343e0,layer_29,linear_attention,0.012000956572592258,0.0546875,0.008265113458037376
bf16_strict_math,right_pad32,d4955ede5dce2e67b244906e7599038eb0306d48c276935914518b3fbcb343e0,layer_30,linear_attention,0.012889087200164795,0.25,0.009864240884780884
bf16_strict_math,right_pad32,d4955ede5dce2e67b244906e7599038eb0306d48c276935914518b3fbcb343e0,layer_31,full_attention,0.010687453672289848,0.078125,0.011984109878540039
bf16_strict_math,right_pad32,d4955ede5dce2e67b244906e7599038eb0306d48c276935914518b3fbcb343e0,final_norm,final_norm,0.011675449088215828,0.1875,0.02619602158665657
bf16_strict_math,right_pad128,d4955ede5dce2e67b244906e7599038eb0306d48c276935914518b3fbcb343e0,embedding,embedding,0.0,0.0,0.0
bf16_strict_math,right_pad128,d4955ede5dce2e67b244906e7599038eb0306d48c276935914518b3fbcb343e0,layer_00,linear_attention,7.760337030049413e-05,0.0001220703125,1.3113022134803032e-07
bf16_strict_math,right_pad128,d4955ede5dce2e67b244906e7599038eb0306d48c276935914518b3fbcb343e0,layer_01,linear_attention,0.0016468031099066138,0.00048828125,4.819408059120178e-05
bf16_strict_math,right_pad128,d4955ede5dce2e67b244906e7599038eb0306d48c276935914518b3fbcb343e0,layer_02,linear_attention,0.004424329847097397,0.001953125,0.00016790888912510127
bf16_strict_math,right_pad128,d4955ede5dce2e67b244906e7599038eb0306d48c276935914518b3fbcb343e0,layer_03,full_attention,0.005694247782230377,0.00390625,0.0003387838660273701
bf16_strict_math,right_pad128,d4955ede5dce2e67b244906e7599038eb0306d48c276935914518b3fbcb343e0,layer_04,linear_attention,0.007938372902572155,0.0078125,0.0006284535047598183
bf16_strict_math,right_pad128,d4955ede5dce2e67b244906e7599038eb0306d48c276935914518b3fbcb343e0,layer_05,linear_attention,0.007562755141407251,0.0078125,0.0007222645217552781
bf16_strict_math,right_pad128,d4955ede5dce2e67b244906e7599038eb0306d48c276935914518b3fbcb343e0,layer_06,linear_attention,0.008544380776584148,0.0078125,0.0008151829242706299
bf16_strict_math,right_pad128,d4955ede5dce2e67b244906e7599038eb0306d48c276935914518b3fbcb343e0,layer_07,full_attention,0.009742144495248795,0.03125,0.0009640626376494765
bf16_strict_math,right_pad128,d4955ede5dce2e67b244906e7599038eb0306d48c276935914518b3fbcb343e0,layer_08,linear_attention,0.010402636602520943,0.03125,0.0009986162185668945
bf16_strict_math,right_pad128,d4955ede5dce2e67b244906e7599038eb0306d48c276935914518b3fbcb343e0,layer_09,linear_attention,0.013042667880654335,0.0625,0.0010533661115914583
bf16_strict_math,right_pad128,d4955ede5dce2e67b244906e7599038eb0306d48c276935914518b3fbcb343e0,layer_10,linear_attention,0.0120391845703125,0.03125,0.0012293115723878145
bf16_strict_math,right_pad128,d4955ede5dce2e67b244906e7599038eb0306d48c276935914518b3fbcb343e0,layer_11,full_attention,0.01197803020477295,0.03125,0.0014142424333840609
bf16_strict_math,right_pad128,d4955ede5dce2e67b244906e7599038eb0306d48c276935914518b3fbcb343e0,layer_12,linear_attention,0.012054404243826866,0.015625,0.0014594882959499955
bf16_strict_math,right_pad128,d4955ede5dce2e67b244906e7599038eb0306d48c276935914518b3fbcb343e0,layer_13,linear_attention,0.011910746805369854,0.015625,0.0015216752653941512
bf16_strict_math,right_pad128,d4955ede5dce2e67b244906e7599038eb0306d48c276935914518b3fbcb343e0,layer_14,linear_attention,0.012027842923998833,0.015625,0.0016508400440216064
bf16_strict_math,right_pad128,d4955ede5dce2e67b244906e7599038eb0306d48c276935914518b3fbcb343e0,layer_15,full_attention,0.01158118899911642,0.015625,0.0017429053550586104
bf16_strict_math,right_pad128,d4955ede5dce2e67b244906e7599038eb0306d48c276935914518b3fbcb343e0,layer_16,linear_attention,0.0120393680408597,0.015625,0.0019427239894866943
bf16_strict_math,right_pad128,d4955ede5dce2e67b244906e7599038eb0306d48c276935914518b3fbcb343e0,layer_17,linear_attention,0.011829034425318241,0.015625,0.002103179693222046
bf16_strict_math,right_pad128,d4955ede5dce2e67b244906e7599038eb0306d48c276935914518b3fbcb343e0,layer_18,linear_attention,0.01200792845338583,0.01953125,0.002376106334850192
bf16_strict_math,right_pad128,d4955ede5dce2e67b244906e7599038eb0306d48c276935914518b3fbcb343e0,layer_19,full_attention,0.010871845297515392,0.015625,0.0026886523701250553
bf16_strict_math,right_pad128,d4955ede5dce2e67b244906e7599038eb0306d48c276935914518b3fbcb343e0,layer_20,linear_attention,0.01118666585534811,0.0234375,0.00315093994140625
bf16_strict_math,right_pad128,d4955ede5dce2e67b244906e7599038eb0306d48c276935914518b3fbcb343e0,layer_21,linear_attention,0.011073378846049309,0.03125,0.0034741044510155916
bf16_strict_math,right_pad128,d4955ede5dce2e67b244906e7599038eb0306d48c276935914518b3fbcb343e0,layer_22,linear_attention,0.010894505307078362,0.0390625,0.003833270166069269
bf16_strict_math,right_pad128,d4955ede5dce2e67b244906e7599038eb0306d48c276935914518b3fbcb343e0,layer_23,full_attention,0.01041360106319189,0.0390625,0.004235720727592707
bf16_strict_math,right_pad128,d4955ede5dce2e67b244906e7599038eb0306d48c276935914518b3fbcb343e0,layer_24,linear_attention,0.011829457245767117,0.0390625,0.00504979956895113
bf16_strict_math,right_pad128,d4955ede5dce2e67b244906e7599038eb0306d48c276935914518b3fbcb343e0,layer_25,linear_attention,0.011559327132999897,0.046875,0.005313002970069647
bf16_strict_math,right_pad128,d4955ede5dce2e67b244906e7599038eb0306d48c276935914518b3fbcb343e0,layer_26,linear_attention,0.011044716462492943,0.125,0.005590247921645641
bf16_strict_math,right_pad128,d4955ede5dce2e67b244906e7599038eb0306d48c276935914518b3fbcb343e0,layer_27,full_attention,0.011482510715723038,0.046875,0.0062548876740038395
bf16_strict_math,right_pad128,d4955ede5dce2e67b244906e7599038eb0306d48c276935914518b3fbcb343e0,layer_28,linear_attention,0.010914712212979794,0.046875,0.007119226269423962
bf16_strict_math,right_pad128,d4955ede5dce2e67b244906e7599038eb0306d48c276935914518b3fbcb343e0,layer_29,linear_attention,0.011522926390171051,0.046875,0.007961702533066273
bf16_strict_math,right_pad128,d4955ede5dce2e67b244906e7599038eb0306d48c276935914518b3fbcb343e0,layer_30,linear_attention,0.011176510713994503,0.046875,0.009116905741393566
bf16_strict_math,right_pad128,d4955ede5dce2e67b244906e7599038eb0306d48c276935914518b3fbcb343e0,layer_31,full_attention,0.012391312047839165,0.5,0.011757278814911842
bf16_strict_math,right_pad128,d4955ede5dce2e67b244906e7599038eb0306d48c276935914518b3fbcb343e0,final_norm,final_norm,0.011803344823420048,0.25,0.026302600279450417
bf16_strict_math,mixed_batch3,d4955ede5dce2e67b244906e7599038eb0306d48c276935914518b3fbcb343e0,embedding,embedding,0.0,0.0,0.0
bf16_strict_math,mixed_batch3,d4955ede5dce2e67b244906e7599038eb0306d48c276935914518b3fbcb343e0,layer_00,linear_attention,7.760337030049413e-05,0.0001220703125,1.3113022134803032e-07
bf16_strict_math,mixed_batch3,d4955ede5dce2e67b244906e7599038eb0306d48c276935914518b3fbcb343e0,layer_01,linear_attention,0.0016468031099066138,0.00048828125,4.819408059120178e-05
bf16_strict_math,mixed_batch3,d4955ede5dce2e67b244906e7599038eb0306d48c276935914518b3fbcb343e0,layer_02,linear_attention,0.004424329847097397,0.001953125,0.00016790888912510127
bf16_strict_math,mixed_batch3,d4955ede5dce2e67b244906e7599038eb0306d48c276935914518b3fbcb343e0,layer_03,full_attention,0.005694247782230377,0.00390625,0.0003387838660273701
bf16_strict_math,mixed_batch3,d4955ede5dce2e67b244906e7599038eb0306d48c276935914518b3fbcb343e0,layer_04,linear_attention,0.007938372902572155,0.0078125,0.0006284535047598183
bf16_strict_math,mixed_batch3,d4955ede5dce2e67b244906e7599038eb0306d48c276935914518b3fbcb343e0,layer_05,linear_attention,0.007562755141407251,0.0078125,0.0007222645217552781
bf16_strict_math,mixed_batch3,d4955ede5dce2e67b244906e7599038eb0306d48c276935914518b3fbcb343e0,layer_06,linear_attention,0.008544380776584148,0.0078125,0.0008151829242706299
bf16_strict_math,mixed_batch3,d4955ede5dce2e67b244906e7599038eb0306d48c276935914518b3fbcb343e0,layer_07,full_attention,0.009742144495248795,0.03125,0.0009640626376494765
bf16_strict_math,mixed_batch3,d4955ede5dce2e67b244906e7599038eb0306d48c276935914518b3fbcb343e0,layer_08,linear_attention,0.010409708134829998,0.03125,0.0010000288020819426
bf16_strict_math,mixed_batch3,d4955ede5dce2e67b244906e7599038eb0306d48c276935914518b3fbcb343e0,layer_09,linear_attention,0.013050153851509094,0.0625,0.0010617338120937347
bf16_strict_math,mixed_batch3,d4955ede5dce2e67b244906e7599038eb0306d48c276935914518b3fbcb343e0,layer_10,linear_attention,0.011839152313768864,0.03125,0.0012084126938134432
bf16_strict_math,mixed_batch3,d4955ede5dce2e67b244906e7599038eb0306d48c276935914518b3fbcb343e0,layer_11,full_attention,0.011719776317477226,0.03125,0.0013956993352621794
bf16_strict_math,mixed_batch3,d4955ede5dce2e67b244906e7599038eb0306d48c276935914518b3fbcb343e0,layer_12,linear_attention,0.011426778510212898,0.0078125,0.001410517143085599
bf16_strict_math,mixed_batch3,d4955ede5dce2e67b244906e7599038eb0306d48c276935914518b3fbcb343e0,layer_13,linear_attention,0.011482290923595428,0.0078125,0.0014883086550980806
bf16_strict_math,mixed_batch3,d4955ede5dce2e67b244906e7599038eb0306d48c276935914518b3fbcb343e0,layer_14,linear_attention,0.011648278683423996,0.0078125,0.0016155422199517488
bf16_strict_math,mixed_batch3,d4955ede5dce2e67b244906e7599038eb0306d48c276935914518b3fbcb343e0,layer_15,full_attention,0.011566455475986004,0.01171875,0.001756575657054782
bf16_strict_math,mixed_batch3,d4955ede5dce2e67b244906e7599038eb0306d48c276935914518b3fbcb343e0,layer_16,linear_attention,0.011713557876646519,0.009765625,0.0018787980079650879
bf16_strict_math,mixed_batch3,d4955ede5dce2e67b244906e7599038eb0306d48c276935914518b3fbcb343e0,layer_17,linear_attention,0.011584480293095112,0.03125,0.0020105899311602116
bf16_strict_math,mixed_batch3,d4955ede5dce2e67b244906e7599038eb0306d48c276935914518b3fbcb343e0,layer_18,linear_attention,0.011620028875768185,0.03125,0.0022505433298647404
bf16_strict_math,mixed_batch3,d4955ede5dce2e67b244906e7599038eb0306d48c276935914518b3fbcb343e0,layer_19,full_attention,0.011014644056558609,0.01953125,0.002725729253143072
bf16_strict_math,mixed_batch3,d4955ede5dce2e67b244906e7599038eb0306d48c276935914518b3fbcb343e0,layer_20,linear_attention,0.012034427374601364,0.0625,0.003296399023383856
bf16_strict_math,mixed_batch3,d4955ede5dce2e67b244906e7599038eb0306d48c276935914518b3fbcb343e0,layer_21,linear_attention,0.012050648219883442,0.0625,0.003714436199516058
bf16_strict_math,mixed_batch3,d4955ede5dce2e67b244906e7599038eb0306d48c276935914518b3fbcb343e0,layer_22,linear_attention,0.011786425486207008,0.02490234375,0.004177707247436047
bf16_strict_math,mixed_batch3,d4955ede5dce2e67b244906e7599038eb0306d48c276935914518b3fbcb343e0,layer_23,full_attention,0.011734305880963802,0.0625,0.00472260732203722
bf16_strict_math,mixed_batch3,d4955ede5dce2e67b244906e7599038eb0306d48c276935914518b3fbcb343e0,layer_24,linear_attention,0.013181913644075394,0.125,0.005409835372120142
bf16_strict_math,mixed_batch3,d4955ede5dce2e67b244906e7599038eb0306d48c276935914518b3fbcb343e0,layer_25,linear_attention,0.012762500904500484,0.125,0.005569159984588623
bf16_strict_math,mixed_batch3,d4955ede5dce2e67b244906e7599038eb0306d48c276935914518b3fbcb343e0,layer_26,linear_attention,0.011678099632263184,0.125,0.005943370051681995
bf16_strict_math,mixed_batch3,d4955ede5dce2e67b244906e7599038eb0306d48c276935914518b3fbcb343e0,layer_27,full_attention,0.014195275492966175,0.25,0.006837642285972834
bf16_strict_math,mixed_batch3,d4955ede5dce2e67b244906e7599038eb0306d48c276935914518b3fbcb343e0,layer_28,linear_attention,0.01312350295484066,0.25,0.0076660215854644775
bf16_strict_math,mixed_batch3,d4955ede5dce2e67b244906e7599038eb0306d48c276935914518b3fbcb343e0,layer_29,linear_attention,0.012679657898843288,0.125,0.008596229366958141
bf16_strict_math,mixed_batch3,d4955ede5dce2e67b244906e7599038eb0306d48c276935914518b3fbcb343e0,layer_30,linear_attention,0.012239188887178898,0.125,0.009848314337432384
bf16_strict_math,mixed_batch3,d4955ede5dce2e67b244906e7599038eb0306d48c276935914518b3fbcb343e0,layer_31,full_attention,0.010962814092636108,0.078125,0.012320375069975853
bf16_strict_math,mixed_batch3,d4955ede5dce2e67b244906e7599038eb0306d48c276935914518b3fbcb343e0,final_norm,final_norm,0.012161131016910076,0.1875,0.026973461732268333
bf16_strict_math,left_pad32_explicit,d4955ede5dce2e67b244906e7599038eb0306d48c276935914518b3fbcb343e0,embedding,embedding,0.0,0.0,0.0
bf16_strict_math,left_pad32_explicit,d4955ede5dce2e67b244906e7599038eb0306d48c276935914518b3fbcb343e0,layer_00,linear_attention,0.0,0.0,0.0
bf16_strict_math,left_pad32_explicit,d4955ede5dce2e67b244906e7599038eb0306d48c276935914518b3fbcb343e0,layer_01,linear_attention,0.0021513423416763544,0.001953125,6.570816185558215e-05
bf16_strict_math,left_pad32_explicit,d4955ede5dce2e67b244906e7599038eb0306d48c276935914518b3fbcb343e0,layer_02,linear_attention,0.005201275926083326,0.001953125,0.00020409972057677805
bf16_strict_math,left_pad32_explicit,d4955ede5dce2e67b244906e7599038eb0306d48c276935914518b3fbcb343e0,layer_03,full_attention,0.006294332444667816,0.00390625,0.000379967677872628
bf16_strict_math,left_pad32_explicit,d4955ede5dce2e67b244906e7599038eb0306d48c276935914518b3fbcb343e0,layer_04,linear_attention,0.00953247956931591,0.015625,0.0007362008327618241
bf16_strict_math,left_pad32_explicit,d4955ede5dce2e67b244906e7599038eb0306d48c276935914518b3fbcb343e0,layer_05,linear_attention,0.010048574768006802,0.03125,0.000875061028636992
bf16_strict_math,left_pad32_explicit,d4955ede5dce2e67b244906e7599038eb0306d48c276935914518b3fbcb343e0,layer_06,linear_attention,0.012431823648512363,0.046875,0.0010050773853436112
bf16_strict_math,left_pad32_explicit,d4955ede5dce2e67b244906e7599038eb0306d48c276935914518b3fbcb343e0,layer_07,full_attention,0.013239419087767601,0.0625,0.0011144265299662948
bf16_strict_math,left_pad32_explicit,d4955ede5dce2e67b244906e7599038eb0306d48c276935914518b3fbcb343e0,layer_08,linear_attention,0.014064303599298,0.0625,0.0011638880241662264
bf16_strict_math,left_pad32_explicit,d4955ede5dce2e67b244906e7599038eb0306d48c276935914518b3fbcb343e0,layer_09,linear_attention,0.01715376414358616,0.09375,0.0011969686020165682
bf16_strict_math,left_pad32_explicit,d4955ede5dce2e67b244906e7599038eb0306d48c276935914518b3fbcb343e0,layer_10,linear_attention,0.016009526327252388,0.078125,0.0012791827321052551
bf16_strict_math,left_pad32_explicit,d4955ede5dce2e67b244906e7599038eb0306d48c276935914518b3fbcb343e0,layer_11,full_attention,0.014364848844707012,0.0625,0.001528572989627719
bf16_strict_math,left_pad32_explicit,d4955ede5dce2e67b244906e7599038eb0306d48c276935914518b3fbcb343e0,layer_12,linear_attention,0.013208827935159206,0.03125,0.0015527397627010942
bf16_strict_math,left_pad32_explicit,d4955ede5dce2e67b244906e7599038eb0306d48c276935914518b3fbcb343e0,layer_13,linear_attention,0.012794953770935535,0.015625,0.0016411289107054472
bf16_strict_math,left_pad32_explicit,d4955ede5dce2e67b244906e7599038eb0306d48c276935914518b3fbcb343e0,layer_14,linear_attention,0.012786793522536755,0.015625,0.0017453848849982023
bf16_strict_math,left_pad32_explicit,d4955ede5dce2e67b244906e7599038eb0306d48c276935914518b3fbcb343e0,layer_15,full_attention,0.012728986330330372,0.015625,0.0019031033152714372
bf16_strict_math,left_pad32_explicit,d4955ede5dce2e67b244906e7599038eb0306d48c276935914518b3fbcb343e0,layer_16,linear_attention,0.012956544756889343,0.015625,0.002070003654807806
bf16_strict_math,left_pad32_explicit,d4955ede5dce2e67b244906e7599038eb0306d48c276935914518b3fbcb343e0,layer_17,linear_attention,0.012447215616703033,0.03125,0.0021594823338091373
bf16_strict_math,left_pad32_explicit,d4955ede5dce2e67b244906e7599038eb0306d48c276935914518b3fbcb343e0,layer_18,linear_attention,0.012141617015004158,0.046875,0.002333763288334012
bf16_strict_math,left_pad32_explicit,d4955ede5dce2e67b244906e7599038eb0306d48c276935914518b3fbcb343e0,layer_19,full_attention,0.012010150589048862,0.0625,0.002830463694408536
bf16_strict_math,left_pad32_explicit,d4955ede5dce2e67b244906e7599038eb0306d48c276935914518b3fbcb343e0,layer_20,linear_attention,0.011907393112778664,0.0625,0.0032606064341962337
bf16_strict_math,left_pad32_explicit,d4955ede5dce2e67b244906e7599038eb0306d48c276935914518b3fbcb343e0,layer_21,linear_attention,0.011751259677112103,0.0625,0.0035907209385186434
bf16_strict_math,left_pad32_explicit,d4955ede5dce2e67b244906e7599038eb0306d48c276935914518b3fbcb343e0,layer_22,linear_attention,0.011836989782750607,0.0625,0.004142576362937689
bf16_strict_math,left_pad32_explicit,d4955ede5dce2e67b244906e7599038eb0306d48c276935914518b3fbcb343e0,layer_23,full_attention,0.012101835571229458,0.125,0.0046579716727137566
bf16_strict_math,left_pad32_explicit,d4955ede5dce2e67b244906e7599038eb0306d48c276935914518b3fbcb343e0,layer_24,linear_attention,0.012968175113201141,0.125,0.005356304347515106
bf16_strict_math,left_pad32_explicit,d4955ede5dce2e67b244906e7599038eb0306d48c276935914518b3fbcb343e0,layer_25,linear_attention,0.012029191479086876,0.0625,0.005529352929443121
bf16_strict_math,left_pad32_explicit,d4955ede5dce2e67b244906e7599038eb0306d48c276935914518b3fbcb343e0,layer_26,linear_attention,0.012853626161813736,0.25,0.005881858058273792
bf16_strict_math,left_pad32_explicit,d4955ede5dce2e67b244906e7599038eb0306d48c276935914518b3fbcb343e0,layer_27,full_attention,0.01210629753768444,0.125,0.006413102149963379
bf16_strict_math,left_pad32_explicit,d4955ede5dce2e67b244906e7599038eb0306d48c276935914518b3fbcb343e0,layer_28,linear_attention,0.011394337750971317,0.125,0.007197678089141846
bf16_strict_math,left_pad32_explicit,d4955ede5dce2e67b244906e7599038eb0306d48c276935914518b3fbcb343e0,layer_29,linear_attention,0.011648493818938732,0.046875,0.008063698187470436
bf16_strict_math,left_pad32_explicit,d4955ede5dce2e67b244906e7599038eb0306d48c276935914518b3fbcb343e0,layer_30,linear_attention,0.01123942993581295,0.0625,0.009256422519683838
bf16_strict_math,left_pad32_explicit,d4955ede5dce2e67b244906e7599038eb0306d48c276935914518b3fbcb343e0,layer_31,full_attention,0.010872540064156055,0.125,0.011940240859985352
bf16_strict_math,left_pad32_explicit,d4955ede5dce2e67b244906e7599038eb0306d48c276935914518b3fbcb343e0,final_norm,final_norm,0.0116658266633749,0.1875,0.026224410161376
bf16_strict_math,repeat_alone,330322a632bb1efa3b2979d67e2f9b99eb7190450a121d8fac26014a6dbab5d9,embedding,embedding,0.0,0.0,0.0
bf16_strict_math,repeat_alone,330322a632bb1efa3b2979d67e2f9b99eb7190450a121d8fac26014a6dbab5d9,layer_00,linear_attention,0.0,0.0,0.0
bf16_strict_math,repeat_alone,330322a632bb1efa3b2979d67e2f9b99eb7190450a121d8fac26014a6dbab5d9,layer_01,linear_attention,0.0,0.0,0.0
bf16_strict_math,repeat_alone,330322a632bb1efa3b2979d67e2f9b99eb7190450a121d8fac26014a6dbab5d9,layer_02,linear_attention,0.0,0.0,0.0
bf16_strict_math,repeat_alone,330322a632bb1efa3b2979d67e2f9b99eb7190450a121d8fac26014a6dbab5d9,layer_03,full_attention,0.0,0.0,0.0
bf16_strict_math,repeat_alone,330322a632bb1efa3b2979d67e2f9b99eb7190450a121d8fac26014a6dbab5d9,layer_04,linear_attention,0.0,0.0,0.0
bf16_strict_math,repeat_alone,330322a632bb1efa3b2979d67e2f9b99eb7190450a121d8fac26014a6dbab5d9,layer_05,linear_attention,0.0,0.0,0.0
bf16_strict_math,repeat_alone,330322a632bb1efa3b2979d67e2f9b99eb7190450a121d8fac26014a6dbab5d9,layer_06,linear_attention,0.0,0.0,0.0
bf16_strict_math,repeat_alone,330322a632bb1efa3b2979d67e2f9b99eb7190450a121d8fac26014a6dbab5d9,layer_07,full_attention,0.0,0.0,0.0
bf16_strict_math,repeat_alone,330322a632bb1efa3b2979d67e2f9b99eb7190450a121d8fac26014a6dbab5d9,layer_08,linear_attention,0.0,0.0,0.0
bf16_strict_math,repeat_alone,330322a632bb1efa3b2979d67e2f9b99eb7190450a121d8fac26014a6dbab5d9,layer_09,linear_attention,0.0,0.0,0.0
bf16_strict_math,repeat_alone,330322a632bb1efa3b2979d67e2f9b99eb7190450a121d8fac26014a6dbab5d9,layer_10,linear_attention,0.0,0.0,0.0
bf16_strict_math,repeat_alone,330322a632bb1efa3b2979d67e2f9b99eb7190450a121d8fac26014a6dbab5d9,layer_11,full_attention,0.0,0.0,0.0
bf16_strict_math,repeat_alone,330322a632bb1efa3b2979d67e2f9b99eb7190450a121d8fac26014a6dbab5d9,layer_12,linear_attention,0.0,0.0,0.0
bf16_strict_math,repeat_alone,330322a632bb1efa3b2979d67e2f9b99eb7190450a121d8fac26014a6dbab5d9,layer_13,linear_attention,0.0,0.0,0.0
bf16_strict_math,repeat_alone,330322a632bb1efa3b2979d67e2f9b99eb7190450a121d8fac26014a6dbab5d9,layer_14,linear_attention,0.0,0.0,0.0
bf16_strict_math,repeat_alone,330322a632bb1efa3b2979d67e2f9b99eb7190450a121d8fac26014a6dbab5d9,layer_15,full_attention,0.0,0.0,0.0
bf16_strict_math,repeat_alone,330322a632bb1efa3b2979d67e2f9b99eb7190450a121d8fac26014a6dbab5d9,layer_16,linear_attention,0.0,0.0,0.0
bf16_strict_math,repeat_alone,330322a632bb1efa3b2979d67e2f9b99eb7190450a121d8fac26014a6dbab5d9,layer_17,linear_attention,0.0,0.0,0.0
bf16_strict_math,repeat_alone,330322a632bb1efa3b2979d67e2f9b99eb7190450a121d8fac26014a6dbab5d9,layer_18,linear_attention,0.0,0.0,0.0
bf16_strict_math,repeat_alone,330322a632bb1efa3b2979d67e2f9b99eb7190450a121d8fac26014a6dbab5d9,layer_19,full_attention,0.0,0.0,0.0
bf16_strict_math,repeat_alone,330322a632bb1efa3b2979d67e2f9b99eb7190450a121d8fac26014a6dbab5d9,layer_20,linear_attention,0.0,0.0,0.0
bf16_strict_math,repeat_alone,330322a632bb1efa3b2979d67e2f9b99eb7190450a121d8fac26014a6dbab5d9,layer_21,linear_attention,0.0,0.0,0.0
bf16_strict_math,repeat_alone,330322a632bb1efa3b2979d67e2f9b99eb7190450a121d8fac26014a6dbab5d9,layer_22,linear_attention,0.0,0.0,0.0
bf16_strict_math,repeat_alone,330322a632bb1efa3b2979d67e2f9b99eb7190450a121d8fac26014a6dbab5d9,layer_23,full_attention,0.0,0.0,0.0
bf16_strict_math,repeat_alone,330322a632bb1efa3b2979d67e2f9b99eb7190450a121d8fac26014a6dbab5d9,layer_24,linear_attention,0.0,0.0,0.0
bf16_strict_math,repeat_alone,330322a632bb1efa3b2979d67e2f9b99eb7190450a121d8fac26014a6dbab5d9,layer_25,linear_attention,0.0,0.0,0.0
bf16_strict_math,repeat_alone,330322a632bb1efa3b2979d67e2f9b99eb7190450a121d8fac26014a6dbab5d9,layer_26,linear_attention,0.0,0.0,0.0
bf16_strict_math,repeat_alone,330322a632bb1efa3b2979d67e2f9b99eb7190450a121d8fac26014a6dbab5d9,layer_27,full_attention,0.0,0.0,0.0
bf16_strict_math,repeat_alone,330322a632bb1efa3b2979d67e2f9b99eb7190450a121d8fac26014a6dbab5d9,layer_28,linear_attention,0.0,0.0,0.0
bf16_strict_math,repeat_alone,330322a632bb1efa3b2979d67e2f9b99eb7190450a121d8fac26014a6dbab5d9,layer_29,linear_attention,0.0,0.0,0.0
bf16_strict_math,repeat_alone,330322a632bb1efa3b2979d67e2f9b99eb7190450a121d8fac26014a6dbab5d9,layer_30,linear_attention,0.0,0.0,0.0
bf16_strict_math,repeat_alone,330322a632bb1efa3b2979d67e2f9b99eb7190450a121d8fac26014a6dbab5d9,layer_31,full_attention,0.0,0.0,0.0
bf16_strict_math,repeat_alone,330322a632bb1efa3b2979d67e2f9b99eb7190450a121d8fac26014a6dbab5d9,final_norm,final_norm,0.0,0.0,0.0
bf16_strict_math,duplicate_batch2,330322a632bb1efa3b2979d67e2f9b99eb7190450a121d8fac26014a6dbab5d9,embedding,embedding,0.0,0.0,0.0
bf16_strict_math,duplicate_batch2,330322a632bb1efa3b2979d67e2f9b99eb7190450a121d8fac26014a6dbab5d9,layer_00,linear_attention,5.0844610086642206e-05,0.0001220703125,4.7683716530855236e-08
bf16_strict_math,duplicate_batch2,330322a632bb1efa3b2979d67e2f9b99eb7190450a121d8fac26014a6dbab5d9,layer_01,linear_attention,0.0015529606025665998,0.00048828125,4.577115032589063e-05
bf16_strict_math,duplicate_batch2,330322a632bb1efa3b2979d67e2f9b99eb7190450a121d8fac26014a6dbab5d9,layer_02,linear_attention,0.0050803739577531815,0.0078125,0.00017279983148910105
bf16_strict_math,duplicate_batch2,330322a632bb1efa3b2979d67e2f9b99eb7190450a121d8fac26014a6dbab5d9,layer_03,full_attention,0.0057842968963086605,0.001953125,0.00035754666896536946
bf16_strict_math,duplicate_batch2,330322a632bb1efa3b2979d67e2f9b99eb7190450a121d8fac26014a6dbab5d9,layer_04,linear_attention,0.009187516756355762,0.015625,0.000714033842086792
bf16_strict_math,duplicate_batch2,330322a632bb1efa3b2979d67e2f9b99eb7190450a121d8fac26014a6dbab5d9,layer_05,linear_attention,0.010166550055146217,0.03125,0.0008811697480268776
bf16_strict_math,duplicate_batch2,330322a632bb1efa3b2979d67e2f9b99eb7190450a121d8fac26014a6dbab5d9,layer_06,linear_attention,0.011122792027890682,0.03125,0.000977413379587233
bf16_strict_math,duplicate_batch2,330322a632bb1efa3b2979d67e2f9b99eb7190450a121d8fac26014a6dbab5d9,layer_07,full_attention,0.010843902826309204,0.03125,0.0010983854299411178
bf16_strict_math,duplicate_batch2,330322a632bb1efa3b2979d67e2f9b99eb7190450a121d8fac26014a6dbab5d9,layer_08,linear_attention,0.010415641590952873,0.0050048828125,0.0011184692848473787
bf16_strict_math,duplicate_batch2,330322a632bb1efa3b2979d67e2f9b99eb7190450a121d8fac26014a6dbab5d9,layer_09,linear_attention,0.010424552485346794,0.005615234375,0.0011076063383370638
bf16_strict_math,duplicate_batch2,330322a632bb1efa3b2979d67e2f9b99eb7190450a121d8fac26014a6dbab5d9,layer_10,linear_attention,0.010628472082316875,0.005859375,0.0011458576191216707
bf16_strict_math,duplicate_batch2,330322a632bb1efa3b2979d67e2f9b99eb7190450a121d8fac26014a6dbab5d9,layer_11,full_attention,0.010551431216299534,0.0068359375,0.001289802836254239
bf16_strict_math,duplicate_batch2,330322a632bb1efa3b2979d67e2f9b99eb7190450a121d8fac26014a6dbab5d9,layer_12,linear_attention,0.01070604007691145,0.0068359375,0.0013028740650042892
bf16_strict_math,duplicate_batch2,330322a632bb1efa3b2979d67e2f9b99eb7190450a121d8fac26014a6dbab5d9,layer_13,linear_attention,0.011096649803221226,0.0078125,0.0014080747496336699
bf16_strict_math,duplicate_batch2,330322a632bb1efa3b2979d67e2f9b99eb7190450a121d8fac26014a6dbab5d9,layer_14,linear_attention,0.011682826094329357,0.03125,0.0015324592823162675
bf16_strict_math,duplicate_batch2,330322a632bb1efa3b2979d67e2f9b99eb7190450a121d8fac26014a6dbab5d9,layer_15,full_attention,0.01199029665440321,0.03125,0.0017330169212073088
bf16_strict_math,duplicate_batch2,330322a632bb1efa3b2979d67e2f9b99eb7190450a121d8fac26014a6dbab5d9,layer_16,linear_attention,0.012500653974711895,0.015625,0.0019396335119381547
bf16_strict_math,duplicate_batch2,330322a632bb1efa3b2979d67e2f9b99eb7190450a121d8fac26014a6dbab5d9,layer_17,linear_attention,0.013425306417047977,0.03125,0.0022703767754137516
bf16_strict_math,duplicate_batch2,330322a632bb1efa3b2979d67e2f9b99eb7190450a121d8fac26014a6dbab5d9,layer_18,linear_attention,0.013777706772089005,0.03125,0.0026904463302344084
bf16_strict_math,duplicate_batch2,330322a632bb1efa3b2979d67e2f9b99eb7190450a121d8fac26014a6dbab5d9,layer_19,full_attention,0.013066047802567482,0.0625,0.0031592845916748047
bf16_strict_math,duplicate_batch2,330322a632bb1efa3b2979d67e2f9b99eb7190450a121d8fac26014a6dbab5d9,layer_20,linear_attention,0.012567425146698952,0.03125,0.003553497837856412
bf16_strict_math,duplicate_batch2,330322a632bb1efa3b2979d67e2f9b99eb7190450a121d8fac26014a6dbab5d9,layer_21,linear_attention,0.01235504262149334,0.03125,0.003963470458984375
bf16_strict_math,duplicate_batch2,330322a632bb1efa3b2979d67e2f9b99eb7190450a121d8fac26014a6dbab5d9,layer_22,linear_attention,0.011858387850224972,0.03125,0.004397355020046234
bf16_strict_math,duplicate_batch2,330322a632bb1efa3b2979d67e2f9b99eb7190450a121d8fac26014a6dbab5d9,layer_23,full_attention,0.011005381122231483,0.03125,0.00457499036565423
bf16_strict_math,duplicate_batch2,330322a632bb1efa3b2979d67e2f9b99eb7190450a121d8fac26014a6dbab5d9,layer_24,linear_attention,0.011333050206303596,0.0390625,0.004988491535186768
bf16_strict_math,duplicate_batch2,330322a632bb1efa3b2979d67e2f9b99eb7190450a121d8fac26014a6dbab5d9,layer_25,linear_attention,0.011070283129811287,0.0390625,0.005169248674064875
bf16_strict_math,duplicate_batch2,330322a632bb1efa3b2979d67e2f9b99eb7190450a121d8fac26014a6dbab5d9,layer_26,linear_attention,0.009904682636260986,0.0390625,0.005519455764442682
bf16_strict_math,duplicate_batch2,330322a632bb1efa3b2979d67e2f9b99eb7190450a121d8fac26014a6dbab5d9,layer_27,full_attention,0.011241160333156586,0.046875,0.00622181873768568
bf16_strict_math,duplicate_batch2,330322a632bb1efa3b2979d67e2f9b99eb7190450a121d8fac26014a6dbab5d9,layer_28,linear_attention,0.010766150429844856,0.046875,0.007070171646773815
bf16_strict_math,duplicate_batch2,330322a632bb1efa3b2979d67e2f9b99eb7190450a121d8fac26014a6dbab5d9,layer_29,linear_attention,0.011226963251829147,0.0390625,0.007828843779861927
bf16_strict_math,duplicate_batch2,330322a632bb1efa3b2979d67e2f9b99eb7190450a121d8fac26014a6dbab5d9,layer_30,linear_attention,0.011926165781915188,0.25,0.009182172827422619
bf16_strict_math,duplicate_batch2,330322a632bb1efa3b2979d67e2f9b99eb7190450a121d8fac26014a6dbab5d9,layer_31,full_attention,0.01173643209040165,0.375,0.01213827170431614
bf16_strict_math,duplicate_batch2,330322a632bb1efa3b2979d67e2f9b99eb7190450a121d8fac26014a6dbab5d9,final_norm,final_norm,0.011785333044826984,0.25,0.026123076677322388
bf16_strict_math,right_pad32,330322a632bb1efa3b2979d67e2f9b99eb7190450a121d8fac26014a6dbab5d9,embedding,embedding,0.0,0.0,0.0
bf16_strict_math,right_pad32,330322a632bb1efa3b2979d67e2f9b99eb7190450a121d8fac26014a6dbab5d9,layer_00,linear_attention,0.0,0.0,0.0
bf16_strict_math,right_pad32,330322a632bb1efa3b2979d67e2f9b99eb7190450a121d8fac26014a6dbab5d9,layer_01,linear_attention,0.0,0.0,0.0
bf16_strict_math,right_pad32,330322a632bb1efa3b2979d67e2f9b99eb7190450a121d8fac26014a6dbab5d9,layer_02,linear_attention,0.0,0.0,0.0
bf16_strict_math,right_pad32,330322a632bb1efa3b2979d67e2f9b99eb7190450a121d8fac26014a6dbab5d9,layer_03,full_attention,0.0,0.0,0.0
bf16_strict_math,right_pad32,330322a632bb1efa3b2979d67e2f9b99eb7190450a121d8fac26014a6dbab5d9,layer_04,linear_attention,0.0,0.0,0.0
bf16_strict_math,right_pad32,330322a632bb1efa3b2979d67e2f9b99eb7190450a121d8fac26014a6dbab5d9,layer_05,linear_attention,0.0,0.0,0.0
bf16_strict_math,right_pad32,330322a632bb1efa3b2979d67e2f9b99eb7190450a121d8fac26014a6dbab5d9,layer_06,linear_attention,0.0,0.0,0.0
bf16_strict_math,right_pad32,330322a632bb1efa3b2979d67e2f9b99eb7190450a121d8fac26014a6dbab5d9,layer_07,full_attention,0.0,0.0,0.0
bf16_strict_math,right_pad32,330322a632bb1efa3b2979d67e2f9b99eb7190450a121d8fac26014a6dbab5d9,layer_08,linear_attention,0.0,0.0,0.0
bf16_strict_math,right_pad32,330322a632bb1efa3b2979d67e2f9b99eb7190450a121d8fac26014a6dbab5d9,layer_09,linear_attention,0.0,0.0,0.0
bf16_strict_math,right_pad32,330322a632bb1efa3b2979d67e2f9b99eb7190450a121d8fac26014a6dbab5d9,layer_10,linear_attention,0.0,0.0,0.0
bf16_strict_math,right_pad32,330322a632bb1efa3b2979d67e2f9b99eb7190450a121d8fac26014a6dbab5d9,layer_11,full_attention,0.0,0.0,0.0
bf16_strict_math,right_pad32,330322a632bb1efa3b2979d67e2f9b99eb7190450a121d8fac26014a6dbab5d9,layer_12,linear_attention,0.0,0.0,0.0
bf16_strict_math,right_pad32,330322a632bb1efa3b2979d67e2f9b99eb7190450a121d8fac26014a6dbab5d9,layer_13,linear_attention,0.0,0.0,0.0
bf16_strict_math,right_pad32,330322a632bb1efa3b2979d67e2f9b99eb7190450a121d8fac26014a6dbab5d9,layer_14,linear_attention,0.0,0.0,0.0
bf16_strict_math,right_pad32,330322a632bb1efa3b2979d67e2f9b99eb7190450a121d8fac26014a6dbab5d9,layer_15,full_attention,0.0,0.0,0.0
bf16_strict_math,right_pad32,330322a632bb1efa3b2979d67e2f9b99eb7190450a121d8fac26014a6dbab5d9,layer_16,linear_attention,0.0,0.0,0.0
bf16_strict_math,right_pad32,330322a632bb1efa3b2979d67e2f9b99eb7190450a121d8fac26014a6dbab5d9,layer_17,linear_attention,0.0,0.0,0.0
bf16_strict_math,right_pad32,330322a632bb1efa3b2979d67e2f9b99eb7190450a121d8fac26014a6dbab5d9,layer_18,linear_attention,0.0,0.0,0.0
bf16_strict_math,right_pad32,330322a632bb1efa3b2979d67e2f9b99eb7190450a121d8fac26014a6dbab5d9,layer_19,full_attention,0.0,0.0,0.0
bf16_strict_math,right_pad32,330322a632bb1efa3b2979d67e2f9b99eb7190450a121d8fac26014a6dbab5d9,layer_20,linear_attention,0.0,0.0,0.0
bf16_strict_math,right_pad32,330322a632bb1efa3b2979d67e2f9b99eb7190450a121d8fac26014a6dbab5d9,layer_21,linear_attention,0.0,0.0,0.0
bf16_strict_math,right_pad32,330322a632bb1efa3b2979d67e2f9b99eb7190450a121d8fac26014a6dbab5d9,layer_22,linear_attention,0.0,0.0,0.0
bf16_strict_math,right_pad32,330322a632bb1efa3b2979d67e2f9b99eb7190450a121d8fac26014a6dbab5d9,layer_23,full_attention,0.0,0.0,0.0
bf16_strict_math,right_pad32,330322a632bb1efa3b2979d67e2f9b99eb7190450a121d8fac26014a6dbab5d9,layer_24,linear_attention,0.0,0.0,0.0
bf16_strict_math,right_pad32,330322a632bb1efa3b2979d67e2f9b99eb7190450a121d8fac26014a6dbab5d9,layer_25,linear_attention,0.0,0.0,0.0
bf16_strict_math,right_pad32,330322a632bb1efa3b2979d67e2f9b99eb7190450a121d8fac26014a6dbab5d9,layer_26,linear_attention,0.0,0.0,0.0
bf16_strict_math,right_pad32,330322a632bb1efa3b2979d67e2f9b99eb7190450a121d8fac26014a6dbab5d9,layer_27,full_attention,0.0,0.0,0.0
bf16_strict_math,right_pad32,330322a632bb1efa3b2979d67e2f9b99eb7190450a121d8fac26014a6dbab5d9,layer_28,linear_attention,0.0,0.0,0.0
bf16_strict_math,right_pad32,330322a632bb1efa3b2979d67e2f9b99eb7190450a121d8fac26014a6dbab5d9,layer_29,linear_attention,0.0,0.0,0.0
bf16_strict_math,right_pad32,330322a632bb1efa3b2979d67e2f9b99eb7190450a121d8fac26014a6dbab5d9,layer_30,linear_attention,0.0,0.0,0.0
bf16_strict_math,right_pad32,330322a632bb1efa3b2979d67e2f9b99eb7190450a121d8fac26014a6dbab5d9,layer_31,full_attention,0.0,0.0,0.0
bf16_strict_math,right_pad32,330322a632bb1efa3b2979d67e2f9b99eb7190450a121d8fac26014a6dbab5d9,final_norm,final_norm,0.0,0.0,0.0
bf16_strict_math,right_pad128,330322a632bb1efa3b2979d67e2f9b99eb7190450a121d8fac26014a6dbab5d9,embedding,embedding,0.0,0.0,0.0
bf16_strict_math,right_pad128,330322a632bb1efa3b2979d67e2f9b99eb7190450a121d8fac26014a6dbab5d9,layer_00,linear_attention,5.0844610086642206e-05,0.0001220703125,4.7683716530855236e-08
bf16_strict_math,right_pad128,330322a632bb1efa3b2979d67e2f9b99eb7190450a121d8fac26014a6dbab5d9,layer_01,linear_attention,0.0015529606025665998,0.00048828125,4.577115032589063e-05
bf16_strict_math,right_pad128,330322a632bb1efa3b2979d67e2f9b99eb7190450a121d8fac26014a6dbab5d9,layer_02,linear_attention,0.0050803739577531815,0.0078125,0.00017279983148910105
bf16_strict_math,right_pad128,330322a632bb1efa3b2979d67e2f9b99eb7190450a121d8fac26014a6dbab5d9,layer_03,full_attention,0.005810811184346676,0.001953125,0.0003568693937268108
bf16_strict_math,right_pad128,330322a632bb1efa3b2979d67e2f9b99eb7190450a121d8fac26014a6dbab5d9,layer_04,linear_attention,0.009088662452995777,0.015625,0.0007081210496835411
bf16_strict_math,right_pad128,330322a632bb1efa3b2979d67e2f9b99eb7190450a121d8fac26014a6dbab5d9,layer_05,linear_attention,0.010252643376588821,0.03125,0.000895546399988234
bf16_strict_math,right_pad128,330322a632bb1efa3b2979d67e2f9b99eb7190450a121d8fac26014a6dbab5d9,layer_06,linear_attention,0.011189408600330353,0.03125,0.00099305366165936
bf16_strict_math,right_pad128,330322a632bb1efa3b2979d67e2f9b99eb7190450a121d8fac26014a6dbab5d9,layer_07,full_attention,0.01096330862492323,0.03125,0.0011038139928132296
bf16_strict_math,right_pad128,330322a632bb1efa3b2979d67e2f9b99eb7190450a121d8fac26014a6dbab5d9,layer_08,linear_attention,0.010403049178421497,0.0078125,0.0011156589025631547
bf16_strict_math,right_pad128,330322a632bb1efa3b2979d67e2f9b99eb7190450a121d8fac26014a6dbab5d9,layer_09,linear_attention,0.010420295409858227,0.0078125,0.0011011749738827348
bf16_strict_math,right_pad128,330322a632bb1efa3b2979d67e2f9b99eb7190450a121d8fac26014a6dbab5d9,layer_10,linear_attention,0.01063219178467989,0.0078125,0.0011304259533062577
bf16_strict_math,right_pad128,330322a632bb1efa3b2979d67e2f9b99eb7190450a121d8fac26014a6dbab5d9,layer_11,full_attention,0.010570785962045193,0.009765625,0.0012994467979297042
bf16_strict_math,right_pad128,330322a632bb1efa3b2979d67e2f9b99eb7190450a121d8fac26014a6dbab5d9,layer_12,linear_attention,0.01083067711442709,0.0078125,0.0013100504875183105
bf16_strict_math,right_pad128,330322a632bb1efa3b2979d67e2f9b99eb7190450a121d8fac26014a6dbab5d9,layer_13,linear_attention,0.011288532987236977,0.0078125,0.0014350011479109526
bf16_strict_math,right_pad128,330322a632bb1efa3b2979d67e2f9b99eb7190450a121d8fac26014a6dbab5d9,layer_14,linear_attention,0.011790042743086815,0.009765625,0.001614987850189209
bf16_strict_math,right_pad128,330322a632bb1efa3b2979d67e2f9b99eb7190450a121d8fac26014a6dbab5d9,layer_15,full_attention,0.012166769243776798,0.009765625,0.00182209606282413
bf16_strict_math,right_pad128,330322a632bb1efa3b2979d67e2f9b99eb7190450a121d8fac26014a6dbab5d9,layer_16,linear_attention,0.012468665838241577,0.009765625,0.0019375055562704802
bf16_strict_math,right_pad128,330322a632bb1efa3b2979d67e2f9b99eb7190450a121d8fac26014a6dbab5d9,layer_17,linear_attention,0.012207327410578728,0.03125,0.002079930854961276
bf16_strict_math,right_pad128,330322a632bb1efa3b2979d67e2f9b99eb7190450a121d8fac26014a6dbab5d9,layer_18,linear_attention,0.01205416489392519,0.03125,0.0023388029076159
bf16_strict_math,right_pad128,330322a632bb1efa3b2979d67e2f9b99eb7190450a121d8fac26014a6dbab5d9,layer_19,full_attention,0.011052954010665417,0.03125,0.002727419137954712
bf16_strict_math,right_pad128,330322a632bb1efa3b2979d67e2f9b99eb7190450a121d8fac26014a6dbab5d9,layer_20,linear_attention,0.01088300533592701,0.03125,0.0031075775623321533
bf16_strict_math,right_pad128,330322a632bb1efa3b2979d67e2f9b99eb7190450a121d8fac26014a6dbab5d9,layer_21,linear_attention,0.010976760648190975,0.03125,0.003453206969425082
bf16_strict_math,right_pad128,330322a632bb1efa3b2979d67e2f9b99eb7190450a121d8fac26014a6dbab5d9,layer_22,linear_attention,0.01107050571590662,0.0625,0.003934501204639673
bf16_strict_math,right_pad128,330322a632bb1efa3b2979d67e2f9b99eb7190450a121d8fac26014a6dbab5d9,layer_23,full_attention,0.010576733388006687,0.0625,0.004291951656341553
bf16_strict_math,right_pad128,330322a632bb1efa3b2979d67e2f9b99eb7190450a121d8fac26014a6dbab5d9,layer_24,linear_attention,0.010789575055241585,0.0625,0.004622402600944042
bf16_strict_math,right_pad128,330322a632bb1efa3b2979d67e2f9b99eb7190450a121d8fac26014a6dbab5d9,layer_25,linear_attention,0.011449995450675488,0.125,0.005002307705581188
bf16_strict_math,right_pad128,330322a632bb1efa3b2979d67e2f9b99eb7190450a121d8fac26014a6dbab5d9,layer_26,linear_attention,0.011828100308775902,0.25,0.005396497435867786
bf16_strict_math,right_pad128,330322a632bb1efa3b2979d67e2f9b99eb7190450a121d8fac26014a6dbab5d9,layer_27,full_attention,0.013259884901344776,0.25,0.00633051386103034
bf16_strict_math,right_pad128,330322a632bb1efa3b2979d67e2f9b99eb7190450a121d8fac26014a6dbab5d9,layer_28,linear_attention,0.011291110888123512,0.125,0.007128250785171986
bf16_strict_math,right_pad128,330322a632bb1efa3b2979d67e2f9b99eb7190450a121d8fac26014a6dbab5d9,layer_29,linear_attention,0.011786761693656445,0.125,0.008026528172194958
bf16_strict_math,right_pad128,330322a632bb1efa3b2979d67e2f9b99eb7190450a121d8fac26014a6dbab5d9,layer_30,linear_attention,0.012302534654736519,0.25,0.009412193670868874
bf16_strict_math,right_pad128,330322a632bb1efa3b2979d67e2f9b99eb7190450a121d8fac26014a6dbab5d9,layer_31,full_attention,0.012386811897158623,0.5,0.01200559176504612
bf16_strict_math,right_pad128,330322a632bb1efa3b2979d67e2f9b99eb7190450a121d8fac26014a6dbab5d9,final_norm,final_norm,0.011849607340991497,0.1875,0.026296814903616905
bf16_strict_math,mixed_batch3,330322a632bb1efa3b2979d67e2f9b99eb7190450a121d8fac26014a6dbab5d9,embedding,embedding,0.0,0.0,0.0
bf16_strict_math,mixed_batch3,330322a632bb1efa3b2979d67e2f9b99eb7190450a121d8fac26014a6dbab5d9,layer_00,linear_attention,0.0,0.0,0.0
bf16_strict_math,mixed_batch3,330322a632bb1efa3b2979d67e2f9b99eb7190450a121d8fac26014a6dbab5d9,layer_01,linear_attention,0.0,0.0,0.0
bf16_strict_math,mixed_batch3,330322a632bb1efa3b2979d67e2f9b99eb7190450a121d8fac26014a6dbab5d9,layer_02,linear_attention,0.0,0.0,0.0
bf16_strict_math,mixed_batch3,330322a632bb1efa3b2979d67e2f9b99eb7190450a121d8fac26014a6dbab5d9,layer_03,full_attention,0.0,0.0,0.0
bf16_strict_math,mixed_batch3,330322a632bb1efa3b2979d67e2f9b99eb7190450a121d8fac26014a6dbab5d9,layer_04,linear_attention,0.0,0.0,0.0
bf16_strict_math,mixed_batch3,330322a632bb1efa3b2979d67e2f9b99eb7190450a121d8fac26014a6dbab5d9,layer_05,linear_attention,0.0,0.0,0.0
bf16_strict_math,mixed_batch3,330322a632bb1efa3b2979d67e2f9b99eb7190450a121d8fac26014a6dbab5d9,layer_06,linear_attention,0.0,0.0,0.0
bf16_strict_math,mixed_batch3,330322a632bb1efa3b2979d67e2f9b99eb7190450a121d8fac26014a6dbab5d9,layer_07,full_attention,0.0,0.0,0.0
bf16_strict_math,mixed_batch3,330322a632bb1efa3b2979d67e2f9b99eb7190450a121d8fac26014a6dbab5d9,layer_08,linear_attention,0.0,0.0,0.0
bf16_strict_math,mixed_batch3,330322a632bb1efa3b2979d67e2f9b99eb7190450a121d8fac26014a6dbab5d9,layer_09,linear_attention,0.0,0.0,0.0
bf16_strict_math,mixed_batch3,330322a632bb1efa3b2979d67e2f9b99eb7190450a121d8fac26014a6dbab5d9,layer_10,linear_attention,0.0,0.0,0.0
bf16_strict_math,mixed_batch3,330322a632bb1efa3b2979d67e2f9b99eb7190450a121d8fac26014a6dbab5d9,layer_11,full_attention,0.0,0.0,0.0
bf16_strict_math,mixed_batch3,330322a632bb1efa3b2979d67e2f9b99eb7190450a121d8fac26014a6dbab5d9,layer_12,linear_attention,0.0,0.0,0.0
bf16_strict_math,mixed_batch3,330322a632bb1efa3b2979d67e2f9b99eb7190450a121d8fac26014a6dbab5d9,layer_13,linear_attention,0.0,0.0,0.0
bf16_strict_math,mixed_batch3,330322a632bb1efa3b2979d67e2f9b99eb7190450a121d8fac26014a6dbab5d9,layer_14,linear_attention,0.0,0.0,0.0
bf16_strict_math,mixed_batch3,330322a632bb1efa3b2979d67e2f9b99eb7190450a121d8fac26014a6dbab5d9,layer_15,full_attention,0.0,0.0,0.0
bf16_strict_math,mixed_batch3,330322a632bb1efa3b2979d67e2f9b99eb7190450a121d8fac26014a6dbab5d9,layer_16,linear_attention,0.0,0.0,0.0
bf16_strict_math,mixed_batch3,330322a632bb1efa3b2979d67e2f9b99eb7190450a121d8fac26014a6dbab5d9,layer_17,linear_attention,0.0022565219551324844,0.00390625,0.0002513706567697227
bf16_strict_math,mixed_batch3,330322a632bb1efa3b2979d67e2f9b99eb7190450a121d8fac26014a6dbab5d9,layer_18,linear_attention,0.004365678410977125,0.00390625,0.0007599592208862305
bf16_strict_math,mixed_batch3,330322a632bb1efa3b2979d67e2f9b99eb7190450a121d8fac26014a6dbab5d9,layer_19,full_attention,0.005821606609970331,0.0078125,0.001357692526653409
bf16_strict_math,mixed_batch3,330322a632bb1efa3b2979d67e2f9b99eb7190450a121d8fac26014a6dbab5d9,layer_20,linear_attention,0.006896013859659433,0.03125,0.0018317222129553556
bf16_strict_math,mixed_batch3,330322a632bb1efa3b2979d67e2f9b99eb7190450a121d8fac26014a6dbab5d9,layer_21,linear_attention,0.00772015331313014,0.0625,0.0022094487212598324
bf16_strict_math,mixed_batch3,330322a632bb1efa3b2979d67e2f9b99eb7190450a121d8fac26014a6dbab5d9,layer_22,linear_attention,0.007814720273017883,0.0625,0.0025914267171174288
bf16_strict_math,mixed_batch3,330322a632bb1efa3b2979d67e2f9b99eb7190450a121d8fac26014a6dbab5d9,layer_23,full_attention,0.007819349877536297,0.0625,0.0030348419677466154
bf16_strict_math,mixed_batch3,330322a632bb1efa3b2979d67e2f9b99eb7190450a121d8fac26014a6dbab5d9,layer_24,linear_attention,0.008258165791630745,0.0625,0.0034097314346581697
bf16_strict_math,mixed_batch3,330322a632bb1efa3b2979d67e2f9b99eb7190450a121d8fac26014a6dbab5d9,layer_25,linear_attention,0.007958807051181793,0.0234375,0.0036140084266662598
bf16_strict_math,mixed_batch3,330322a632bb1efa3b2979d67e2f9b99eb7190450a121d8fac26014a6dbab5d9,layer_26,linear_attention,0.00811195932328701,0.125,0.003965032286942005
bf16_strict_math,mixed_batch3,330322a632bb1efa3b2979d67e2f9b99eb7190450a121d8fac26014a6dbab5d9,layer_27,full_attention,0.008472914807498455,0.03125,0.0046104430221021175
bf16_strict_math,mixed_batch3,330322a632bb1efa3b2979d67e2f9b99eb7190450a121d8fac26014a6dbab5d9,layer_28,linear_attention,0.008164356462657452,0.03125,0.0052322507835924625
bf16_strict_math,mixed_batch3,330322a632bb1efa3b2979d67e2f9b99eb7190450a121d8fac26014a6dbab5d9,layer_29,linear_attention,0.008794017136096954,0.03125,0.005975186824798584
bf16_strict_math,mixed_batch3,330322a632bb1efa3b2979d67e2f9b99eb7190450a121d8fac26014a6dbab5d9,layer_30,linear_attention,0.009271111339330673,0.125,0.007349944207817316
bf16_strict_math,mixed_batch3,330322a632bb1efa3b2979d67e2f9b99eb7190450a121d8fac26014a6dbab5d9,layer_31,full_attention,0.008901851251721382,0.0625,0.00991435069590807
bf16_strict_math,mixed_batch3,330322a632bb1efa3b2979d67e2f9b99eb7190450a121d8fac26014a6dbab5d9,final_norm,final_norm,0.00961062591522932,0.125,0.021473538130521774
bf16_strict_math,left_pad32_explicit,330322a632bb1efa3b2979d67e2f9b99eb7190450a121d8fac26014a6dbab5d9,embedding,embedding,0.0,0.0,0.0
bf16_strict_math,left_pad32_explicit,330322a632bb1efa3b2979d67e2f9b99eb7190450a121d8fac26014a6dbab5d9,layer_00,linear_attention,0.0005255325813777745,0.00048828125,6.186962309584487e-06
bf16_strict_math,left_pad32_explicit,330322a632bb1efa3b2979d67e2f9b99eb7190450a121d8fac26014a6dbab5d9,layer_01,linear_attention,0.001969109522178769,0.0009765625,6.391480565071106e-05
bf16_strict_math,left_pad32_explicit,330322a632bb1efa3b2979d67e2f9b99eb7190450a121d8fac26014a6dbab5d9,layer_02,linear_attention,0.004356617573648691,0.001953125,0.0001688435731921345
bf16_strict_math,left_pad32_explicit,330322a632bb1efa3b2979d67e2f9b99eb7190450a121d8fac26014a6dbab5d9,layer_03,full_attention,0.005629170686006546,0.00390625,0.0003388419863767922
bf16_strict_math,left_pad32_explicit,330322a632bb1efa3b2979d67e2f9b99eb7190450a121d8fac26014a6dbab5d9,layer_04,linear_attention,0.007815173827111721,0.00390625,0.0006327867740765214
bf16_strict_math,left_pad32_explicit,330322a632bb1efa3b2979d67e2f9b99eb7190450a121d8fac26014a6dbab5d9,layer_05,linear_attention,0.008031897246837616,0.00439453125,0.0007762491586618125
bf16_strict_math,left_pad32_explicit,330322a632bb1efa3b2979d67e2f9b99eb7190450a121d8fac26014a6dbab5d9,layer_06,linear_attention,0.008879591710865498,0.0078125,0.0008483960991725326
bf16_strict_math,left_pad32_explicit,330322a632bb1efa3b2979d67e2f9b99eb7190450a121d8fac26014a6dbab5d9,layer_07,full_attention,0.009176190011203289,0.0078125,0.000998163246549666
bf16_strict_math,left_pad32_explicit,330322a632bb1efa3b2979d67e2f9b99eb7190450a121d8fac26014a6dbab5d9,layer_08,linear_attention,0.010835958644747734,0.03125,0.001052412437275052
bf16_strict_math,left_pad32_explicit,330322a632bb1efa3b2979d67e2f9b99eb7190450a121d8fac26014a6dbab5d9,layer_09,linear_attention,0.011287839151918888,0.03125,0.0011161320144310594
bf16_strict_math,left_pad32_explicit,330322a632bb1efa3b2979d67e2f9b99eb7190450a121d8fac26014a6dbab5d9,layer_10,linear_attention,0.011520533822476864,0.03125,0.001137977815233171
bf16_strict_math,left_pad32_explicit,330322a632bb1efa3b2979d67e2f9b99eb7190450a121d8fac26014a6dbab5d9,layer_11,full_attention,0.01092410646378994,0.03125,0.001252841902896762
bf16_strict_math,left_pad32_explicit,330322a632bb1efa3b2979d67e2f9b99eb7190450a121d8fac26014a6dbab5d9,layer_12,linear_attention,0.011322341859340668,0.03125,0.0012918472057208419
bf16_strict_math,left_pad32_explicit,330322a632bb1efa3b2979d67e2f9b99eb7190450a121d8fac26014a6dbab5d9,layer_13,linear_attention,0.011710108257830143,0.03125,0.0014043941628187895
bf16_strict_math,left_pad32_explicit,330322a632bb1efa3b2979d67e2f9b99eb7190450a121d8fac26014a6dbab5d9,layer_14,linear_attention,0.012171647511422634,0.03125,0.0015763997798785567
bf16_strict_math,left_pad32_explicit,330322a632bb1efa3b2979d67e2f9b99eb7190450a121d8fac26014a6dbab5d9,layer_15,full_attention,0.012277284637093544,0.03125,0.001768696354702115
bf16_strict_math,left_pad32_explicit,330322a632bb1efa3b2979d67e2f9b99eb7190450a121d8fac26014a6dbab5d9,layer_16,linear_attention,0.013655854389071465,0.03125,0.0020666986238211393
bf16_strict_math,left_pad32_explicit,330322a632bb1efa3b2979d67e2f9b99eb7190450a121d8fac26014a6dbab5d9,layer_17,linear_attention,0.013320909813046455,0.03125,0.0022491454146802425
bf16_strict_math,left_pad32_explicit,330322a632bb1efa3b2979d67e2f9b99eb7190450a121d8fac26014a6dbab5d9,layer_18,linear_attention,0.013629704713821411,0.0625,0.002527177333831787
bf16_strict_math,left_pad32_explicit,330322a632bb1efa3b2979d67e2f9b99eb7190450a121d8fac26014a6dbab5d9,layer_19,full_attention,0.012486428022384644,0.0625,0.0029715984128415585
bf16_strict_math,left_pad32_explicit,330322a632bb1efa3b2979d67e2f9b99eb7190450a121d8fac26014a6dbab5d9,layer_20,linear_attention,0.012695500627160072,0.09375,0.003332447959110141
bf16_strict_math,left_pad32_explicit,330322a632bb1efa3b2979d67e2f9b99eb7190450a121d8fac26014a6dbab5d9,layer_21,linear_attention,0.012888232246041298,0.125,0.0036953568924218416
bf16_strict_math,left_pad32_explicit,330322a632bb1efa3b2979d67e2f9b99eb7190450a121d8fac26014a6dbab5d9,layer_22,linear_attention,0.012385131791234016,0.125,0.004086838569492102
bf16_strict_math,left_pad32_explicit,330322a632bb1efa3b2979d67e2f9b99eb7190450a121d8fac26014a6dbab5d9,layer_23,full_attention,0.012024138122797012,0.125,0.0046460749581456184
bf16_strict_math,left_pad32_explicit,330322a632bb1efa3b2979d67e2f9b99eb7190450a121d8fac26014a6dbab5d9,layer_24,linear_attention,0.012254247441887856,0.125,0.004997455980628729
bf16_strict_math,left_pad32_explicit,330322a632bb1efa3b2979d67e2f9b99eb7190450a121d8fac26014a6dbab5d9,layer_25,linear_attention,0.011399424634873867,0.046875,0.005217907018959522
bf16_strict_math,left_pad32_explicit,330322a632bb1efa3b2979d67e2f9b99eb7190450a121d8fac26014a6dbab5d9,layer_26,linear_attention,0.010141611099243164,0.033203125,0.005479204468429089
bf16_strict_math,left_pad32_explicit,330322a632bb1efa3b2979d67e2f9b99eb7190450a121d8fac26014a6dbab5d9,layer_27,full_attention,0.011446338146924973,0.03515625,0.006282198242843151
bf16_strict_math,left_pad32_explicit,330322a632bb1efa3b2979d67e2f9b99eb7190450a121d8fac26014a6dbab5d9,layer_28,linear_attention,0.010836958885192871,0.0625,0.007056927774101496
bf16_strict_math,left_pad32_explicit,330322a632bb1efa3b2979d67e2f9b99eb7190450a121d8fac26014a6dbab5d9,layer_29,linear_attention,0.011686954647302628,0.125,0.007965778931975365
bf16_strict_math,left_pad32_explicit,330322a632bb1efa3b2979d67e2f9b99eb7190450a121d8fac26014a6dbab5d9,layer_30,linear_attention,0.012342074885964394,0.25,0.009482955560088158
bf16_strict_math,left_pad32_explicit,330322a632bb1efa3b2979d67e2f9b99eb7190450a121d8fac26014a6dbab5d9,layer_31,full_attention,0.011642847210168839,0.375,0.011898040771484375
bf16_strict_math,left_pad32_explicit,330322a632bb1efa3b2979d67e2f9b99eb7190450a121d8fac26014a6dbab5d9,final_norm,final_norm,0.011565971188247204,0.25,0.02512643299996853
bf16_strict_math,repeat_alone,17d7a74707ec16de2de7773af08ebcd40670cd195e65bd17d877e56a357d64fc,embedding,embedding,0.0,0.0,0.0
bf16_strict_math,repeat_alone,17d7a74707ec16de2de7773af08ebcd40670cd195e65bd17d877e56a357d64fc,layer_00,linear_attention,0.0,0.0,0.0
bf16_strict_math,repeat_alone,17d7a74707ec16de2de7773af08ebcd40670cd195e65bd17d877e56a357d64fc,layer_01,linear_attention,0.0,0.0,0.0
bf16_strict_math,repeat_alone,17d7a74707ec16de2de7773af08ebcd40670cd195e65bd17d877e56a357d64fc,layer_02,linear_attention,0.0,0.0,0.0
bf16_strict_math,repeat_alone,17d7a74707ec16de2de7773af08ebcd40670cd195e65bd17d877e56a357d64fc,layer_03,full_attention,0.0,0.0,0.0
bf16_strict_math,repeat_alone,17d7a74707ec16de2de7773af08ebcd40670cd195e65bd17d877e56a357d64fc,layer_04,linear_attention,0.0,0.0,0.0
bf16_strict_math,repeat_alone,17d7a74707ec16de2de7773af08ebcd40670cd195e65bd17d877e56a357d64fc,layer_05,linear_attention,0.0,0.0,0.0
bf16_strict_math,repeat_alone,17d7a74707ec16de2de7773af08ebcd40670cd195e65bd17d877e56a357d64fc,layer_06,linear_attention,0.0,0.0,0.0
bf16_strict_math,repeat_alone,17d7a74707ec16de2de7773af08ebcd40670cd195e65bd17d877e56a357d64fc,layer_07,full_attention,0.0,0.0,0.0
bf16_strict_math,repeat_alone,17d7a74707ec16de2de7773af08ebcd40670cd195e65bd17d877e56a357d64fc,layer_08,linear_attention,0.0,0.0,0.0
bf16_strict_math,repeat_alone,17d7a74707ec16de2de7773af08ebcd40670cd195e65bd17d877e56a357d64fc,layer_09,linear_attention,0.0,0.0,0.0
bf16_strict_math,repeat_alone,17d7a74707ec16de2de7773af08ebcd40670cd195e65bd17d877e56a357d64fc,layer_10,linear_attention,0.0,0.0,0.0
bf16_strict_math,repeat_alone,17d7a74707ec16de2de7773af08ebcd40670cd195e65bd17d877e56a357d64fc,layer_11,full_attention,0.0,0.0,0.0
bf16_strict_math,repeat_alone,17d7a74707ec16de2de7773af08ebcd40670cd195e65bd17d877e56a357d64fc,layer_12,linear_attention,0.0,0.0,0.0
bf16_strict_math,repeat_alone,17d7a74707ec16de2de7773af08ebcd40670cd195e65bd17d877e56a357d64fc,layer_13,linear_attention,0.0,0.0,0.0
bf16_strict_math,repeat_alone,17d7a74707ec16de2de7773af08ebcd40670cd195e65bd17d877e56a357d64fc,layer_14,linear_attention,0.0,0.0,0.0
bf16_strict_math,repeat_alone,17d7a74707ec16de2de7773af08ebcd40670cd195e65bd17d877e56a357d64fc,layer_15,full_attention,0.0,0.0,0.0
bf16_strict_math,repeat_alone,17d7a74707ec16de2de7773af08ebcd40670cd195e65bd17d877e56a357d64fc,layer_16,linear_attention,0.0,0.0,0.0
bf16_strict_math,repeat_alone,17d7a74707ec16de2de7773af08ebcd40670cd195e65bd17d877e56a357d64fc,layer_17,linear_attention,0.0,0.0,0.0
bf16_strict_math,repeat_alone,17d7a74707ec16de2de7773af08ebcd40670cd195e65bd17d877e56a357d64fc,layer_18,linear_attention,0.0,0.0,0.0
bf16_strict_math,repeat_alone,17d7a74707ec16de2de7773af08ebcd40670cd195e65bd17d877e56a357d64fc,layer_19,full_attention,0.0,0.0,0.0
bf16_strict_math,repeat_alone,17d7a74707ec16de2de7773af08ebcd40670cd195e65bd17d877e56a357d64fc,layer_20,linear_attention,0.0,0.0,0.0
bf16_strict_math,repeat_alone,17d7a74707ec16de2de7773af08ebcd40670cd195e65bd17d877e56a357d64fc,layer_21,linear_attention,0.0,0.0,0.0
bf16_strict_math,repeat_alone,17d7a74707ec16de2de7773af08ebcd40670cd195e65bd17d877e56a357d64fc,layer_22,linear_attention,0.0,0.0,0.0
bf16_strict_math,repeat_alone,17d7a74707ec16de2de7773af08ebcd40670cd195e65bd17d877e56a357d64fc,layer_23,full_attention,0.0,0.0,0.0
bf16_strict_math,repeat_alone,17d7a74707ec16de2de7773af08ebcd40670cd195e65bd17d877e56a357d64fc,layer_24,linear_attention,0.0,0.0,0.0
bf16_strict_math,repeat_alone,17d7a74707ec16de2de7773af08ebcd40670cd195e65bd17d877e56a357d64fc,layer_25,linear_attention,0.0,0.0,0.0
bf16_strict_math,repeat_alone,17d7a74707ec16de2de7773af08ebcd40670cd195e65bd17d877e56a357d64fc,layer_26,linear_attention,0.0,0.0,0.0
bf16_strict_math,repeat_alone,17d7a74707ec16de2de7773af08ebcd40670cd195e65bd17d877e56a357d64fc,layer_27,full_attention,0.0,0.0,0.0
bf16_strict_math,repeat_alone,17d7a74707ec16de2de7773af08ebcd40670cd195e65bd17d877e56a357d64fc,layer_28,linear_attention,0.0,0.0,0.0
bf16_strict_math,repeat_alone,17d7a74707ec16de2de7773af08ebcd40670cd195e65bd17d877e56a357d64fc,layer_29,linear_attention,0.0,0.0,0.0
bf16_strict_math,repeat_alone,17d7a74707ec16de2de7773af08ebcd40670cd195e65bd17d877e56a357d64fc,layer_30,linear_attention,0.0,0.0,0.0
bf16_strict_math,repeat_alone,17d7a74707ec16de2de7773af08ebcd40670cd195e65bd17d877e56a357d64fc,layer_31,full_attention,0.0,0.0,0.0
bf16_strict_math,repeat_alone,17d7a74707ec16de2de7773af08ebcd40670cd195e65bd17d877e56a357d64fc,final_norm,final_norm,0.0,0.0,0.0
bf16_strict_math,duplicate_batch2,17d7a74707ec16de2de7773af08ebcd40670cd195e65bd17d877e56a357d64fc,embedding,embedding,0.0,0.0,0.0
bf16_strict_math,duplicate_batch2,17d7a74707ec16de2de7773af08ebcd40670cd195e65bd17d877e56a357d64fc,layer_00,linear_attention,9.153188148047775e-05,0.0001220703125,1.668930025289228e-07
bf16_strict_math,duplicate_batch2,17d7a74707ec16de2de7773af08ebcd40670cd195e65bd17d877e56a357d64fc,layer_01,linear_attention,0.0016577827045693994,0.0009765625,4.694238305091858e-05
bf16_strict_math,duplicate_batch2,17d7a74707ec16de2de7773af08ebcd40670cd195e65bd17d877e56a357d64fc,layer_02,linear_attention,0.005033687222748995,0.0078125,0.00016192198381759226
bf16_strict_math,duplicate_batch2,17d7a74707ec16de2de7773af08ebcd40670cd195e65bd17d877e56a357d64fc,layer_03,full_attention,0.005674621090292931,0.001953125,0.00033726467518135905
bf16_strict_math,duplicate_batch2,17d7a74707ec16de2de7773af08ebcd40670cd195e65bd17d877e56a357d64fc,layer_04,linear_attention,0.008928519673645496,0.00390625,0.0007137328502722085
bf16_strict_math,duplicate_batch2,17d7a74707ec16de2de7773af08ebcd40670cd195e65bd17d877e56a357d64fc,layer_05,linear_attention,0.008564549498260021,0.0048828125,0.0008339338237419724
bf16_strict_math,duplicate_batch2,17d7a74707ec16de2de7773af08ebcd40670cd195e65bd17d877e56a357d64fc,layer_06,linear_attention,0.009410107508301735,0.015625,0.0008686371147632599
bf16_strict_math,duplicate_batch2,17d7a74707ec16de2de7773af08ebcd40670cd195e65bd17d877e56a357d64fc,layer_07,full_attention,0.009437506087124348,0.015625,0.0009818195831030607
bf16_strict_math,duplicate_batch2,17d7a74707ec16de2de7773af08ebcd40670cd195e65bd17d877e56a357d64fc,layer_08,linear_attention,0.0098424032330513,0.015625,0.0009787827730178833
bf16_strict_math,duplicate_batch2,17d7a74707ec16de2de7773af08ebcd40670cd195e65bd17d877e56a357d64fc,layer_09,linear_attention,0.009859852492809296,0.015625,0.0010086387628689408
bf16_strict_math,duplicate_batch2,17d7a74707ec16de2de7773af08ebcd40670cd195e65bd17d877e56a357d64fc,layer_10,linear_attention,0.011450160294771194,0.015625,0.0011994435917586088
bf16_strict_math,duplicate_batch2,17d7a74707ec16de2de7773af08ebcd40670cd195e65bd17d877e56a357d64fc,layer_11,full_attention,0.01245051622390747,0.03125,0.0014416665071621537
bf16_strict_math,duplicate_batch2,17d7a74707ec16de2de7773af08ebcd40670cd195e65bd17d877e56a357d64fc,layer_12,linear_attention,0.013033589348196983,0.03125,0.0015132843982428312
bf16_strict_math,duplicate_batch2,17d7a74707ec16de2de7773af08ebcd40670cd195e65bd17d877e56a357d64fc,layer_13,linear_attention,0.013584109023213387,0.03125,0.0016756951808929443
bf16_strict_math,duplicate_batch2,17d7a74707ec16de2de7773af08ebcd40670cd195e65bd17d877e56a357d64fc,layer_14,linear_attention,0.0145668163895607,0.03125,0.0019277080427855253
bf16_strict_math,duplicate_batch2,17d7a74707ec16de2de7773af08ebcd40670cd195e65bd17d877e56a357d64fc,layer_15,full_attention,0.01455887220799923,0.03125,0.0020829378627240658
bf16_strict_math,duplicate_batch2,17d7a74707ec16de2de7773af08ebcd40670cd195e65bd17d877e56a357d64fc,layer_16,linear_attention,0.014211684465408325,0.03125,0.0021686144173145294
bf16_strict_math,duplicate_batch2,17d7a74707ec16de2de7773af08ebcd40670cd195e65bd17d877e56a357d64fc,layer_17,linear_attention,0.013692972250282764,0.03125,0.002323496388271451
bf16_strict_math,duplicate_batch2,17d7a74707ec16de2de7773af08ebcd40670cd195e65bd17d877e56a357d64fc,layer_18,linear_attention,0.013161299750208855,0.0234375,0.002627456095069647
bf16_strict_math,duplicate_batch2,17d7a74707ec16de2de7773af08ebcd40670cd195e65bd17d877e56a357d64fc,layer_19,full_attention,0.012556182220578194,0.0234375,0.0030663846991956234
bf16_strict_math,duplicate_batch2,17d7a74707ec16de2de7773af08ebcd40670cd195e65bd17d877e56a357d64fc,layer_20,linear_attention,0.012622828595340252,0.03125,0.003533408045768738
bf16_strict_math,duplicate_batch2,17d7a74707ec16de2de7773af08ebcd40670cd195e65bd17d877e56a357d64fc,layer_21,linear_attention,0.012615424580872059,0.0625,0.0039034485816955566
bf16_strict_math,duplicate_batch2,17d7a74707ec16de2de7773af08ebcd40670cd195e65bd17d877e56a357d64fc,layer_22,linear_attention,0.012667539529502392,0.0625,0.004369521047919989
bf16_strict_math,duplicate_batch2,17d7a74707ec16de2de7773af08ebcd40670cd195e65bd17d877e56a357d64fc,layer_23,full_attention,0.012104318477213383,0.0625,0.004908406641334295
bf16_strict_math,duplicate_batch2,17d7a74707ec16de2de7773af08ebcd40670cd195e65bd17d877e56a357d64fc,layer_24,linear_attention,0.012315081432461739,0.0625,0.0052599310874938965
bf16_strict_math,duplicate_batch2,17d7a74707ec16de2de7773af08ebcd40670cd195e65bd17d877e56a357d64fc,layer_25,linear_attention,0.012236764654517174,0.046875,0.005617856979370117
bf16_strict_math,duplicate_batch2,17d7a74707ec16de2de7773af08ebcd40670cd195e65bd17d877e56a357d64fc,layer_26,linear_attention,0.012207179330289364,0.125,0.00607637781649828
bf16_strict_math,duplicate_batch2,17d7a74707ec16de2de7773af08ebcd40670cd195e65bd17d877e56a357d64fc,layer_27,full_attention,0.01190347969532013,0.046875,0.006450033280998468
bf16_strict_math,duplicate_batch2,17d7a74707ec16de2de7773af08ebcd40670cd195e65bd17d877e56a357d64fc,layer_28,linear_attention,0.011087149381637573,0.046875,0.0071433307603001595
bf16_strict_math,duplicate_batch2,17d7a74707ec16de2de7773af08ebcd40670cd195e65bd17d877e56a357d64fc,layer_29,linear_attention,0.011735737323760986,0.0625,0.008087468333542347
bf16_strict_math,duplicate_batch2,17d7a74707ec16de2de7773af08ebcd40670cd195e65bd17d877e56a357d64fc,layer_30,linear_attention,0.011686895042657852,0.125,0.009344613179564476
bf16_strict_math,duplicate_batch2,17d7a74707ec16de2de7773af08ebcd40670cd195e65bd17d877e56a357d64fc,layer_31,full_attention,0.01054253987967968,0.0625,0.011404204182326794
bf16_strict_math,duplicate_batch2,17d7a74707ec16de2de7773af08ebcd40670cd195e65bd17d877e56a357d64fc,final_norm,final_norm,0.011422209441661835,0.140625,0.025870179757475853
bf16_strict_math,right_pad32,17d7a74707ec16de2de7773af08ebcd40670cd195e65bd17d877e56a357d64fc,embedding,embedding,0.0,0.0,0.0
bf16_strict_math,right_pad32,17d7a74707ec16de2de7773af08ebcd40670cd195e65bd17d877e56a357d64fc,layer_00,linear_attention,9.153188148047775e-05,0.0001220703125,1.668930025289228e-07
bf16_strict_math,right_pad32,17d7a74707ec16de2de7773af08ebcd40670cd195e65bd17d877e56a357d64fc,layer_01,linear_attention,0.0016577827045693994,0.0009765625,4.694238305091858e-05
bf16_strict_math,right_pad32,17d7a74707ec16de2de7773af08ebcd40670cd195e65bd17d877e56a357d64fc,layer_02,linear_attention,0.005033687222748995,0.0078125,0.00016192198381759226
bf16_strict_math,right_pad32,17d7a74707ec16de2de7773af08ebcd40670cd195e65bd17d877e56a357d64fc,layer_03,full_attention,0.0056699966080486774,0.001953125,0.0003367245080880821
bf16_strict_math,right_pad32,17d7a74707ec16de2de7773af08ebcd40670cd195e65bd17d877e56a357d64fc,layer_04,linear_attention,0.009176921099424362,0.00390625,0.0007401257753372192
bf16_strict_math,right_pad32,17d7a74707ec16de2de7773af08ebcd40670cd195e65bd17d877e56a357d64fc,layer_05,linear_attention,0.008928749710321426,0.0048828125,0.0008682161569595337
bf16_strict_math,right_pad32,17d7a74707ec16de2de7773af08ebcd40670cd195e65bd17d877e56a357d64fc,layer_06,linear_attention,0.009668497368693352,0.015625,0.0008977495017461479
bf16_strict_math,right_pad32,17d7a74707ec16de2de7773af08ebcd40670cd195e65bd17d877e56a357d64fc,layer_07,full_attention,0.009649164974689484,0.015625,0.0010157942306250334
bf16_strict_math,right_pad32,17d7a74707ec16de2de7773af08ebcd40670cd195e65bd17d877e56a357d64fc,layer_08,linear_attention,0.010121982544660568,0.015625,0.001037299633026123
bf16_strict_math,right_pad32,17d7a74707ec16de2de7773af08ebcd40670cd195e65bd17d877e56a357d64fc,layer_09,linear_attention,0.010362034663558006,0.015625,0.00108348426874727
bf16_strict_math,right_pad32,17d7a74707ec16de2de7773af08ebcd40670cd195e65bd17d877e56a357d64fc,layer_10,linear_attention,0.01168900541961193,0.015625,0.0012257054913789034
bf16_strict_math,right_pad32,17d7a74707ec16de2de7773af08ebcd40670cd195e65bd17d877e56a357d64fc,layer_11,full_attention,0.01194615289568901,0.03125,0.0013886302476748824
bf16_strict_math,right_pad32,17d7a74707ec16de2de7773af08ebcd40670cd195e65bd17d877e56a357d64fc,layer_12,linear_attention,0.01222553662955761,0.03125,0.00139435229357332
bf16_strict_math,right_pad32,17d7a74707ec16de2de7773af08ebcd40670cd195e65bd17d877e56a357d64fc,layer_13,linear_attention,0.012286374345421791,0.03125,0.0015093802940100431
bf16_strict_math,right_pad32,17d7a74707ec16de2de7773af08ebcd40670cd195e65bd17d877e56a357d64fc,layer_14,linear_attention,0.012651131488382816,0.03125,0.0016608580481261015
bf16_strict_math,right_pad32,17d7a74707ec16de2de7773af08ebcd40670cd195e65bd17d877e56a357d64fc,layer_15,full_attention,0.012853297404944897,0.03125,0.0018071472877636552
bf16_strict_math,right_pad32,17d7a74707ec16de2de7773af08ebcd40670cd195e65bd17d877e56a357d64fc,layer_16,linear_attention,0.013062664307653904,0.03125,0.0019778585992753506
bf16_strict_math,right_pad32,17d7a74707ec16de2de7773af08ebcd40670cd195e65bd17d877e56a357d64fc,layer_17,linear_attention,0.011977633461356163,0.015625,0.0020917803049087524
bf16_strict_math,right_pad32,17d7a74707ec16de2de7773af08ebcd40670cd195e65bd17d877e56a357d64fc,layer_18,linear_attention,0.012504754588007927,0.015625,0.002523183822631836
bf16_strict_math,right_pad32,17d7a74707ec16de2de7773af08ebcd40670cd195e65bd17d877e56a357d64fc,layer_19,full_attention,0.012267034500837326,0.03125,0.0029932260513305664
bf16_strict_math,right_pad32,17d7a74707ec16de2de7773af08ebcd40670cd195e65bd17d877e56a357d64fc,layer_20,linear_attention,0.012130682356655598,0.015625,0.003405806375667453
bf16_strict_math,right_pad32,17d7a74707ec16de2de7773af08ebcd40670cd195e65bd17d877e56a357d64fc,layer_21,linear_attention,0.012208809144794941,0.0234375,0.003825068473815918
bf16_strict_math,right_pad32,17d7a74707ec16de2de7773af08ebcd40670cd195e65bd17d877e56a357d64fc,layer_22,linear_attention,0.01251636166125536,0.0625,0.004358565900474787
bf16_strict_math,right_pad32,17d7a74707ec16de2de7773af08ebcd40670cd195e65bd17d877e56a357d64fc,layer_23,full_attention,0.01203030627220869,0.0625,0.0049606384709477425
bf16_strict_math,right_pad32,17d7a74707ec16de2de7773af08ebcd40670cd195e65bd17d877e56a357d64fc,layer_24,linear_attention,0.012895258143544197,0.125,0.005344605538994074
bf16_strict_math,right_pad32,17d7a74707ec16de2de7773af08ebcd40670cd195e65bd17d877e56a357d64fc,layer_25,linear_attention,0.01227040309458971,0.0625,0.005602455232292414
bf16_strict_math,right_pad32,17d7a74707ec16de2de7773af08ebcd40670cd195e65bd17d877e56a357d64fc,layer_26,linear_attention,0.011998390778899193,0.125,0.00597004871815443
bf16_strict_math,right_pad32,17d7a74707ec16de2de7773af08ebcd40670cd195e65bd17d877e56a357d64fc,layer_27,full_attention,0.012576689012348652,0.125,0.006721842102706432
bf16_strict_math,right_pad32,17d7a74707ec16de2de7773af08ebcd40670cd195e65bd17d877e56a357d64fc,layer_28,linear_attention,0.011883921921253204,0.125,0.0075161755084991455
bf16_strict_math,right_pad32,17d7a74707ec16de2de7773af08ebcd40670cd195e65bd17d877e56a357d64fc,layer_29,linear_attention,0.012144792824983597,0.0625,0.008415031246840954
bf16_strict_math,right_pad32,17d7a74707ec16de2de7773af08ebcd40670cd195e65bd17d877e56a357d64fc,layer_30,linear_attention,0.012143868952989578,0.125,0.00968780554831028
bf16_strict_math,right_pad32,17d7a74707ec16de2de7773af08ebcd40670cd195e65bd17d877e56a357d64fc,layer_31,full_attention,0.011719953268766403,0.25,0.012066865339875221
bf16_strict_math,right_pad32,17d7a74707ec16de2de7773af08ebcd40670cd195e65bd17d877e56a357d64fc,final_norm,final_norm,0.0122620714828372,0.25,0.02723781391978264
bf16_strict_math,right_pad128,17d7a74707ec16de2de7773af08ebcd40670cd195e65bd17d877e56a357d64fc,embedding,embedding,0.0,0.0,0.0
bf16_strict_math,right_pad128,17d7a74707ec16de2de7773af08ebcd40670cd195e65bd17d877e56a357d64fc,layer_00,linear_attention,9.153188148047775e-05,0.0001220703125,1.668930025289228e-07
bf16_strict_math,right_pad128,17d7a74707ec16de2de7773af08ebcd40670cd195e65bd17d877e56a357d64fc,layer_01,linear_attention,0.0016577827045693994,0.0009765625,4.694238305091858e-05
bf16_strict_math,right_pad128,17d7a74707ec16de2de7773af08ebcd40670cd195e65bd17d877e56a357d64fc,layer_02,linear_attention,0.005033687222748995,0.0078125,0.00016192198381759226
bf16_strict_math,right_pad128,17d7a74707ec16de2de7773af08ebcd40670cd195e65bd17d877e56a357d64fc,layer_03,full_attention,0.005674621090292931,0.001953125,0.00033726467518135905
bf16_strict_math,right_pad128,17d7a74707ec16de2de7773af08ebcd40670cd195e65bd17d877e56a357d64fc,layer_04,linear_attention,0.008928519673645496,0.00390625,0.0007137328502722085
bf16_strict_math,right_pad128,17d7a74707ec16de2de7773af08ebcd40670cd195e65bd17d877e56a357d64fc,layer_05,linear_attention,0.008564549498260021,0.0048828125,0.0008339338237419724
bf16_strict_math,right_pad128,17d7a74707ec16de2de7773af08ebcd40670cd195e65bd17d877e56a357d64fc,layer_06,linear_attention,0.009410107508301735,0.015625,0.0008686371147632599
bf16_strict_math,right_pad128,17d7a74707ec16de2de7773af08ebcd40670cd195e65bd17d877e56a357d64fc,layer_07,full_attention,0.009437506087124348,0.015625,0.0009818195831030607
bf16_strict_math,right_pad128,17d7a74707ec16de2de7773af08ebcd40670cd195e65bd17d877e56a357d64fc,layer_08,linear_attention,0.0098424032330513,0.015625,0.0009787827730178833
bf16_strict_math,right_pad128,17d7a74707ec16de2de7773af08ebcd40670cd195e65bd17d877e56a357d64fc,layer_09,linear_attention,0.009859852492809296,0.015625,0.0010086387628689408
bf16_strict_math,right_pad128,17d7a74707ec16de2de7773af08ebcd40670cd195e65bd17d877e56a357d64fc,layer_10,linear_attention,0.011450160294771194,0.015625,0.0011994435917586088
bf16_strict_math,right_pad128,17d7a74707ec16de2de7773af08ebcd40670cd195e65bd17d877e56a357d64fc,layer_11,full_attention,0.01245051622390747,0.03125,0.0014416665071621537
bf16_strict_math,right_pad128,17d7a74707ec16de2de7773af08ebcd40670cd195e65bd17d877e56a357d64fc,layer_12,linear_attention,0.013033589348196983,0.03125,0.0015132843982428312
bf16_strict_math,right_pad128,17d7a74707ec16de2de7773af08ebcd40670cd195e65bd17d877e56a357d64fc,layer_13,linear_attention,0.013584109023213387,0.03125,0.0016756951808929443
bf16_strict_math,right_pad128,17d7a74707ec16de2de7773af08ebcd40670cd195e65bd17d877e56a357d64fc,layer_14,linear_attention,0.0145668163895607,0.03125,0.0019277080427855253
bf16_strict_math,right_pad128,17d7a74707ec16de2de7773af08ebcd40670cd195e65bd17d877e56a357d64fc,layer_15,full_attention,0.01455887220799923,0.03125,0.0020829378627240658
bf16_strict_math,right_pad128,17d7a74707ec16de2de7773af08ebcd40670cd195e65bd17d877e56a357d64fc,layer_16,linear_attention,0.014211684465408325,0.03125,0.0021686144173145294
bf16_strict_math,right_pad128,17d7a74707ec16de2de7773af08ebcd40670cd195e65bd17d877e56a357d64fc,layer_17,linear_attention,0.013692972250282764,0.03125,0.002323496388271451
bf16_strict_math,right_pad128,17d7a74707ec16de2de7773af08ebcd40670cd195e65bd17d877e56a357d64fc,layer_18,linear_attention,0.013161299750208855,0.0234375,0.002627456095069647
bf16_strict_math,right_pad128,17d7a74707ec16de2de7773af08ebcd40670cd195e65bd17d877e56a357d64fc,layer_19,full_attention,0.012556182220578194,0.0234375,0.0030663846991956234
bf16_strict_math,right_pad128,17d7a74707ec16de2de7773af08ebcd40670cd195e65bd17d877e56a357d64fc,layer_20,linear_attention,0.012622828595340252,0.03125,0.003533408045768738
bf16_strict_math,right_pad128,17d7a74707ec16de2de7773af08ebcd40670cd195e65bd17d877e56a357d64fc,layer_21,linear_attention,0.012615424580872059,0.0625,0.0039034485816955566
bf16_strict_math,right_pad128,17d7a74707ec16de2de7773af08ebcd40670cd195e65bd17d877e56a357d64fc,layer_22,linear_attention,0.012667539529502392,0.0625,0.004369521047919989
bf16_strict_math,right_pad128,17d7a74707ec16de2de7773af08ebcd40670cd195e65bd17d877e56a357d64fc,layer_23,full_attention,0.012104318477213383,0.0625,0.004908406641334295
bf16_strict_math,right_pad128,17d7a74707ec16de2de7773af08ebcd40670cd195e65bd17d877e56a357d64fc,layer_24,linear_attention,0.012315081432461739,0.0625,0.0052599310874938965
bf16_strict_math,right_pad128,17d7a74707ec16de2de7773af08ebcd40670cd195e65bd17d877e56a357d64fc,layer_25,linear_attention,0.012236764654517174,0.046875,0.005617856979370117
bf16_strict_math,right_pad128,17d7a74707ec16de2de7773af08ebcd40670cd195e65bd17d877e56a357d64fc,layer_26,linear_attention,0.012207179330289364,0.125,0.00607637781649828
bf16_strict_math,right_pad128,17d7a74707ec16de2de7773af08ebcd40670cd195e65bd17d877e56a357d64fc,layer_27,full_attention,0.01190347969532013,0.046875,0.006450033280998468
bf16_strict_math,right_pad128,17d7a74707ec16de2de7773af08ebcd40670cd195e65bd17d877e56a357d64fc,layer_28,linear_attention,0.011087149381637573,0.046875,0.0071433307603001595
bf16_strict_math,right_pad128,17d7a74707ec16de2de7773af08ebcd40670cd195e65bd17d877e56a357d64fc,layer_29,linear_attention,0.011735737323760986,0.0625,0.008087468333542347
bf16_strict_math,right_pad128,17d7a74707ec16de2de7773af08ebcd40670cd195e65bd17d877e56a357d64fc,layer_30,linear_attention,0.011686895042657852,0.125,0.009344613179564476
bf16_strict_math,right_pad128,17d7a74707ec16de2de7773af08ebcd40670cd195e65bd17d877e56a357d64fc,layer_31,full_attention,0.01054253987967968,0.0625,0.011404204182326794
bf16_strict_math,right_pad128,17d7a74707ec16de2de7773af08ebcd40670cd195e65bd17d877e56a357d64fc,final_norm,final_norm,0.011422209441661835,0.140625,0.025870179757475853
bf16_strict_math,mixed_batch3,17d7a74707ec16de2de7773af08ebcd40670cd195e65bd17d877e56a357d64fc,embedding,embedding,0.0,0.0,0.0
bf16_strict_math,mixed_batch3,17d7a74707ec16de2de7773af08ebcd40670cd195e65bd17d877e56a357d64fc,layer_00,linear_attention,0.0,0.0,0.0
bf16_strict_math,mixed_batch3,17d7a74707ec16de2de7773af08ebcd40670cd195e65bd17d877e56a357d64fc,layer_01,linear_attention,0.0,0.0,0.0
bf16_strict_math,mixed_batch3,17d7a74707ec16de2de7773af08ebcd40670cd195e65bd17d877e56a357d64fc,layer_02,linear_attention,0.0,0.0,0.0
bf16_strict_math,mixed_batch3,17d7a74707ec16de2de7773af08ebcd40670cd195e65bd17d877e56a357d64fc,layer_03,full_attention,0.002030567731708288,0.0009765625,8.571743819629773e-05
bf16_strict_math,mixed_batch3,17d7a74707ec16de2de7773af08ebcd40670cd195e65bd17d877e56a357d64fc,layer_04,linear_attention,0.005023844540119171,0.00390625,0.00036695896415039897
bf16_strict_math,mixed_batch3,17d7a74707ec16de2de7773af08ebcd40670cd195e65bd17d877e56a357d64fc,layer_05,linear_attention,0.005800001788884401,0.00390625,0.0005413427716121078
bf16_strict_math,mixed_batch3,17d7a74707ec16de2de7773af08ebcd40670cd195e65bd17d877e56a357d64fc,layer_06,linear_attention,0.007057212293148041,0.015625,0.0006213911110535264
bf16_strict_math,mixed_batch3,17d7a74707ec16de2de7773af08ebcd40670cd195e65bd17d877e56a357d64fc,layer_07,full_attention,0.007243513595312834,0.015625,0.00073919293936342
bf16_strict_math,mixed_batch3,17d7a74707ec16de2de7773af08ebcd40670cd195e65bd17d877e56a357d64fc,layer_08,linear_attention,0.007885478436946869,0.015625,0.0007897272589616477
bf16_strict_math,mixed_batch3,17d7a74707ec16de2de7773af08ebcd40670cd195e65bd17d877e56a357d64fc,layer_09,linear_attention,0.008273212239146233,0.015625,0.0008428782457485795
bf16_strict_math,mixed_batch3,17d7a74707ec16de2de7773af08ebcd40670cd195e65bd17d877e56a357d64fc,layer_10,linear_attention,0.008668915368616581,0.015625,0.0009043306345120072
bf16_strict_math,mixed_batch3,17d7a74707ec16de2de7773af08ebcd40670cd195e65bd17d877e56a357d64fc,layer_11,full_attention,0.008618180640041828,0.015625,0.001012307358905673
bf16_strict_math,mixed_batch3,17d7a74707ec16de2de7773af08ebcd40670cd195e65bd17d877e56a357d64fc,layer_12,linear_attention,0.009051762521266937,0.015625,0.0010726064210757613
bf16_strict_math,mixed_batch3,17d7a74707ec16de2de7773af08ebcd40670cd195e65bd17d877e56a357d64fc,layer_13,linear_attention,0.009285107254981995,0.015625,0.0011658609146252275
bf16_strict_math,mixed_batch3,17d7a74707ec16de2de7773af08ebcd40670cd195e65bd17d877e56a357d64fc,layer_14,linear_attention,0.01053309254348278,0.03125,0.001350264297798276
bf16_strict_math,mixed_batch3,17d7a74707ec16de2de7773af08ebcd40670cd195e65bd17d877e56a357d64fc,layer_15,full_attention,0.010765312239527702,0.03125,0.0015529871452599764
bf16_strict_math,mixed_batch3,17d7a74707ec16de2de7773af08ebcd40670cd195e65bd17d877e56a357d64fc,layer_16,linear_attention,0.010876472108066082,0.015625,0.0016953967278823256
bf16_strict_math,mixed_batch3,17d7a74707ec16de2de7773af08ebcd40670cd195e65bd17d877e56a357d64fc,layer_17,linear_attention,0.010596320964396,0.01171875,0.0018331721657887101
bf16_strict_math,mixed_batch3,17d7a74707ec16de2de7773af08ebcd40670cd195e65bd17d877e56a357d64fc,layer_18,linear_attention,0.010868346318602562,0.015625,0.0021720975637435913
bf16_strict_math,mixed_batch3,17d7a74707ec16de2de7773af08ebcd40670cd195e65bd17d877e56a357d64fc,layer_19,full_attention,0.010723622515797615,0.015625,0.0026490807067602873
bf16_strict_math,mixed_batch3,17d7a74707ec16de2de7773af08ebcd40670cd195e65bd17d877e56a357d64fc,layer_20,linear_attention,0.01086194533854723,0.03125,0.0030269355047494173
bf16_strict_math,mixed_batch3,17d7a74707ec16de2de7773af08ebcd40670cd195e65bd17d877e56a357d64fc,layer_21,linear_attention,0.011253857053816319,0.0625,0.0034290968906134367
bf16_strict_math,mixed_batch3,17d7a74707ec16de2de7773af08ebcd40670cd195e65bd17d877e56a357d64fc,layer_22,linear_attention,0.011698407121002674,0.0625,0.004023921675980091
bf16_strict_math,mixed_batch3,17d7a74707ec16de2de7773af08ebcd40670cd195e65bd17d877e56a357d64fc,layer_23,full_attention,0.01077041495591402,0.0625,0.004325431771576405
bf16_strict_math,mixed_batch3,17d7a74707ec16de2de7773af08ebcd40670cd195e65bd17d877e56a357d64fc,layer_24,linear_attention,0.011587866581976414,0.125,0.004647660069167614
bf16_strict_math,mixed_batch3,17d7a74707ec16de2de7773af08ebcd40670cd195e65bd17d877e56a357d64fc,layer_25,linear_attention,0.01150061096996069,0.125,0.004977726843208075
bf16_strict_math,mixed_batch3,17d7a74707ec16de2de7773af08ebcd40670cd195e65bd17d877e56a357d64fc,layer_26,linear_attention,0.010735454969108105,0.125,0.005231767892837524
bf16_strict_math,mixed_batch3,17d7a74707ec16de2de7773af08ebcd40670cd195e65bd17d877e56a357d64fc,layer_27,full_attention,0.011248505674302578,0.125,0.00583229074254632
bf16_strict_math,mixed_batch3,17d7a74707ec16de2de7773af08ebcd40670cd195e65bd17d877e56a357d64fc,layer_28,linear_attention,0.010118951089680195,0.0625,0.006400001235306263
bf16_strict_math,mixed_batch3,17d7a74707ec16de2de7773af08ebcd40670cd195e65bd17d877e56a357d64fc,layer_29,linear_attention,0.011080730706453323,0.125,0.007305061910301447
bf16_strict_math,mixed_batch3,17d7a74707ec16de2de7773af08ebcd40670cd195e65bd17d877e56a357d64fc,layer_30,linear_attention,0.010711060836911201,0.125,0.00846409797668457
bf16_strict_math,mixed_batch3,17d7a74707ec16de2de7773af08ebcd40670cd195e65bd17d877e56a357d64fc,layer_31,full_attention,0.009927893057465553,0.125,0.010550880804657936
bf16_strict_math,mixed_batch3,17d7a74707ec16de2de7773af08ebcd40670cd195e65bd17d877e56a357d64fc,final_norm,final_norm,0.010723857209086418,0.15625,0.024018021300435066
bf16_strict_math,left_pad32_explicit,17d7a74707ec16de2de7773af08ebcd40670cd195e65bd17d877e56a357d64fc,embedding,embedding,0.0,0.0,0.0
bf16_strict_math,left_pad32_explicit,17d7a74707ec16de2de7773af08ebcd40670cd195e65bd17d877e56a357d64fc,layer_00,linear_attention,9.153188148047775e-05,0.0001220703125,1.668930025289228e-07
bf16_strict_math,left_pad32_explicit,17d7a74707ec16de2de7773af08ebcd40670cd195e65bd17d877e56a357d64fc,layer_01,linear_attention,0.0017834274331107736,0.00048828125,5.4863841796759516e-05
bf16_strict_math,left_pad32_explicit,17d7a74707ec16de2de7773af08ebcd40670cd195e65bd17d877e56a357d64fc,layer_02,linear_attention,0.004952116869390011,0.001953125,0.00019605756097007543
bf16_strict_math,left_pad32_explicit,17d7a74707ec16de2de7773af08ebcd40670cd195e65bd17d877e56a357d64fc,layer_03,full_attention,0.006363319233059883,0.0029296875,0.0003848478081636131
bf16_strict_math,left_pad32_explicit,17d7a74707ec16de2de7773af08ebcd40670cd195e65bd17d877e56a357d64fc,layer_04,linear_attention,0.008626215159893036,0.00390625,0.0006880283472128212
bf16_strict_math,left_pad32_explicit,17d7a74707ec16de2de7773af08ebcd40670cd195e65bd17d877e56a357d64fc,layer_05,linear_attention,0.008482512086629868,0.00390625,0.0008129775524139404
bf16_strict_math,left_pad32_explicit,17d7a74707ec16de2de7773af08ebcd40670cd195e65bd17d877e56a357d64fc,layer_06,linear_attention,0.009509164839982986,0.0078125,0.0009077660506591201
bf16_strict_math,left_pad32_explicit,17d7a74707ec16de2de7773af08ebcd40670cd195e65bd17d877e56a357d64fc,layer_07,full_attention,0.009221372194588184,0.0078125,0.000992624438367784
bf16_strict_math,left_pad32_explicit,17d7a74707ec16de2de7773af08ebcd40670cd195e65bd17d877e56a357d64fc,layer_08,linear_attention,0.0095368642359972,0.0078125,0.0010060727363452315
bf16_strict_math,left_pad32_explicit,17d7a74707ec16de2de7773af08ebcd40670cd195e65bd17d877e56a357d64fc,layer_09,linear_attention,0.009667557664215565,0.0078125,0.0010214090580120683
bf16_strict_math,left_pad32_explicit,17d7a74707ec16de2de7773af08ebcd40670cd195e65bd17d877e56a357d64fc,layer_10,linear_attention,0.01028186921030283,0.0078125,0.0010977924102917314
bf16_strict_math,left_pad32_explicit,17d7a74707ec16de2de7773af08ebcd40670cd195e65bd17d877e56a357d64fc,layer_11,full_attention,0.010071218013763428,0.0078125,0.00121821160428226
bf16_strict_math,left_pad32_explicit,17d7a74707ec16de2de7773af08ebcd40670cd195e65bd17d877e56a357d64fc,layer_12,linear_attention,0.010344992391765118,0.0078125,0.0012494504917412996
bf16_strict_math,left_pad32_explicit,17d7a74707ec16de2de7773af08ebcd40670cd195e65bd17d877e56a357d64fc,layer_13,linear_attention,0.010805555619299412,0.0078125,0.0013622880214825273
bf16_strict_math,left_pad32_explicit,17d7a74707ec16de2de7773af08ebcd40670cd195e65bd17d877e56a357d64fc,layer_14,linear_attention,0.01108056865632534,0.008056640625,0.00153349491301924
bf16_strict_math,left_pad32_explicit,17d7a74707ec16de2de7773af08ebcd40670cd195e65bd17d877e56a357d64fc,layer_15,full_attention,0.011770381592214108,0.015625,0.0017586409812793136
bf16_strict_math,left_pad32_explicit,17d7a74707ec16de2de7773af08ebcd40670cd195e65bd17d877e56a357d64fc,layer_16,linear_attention,0.01194477453827858,0.009765625,0.001901671988889575
bf16_strict_math,left_pad32_explicit,17d7a74707ec16de2de7773af08ebcd40670cd195e65bd17d877e56a357d64fc,layer_17,linear_attention,0.012083607725799084,0.03125,0.002050089882686734
bf16_strict_math,left_pad32_explicit,17d7a74707ec16de2de7773af08ebcd40670cd195e65bd17d877e56a357d64fc,layer_18,linear_attention,0.011888566426932812,0.03125,0.002350336406379938
bf16_strict_math,left_pad32_explicit,17d7a74707ec16de2de7773af08ebcd40670cd195e65bd17d877e56a357d64fc,layer_19,full_attention,0.012123598717153072,0.0625,0.002844858216121793
bf16_strict_math,left_pad32_explicit,17d7a74707ec16de2de7773af08ebcd40670cd195e65bd17d877e56a357d64fc,layer_20,linear_attention,0.011883517727255821,0.0625,0.003204712178558111
bf16_strict_math,left_pad32_explicit,17d7a74707ec16de2de7773af08ebcd40670cd195e65bd17d877e56a357d64fc,layer_21,linear_attention,0.012002826668322086,0.0625,0.003673040773719549
bf16_strict_math,left_pad32_explicit,17d7a74707ec16de2de7773af08ebcd40670cd195e65bd17d877e56a357d64fc,layer_22,linear_attention,0.011910748668015003,0.0625,0.004103899002075195
bf16_strict_math,left_pad32_explicit,17d7a74707ec16de2de7773af08ebcd40670cd195e65bd17d877e56a357d64fc,layer_23,full_attention,0.011330336332321167,0.0625,0.00458222022280097
bf16_strict_math,left_pad32_explicit,17d7a74707ec16de2de7773af08ebcd40670cd195e65bd17d877e56a357d64fc,layer_24,linear_attention,0.011594848707318306,0.0625,0.004930293653160334
bf16_strict_math,left_pad32_explicit,17d7a74707ec16de2de7773af08ebcd40670cd195e65bd17d877e56a357d64fc,layer_25,linear_attention,0.011457238346338272,0.0625,0.005216717720031738
bf16_strict_math,left_pad32_explicit,17d7a74707ec16de2de7773af08ebcd40670cd195e65bd17d877e56a357d64fc,layer_26,linear_attention,0.011200906708836555,0.125,0.005529671907424927
bf16_strict_math,left_pad32_explicit,17d7a74707ec16de2de7773af08ebcd40670cd195e65bd17d877e56a357d64fc,layer_27,full_attention,0.011356284841895103,0.03125,0.006257939152419567
bf16_strict_math,left_pad32_explicit,17d7a74707ec16de2de7773af08ebcd40670cd195e65bd17d877e56a357d64fc,layer_28,linear_attention,0.010938787832856178,0.033203125,0.007099556736648083
bf16_strict_math,left_pad32_explicit,17d7a74707ec16de2de7773af08ebcd40670cd195e65bd17d877e56a357d64fc,layer_29,linear_attention,0.011704347096383572,0.125,0.007867105305194855
bf16_strict_math,left_pad32_explicit,17d7a74707ec16de2de7773af08ebcd40670cd195e65bd17d877e56a357d64fc,layer_30,linear_attention,0.011635067872703075,0.125,0.009365200996398926
bf16_strict_math,left_pad32_explicit,17d7a74707ec16de2de7773af08ebcd40670cd195e65bd17d877e56a357d64fc,layer_31,full_attention,0.011656548827886581,0.375,0.011496687307953835
bf16_strict_math,left_pad32_explicit,17d7a74707ec16de2de7773af08ebcd40670cd195e65bd17d877e56a357d64fc,final_norm,final_norm,0.011429582722485065,0.15625,0.026326287537813187
fp32_strict_math,repeat_alone,f636292d4e7f4d319e4375aabd8b9fbcc56cda8904ffb2a4e4b86edcc70c26f9,embedding,embedding,0.0,0.0,0.0
fp32_strict_math,repeat_alone,f636292d4e7f4d319e4375aabd8b9fbcc56cda8904ffb2a4e4b86edcc70c26f9,layer_00,linear_attention,0.0,0.0,0.0
fp32_strict_math,repeat_alone,f636292d4e7f4d319e4375aabd8b9fbcc56cda8904ffb2a4e4b86edcc70c26f9,layer_01,linear_attention,0.0,0.0,0.0
fp32_strict_math,repeat_alone,f636292d4e7f4d319e4375aabd8b9fbcc56cda8904ffb2a4e4b86edcc70c26f9,layer_02,linear_attention,0.0,0.0,0.0
fp32_strict_math,repeat_alone,f636292d4e7f4d319e4375aabd8b9fbcc56cda8904ffb2a4e4b86edcc70c26f9,layer_03,full_attention,0.0,0.0,0.0
fp32_strict_math,repeat_alone,f636292d4e7f4d319e4375aabd8b9fbcc56cda8904ffb2a4e4b86edcc70c26f9,layer_04,linear_attention,0.0,0.0,0.0
fp32_strict_math,repeat_alone,f636292d4e7f4d319e4375aabd8b9fbcc56cda8904ffb2a4e4b86edcc70c26f9,layer_05,linear_attention,0.0,0.0,0.0
fp32_strict_math,repeat_alone,f636292d4e7f4d319e4375aabd8b9fbcc56cda8904ffb2a4e4b86edcc70c26f9,layer_06,linear_attention,0.0,0.0,0.0
fp32_strict_math,repeat_alone,f636292d4e7f4d319e4375aabd8b9fbcc56cda8904ffb2a4e4b86edcc70c26f9,layer_07,full_attention,0.0,0.0,0.0
fp32_strict_math,repeat_alone,f636292d4e7f4d319e4375aabd8b9fbcc56cda8904ffb2a4e4b86edcc70c26f9,layer_08,linear_attention,0.0,0.0,0.0
fp32_strict_math,repeat_alone,f636292d4e7f4d319e4375aabd8b9fbcc56cda8904ffb2a4e4b86edcc70c26f9,layer_09,linear_attention,0.0,0.0,0.0
fp32_strict_math,repeat_alone,f636292d4e7f4d319e4375aabd8b9fbcc56cda8904ffb2a4e4b86edcc70c26f9,layer_10,linear_attention,0.0,0.0,0.0
fp32_strict_math,repeat_alone,f636292d4e7f4d319e4375aabd8b9fbcc56cda8904ffb2a4e4b86edcc70c26f9,layer_11,full_attention,0.0,0.0,0.0
fp32_strict_math,repeat_alone,f636292d4e7f4d319e4375aabd8b9fbcc56cda8904ffb2a4e4b86edcc70c26f9,layer_12,linear_attention,0.0,0.0,0.0
fp32_strict_math,repeat_alone,f636292d4e7f4d319e4375aabd8b9fbcc56cda8904ffb2a4e4b86edcc70c26f9,layer_13,linear_attention,0.0,0.0,0.0
fp32_strict_math,repeat_alone,f636292d4e7f4d319e4375aabd8b9fbcc56cda8904ffb2a4e4b86edcc70c26f9,layer_14,linear_attention,0.0,0.0,0.0
fp32_strict_math,repeat_alone,f636292d4e7f4d319e4375aabd8b9fbcc56cda8904ffb2a4e4b86edcc70c26f9,layer_15,full_attention,0.0,0.0,0.0
fp32_strict_math,repeat_alone,f636292d4e7f4d319e4375aabd8b9fbcc56cda8904ffb2a4e4b86edcc70c26f9,layer_16,linear_attention,0.0,0.0,0.0
fp32_strict_math,repeat_alone,f636292d4e7f4d319e4375aabd8b9fbcc56cda8904ffb2a4e4b86edcc70c26f9,layer_17,linear_attention,0.0,0.0,0.0
fp32_strict_math,repeat_alone,f636292d4e7f4d319e4375aabd8b9fbcc56cda8904ffb2a4e4b86edcc70c26f9,layer_18,linear_attention,0.0,0.0,0.0
fp32_strict_math,repeat_alone,f636292d4e7f4d319e4375aabd8b9fbcc56cda8904ffb2a4e4b86edcc70c26f9,layer_19,full_attention,0.0,0.0,0.0
fp32_strict_math,repeat_alone,f636292d4e7f4d319e4375aabd8b9fbcc56cda8904ffb2a4e4b86edcc70c26f9,layer_20,linear_attention,0.0,0.0,0.0
fp32_strict_math,repeat_alone,f636292d4e7f4d319e4375aabd8b9fbcc56cda8904ffb2a4e4b86edcc70c26f9,layer_21,linear_attention,0.0,0.0,0.0
fp32_strict_math,repeat_alone,f636292d4e7f4d319e4375aabd8b9fbcc56cda8904ffb2a4e4b86edcc70c26f9,layer_22,linear_attention,0.0,0.0,0.0
fp32_strict_math,repeat_alone,f636292d4e7f4d319e4375aabd8b9fbcc56cda8904ffb2a4e4b86edcc70c26f9,layer_23,full_attention,0.0,0.0,0.0
fp32_strict_math,repeat_alone,f636292d4e7f4d319e4375aabd8b9fbcc56cda8904ffb2a4e4b86edcc70c26f9,layer_24,linear_attention,0.0,0.0,0.0
fp32_strict_math,repeat_alone,f636292d4e7f4d319e4375aabd8b9fbcc56cda8904ffb2a4e4b86edcc70c26f9,layer_25,linear_attention,0.0,0.0,0.0
fp32_strict_math,repeat_alone,f636292d4e7f4d319e4375aabd8b9fbcc56cda8904ffb2a4e4b86edcc70c26f9,layer_26,linear_attention,0.0,0.0,0.0
fp32_strict_math,repeat_alone,f636292d4e7f4d319e4375aabd8b9fbcc56cda8904ffb2a4e4b86edcc70c26f9,layer_27,full_attention,0.0,0.0,0.0
fp32_strict_math,repeat_alone,f636292d4e7f4d319e4375aabd8b9fbcc56cda8904ffb2a4e4b86edcc70c26f9,layer_28,linear_attention,0.0,0.0,0.0
fp32_strict_math,repeat_alone,f636292d4e7f4d319e4375aabd8b9fbcc56cda8904ffb2a4e4b86edcc70c26f9,layer_29,linear_attention,0.0,0.0,0.0
fp32_strict_math,repeat_alone,f636292d4e7f4d319e4375aabd8b9fbcc56cda8904ffb2a4e4b86edcc70c26f9,layer_30,linear_attention,0.0,0.0,0.0
fp32_strict_math,repeat_alone,f636292d4e7f4d319e4375aabd8b9fbcc56cda8904ffb2a4e4b86edcc70c26f9,layer_31,full_attention,0.0,0.0,0.0
fp32_strict_math,repeat_alone,f636292d4e7f4d319e4375aabd8b9fbcc56cda8904ffb2a4e4b86edcc70c26f9,final_norm,final_norm,0.0,0.0,0.0
fp32_strict_math,duplicate_batch2,f636292d4e7f4d319e4375aabd8b9fbcc56cda8904ffb2a4e4b86edcc70c26f9,embedding,embedding,0.0,0.0,0.0
fp32_strict_math,duplicate_batch2,f636292d4e7f4d319e4375aabd8b9fbcc56cda8904ffb2a4e4b86edcc70c26f9,layer_00,linear_attention,3.4743337096188043e-07,2.384185791015625e-07,1.2585860353908629e-08
fp32_strict_math,duplicate_batch2,f636292d4e7f4d319e4375aabd8b9fbcc56cda8904ffb2a4e4b86edcc70c26f9,layer_01,linear_attention,5.380232437346422e-07,2.384185791015625e-07,2.289400491406468e-08
fp32_strict_math,duplicate_batch2,f636292d4e7f4d319e4375aabd8b9fbcc56cda8904ffb2a4e4b86edcc70c26f9,layer_02,linear_attention,1.0060457498184405e-06,8.344650268554688e-07,4.29143938163179e-08
fp32_strict_math,duplicate_batch2,f636292d4e7f4d319e4375aabd8b9fbcc56cda8904ffb2a4e4b86edcc70c26f9,layer_03,full_attention,1.223696131091856e-06,4.0978193283081055e-07,7.811581781425048e-08
fp32_strict_math,duplicate_batch2,f636292d4e7f4d319e4375aabd8b9fbcc56cda8904ffb2a4e4b86edcc70c26f9,layer_04,linear_attention,1.4925969935575267e-06,7.152557373046875e-07,1.294743867674697e-07
fp32_strict_math,duplicate_batch2,f636292d4e7f4d319e4375aabd8b9fbcc56cda8904ffb2a4e4b86edcc70c26f9,layer_05,linear_attention,1.4037948403711198e-06,6.258487701416016e-07,1.4365464551246987e-07
fp32_strict_math,duplicate_batch2,f636292d4e7f4d319e4375aabd8b9fbcc56cda8904ffb2a4e4b86edcc70c26f9,layer_06,linear_attention,1.396678726450773e-06,1.1920928955078125e-06,1.3885173189009947e-07
fp32_strict_math,duplicate_batch2,f636292d4e7f4d319e4375aabd8b9fbcc56cda8904ffb2a4e4b86edcc70c26f9,layer_07,full_attention,1.3662693163496442e-06,7.450580596923828e-07,1.5342729398071242e-07
fp32_strict_math,duplicate_batch2,f636292d4e7f4d319e4375aabd8b9fbcc56cda8904ffb2a4e4b86edcc70c26f9,layer_08,linear_attention,1.4185106920194812e-06,1.9073486328125e-06,1.5331325187162292e-07
fp32_strict_math,duplicate_batch2,f636292d4e7f4d319e4375aabd8b9fbcc56cda8904ffb2a4e4b86edcc70c26f9,layer_09,linear_attention,1.4053179029360763e-06,2.384185791015625e-06,1.526526887118962e-07
fp32_strict_math,duplicate_batch2,f636292d4e7f4d319e4375aabd8b9fbcc56cda8904ffb2a4e4b86edcc70c26f9,layer_10,linear_attention,1.4555743064192939e-06,2.86102294921875e-06,1.5624637228484062e-07
fp32_strict_math,duplicate_batch2,f636292d4e7f4d319e4375aabd8b9fbcc56cda8904ffb2a4e4b86edcc70c26f9,layer_11,full_attention,1.3644515775013133e-06,1.430511474609375e-06,1.718991313737206e-07
fp32_strict_math,duplicate_batch2,f636292d4e7f4d319e4375aabd8b9fbcc56cda8904ffb2a4e4b86edcc70c26f9,layer_12,linear_attention,1.395282879457227e-06,1.9073486328125e-06,1.7392594031662156e-07
fp32_strict_math,duplicate_batch2,f636292d4e7f4d319e4375aabd8b9fbcc56cda8904ffb2a4e4b86edcc70c26f9,layer_13,linear_attention,1.4084345139053767e-06,2.384185791015625e-06,1.8352875486016273e-07
fp32_strict_math,duplicate_batch2,f636292d4e7f4d319e4375aabd8b9fbcc56cda8904ffb2a4e4b86edcc70c26f9,layer_14,linear_attention,1.4346368288897793e-06,2.86102294921875e-06,1.9878734747180715e-07
fp32_strict_math,duplicate_batch2,f636292d4e7f4d319e4375aabd8b9fbcc56cda8904ffb2a4e4b86edcc70c26f9,layer_15,full_attention,1.5102032193681225e-06,2.86102294921875e-06,2.285218272390921e-07
fp32_strict_math,duplicate_batch2,f636292d4e7f4d319e4375aabd8b9fbcc56cda8904ffb2a4e4b86edcc70c26f9,layer_16,linear_attention,1.5669061212975066e-06,2.86102294921875e-06,2.4639629714329203e-07
fp32_strict_math,duplicate_batch2,f636292d4e7f4d319e4375aabd8b9fbcc56cda8904ffb2a4e4b86edcc70c26f9,layer_17,linear_attention,1.5555629033769947e-06,2.86102294921875e-06,2.726519596762955e-07
fp32_strict_math,duplicate_batch2,f636292d4e7f4d319e4375aabd8b9fbcc56cda8904ffb2a4e4b86edcc70c26f9,layer_18,linear_attention,1.594823288542102e-06,3.814697265625e-06,3.2406131822426687e-07
fp32_strict_math,duplicate_batch2,f636292d4e7f4d319e4375aabd8b9fbcc56cda8904ffb2a4e4b86edcc70c26f9,layer_19,full_attention,1.4657066458312329e-06,2.0563602447509766e-06,3.7590743318105524e-07
fp32_strict_math,duplicate_batch2,f636292d4e7f4d319e4375aabd8b9fbcc56cda8904ffb2a4e4b86edcc70c26f9,layer_20,linear_attention,1.4529892951031798e-06,2.205371856689453e-06,4.246432467880368e-07
fp32_strict_math,duplicate_batch2,f636292d4e7f4d319e4375aabd8b9fbcc56cda8904ffb2a4e4b86edcc70c26f9,layer_21,linear_attention,1.4451674132942571e-06,3.814697265625e-06,4.722647588550899e-07
fp32_strict_math,duplicate_batch2,f636292d4e7f4d319e4375aabd8b9fbcc56cda8904ffb2a4e4b86edcc70c26f9,layer_22,linear_attention,1.3667299754160922e-06,2.86102294921875e-06,5.036026777816005e-07
fp32_strict_math,duplicate_batch2,f636292d4e7f4d319e4375aabd8b9fbcc56cda8904ffb2a4e4b86edcc70c26f9,layer_23,full_attention,1.29503462176217e-06,3.814697265625e-06,5.492976811183325e-07
fp32_strict_math,duplicate_batch2,f636292d4e7f4d319e4375aabd8b9fbcc56cda8904ffb2a4e4b86edcc70c26f9,layer_24,linear_attention,1.3100955129630165e-06,5.7220458984375e-06,5.860272835889191e-07
fp32_strict_math,duplicate_batch2,f636292d4e7f4d319e4375aabd8b9fbcc56cda8904ffb2a4e4b86edcc70c26f9,layer_25,linear_attention,1.2935732911500963e-06,5.7220458984375e-06,6.121812248238712e-07
fp32_strict_math,duplicate_batch2,f636292d4e7f4d319e4375aabd8b9fbcc56cda8904ffb2a4e4b86edcc70c26f9,layer_26,linear_attention,1.1787331004597945e-06,3.4123659133911133e-06,6.398597065526701e-07
fp32_strict_math,duplicate_batch2,f636292d4e7f4d319e4375aabd8b9fbcc56cda8904ffb2a4e4b86edcc70c26f9,layer_27,full_attention,1.3354151633393485e-06,7.62939453125e-06,7.56798556267313e-07
fp32_strict_math,duplicate_batch2,f636292d4e7f4d319e4375aabd8b9fbcc56cda8904ffb2a4e4b86edcc70c26f9,layer_28,linear_attention,1.255791175935883e-06,9.5367431640625e-06,8.354169267477118e-07
fp32_strict_math,duplicate_batch2,f636292d4e7f4d319e4375aabd8b9fbcc56cda8904ffb2a4e4b86edcc70c26f9,layer_29,linear_attention,1.3035519259574357e-06,1.1444091796875e-05,9.306921242568933e-07
fp32_strict_math,duplicate_batch2,f636292d4e7f4d319e4375aabd8b9fbcc56cda8904ffb2a4e4b86edcc70c26f9,layer_30,linear_attention,1.2134581766076735e-06,4.589557647705078e-06,1.0324307595510618e-06
fp32_strict_math,duplicate_batch2,f636292d4e7f4d319e4375aabd8b9fbcc56cda8904ffb2a4e4b86edcc70c26f9,layer_31,full_attention,1.210468667522946e-06,1.71661376953125e-05,1.3882339544579736e-06
fp32_strict_math,duplicate_batch2,f636292d4e7f4d319e4375aabd8b9fbcc56cda8904ffb2a4e4b86edcc70c26f9,final_norm,final_norm,1.2631663821593975e-06,1.9073486328125e-05,2.9745103802270023e-06
fp32_strict_math,right_pad32,f636292d4e7f4d319e4375aabd8b9fbcc56cda8904ffb2a4e4b86edcc70c26f9,embedding,embedding,0.0,0.0,0.0
fp32_strict_math,right_pad32,f636292d4e7f4d319e4375aabd8b9fbcc56cda8904ffb2a4e4b86edcc70c26f9,layer_00,linear_attention,3.4643875324036344e-07,2.384185791015625e-07,1.2538725613353563e-08
fp32_strict_math,right_pad32,f636292d4e7f4d319e4375aabd8b9fbcc56cda8904ffb2a4e4b86edcc70c26f9,layer_01,linear_attention,5.712408892577514e-07,7.152557373046875e-07,2.218168937417886e-08
fp32_strict_math,right_pad32,f636292d4e7f4d319e4375aabd8b9fbcc56cda8904ffb2a4e4b86edcc70c26f9,layer_02,linear_attention,7.896180136413022e-07,4.76837158203125e-07,3.472223397693597e-08
fp32_strict_math,right_pad32,f636292d4e7f4d319e4375aabd8b9fbcc56cda8904ffb2a4e4b86edcc70c26f9,layer_03,full_attention,9.897976269712672e-07,7.152557373046875e-07,6.306072464212775e-08
fp32_strict_math,right_pad32,f636292d4e7f4d319e4375aabd8b9fbcc56cda8904ffb2a4e4b86edcc70c26f9,layer_04,linear_attention,1.2844404864154058e-06,9.5367431640625e-07,1.0986095588805256e-07
fp32_strict_math,right_pad32,f636292d4e7f4d319e4375aabd8b9fbcc56cda8904ffb2a4e4b86edcc70c26f9,layer_05,linear_attention,1.2162405482740724e-06,6.668269634246826e-07,1.2346795585926884e-07
fp32_strict_math,right_pad32,f636292d4e7f4d319e4375aabd8b9fbcc56cda8904ffb2a4e4b86edcc70c26f9,layer_06,linear_attention,1.3518364312403719e-06,1.9073486328125e-06,1.335501167432085e-07
fp32_strict_math,right_pad32,f636292d4e7f4d319e4375aabd8b9fbcc56cda8904ffb2a4e4b86edcc70c26f9,layer_07,full_attention,1.417241492163157e-06,2.86102294921875e-06,1.540863223681299e-07
fp32_strict_math,right_pad32,f636292d4e7f4d319e4375aabd8b9fbcc56cda8904ffb2a4e4b86edcc70c26f9,layer_08,linear_attention,1.380074763801531e-06,1.9073486328125e-06,1.4908627576915023e-07
fp32_strict_math,right_pad32,f636292d4e7f4d319e4375aabd8b9fbcc56cda8904ffb2a4e4b86edcc70c26f9,layer_09,linear_attention,1.4190136425895616e-06,2.384185791015625e-06,1.5229852579068393e-07
fp32_strict_math,right_pad32,f636292d4e7f4d319e4375aabd8b9fbcc56cda8904ffb2a4e4b86edcc70c26f9,layer_10,linear_attention,1.4157086525301565e-06,9.5367431640625e-07,1.5591376723023131e-07
fp32_strict_math,right_pad32,f636292d4e7f4d319e4375aabd8b9fbcc56cda8904ffb2a4e4b86edcc70c26f9,layer_11,full_attention,1.3938748679720447e-06,9.08970832824707e-07,1.7604725144337863e-07
fp32_strict_math,right_pad32,f636292d4e7f4d319e4375aabd8b9fbcc56cda8904ffb2a4e4b86edcc70c26f9,layer_12,linear_attention,1.4272637827161816e-06,9.5367431640625e-07,1.797570803319104e-07
fp32_strict_math,right_pad32,f636292d4e7f4d319e4375aabd8b9fbcc56cda8904ffb2a4e4b86edcc70c26f9,layer_13,linear_attention,1.4513225323753431e-06,8.642673492431641e-07,1.9275266538443248e-07
fp32_strict_math,right_pad32,f636292d4e7f4d319e4375aabd8b9fbcc56cda8904ffb2a4e4b86edcc70c26f9,layer_14,linear_attention,1.4323280765893287e-06,9.872019290924072e-07,2.018194180664068e-07
fp32_strict_math,right_pad32,f636292d4e7f4d319e4375aabd8b9fbcc56cda8904ffb2a4e4b86edcc70c26f9,layer_15,full_attention,1.4622482922277413e-06,1.0523945093154907e-06,2.262906519945318e-07
fp32_strict_math,right_pad32,f636292d4e7f4d319e4375aabd8b9fbcc56cda8904ffb2a4e4b86edcc70c26f9,layer_16,linear_attention,1.5089334510776098e-06,1.2069940567016602e-06,2.4195023229367507e-07
fp32_strict_math,right_pad32,f636292d4e7f4d319e4375aabd8b9fbcc56cda8904ffb2a4e4b86edcc70c26f9,layer_17,linear_attention,1.5029709174996242e-06,1.3113021850585938e-06,2.681301225493371e-07
fp32_strict_math,right_pad32,f636292d4e7f4d319e4375aabd8b9fbcc56cda8904ffb2a4e4b86edcc70c26f9,layer_18,linear_attention,1.4958241081330925e-06,1.8477439880371094e-06,3.076785901612311e-07
fp32_strict_math,right_pad32,f636292d4e7f4d319e4375aabd8b9fbcc56cda8904ffb2a4e4b86edcc70c26f9,layer_19,full_attention,1.4383698498932063e-06,3.337860107421875e-06,3.648901838460006e-07
fp32_strict_math,right_pad32,f636292d4e7f4d319e4375aabd8b9fbcc56cda8904ffb2a4e4b86edcc70c26f9,layer_20,linear_attention,1.4161568060444552e-06,3.337860107421875e-06,4.109395490559109e-07
fp32_strict_math,right_pad32,f636292d4e7f4d319e4375aabd8b9fbcc56cda8904ffb2a4e4b86edcc70c26f9,layer_21,linear_attention,1.3481591167874285e-06,2.130866050720215e-06,4.3992275777782197e-07
fp32_strict_math,right_pad32,f636292d4e7f4d319e4375aabd8b9fbcc56cda8904ffb2a4e4b86edcc70c26f9,layer_22,linear_attention,1.2854731039624312e-06,3.814697265625e-06,4.778779043590475e-07
fp32_strict_math,right_pad32,f636292d4e7f4d319e4375aabd8b9fbcc56cda8904ffb2a4e4b86edcc70c26f9,layer_23,full_attention,1.2036456382702454e-06,2.6226043701171875e-06,5.16075658651971e-07
fp32_strict_math,right_pad32,f636292d4e7f4d319e4375aabd8b9fbcc56cda8904ffb2a4e4b86edcc70c26f9,layer_24,linear_attention,1.221380557581142e-06,3.1962990760803223e-06,5.520809054360143e-07
fp32_strict_math,right_pad32,f636292d4e7f4d319e4375aabd8b9fbcc56cda8904ffb2a4e4b86edcc70c26f9,layer_25,linear_attention,1.1875971495101112e-06,2.9653310775756836e-06,5.638265179186419e-07
fp32_strict_math,right_pad32,f636292d4e7f4d319e4375aabd8b9fbcc56cda8904ffb2a4e4b86edcc70c26f9,layer_26,linear_attention,1.1510237527545542e-06,1.33514404296875e-05,5.947473482592613e-07
fp32_strict_math,right_pad32,f636292d4e7f4d319e4375aabd8b9fbcc56cda8904ffb2a4e4b86edcc70c26f9,layer_27,full_attention,1.2949570873388438e-06,1.52587890625e-05,7.012243941062479e-07
fp32_strict_math,right_pad32,f636292d4e7f4d319e4375aabd8b9fbcc56cda8904ffb2a4e4b86edcc70c26f9,layer_28,linear_attention,1.1710401395248482e-06,1.33514404296875e-05,7.578663030471944e-07
fp32_strict_math,right_pad32,f636292d4e7f4d319e4375aabd8b9fbcc56cda8904ffb2a4e4b86edcc70c26f9,layer_29,linear_attention,1.2163994824732072e-06,1.52587890625e-05,8.406579468100972e-07
fp32_strict_math,right_pad32,f636292d4e7f4d319e4375aabd8b9fbcc56cda8904ffb2a4e4b86edcc70c26f9,layer_30,linear_attention,1.1659200254143798e-06,1.33514404296875e-05,9.60208808464813e-07
fp32_strict_math,right_pad32,f636292d4e7f4d319e4375aabd8b9fbcc56cda8904ffb2a4e4b86edcc70c26f9,layer_31,full_attention,1.114424662773672e-06,2.09808349609375e-05,1.249944034498185e-06
fp32_strict_math,right_pad32,f636292d4e7f4d319e4375aabd8b9fbcc56cda8904ffb2a4e4b86edcc70c26f9,final_norm,final_norm,1.1465397165011382e-06,1.52587890625e-05,2.6592620088194963e-06
fp32_strict_math,right_pad128,f636292d4e7f4d319e4375aabd8b9fbcc56cda8904ffb2a4e4b86edcc70c26f9,embedding,embedding,0.0,0.0,0.0
fp32_strict_math,right_pad128,f636292d4e7f4d319e4375aabd8b9fbcc56cda8904ffb2a4e4b86edcc70c26f9,layer_00,linear_attention,3.3474927363386087e-07,2.384185791015625e-07,1.2047235209422524e-08
fp32_strict_math,right_pad128,f636292d4e7f4d319e4375aabd8b9fbcc56cda8904ffb2a4e4b86edcc70c26f9,layer_01,linear_attention,5.851776450072066e-07,7.152557373046875e-07,2.3096026424695992e-08
fp32_strict_math,right_pad128,f636292d4e7f4d319e4375aabd8b9fbcc56cda8904ffb2a4e4b86edcc70c26f9,layer_02,linear_attention,9.368644668938941e-07,7.152557373046875e-07,4.094015437772214e-08
fp32_strict_math,right_pad128,f636292d4e7f4d319e4375aabd8b9fbcc56cda8904ffb2a4e4b86edcc70c26f9,layer_03,full_attention,1.2118233598812367e-06,1.1920928955078125e-06,7.645653710142142e-08
fp32_strict_math,right_pad128,f636292d4e7f4d319e4375aabd8b9fbcc56cda8904ffb2a4e4b86edcc70c26f9,layer_04,linear_attention,1.7652756696406868e-06,2.6226043701171875e-06,1.4791403657454794e-07
fp32_strict_math,right_pad128,f636292d4e7f4d319e4375aabd8b9fbcc56cda8904ffb2a4e4b86edcc70c26f9,layer_05,linear_attention,1.617710267964867e-06,9.5367431640625e-07,1.6260233337561658e-07
fp32_strict_math,right_pad128,f636292d4e7f4d319e4375aabd8b9fbcc56cda8904ffb2a4e4b86edcc70c26f9,layer_06,linear_attention,1.652505602578458e-06,2.384185791015625e-06,1.6143266634571773e-07
fp32_strict_math,right_pad128,f636292d4e7f4d319e4375aabd8b9fbcc56cda8904ffb2a4e4b86edcc70c26f9,layer_07,full_attention,1.604335352567432e-06,2.384185791015625e-06,1.773282747308258e-07
fp32_strict_math,right_pad128,f636292d4e7f4d319e4375aabd8b9fbcc56cda8904ffb2a4e4b86edcc70c26f9,layer_08,linear_attention,1.5909664625723963e-06,9.94652509689331e-07,1.7372239824453573e-07
fp32_strict_math,right_pad128,f636292d4e7f4d319e4375aabd8b9fbcc56cda8904ffb2a4e4b86edcc70c26f9,layer_09,linear_attention,1.58112788994913e-06,1.0132789611816406e-06,1.7208176927852037e-07
fp32_strict_math,right_pad128,f636292d4e7f4d319e4375aabd8b9fbcc56cda8904ffb2a4e4b86edcc70c26f9,layer_10,linear_attention,1.6385324670409318e-06,1.0728836059570312e-06,1.7887523995341326e-07
fp32_strict_math,right_pad128,f636292d4e7f4d319e4375aabd8b9fbcc56cda8904ffb2a4e4b86edcc70c26f9,layer_11,full_attention,1.6224829550992581e-06,9.462237358093262e-07,2.0529060407170618e-07
fp32_strict_math,right_pad128,f636292d4e7f4d319e4375aabd8b9fbcc56cda8904ffb2a4e4b86edcc70c26f9,layer_12,linear_attention,1.689224745859974e-06,1.0728836059570312e-06,2.1317373466445133e-07
fp32_strict_math,right_pad128,f636292d4e7f4d319e4375aabd8b9fbcc56cda8904ffb2a4e4b86edcc70c26f9,layer_13,linear_attention,1.752553316691774e-06,1.430511474609375e-06,2.3335306309490988e-07
fp32_strict_math,right_pad128,f636292d4e7f4d319e4375aabd8b9fbcc56cda8904ffb2a4e4b86edcc70c26f9,layer_14,linear_attention,1.7441764157410944e-06,1.3113021850585938e-06,2.4566799083913793e-07
fp32_strict_math,right_pad128,f636292d4e7f4d319e4375aabd8b9fbcc56cda8904ffb2a4e4b86edcc70c26f9,layer_15,full_attention,1.7545461332701962e-06,1.2218952178955078e-06,2.713407809551427e-07
fp32_strict_math,right_pad128,f636292d4e7f4d319e4375aabd8b9fbcc56cda8904ffb2a4e4b86edcc70c26f9,layer_16,linear_attention,1.8452166159477201e-06,1.9073486328125e-06,2.965427370327234e-07
fp32_strict_math,right_pad128,f636292d4e7f4d319e4375aabd8b9fbcc56cda8904ffb2a4e4b86edcc70c26f9,layer_17,linear_attention,1.9133030946250074e-06,2.86102294921875e-06,3.360138975949667e-07
fp32_strict_math,right_pad128,f636292d4e7f4d319e4375aabd8b9fbcc56cda8904ffb2a4e4b86edcc70c26f9,layer_18,linear_attention,1.8116143110091798e-06,2.0265579223632812e-06,3.745713854641508e-07
fp32_strict_math,right_pad128,f636292d4e7f4d319e4375aabd8b9fbcc56cda8904ffb2a4e4b86edcc70c26f9,layer_19,full_attention,1.7856352769740624e-06,2.175569534301758e-06,4.5712786800322647e-07
fp32_strict_math,right_pad128,f636292d4e7f4d319e4375aabd8b9fbcc56cda8904ffb2a4e4b86edcc70c26f9,layer_20,linear_attention,1.6874681705303374e-06,2.5331974029541016e-06,4.916319085168652e-07
fp32_strict_math,right_pad128,f636292d4e7f4d319e4375aabd8b9fbcc56cda8904ffb2a4e4b86edcc70c26f9,layer_21,linear_attention,1.6217386473726947e-06,2.8461217880249023e-06,5.283407631395676e-07
fp32_strict_math,right_pad128,f636292d4e7f4d319e4375aabd8b9fbcc56cda8904ffb2a4e4b86edcc70c26f9,layer_22,linear_attention,1.5860807707213098e-06,8.58306884765625e-06,5.753228720095649e-07
fp32_strict_math,right_pad128,f636292d4e7f4d319e4375aabd8b9fbcc56cda8904ffb2a4e4b86edcc70c26f9,layer_23,full_attention,1.4834249668638222e-06,2.86102294921875e-06,6.356189032885595e-07
fp32_strict_math,right_pad128,f636292d4e7f4d319e4375aabd8b9fbcc56cda8904ffb2a4e4b86edcc70c26f9,layer_24,linear_attention,1.470936354053265e-06,3.337860107421875e-06,6.660373514932871e-07
fp32_strict_math,right_pad128,f636292d4e7f4d319e4375aabd8b9fbcc56cda8904ffb2a4e4b86edcc70c26f9,layer_25,linear_attention,1.4519481510433252e-06,3.814697265625e-06,6.933541953912936e-07
fp32_strict_math,right_pad128,f636292d4e7f4d319e4375aabd8b9fbcc56cda8904ffb2a4e4b86edcc70c26f9,layer_26,linear_attention,1.5704634961366537e-06,2.86102294921875e-05,7.390797804873728e-07
fp32_strict_math,right_pad128,f636292d4e7f4d319e4375aabd8b9fbcc56cda8904ffb2a4e4b86edcc70c26f9,layer_27,full_attention,1.5983467847036081e-06,2.288818359375e-05,8.395581971853971e-07
fp32_strict_math,right_pad128,f636292d4e7f4d319e4375aabd8b9fbcc56cda8904ffb2a4e4b86edcc70c26f9,layer_28,linear_attention,1.443569431103242e-06,1.52587890625e-05,9.415674639967619e-07
fp32_strict_math,right_pad128,f636292d4e7f4d319e4375aabd8b9fbcc56cda8904ffb2a4e4b86edcc70c26f9,layer_29,linear_attention,1.5202200529529364e-06,2.09808349609375e-05,1.0408446087240009e-06
fp32_strict_math,right_pad128,f636292d4e7f4d319e4375aabd8b9fbcc56cda8904ffb2a4e4b86edcc70c26f9,layer_30,linear_attention,1.4207371350494213e-06,1.71661376953125e-05,1.1712938885466428e-06
fp32_strict_math,right_pad128,f636292d4e7f4d319e4375aabd8b9fbcc56cda8904ffb2a4e4b86edcc70c26f9,layer_31,full_attention,1.4135559922578977e-06,2.6702880859375e-05,1.5992540056686266e-06
fp32_strict_math,right_pad128,f636292d4e7f4d319e4375aabd8b9fbcc56cda8904ffb2a4e4b86edcc70c26f9,final_norm,final_norm,1.4733209354744758e-06,2.47955322265625e-05,3.4272725315531716e-06
fp32_strict_math,mixed_batch3,f636292d4e7f4d319e4375aabd8b9fbcc56cda8904ffb2a4e4b86edcc70c26f9,embedding,embedding,0.0,0.0,0.0
fp32_strict_math,mixed_batch3,f636292d4e7f4d319e4375aabd8b9fbcc56cda8904ffb2a4e4b86edcc70c26f9,layer_00,linear_attention,3.743002139344753e-07,2.384185791015625e-07,1.3639146700938909e-08
fp32_strict_math,mixed_batch3,f636292d4e7f4d319e4375aabd8b9fbcc56cda8904ffb2a4e4b86edcc70c26f9,layer_01,linear_attention,5.387930741562741e-07,2.384185791015625e-07,2.3005805260822854e-08
fp32_strict_math,mixed_batch3,f636292d4e7f4d319e4375aabd8b9fbcc56cda8904ffb2a4e4b86edcc70c26f9,layer_02,linear_attention,9.236932783096563e-07,2.086162567138672e-07,4.133216791046834e-08
fp32_strict_math,mixed_batch3,f636292d4e7f4d319e4375aabd8b9fbcc56cda8904ffb2a4e4b86edcc70c26f9,layer_03,full_attention,1.0851566685232683e-06,4.76837158203125e-07,6.989844081317642e-08
fp32_strict_math,mixed_batch3,f636292d4e7f4d319e4375aabd8b9fbcc56cda8904ffb2a4e4b86edcc70c26f9,layer_04,linear_attention,1.508411060058279e-06,1.6689300537109375e-06,1.2801174875676224e-07
fp32_strict_math,mixed_batch3,f636292d4e7f4d319e4375aabd8b9fbcc56cda8904ffb2a4e4b86edcc70c26f9,layer_05,linear_attention,1.3890629588786396e-06,9.5367431640625e-07,1.4090274191858043e-07
fp32_strict_math,mixed_batch3,f636292d4e7f4d319e4375aabd8b9fbcc56cda8904ffb2a4e4b86edcc70c26f9,layer_06,linear_attention,1.3670071439264575e-06,9.5367431640625e-07,1.3651015251525678e-07
fp32_strict_math,mixed_batch3,f636292d4e7f4d319e4375aabd8b9fbcc56cda8904ffb2a4e4b86edcc70c26f9,layer_07,full_attention,1.4253976132749813e-06,9.5367431640625e-07,1.5898649508017115e-07
fp32_strict_math,mixed_batch3,f636292d4e7f4d319e4375aabd8b9fbcc56cda8904ffb2a4e4b86edcc70c26f9,layer_08,linear_attention,1.4409024515771307e-06,8.344650268554688e-07,1.5672821973566897e-07
fp32_strict_math,mixed_batch3,f636292d4e7f4d319e4375aabd8b9fbcc56cda8904ffb2a4e4b86edcc70c26f9,layer_09,linear_attention,1.4553877463185927e-06,8.684583008289337e-07,1.60063251541942e-07
fp32_strict_math,mixed_batch3,f636292d4e7f4d319e4375aabd8b9fbcc56cda8904ffb2a4e4b86edcc70c26f9,layer_10,linear_attention,1.4896411357767647e-06,8.395873010158539e-07,1.6464100838220475e-07
fp32_strict_math,mixed_batch3,f636292d4e7f4d319e4375aabd8b9fbcc56cda8904ffb2a4e4b86edcc70c26f9,layer_11,full_attention,1.49949323713372e-06,9.08970832824707e-07,1.9166455444974417e-07
fp32_strict_math,mixed_batch3,f636292d4e7f4d319e4375aabd8b9fbcc56cda8904ffb2a4e4b86edcc70c26f9,layer_12,linear_attention,1.484862536926812e-06,9.5367431640625e-07,1.8885620534092595e-07
fp32_strict_math,mixed_batch3,f636292d4e7f4d319e4375aabd8b9fbcc56cda8904ffb2a4e4b86edcc70c26f9,layer_13,linear_attention,1.5178025023487862e-06,1.9073486328125e-06,1.9972139853052795e-07
fp32_strict_math,mixed_batch3,f636292d4e7f4d319e4375aabd8b9fbcc56cda8904ffb2a4e4b86edcc70c26f9,layer_14,linear_attention,1.590412807672692e-06,1.9073486328125e-06,2.2400990928872488e-07
fp32_strict_math,mixed_batch3,f636292d4e7f4d319e4375aabd8b9fbcc56cda8904ffb2a4e4b86edcc70c26f9,layer_15,full_attention,1.611644165677717e-06,1.9073486328125e-06,2.5030212214005587e-07
fp32_strict_math,mixed_batch3,f636292d4e7f4d319e4375aabd8b9fbcc56cda8904ffb2a4e4b86edcc70c26f9,layer_16,linear_attention,1.7232382560905535e-06,3.337860107421875e-06,2.7256572820988367e-07
fp32_strict_math,mixed_batch3,f636292d4e7f4d319e4375aabd8b9fbcc56cda8904ffb2a4e4b86edcc70c26f9,layer_17,linear_attention,1.7336841438009287e-06,4.76837158203125e-06,3.0040828846722434e-07
fp32_strict_math,mixed_batch3,f636292d4e7f4d319e4375aabd8b9fbcc56cda8904ffb2a4e4b86edcc70c26f9,layer_18,linear_attention,1.651803131608176e-06,1.9073486328125e-06,3.408250393022172e-07
fp32_strict_math,mixed_batch3,f636292d4e7f4d319e4375aabd8b9fbcc56cda8904ffb2a4e4b86edcc70c26f9,layer_19,full_attention,1.6685630725987721e-06,2.0563602447509766e-06,4.275161700206809e-07
fp32_strict_math,mixed_batch3,f636292d4e7f4d319e4375aabd8b9fbcc56cda8904ffb2a4e4b86edcc70c26f9,layer_20,linear_attention,1.6493877410539426e-06,2.384185791015625e-06,4.789213789990754e-07
fp32_strict_math,mixed_batch3,f636292d4e7f4d319e4375aabd8b9fbcc56cda8904ffb2a4e4b86edcc70c26f9,layer_21,linear_attention,1.6393847772633308e-06,4.76837158203125e-06,5.285481279315718e-07
fp32_strict_math,mixed_batch3,f636292d4e7f4d319e4375aabd8b9fbcc56cda8904ffb2a4e4b86edcc70c26f9,layer_22,linear_attention,1.5398873074445873e-06,4.76837158203125e-06,5.695936806660029e-07
fp32_strict_math,mixed_batch3,f636292d4e7f4d319e4375aabd8b9fbcc56cda8904ffb2a4e4b86edcc70c26f9,layer_23,full_attention,1.5281189007509965e-06,5.7220458984375e-06,6.535839816024236e-07
fp32_strict_math,mixed_batch3,f636292d4e7f4d319e4375aabd8b9fbcc56cda8904ffb2a4e4b86edcc70c26f9,layer_24,linear_attention,1.5118016563064884e-06,6.67572021484375e-06,6.745156611032144e-07
fp32_strict_math,mixed_batch3,f636292d4e7f4d319e4375aabd8b9fbcc56cda8904ffb2a4e4b86edcc70c26f9,layer_25,linear_attention,1.4845502391835907e-06,7.62939453125e-06,7.023654688964598e-07
fp32_strict_math,mixed_batch3,f636292d4e7f4d319e4375aabd8b9fbcc56cda8904ffb2a4e4b86edcc70c26f9,layer_26,linear_attention,1.3345502338779625e-06,3.814697265625e-06,7.205308065749705e-07
fp32_strict_math,mixed_batch3,f636292d4e7f4d319e4375aabd8b9fbcc56cda8904ffb2a4e4b86edcc70c26f9,layer_27,full_attention,1.517045006949047e-06,4.708766937255859e-06,8.582310329074971e-07
fp32_strict_math,mixed_batch3,f636292d4e7f4d319e4375aabd8b9fbcc56cda8904ffb2a4e4b86edcc70c26f9,layer_28,linear_attention,1.447315980840358e-06,4.76837158203125e-06,9.701780072646216e-07
fp32_strict_math,mixed_batch3,f636292d4e7f4d319e4375aabd8b9fbcc56cda8904ffb2a4e4b86edcc70c26f9,layer_29,linear_attention,1.4777267551835394e-06,4.947185516357422e-06,1.0579024092294276e-06
fp32_strict_math,mixed_batch3,f636292d4e7f4d319e4375aabd8b9fbcc56cda8904ffb2a4e4b86edcc70c26f9,layer_30,linear_attention,1.4500751603918616e-06,9.5367431640625e-06,1.2203279311506776e-06
fp32_strict_math,mixed_batch3,f636292d4e7f4d319e4375aabd8b9fbcc56cda8904ffb2a4e4b86edcc70c26f9,layer_31,full_attention,1.3176583024687716e-06,1.71661376953125e-05,1.5309760783566162e-06
fp32_strict_math,mixed_batch3,f636292d4e7f4d319e4375aabd8b9fbcc56cda8904ffb2a4e4b86edcc70c26f9,final_norm,final_norm,1.4105536365605076e-06,2.86102294921875e-05,3.2928619475569576e-06
fp32_strict_math,left_pad32_explicit,f636292d4e7f4d319e4375aabd8b9fbcc56cda8904ffb2a4e4b86edcc70c26f9,embedding,embedding,0.0,0.0,0.0
fp32_strict_math,left_pad32_explicit,f636292d4e7f4d319e4375aabd8b9fbcc56cda8904ffb2a4e4b86edcc70c26f9,layer_00,linear_attention,3.381689737125271e-07,2.384185791015625e-07,1.2185319420154883e-08
fp32_strict_math,left_pad32_explicit,f636292d4e7f4d319e4375aabd8b9fbcc56cda8904ffb2a4e4b86edcc70c26f9,layer_01,linear_attention,6.777306680305628e-07,2.384185791015625e-07,2.9117154909386045e-08
fp32_strict_math,left_pad32_explicit,f636292d4e7f4d319e4375aabd8b9fbcc56cda8904ffb2a4e4b86edcc70c26f9,layer_02,linear_attention,1.2391625432428555e-06,1.0728836059570312e-06,5.337858510756632e-08
fp32_strict_math,left_pad32_explicit,f636292d4e7f4d319e4375aabd8b9fbcc56cda8904ffb2a4e4b86edcc70c26f9,layer_03,full_attention,1.3530658407034934e-06,3.7997961044311523e-07,8.784418525920046e-08
fp32_strict_math,left_pad32_explicit,f636292d4e7f4d319e4375aabd8b9fbcc56cda8904ffb2a4e4b86edcc70c26f9,layer_04,linear_attention,1.7502821947346092e-06,2.1457672119140625e-06,1.4804354009356757e-07
fp32_strict_math,left_pad32_explicit,f636292d4e7f4d319e4375aabd8b9fbcc56cda8904ffb2a4e4b86edcc70c26f9,layer_05,linear_attention,1.545874738440034e-06,1.430511474609375e-06,1.5602581981966068e-07
fp32_strict_math,left_pad32_explicit,f636292d4e7f4d319e4375aabd8b9fbcc56cda8904ffb2a4e4b86edcc70c26f9,layer_06,linear_attention,1.5535606507910416e-06,9.5367431640625e-07,1.5582227774757484e-07
fp32_strict_math,left_pad32_explicit,f636292d4e7f4d319e4375aabd8b9fbcc56cda8904ffb2a4e4b86edcc70c26f9,layer_07,full_attention,1.472914163969108e-06,9.5367431640625e-07,1.656062522670254e-07
fp32_strict_math,left_pad32_explicit,f636292d4e7f4d319e4375aabd8b9fbcc56cda8904ffb2a4e4b86edcc70c26f9,layer_08,linear_attention,1.490982185714529e-06,8.344650268554688e-07,1.6321965290444496e-07
fp32_strict_math,left_pad32_explicit,f636292d4e7f4d319e4375aabd8b9fbcc56cda8904ffb2a4e4b86edcc70c26f9,layer_09,linear_attention,1.4914564872015035e-06,9.5367431640625e-07,1.628043690971026e-07
fp32_strict_math,left_pad32_explicit,f636292d4e7f4d319e4375aabd8b9fbcc56cda8904ffb2a4e4b86edcc70c26f9,layer_10,linear_attention,1.5896239347057417e-06,1.430511474609375e-06,1.748685463098809e-07
fp32_strict_math,left_pad32_explicit,f636292d4e7f4d319e4375aabd8b9fbcc56cda8904ffb2a4e4b86edcc70c26f9,layer_11,full_attention,1.5075495412020246e-06,8.735805749893188e-07,1.904978432776261e-07
fp32_strict_math,left_pad32_explicit,f636292d4e7f4d319e4375aabd8b9fbcc56cda8904ffb2a4e4b86edcc70c26f9,layer_12,linear_attention,1.485365260123217e-06,1.430511474609375e-06,1.8566443316103687e-07
fp32_strict_math,left_pad32_explicit,f636292d4e7f4d319e4375aabd8b9fbcc56cda8904ffb2a4e4b86edcc70c26f9,layer_13,linear_attention,1.5354753486462869e-06,9.5367431640625e-07,2.020045997142006e-07
fp32_strict_math,left_pad32_explicit,f636292d4e7f4d319e4375aabd8b9fbcc56cda8904ffb2a4e4b86edcc70c26f9,layer_14,linear_attention,1.5459759197256062e-06,9.5367431640625e-07,2.1752411782927084e-07
fp32_strict_math,left_pad32_explicit,f636292d4e7f4d319e4375aabd8b9fbcc56cda8904ffb2a4e4b86edcc70c26f9,layer_15,full_attention,1.6179587873921264e-06,1.9073486328125e-06,2.4732699444030004e-07
fp32_strict_math,left_pad32_explicit,f636292d4e7f4d319e4375aabd8b9fbcc56cda8904ffb2a4e4b86edcc70c26f9,layer_16,linear_attention,1.7086553043554886e-06,1.9073486328125e-06,2.7200559316042927e-07
fp32_strict_math,left_pad32_explicit,f636292d4e7f4d319e4375aabd8b9fbcc56cda8904ffb2a4e4b86edcc70c26f9,layer_17,linear_attention,1.7335373740934301e-06,2.384185791015625e-06,3.0565479391952977e-07
fp32_strict_math,left_pad32_explicit,f636292d4e7f4d319e4375aabd8b9fbcc56cda8904ffb2a4e4b86edcc70c26f9,layer_18,linear_attention,1.7631226683079149e-06,4.0531158447265625e-06,3.5900902162211423e-07
fp32_strict_math,left_pad32_explicit,f636292d4e7f4d319e4375aabd8b9fbcc56cda8904ffb2a4e4b86edcc70c26f9,layer_19,full_attention,1.6041739172578673e-06,2.86102294921875e-06,4.0912709664553404e-07
fp32_strict_math,left_pad32_explicit,f636292d4e7f4d319e4375aabd8b9fbcc56cda8904ffb2a4e4b86edcc70c26f9,layer_20,linear_attention,1.5844282188481884e-06,2.4884939193725586e-06,4.610077724009898e-07
fp32_strict_math,left_pad32_explicit,f636292d4e7f4d319e4375aabd8b9fbcc56cda8904ffb2a4e4b86edcc70c26f9,layer_21,linear_attention,1.5336630667661666e-06,2.86102294921875e-06,4.984711381439411e-07
fp32_strict_math,left_pad32_explicit,f636292d4e7f4d319e4375aabd8b9fbcc56cda8904ffb2a4e4b86edcc70c26f9,layer_22,linear_attention,1.4506824754789704e-06,2.3245811462402344e-06,5.368178790376987e-07
fp32_strict_math,left_pad32_explicit,f636292d4e7f4d319e4375aabd8b9fbcc56cda8904ffb2a4e4b86edcc70c26f9,layer_23,full_attention,1.3960401474832906e-06,2.86102294921875e-06,5.928937980570481e-07
fp32_strict_math,left_pad32_explicit,f636292d4e7f4d319e4375aabd8b9fbcc56cda8904ffb2a4e4b86edcc70c26f9,layer_24,linear_attention,1.4083656196817174e-06,2.86102294921875e-06,6.311600486696989e-07
fp32_strict_math,left_pad32_explicit,f636292d4e7f4d319e4375aabd8b9fbcc56cda8904ffb2a4e4b86edcc70c26f9,layer_25,linear_attention,1.375086753796495e-06,3.814697265625e-06,6.584792799912975e-07
fp32_strict_math,left_pad32_explicit,f636292d4e7f4d319e4375aabd8b9fbcc56cda8904ffb2a4e4b86edcc70c26f9,layer_26,linear_attention,1.2775661843988928e-06,5.7220458984375e-06,6.919168527019792e-07
fp32_strict_math,left_pad32_explicit,f636292d4e7f4d319e4375aabd8b9fbcc56cda8904ffb2a4e4b86edcc70c26f9,layer_27,full_attention,1.431968144061102e-06,9.5367431640625e-06,8.072412924775563e-07
fp32_strict_math,left_pad32_explicit,f636292d4e7f4d319e4375aabd8b9fbcc56cda8904ffb2a4e4b86edcc70c26f9,layer_28,linear_attention,1.3560057823269744e-06,1.1444091796875e-05,8.956059787124104e-07
fp32_strict_math,left_pad32_explicit,f636292d4e7f4d319e4375aabd8b9fbcc56cda8904ffb2a4e4b86edcc70c26f9,layer_29,linear_attention,1.409595029144839e-06,1.71661376953125e-05,9.781612106962712e-07
fp32_strict_math,left_pad32_explicit,f636292d4e7f4d319e4375aabd8b9fbcc56cda8904ffb2a4e4b86edcc70c26f9,layer_30,linear_attention,1.3423284599412e-06,1.52587890625e-05,1.0991337831001147e-06
fp32_strict_math,left_pad32_explicit,f636292d4e7f4d319e4375aabd8b9fbcc56cda8904ffb2a4e4b86edcc70c26f9,layer_31,full_attention,1.2862082030551392e-06,3.62396240234375e-05,1.4018642104929313e-06
fp32_strict_math,left_pad32_explicit,f636292d4e7f4d319e4375aabd8b9fbcc56cda8904ffb2a4e4b86edcc70c26f9,final_norm,final_norm,1.2921271945742774e-06,1.7642974853515625e-05,3.005835878866492e-06
fp32_strict_math,repeat_alone,d4955ede5dce2e67b244906e7599038eb0306d48c276935914518b3fbcb343e0,embedding,embedding,0.0,0.0,0.0
fp32_strict_math,repeat_alone,d4955ede5dce2e67b244906e7599038eb0306d48c276935914518b3fbcb343e0,layer_00,linear_attention,0.0,0.0,0.0
fp32_strict_math,repeat_alone,d4955ede5dce2e67b244906e7599038eb0306d48c276935914518b3fbcb343e0,layer_01,linear_attention,0.0,0.0,0.0
fp32_strict_math,repeat_alone,d4955ede5dce2e67b244906e7599038eb0306d48c276935914518b3fbcb343e0,layer_02,linear_attention,0.0,0.0,0.0
fp32_strict_math,repeat_alone,d4955ede5dce2e67b244906e7599038eb0306d48c276935914518b3fbcb343e0,layer_03,full_attention,0.0,0.0,0.0
fp32_strict_math,repeat_alone,d4955ede5dce2e67b244906e7599038eb0306d48c276935914518b3fbcb343e0,layer_04,linear_attention,0.0,0.0,0.0
fp32_strict_math,repeat_alone,d4955ede5dce2e67b244906e7599038eb0306d48c276935914518b3fbcb343e0,layer_05,linear_attention,0.0,0.0,0.0
fp32_strict_math,repeat_alone,d4955ede5dce2e67b244906e7599038eb0306d48c276935914518b3fbcb343e0,layer_06,linear_attention,0.0,0.0,0.0
fp32_strict_math,repeat_alone,d4955ede5dce2e67b244906e7599038eb0306d48c276935914518b3fbcb343e0,layer_07,full_attention,0.0,0.0,0.0
fp32_strict_math,repeat_alone,d4955ede5dce2e67b244906e7599038eb0306d48c276935914518b3fbcb343e0,layer_08,linear_attention,0.0,0.0,0.0
fp32_strict_math,repeat_alone,d4955ede5dce2e67b244906e7599038eb0306d48c276935914518b3fbcb343e0,layer_09,linear_attention,0.0,0.0,0.0
fp32_strict_math,repeat_alone,d4955ede5dce2e67b244906e7599038eb0306d48c276935914518b3fbcb343e0,layer_10,linear_attention,0.0,0.0,0.0
fp32_strict_math,repeat_alone,d4955ede5dce2e67b244906e7599038eb0306d48c276935914518b3fbcb343e0,layer_11,full_attention,0.0,0.0,0.0
fp32_strict_math,repeat_alone,d4955ede5dce2e67b244906e7599038eb0306d48c276935914518b3fbcb343e0,layer_12,linear_attention,0.0,0.0,0.0
fp32_strict_math,repeat_alone,d4955ede5dce2e67b244906e7599038eb0306d48c276935914518b3fbcb343e0,layer_13,linear_attention,0.0,0.0,0.0
fp32_strict_math,repeat_alone,d4955ede5dce2e67b244906e7599038eb0306d48c276935914518b3fbcb343e0,layer_14,linear_attention,0.0,0.0,0.0
fp32_strict_math,repeat_alone,d4955ede5dce2e67b244906e7599038eb0306d48c276935914518b3fbcb343e0,layer_15,full_attention,0.0,0.0,0.0
fp32_strict_math,repeat_alone,d4955ede5dce2e67b244906e7599038eb0306d48c276935914518b3fbcb343e0,layer_16,linear_attention,0.0,0.0,0.0
fp32_strict_math,repeat_alone,d4955ede5dce2e67b244906e7599038eb0306d48c276935914518b3fbcb343e0,layer_17,linear_attention,0.0,0.0,0.0
fp32_strict_math,repeat_alone,d4955ede5dce2e67b244906e7599038eb0306d48c276935914518b3fbcb343e0,layer_18,linear_attention,0.0,0.0,0.0
fp32_strict_math,repeat_alone,d4955ede5dce2e67b244906e7599038eb0306d48c276935914518b3fbcb343e0,layer_19,full_attention,0.0,0.0,0.0
fp32_strict_math,repeat_alone,d4955ede5dce2e67b244906e7599038eb0306d48c276935914518b3fbcb343e0,layer_20,linear_attention,0.0,0.0,0.0
fp32_strict_math,repeat_alone,d4955ede5dce2e67b244906e7599038eb0306d48c276935914518b3fbcb343e0,layer_21,linear_attention,0.0,0.0,0.0
fp32_strict_math,repeat_alone,d4955ede5dce2e67b244906e7599038eb0306d48c276935914518b3fbcb343e0,layer_22,linear_attention,0.0,0.0,0.0
fp32_strict_math,repeat_alone,d4955ede5dce2e67b244906e7599038eb0306d48c276935914518b3fbcb343e0,layer_23,full_attention,0.0,0.0,0.0
fp32_strict_math,repeat_alone,d4955ede5dce2e67b244906e7599038eb0306d48c276935914518b3fbcb343e0,layer_24,linear_attention,0.0,0.0,0.0
fp32_strict_math,repeat_alone,d4955ede5dce2e67b244906e7599038eb0306d48c276935914518b3fbcb343e0,layer_25,linear_attention,0.0,0.0,0.0
fp32_strict_math,repeat_alone,d4955ede5dce2e67b244906e7599038eb0306d48c276935914518b3fbcb343e0,layer_26,linear_attention,0.0,0.0,0.0
fp32_strict_math,repeat_alone,d4955ede5dce2e67b244906e7599038eb0306d48c276935914518b3fbcb343e0,layer_27,full_attention,0.0,0.0,0.0
fp32_strict_math,repeat_alone,d4955ede5dce2e67b244906e7599038eb0306d48c276935914518b3fbcb343e0,layer_28,linear_attention,0.0,0.0,0.0
fp32_strict_math,repeat_alone,d4955ede5dce2e67b244906e7599038eb0306d48c276935914518b3fbcb343e0,layer_29,linear_attention,0.0,0.0,0.0
fp32_strict_math,repeat_alone,d4955ede5dce2e67b244906e7599038eb0306d48c276935914518b3fbcb343e0,layer_30,linear_attention,0.0,0.0,0.0
fp32_strict_math,repeat_alone,d4955ede5dce2e67b244906e7599038eb0306d48c276935914518b3fbcb343e0,layer_31,full_attention,0.0,0.0,0.0
fp32_strict_math,repeat_alone,d4955ede5dce2e67b244906e7599038eb0306d48c276935914518b3fbcb343e0,final_norm,final_norm,0.0,0.0,0.0
fp32_strict_math,duplicate_batch2,d4955ede5dce2e67b244906e7599038eb0306d48c276935914518b3fbcb343e0,embedding,embedding,0.0,0.0,0.0
fp32_strict_math,duplicate_batch2,d4955ede5dce2e67b244906e7599038eb0306d48c276935914518b3fbcb343e0,layer_00,linear_attention,3.0422566510424076e-07,5.960464477539063e-08,1.1416295464528048e-08
fp32_strict_math,duplicate_batch2,d4955ede5dce2e67b244906e7599038eb0306d48c276935914518b3fbcb343e0,layer_01,linear_attention,5.105740115141089e-07,1.1920928955078125e-07,2.1596406440949067e-08
fp32_strict_math,duplicate_batch2,d4955ede5dce2e67b244906e7599038eb0306d48c276935914518b3fbcb343e0,layer_02,linear_attention,8.483154374516744e-07,7.152557373046875e-07,3.5376569229583765e-08
fp32_strict_math,duplicate_batch2,d4955ede5dce2e67b244906e7599038eb0306d48c276935914518b3fbcb343e0,layer_03,full_attention,1.134011085923703e-06,9.5367431640625e-07,7.118660505511798e-08
fp32_strict_math,duplicate_batch2,d4955ede5dce2e67b244906e7599038eb0306d48c276935914518b3fbcb343e0,layer_04,linear_attention,1.4077781997912098e-06,5.066394805908203e-07,1.1857414250471265e-07
fp32_strict_math,duplicate_batch2,d4955ede5dce2e67b244906e7599038eb0306d48c276935914518b3fbcb343e0,layer_05,linear_attention,1.3525223039323464e-06,6.780028343200684e-07,1.3562711842496356e-07
fp32_strict_math,duplicate_batch2,d4955ede5dce2e67b244906e7599038eb0306d48c276935914518b3fbcb343e0,layer_06,linear_attention,1.34581682686985e-06,1.6689300537109375e-06,1.3362151207729767e-07
fp32_strict_math,duplicate_batch2,d4955ede5dce2e67b244906e7599038eb0306d48c276935914518b3fbcb343e0,layer_07,full_attention,1.3155109854778857e-06,9.5367431640625e-07,1.458318337199671e-07
fp32_strict_math,duplicate_batch2,d4955ede5dce2e67b244906e7599038eb0306d48c276935914518b3fbcb343e0,layer_08,linear_attention,1.3552269138017436e-06,1.430511474609375e-06,1.458492988604121e-07
fp32_strict_math,duplicate_batch2,d4955ede5dce2e67b244906e7599038eb0306d48c276935914518b3fbcb343e0,layer_09,linear_attention,1.3536697451854707e-06,1.430511474609375e-06,1.4864818353998999e-07
fp32_strict_math,duplicate_batch2,d4955ede5dce2e67b244906e7599038eb0306d48c276935914518b3fbcb343e0,layer_10,linear_attention,1.365999878544244e-06,9.5367431640625e-07,1.4932875558315573e-07
fp32_strict_math,duplicate_batch2,d4955ede5dce2e67b244906e7599038eb0306d48c276935914518b3fbcb343e0,layer_11,full_attention,1.3467646340359352e-06,1.9073486328125e-06,1.684944948010525e-07
fp32_strict_math,duplicate_batch2,d4955ede5dce2e67b244906e7599038eb0306d48c276935914518b3fbcb343e0,layer_12,linear_attention,1.367472464153252e-06,1.430511474609375e-06,1.713114272661187e-07
fp32_strict_math,duplicate_batch2,d4955ede5dce2e67b244906e7599038eb0306d48c276935914518b3fbcb343e0,layer_13,linear_attention,1.3832718650519382e-06,9.5367431640625e-07,1.8493001618935523e-07
fp32_strict_math,duplicate_batch2,d4955ede5dce2e67b244906e7599038eb0306d48c276935914518b3fbcb343e0,layer_14,linear_attention,1.346468593510508e-06,1.0132789611816406e-06,1.9037724996451288e-07
fp32_strict_math,duplicate_batch2,d4955ede5dce2e67b244906e7599038eb0306d48c276935914518b3fbcb343e0,layer_15,full_attention,1.4344337841976085e-06,1.0132789611816406e-06,2.2289150081178377e-07
fp32_strict_math,duplicate_batch2,d4955ede5dce2e67b244906e7599038eb0306d48c276935914518b3fbcb343e0,layer_16,linear_attention,1.4901130498401471e-06,1.9073486328125e-06,2.415827111690305e-07
fp32_strict_math,duplicate_batch2,d4955ede5dce2e67b244906e7599038eb0306d48c276935914518b3fbcb343e0,layer_17,linear_attention,1.449045498702617e-06,1.4007091522216797e-06,2.6090546612067556e-07
fp32_strict_math,duplicate_batch2,d4955ede5dce2e67b244906e7599038eb0306d48c276935914518b3fbcb343e0,layer_18,linear_attention,1.4518025182042038e-06,1.6689300537109375e-06,2.9789808309033106e-07
fp32_strict_math,duplicate_batch2,d4955ede5dce2e67b244906e7599038eb0306d48c276935914518b3fbcb343e0,layer_19,full_attention,1.3708594224226545e-06,1.7881393432617188e-06,3.5047159485657176e-07
fp32_strict_math,duplicate_batch2,d4955ede5dce2e67b244906e7599038eb0306d48c276935914518b3fbcb343e0,layer_20,linear_attention,1.3523833786166506e-06,3.337860107421875e-06,3.9043371202751587e-07
fp32_strict_math,duplicate_batch2,d4955ede5dce2e67b244906e7599038eb0306d48c276935914518b3fbcb343e0,layer_21,linear_attention,1.359425368718803e-06,5.7220458984375e-06,4.3430409846223483e-07
fp32_strict_math,duplicate_batch2,d4955ede5dce2e67b244906e7599038eb0306d48c276935914518b3fbcb343e0,layer_22,linear_attention,1.3328896102393628e-06,6.67572021484375e-06,4.82763596210134e-07
fp32_strict_math,duplicate_batch2,d4955ede5dce2e67b244906e7599038eb0306d48c276935914518b3fbcb343e0,layer_23,full_attention,1.233652483279002e-06,6.67572021484375e-06,5.17588318871276e-07
fp32_strict_math,duplicate_batch2,d4955ede5dce2e67b244906e7599038eb0306d48c276935914518b3fbcb343e0,layer_24,linear_attention,1.2587113360496005e-06,6.67572021484375e-06,5.509309630724601e-07
fp32_strict_math,duplicate_batch2,d4955ede5dce2e67b244906e7599038eb0306d48c276935914518b3fbcb343e0,layer_25,linear_attention,1.2408663678797893e-06,5.7220458984375e-06,5.814035830553621e-07
fp32_strict_math,duplicate_batch2,d4955ede5dce2e67b244906e7599038eb0306d48c276935914518b3fbcb343e0,layer_26,linear_attention,1.0955074003504706e-06,4.0531158447265625e-06,6.046662974767969e-07
fp32_strict_math,duplicate_batch2,d4955ede5dce2e67b244906e7599038eb0306d48c276935914518b3fbcb343e0,layer_27,full_attention,1.2558574553622748e-06,3.814697265625e-06,7.094331522239372e-07
fp32_strict_math,duplicate_batch2,d4955ede5dce2e67b244906e7599038eb0306d48c276935914518b3fbcb343e0,layer_28,linear_attention,1.236314233210578e-06,5.7220458984375e-06,8.240305646722845e-07
fp32_strict_math,duplicate_batch2,d4955ede5dce2e67b244906e7599038eb0306d48c276935914518b3fbcb343e0,layer_29,linear_attention,1.307629531765997e-06,9.5367431640625e-06,9.262708999813185e-07
fp32_strict_math,duplicate_batch2,d4955ede5dce2e67b244906e7599038eb0306d48c276935914518b3fbcb343e0,layer_30,linear_attention,1.2883373301519896e-06,5.7220458984375e-06,1.0832554835360497e-06
fp32_strict_math,duplicate_batch2,d4955ede5dce2e67b244906e7599038eb0306d48c276935914518b3fbcb343e0,layer_31,full_attention,1.210095774695219e-06,8.58306884765625e-06,1.3986922340336605e-06
fp32_strict_math,duplicate_batch2,d4955ede5dce2e67b244906e7599038eb0306d48c276935914518b3fbcb343e0,final_norm,final_norm,1.3219957963883644e-06,1.621246337890625e-05,3.0359574338945094e-06
fp32_strict_math,right_pad32,d4955ede5dce2e67b244906e7599038eb0306d48c276935914518b3fbcb343e0,embedding,embedding,0.0,0.0,0.0
fp32_strict_math,right_pad32,d4955ede5dce2e67b244906e7599038eb0306d48c276935914518b3fbcb343e0,layer_00,linear_attention,2.4288922872983676e-07,4.0978193283081055e-08,9.092741670713167e-09
fp32_strict_math,right_pad32,d4955ede5dce2e67b244906e7599038eb0306d48c276935914518b3fbcb343e0,layer_01,linear_attention,3.947741049614706e-07,2.384185791015625e-07,1.6274828595896906e-08
fp32_strict_math,right_pad32,d4955ede5dce2e67b244906e7599038eb0306d48c276935914518b3fbcb343e0,layer_02,linear_attention,6.794418823119486e-07,4.76837158203125e-07,2.864499037968926e-08
fp32_strict_math,right_pad32,d4955ede5dce2e67b244906e7599038eb0306d48c276935914518b3fbcb343e0,layer_03,full_attention,1.0371892358307377e-06,3.129243850708008e-07,6.613449698988916e-08
fp32_strict_math,right_pad32,d4955ede5dce2e67b244906e7599038eb0306d48c276935914518b3fbcb343e0,layer_04,linear_attention,1.2875423180958023e-06,4.954636096954346e-07,1.0760295765521732e-07
fp32_strict_math,right_pad32,d4955ede5dce2e67b244906e7599038eb0306d48c276935914518b3fbcb343e0,layer_05,linear_attention,1.2214833304824424e-06,5.736947059631348e-07,1.227550399107713e-07
fp32_strict_math,right_pad32,d4955ede5dce2e67b244906e7599038eb0306d48c276935914518b3fbcb343e0,layer_06,linear_attention,1.2549782013593358e-06,1.430511474609375e-06,1.2503069513059017e-07
fp32_strict_math,right_pad32,d4955ede5dce2e67b244906e7599038eb0306d48c276935914518b3fbcb343e0,layer_07,full_attention,1.255710344594263e-06,8.344650268554688e-07,1.409205623303933e-07
fp32_strict_math,right_pad32,d4955ede5dce2e67b244906e7599038eb0306d48c276935914518b3fbcb343e0,layer_08,linear_attention,1.3014901014685165e-06,1.9073486328125e-06,1.38202082666794e-07
fp32_strict_math,right_pad32,d4955ede5dce2e67b244906e7599038eb0306d48c276935914518b3fbcb343e0,layer_09,linear_attention,1.2551490726764314e-06,9.5367431640625e-07,1.3736789128415694e-07
fp32_strict_math,right_pad32,d4955ede5dce2e67b244906e7599038eb0306d48c276935914518b3fbcb343e0,layer_10,linear_attention,1.2526239743237966e-06,9.5367431640625e-07,1.377024148041528e-07
fp32_strict_math,right_pad32,d4955ede5dce2e67b244906e7599038eb0306d48c276935914518b3fbcb343e0,layer_11,full_attention,1.2615593050213647e-06,9.5367431640625e-07,1.607810702353163e-07
fp32_strict_math,right_pad32,d4955ede5dce2e67b244906e7599038eb0306d48c276935914518b3fbcb343e0,layer_12,linear_attention,1.2742294757117634e-06,9.5367431640625e-07,1.6136273472966423e-07
fp32_strict_math,right_pad32,d4955ede5dce2e67b244906e7599038eb0306d48c276935914518b3fbcb343e0,layer_13,linear_attention,1.296130335504131e-06,9.5367431640625e-07,1.7295887744239735e-07
fp32_strict_math,right_pad32,d4955ede5dce2e67b244906e7599038eb0306d48c276935914518b3fbcb343e0,layer_14,linear_attention,1.2659588719543535e-06,9.5367431640625e-07,1.7959555975721742e-07
fp32_strict_math,right_pad32,d4955ede5dce2e67b244906e7599038eb0306d48c276935914518b3fbcb343e0,layer_15,full_attention,1.4484866142083774e-06,1.0132789611816406e-06,2.2634976915014704e-07
fp32_strict_math,right_pad32,d4955ede5dce2e67b244906e7599038eb0306d48c276935914518b3fbcb343e0,layer_16,linear_attention,1.4696581729367608e-06,1.430511474609375e-06,2.4442434209959174e-07
fp32_strict_math,right_pad32,d4955ede5dce2e67b244906e7599038eb0306d48c276935914518b3fbcb343e0,layer_17,linear_attention,1.4558804650732782e-06,1.30385160446167e-06,2.6393990992801264e-07
fp32_strict_math,right_pad32,d4955ede5dce2e67b244906e7599038eb0306d48c276935914518b3fbcb343e0,layer_18,linear_attention,1.419252384948777e-06,1.5273690223693848e-06,2.8676078045464237e-07
fp32_strict_math,right_pad32,d4955ede5dce2e67b244906e7599038eb0306d48c276935914518b3fbcb343e0,layer_19,full_attention,1.3948035757493926e-06,1.9073486328125e-06,3.570576154743321e-07
fp32_strict_math,right_pad32,d4955ede5dce2e67b244906e7599038eb0306d48c276935914518b3fbcb343e0,layer_20,linear_attention,1.3493212236426189e-06,1.9073486328125e-06,3.908397161467292e-07
fp32_strict_math,right_pad32,d4955ede5dce2e67b244906e7599038eb0306d48c276935914518b3fbcb343e0,layer_21,linear_attention,1.307589513999119e-06,2.4139881134033203e-06,4.2630728103176807e-07
fp32_strict_math,right_pad32,d4955ede5dce2e67b244906e7599038eb0306d48c276935914518b3fbcb343e0,layer_22,linear_attention,1.2558599564727047e-06,2.205371856689453e-06,4.5861435182814603e-07
fp32_strict_math,right_pad32,d4955ede5dce2e67b244906e7599038eb0306d48c276935914518b3fbcb343e0,layer_23,full_attention,1.1948303608733113e-06,2.384185791015625e-06,5.040259338784381e-07
fp32_strict_math,right_pad32,d4955ede5dce2e67b244906e7599038eb0306d48c276935914518b3fbcb343e0,layer_24,linear_attention,1.1986226127191912e-06,3.814697265625e-06,5.276231718198687e-07
fp32_strict_math,right_pad32,d4955ede5dce2e67b244906e7599038eb0306d48c276935914518b3fbcb343e0,layer_25,linear_attention,1.1577272971408092e-06,3.814697265625e-06,5.429556040326133e-07
fp32_strict_math,right_pad32,d4955ede5dce2e67b244906e7599038eb0306d48c276935914518b3fbcb343e0,layer_26,linear_attention,1.0469271956026205e-06,2.7418136596679688e-06,5.721736897612573e-07
fp32_strict_math,right_pad32,d4955ede5dce2e67b244906e7599038eb0306d48c276935914518b3fbcb343e0,layer_27,full_attention,1.1806259863078594e-06,3.337860107421875e-06,6.599992161682167e-07
fp32_strict_math,right_pad32,d4955ede5dce2e67b244906e7599038eb0306d48c276935914518b3fbcb343e0,layer_28,linear_attention,1.1572825542316423e-06,1.1444091796875e-05,7.496009857277386e-07
fp32_strict_math,right_pad32,d4955ede5dce2e67b244906e7599038eb0306d48c276935914518b3fbcb343e0,layer_29,linear_attention,1.1791166798502672e-06,9.5367431640625e-06,8.311624810630747e-07
fp32_strict_math,right_pad32,d4955ede5dce2e67b244906e7599038eb0306d48c276935914518b3fbcb343e0,layer_30,linear_attention,1.1513839126564562e-06,7.62939453125e-06,9.64961145655252e-07
fp32_strict_math,right_pad32,d4955ede5dce2e67b244906e7599038eb0306d48c276935914518b3fbcb343e0,layer_31,full_attention,1.0351461696700426e-06,5.7220458984375e-06,1.2223499652463943e-06
fp32_strict_math,right_pad32,d4955ede5dce2e67b244906e7599038eb0306d48c276935914518b3fbcb343e0,final_norm,final_norm,1.1330017741784104e-06,1.239776611328125e-05,2.6452155452716397e-06
fp32_strict_math,right_pad128,d4955ede5dce2e67b244906e7599038eb0306d48c276935914518b3fbcb343e0,embedding,embedding,0.0,0.0,0.0
fp32_strict_math,right_pad128,d4955ede5dce2e67b244906e7599038eb0306d48c276935914518b3fbcb343e0,layer_00,linear_attention,3.0422566510424076e-07,5.960464477539063e-08,1.1416295464528048e-08
fp32_strict_math,right_pad128,d4955ede5dce2e67b244906e7599038eb0306d48c276935914518b3fbcb343e0,layer_01,linear_attention,5.105740115141089e-07,1.1920928955078125e-07,2.1596406440949067e-08
fp32_strict_math,right_pad128,d4955ede5dce2e67b244906e7599038eb0306d48c276935914518b3fbcb343e0,layer_02,linear_attention,8.483154374516744e-07,7.152557373046875e-07,3.5376569229583765e-08
fp32_strict_math,right_pad128,d4955ede5dce2e67b244906e7599038eb0306d48c276935914518b3fbcb343e0,layer_03,full_attention,1.134011085923703e-06,9.5367431640625e-07,7.118660505511798e-08
fp32_strict_math,right_pad128,d4955ede5dce2e67b244906e7599038eb0306d48c276935914518b3fbcb343e0,layer_04,linear_attention,1.4077781997912098e-06,5.066394805908203e-07,1.1857414250471265e-07
fp32_strict_math,right_pad128,d4955ede5dce2e67b244906e7599038eb0306d48c276935914518b3fbcb343e0,layer_05,linear_attention,1.3525223039323464e-06,6.780028343200684e-07,1.3562711842496356e-07
fp32_strict_math,right_pad128,d4955ede5dce2e67b244906e7599038eb0306d48c276935914518b3fbcb343e0,layer_06,linear_attention,1.34581682686985e-06,1.6689300537109375e-06,1.3362151207729767e-07
fp32_strict_math,right_pad128,d4955ede5dce2e67b244906e7599038eb0306d48c276935914518b3fbcb343e0,layer_07,full_attention,1.3155109854778857e-06,9.5367431640625e-07,1.458318337199671e-07
fp32_strict_math,right_pad128,d4955ede5dce2e67b244906e7599038eb0306d48c276935914518b3fbcb343e0,layer_08,linear_attention,1.3552269138017436e-06,1.430511474609375e-06,1.458492988604121e-07
fp32_strict_math,right_pad128,d4955ede5dce2e67b244906e7599038eb0306d48c276935914518b3fbcb343e0,layer_09,linear_attention,1.3536697451854707e-06,1.430511474609375e-06,1.4864818353998999e-07
fp32_strict_math,right_pad128,d4955ede5dce2e67b244906e7599038eb0306d48c276935914518b3fbcb343e0,layer_10,linear_attention,1.365999878544244e-06,9.5367431640625e-07,1.4932875558315573e-07
fp32_strict_math,right_pad128,d4955ede5dce2e67b244906e7599038eb0306d48c276935914518b3fbcb343e0,layer_11,full_attention,1.3467646340359352e-06,1.9073486328125e-06,1.684944948010525e-07
fp32_strict_math,right_pad128,d4955ede5dce2e67b244906e7599038eb0306d48c276935914518b3fbcb343e0,layer_12,linear_attention,1.367472464153252e-06,1.430511474609375e-06,1.713114272661187e-07
fp32_strict_math,right_pad128,d4955ede5dce2e67b244906e7599038eb0306d48c276935914518b3fbcb343e0,layer_13,linear_attention,1.3832718650519382e-06,9.5367431640625e-07,1.8493001618935523e-07
fp32_strict_math,right_pad128,d4955ede5dce2e67b244906e7599038eb0306d48c276935914518b3fbcb343e0,layer_14,linear_attention,1.346468593510508e-06,1.0132789611816406e-06,1.9037724996451288e-07
fp32_strict_math,right_pad128,d4955ede5dce2e67b244906e7599038eb0306d48c276935914518b3fbcb343e0,layer_15,full_attention,1.4344337841976085e-06,1.0132789611816406e-06,2.2289150081178377e-07
fp32_strict_math,right_pad128,d4955ede5dce2e67b244906e7599038eb0306d48c276935914518b3fbcb343e0,layer_16,linear_attention,1.4901130498401471e-06,1.9073486328125e-06,2.415827111690305e-07
fp32_strict_math,right_pad128,d4955ede5dce2e67b244906e7599038eb0306d48c276935914518b3fbcb343e0,layer_17,linear_attention,1.449045498702617e-06,1.4007091522216797e-06,2.6090546612067556e-07
fp32_strict_math,right_pad128,d4955ede5dce2e67b244906e7599038eb0306d48c276935914518b3fbcb343e0,layer_18,linear_attention,1.4518025182042038e-06,1.6689300537109375e-06,2.9789808309033106e-07
fp32_strict_math,right_pad128,d4955ede5dce2e67b244906e7599038eb0306d48c276935914518b3fbcb343e0,layer_19,full_attention,1.3708594224226545e-06,1.7881393432617188e-06,3.5047159485657176e-07
fp32_strict_math,right_pad128,d4955ede5dce2e67b244906e7599038eb0306d48c276935914518b3fbcb343e0,layer_20,linear_attention,1.3523833786166506e-06,3.337860107421875e-06,3.9043371202751587e-07
fp32_strict_math,right_pad128,d4955ede5dce2e67b244906e7599038eb0306d48c276935914518b3fbcb343e0,layer_21,linear_attention,1.359425368718803e-06,5.7220458984375e-06,4.3430409846223483e-07
fp32_strict_math,right_pad128,d4955ede5dce2e67b244906e7599038eb0306d48c276935914518b3fbcb343e0,layer_22,linear_attention,1.3328896102393628e-06,6.67572021484375e-06,4.82763596210134e-07
fp32_strict_math,right_pad128,d4955ede5dce2e67b244906e7599038eb0306d48c276935914518b3fbcb343e0,layer_23,full_attention,1.233652483279002e-06,6.67572021484375e-06,5.17588318871276e-07
fp32_strict_math,right_pad128,d4955ede5dce2e67b244906e7599038eb0306d48c276935914518b3fbcb343e0,layer_24,linear_attention,1.2587113360496005e-06,6.67572021484375e-06,5.509309630724601e-07
fp32_strict_math,right_pad128,d4955ede5dce2e67b244906e7599038eb0306d48c276935914518b3fbcb343e0,layer_25,linear_attention,1.2408663678797893e-06,5.7220458984375e-06,5.814035830553621e-07
fp32_strict_math,right_pad128,d4955ede5dce2e67b244906e7599038eb0306d48c276935914518b3fbcb343e0,layer_26,linear_attention,1.0955074003504706e-06,4.0531158447265625e-06,6.046662974767969e-07
fp32_strict_math,right_pad128,d4955ede5dce2e67b244906e7599038eb0306d48c276935914518b3fbcb343e0,layer_27,full_attention,1.2558574553622748e-06,3.814697265625e-06,7.094331522239372e-07
fp32_strict_math,right_pad128,d4955ede5dce2e67b244906e7599038eb0306d48c276935914518b3fbcb343e0,layer_28,linear_attention,1.236314233210578e-06,5.7220458984375e-06,8.240305646722845e-07
fp32_strict_math,right_pad128,d4955ede5dce2e67b244906e7599038eb0306d48c276935914518b3fbcb343e0,layer_29,linear_attention,1.307629531765997e-06,9.5367431640625e-06,9.262708999813185e-07
fp32_strict_math,right_pad128,d4955ede5dce2e67b244906e7599038eb0306d48c276935914518b3fbcb343e0,layer_30,linear_attention,1.2883373301519896e-06,5.7220458984375e-06,1.0832554835360497e-06
fp32_strict_math,right_pad128,d4955ede5dce2e67b244906e7599038eb0306d48c276935914518b3fbcb343e0,layer_31,full_attention,1.210095774695219e-06,8.58306884765625e-06,1.3986922340336605e-06
fp32_strict_math,right_pad128,d4955ede5dce2e67b244906e7599038eb0306d48c276935914518b3fbcb343e0,final_norm,final_norm,1.3219957963883644e-06,1.621246337890625e-05,3.0359574338945094e-06
fp32_strict_math,mixed_batch3,d4955ede5dce2e67b244906e7599038eb0306d48c276935914518b3fbcb343e0,embedding,embedding,0.0,0.0,0.0
fp32_strict_math,mixed_batch3,d4955ede5dce2e67b244906e7599038eb0306d48c276935914518b3fbcb343e0,layer_00,linear_attention,3.485108663880965e-07,2.384185791015625e-07,1.254172765641215e-08
fp32_strict_math,mixed_batch3,d4955ede5dce2e67b244906e7599038eb0306d48c276935914518b3fbcb343e0,layer_01,linear_attention,5.735842592002882e-07,7.152557373046875e-07,2.1697996288594368e-08
fp32_strict_math,mixed_batch3,d4955ede5dce2e67b244906e7599038eb0306d48c276935914518b3fbcb343e0,layer_02,linear_attention,8.590822062615189e-07,2.384185791015625e-07,3.679160798242265e-08
fp32_strict_math,mixed_batch3,d4955ede5dce2e67b244906e7599038eb0306d48c276935914518b3fbcb343e0,layer_03,full_attention,1.1021751333828433e-06,3.0547380447387695e-07,7.013814240508509e-08
fp32_strict_math,mixed_batch3,d4955ede5dce2e67b244906e7599038eb0306d48c276935914518b3fbcb343e0,layer_04,linear_attention,1.4744884992978768e-06,9.5367431640625e-07,1.2285059369787632e-07
fp32_strict_math,mixed_batch3,d4955ede5dce2e67b244906e7599038eb0306d48c276935914518b3fbcb343e0,layer_05,linear_attention,1.378192905576725e-06,9.5367431640625e-07,1.37561443125378e-07
fp32_strict_math,mixed_batch3,d4955ede5dce2e67b244906e7599038eb0306d48c276935914518b3fbcb343e0,layer_06,linear_attention,1.366171773042879e-06,8.344650268554688e-07,1.3727658654261177e-07
fp32_strict_math,mixed_batch3,d4955ede5dce2e67b244906e7599038eb0306d48c276935914518b3fbcb343e0,layer_07,full_attention,1.4224082178770914e-06,8.344650268554688e-07,1.6104732480926032e-07
fp32_strict_math,mixed_batch3,d4955ede5dce2e67b244906e7599038eb0306d48c276935914518b3fbcb343e0,layer_08,linear_attention,1.4638081893281196e-06,9.5367431640625e-07,1.59216682504848e-07
fp32_strict_math,mixed_batch3,d4955ede5dce2e67b244906e7599038eb0306d48c276935914518b3fbcb343e0,layer_09,linear_attention,1.4529480267810868e-06,8.456408977508545e-07,1.6163713212336006e-07
fp32_strict_math,mixed_batch3,d4955ede5dce2e67b244906e7599038eb0306d48c276935914518b3fbcb343e0,layer_10,linear_attention,1.4577620959244086e-06,9.5367431640625e-07,1.5987662038696726e-07
fp32_strict_math,mixed_batch3,d4955ede5dce2e67b244906e7599038eb0306d48c276935914518b3fbcb343e0,layer_11,full_attention,1.5329136431319057e-06,9.5367431640625e-07,1.9609051093993912e-07
fp32_strict_math,mixed_batch3,d4955ede5dce2e67b244906e7599038eb0306d48c276935914518b3fbcb343e0,layer_12,linear_attention,1.5869202343310462e-06,1.0170042514801025e-06,2.0136039324825106e-07
fp32_strict_math,mixed_batch3,d4955ede5dce2e67b244906e7599038eb0306d48c276935914518b3fbcb343e0,layer_13,linear_attention,1.6138042155944277e-06,9.424984455108643e-07,2.1613887213334237e-07
fp32_strict_math,mixed_batch3,d4955ede5dce2e67b244906e7599038eb0306d48c276935914518b3fbcb343e0,layer_14,linear_attention,1.6122527313200408e-06,1.0337680578231812e-06,2.2997701876192878e-07
fp32_strict_math,mixed_batch3,d4955ede5dce2e67b244906e7599038eb0306d48c276935914518b3fbcb343e0,layer_15,full_attention,1.6235242128459504e-06,1.0281801223754883e-06,2.5404224857084046e-07
fp32_strict_math,mixed_batch3,d4955ede5dce2e67b244906e7599038eb0306d48c276935914518b3fbcb343e0,layer_16,linear_attention,1.7014697277772939e-06,1.3187527656555176e-06,2.797105480567552e-07
fp32_strict_math,mixed_batch3,d4955ede5dce2e67b244906e7599038eb0306d48c276935914518b3fbcb343e0,layer_17,linear_attention,1.9895278455805965e-06,2.86102294921875e-06,3.569502950995229e-07
fp32_strict_math,mixed_batch3,d4955ede5dce2e67b244906e7599038eb0306d48c276935914518b3fbcb343e0,layer_18,linear_attention,2.1706791812903248e-06,2.384185791015625e-06,4.4658955289378355e-07
fp32_strict_math,mixed_batch3,d4955ede5dce2e67b244906e7599038eb0306d48c276935914518b3fbcb343e0,layer_19,full_attention,2.2300880573311588e-06,6.198883056640625e-06,5.67553797736764e-07
fp32_strict_math,mixed_batch3,d4955ede5dce2e67b244906e7599038eb0306d48c276935914518b3fbcb343e0,layer_20,linear_attention,2.20214610635594e-06,5.245208740234375e-06,6.417625399990357e-07
fp32_strict_math,mixed_batch3,d4955ede5dce2e67b244906e7599038eb0306d48c276935914518b3fbcb343e0,layer_21,linear_attention,2.118366182912723e-06,3.814697265625e-06,6.97184646014648e-07
fp32_strict_math,mixed_batch3,d4955ede5dce2e67b244906e7599038eb0306d48c276935914518b3fbcb343e0,layer_22,linear_attention,2.0774862150574336e-06,1.049041748046875e-05,7.472062861779705e-07
fp32_strict_math,mixed_batch3,d4955ede5dce2e67b244906e7599038eb0306d48c276935914518b3fbcb343e0,layer_23,full_attention,1.8734896229943843e-06,8.58306884765625e-06,7.887956599006429e-07
fp32_strict_math,mixed_batch3,d4955ede5dce2e67b244906e7599038eb0306d48c276935914518b3fbcb343e0,layer_24,linear_attention,1.841050334405736e-06,9.5367431640625e-06,8.112107821034442e-07
fp32_strict_math,mixed_batch3,d4955ede5dce2e67b244906e7599038eb0306d48c276935914518b3fbcb343e0,layer_25,linear_attention,1.7786531998353894e-06,1.1444091796875e-05,8.322132885041356e-07
fp32_strict_math,mixed_batch3,d4955ede5dce2e67b244906e7599038eb0306d48c276935914518b3fbcb343e0,layer_26,linear_attention,1.842337610469258e-06,3.4332275390625e-05,8.685867101121403e-07
fp32_strict_math,mixed_batch3,d4955ede5dce2e67b244906e7599038eb0306d48c276935914518b3fbcb343e0,layer_27,full_attention,1.7626887256483315e-06,1.52587890625e-05,9.696007055026712e-07
fp32_strict_math,mixed_batch3,d4955ede5dce2e67b244906e7599038eb0306d48c276935914518b3fbcb343e0,layer_28,linear_attention,1.7317946685579955e-06,2.47955322265625e-05,1.0917731287918286e-06
fp32_strict_math,mixed_batch3,d4955ede5dce2e67b244906e7599038eb0306d48c276935914518b3fbcb343e0,layer_29,linear_attention,1.7362963262712583e-06,2.288818359375e-05,1.1827626167359995e-06
fp32_strict_math,mixed_batch3,d4955ede5dce2e67b244906e7599038eb0306d48c276935914518b3fbcb343e0,layer_30,linear_attention,1.6713529475964606e-06,2.288818359375e-05,1.3680498796020402e-06
fp32_strict_math,mixed_batch3,d4955ede5dce2e67b244906e7599038eb0306d48c276935914518b3fbcb343e0,layer_31,full_attention,1.4336432059280924e-06,1.0013580322265625e-05,1.680364903222653e-06
fp32_strict_math,mixed_batch3,d4955ede5dce2e67b244906e7599038eb0306d48c276935914518b3fbcb343e0,final_norm,final_norm,1.5703385543019976e-06,2.384185791015625e-05,3.638731868704781e-06
fp32_strict_math,left_pad32_explicit,d4955ede5dce2e67b244906e7599038eb0306d48c276935914518b3fbcb343e0,embedding,embedding,0.0,0.0,0.0
fp32_strict_math,left_pad32_explicit,d4955ede5dce2e67b244906e7599038eb0306d48c276935914518b3fbcb343e0,layer_00,linear_attention,2.940634828973998e-07,5.587935447692871e-08,1.1062866178690456e-08
fp32_strict_math,left_pad32_explicit,d4955ede5dce2e67b244906e7599038eb0306d48c276935914518b3fbcb343e0,layer_01,linear_attention,4.3727939669224725e-07,9.12696123123169e-08,1.8301250293006888e-08
fp32_strict_math,left_pad32_explicit,d4955ede5dce2e67b244906e7599038eb0306d48c276935914518b3fbcb343e0,layer_02,linear_attention,7.586293691019819e-07,1.5087425708770752e-07,3.300069550959961e-08
fp32_strict_math,left_pad32_explicit,d4955ede5dce2e67b244906e7599038eb0306d48c276935914518b3fbcb343e0,layer_03,full_attention,1.06256027265772e-06,4.76837158203125e-07,6.732957302801879e-08
fp32_strict_math,left_pad32_explicit,d4955ede5dce2e67b244906e7599038eb0306d48c276935914518b3fbcb343e0,layer_04,linear_attention,1.3625329984279233e-06,4.76837158203125e-07,1.1459460580454106e-07
fp32_strict_math,left_pad32_explicit,d4955ede5dce2e67b244906e7599038eb0306d48c276935914518b3fbcb343e0,layer_05,linear_attention,1.2690022686001612e-06,9.5367431640625e-07,1.2714735930785537e-07
fp32_strict_math,left_pad32_explicit,d4955ede5dce2e67b244906e7599038eb0306d48c276935914518b3fbcb343e0,layer_06,linear_attention,1.2313946626818506e-06,5.21540641784668e-07,1.2413019589985197e-07
fp32_strict_math,left_pad32_explicit,d4955ede5dce2e67b244906e7599038eb0306d48c276935914518b3fbcb343e0,layer_07,full_attention,1.2662142125918763e-06,7.152557373046875e-07,1.4241304313600267e-07
fp32_strict_math,left_pad32_explicit,d4955ede5dce2e67b244906e7599038eb0306d48c276935914518b3fbcb343e0,layer_08,linear_attention,1.297450580750592e-06,9.5367431640625e-07,1.410352581387997e-07
fp32_strict_math,left_pad32_explicit,d4955ede5dce2e67b244906e7599038eb0306d48c276935914518b3fbcb343e0,layer_09,linear_attention,1.268845949198294e-06,6.705522537231445e-07,1.4036876905265672e-07
fp32_strict_math,left_pad32_explicit,d4955ede5dce2e67b244906e7599038eb0306d48c276935914518b3fbcb343e0,layer_10,linear_attention,1.300916551372211e-06,1.430511474609375e-06,1.4366696632350795e-07
fp32_strict_math,left_pad32_explicit,d4955ede5dce2e67b244906e7599038eb0306d48c276935914518b3fbcb343e0,layer_11,full_attention,1.3008849464313244e-06,1.9073486328125e-06,1.639164111111313e-07
fp32_strict_math,left_pad32_explicit,d4955ede5dce2e67b244906e7599038eb0306d48c276935914518b3fbcb343e0,layer_12,linear_attention,1.280503624911944e-06,1.430511474609375e-06,1.6024941373871116e-07
fp32_strict_math,left_pad32_explicit,d4955ede5dce2e67b244906e7599038eb0306d48c276935914518b3fbcb343e0,layer_13,linear_attention,1.3147450772521552e-06,2.384185791015625e-06,1.7139636554475146e-07
fp32_strict_math,left_pad32_explicit,d4955ede5dce2e67b244906e7599038eb0306d48c276935914518b3fbcb343e0,layer_14,linear_attention,1.2782462590621435e-06,9.5367431640625e-07,1.8181472682954336e-07
fp32_strict_math,left_pad32_explicit,d4955ede5dce2e67b244906e7599038eb0306d48c276935914518b3fbcb343e0,layer_15,full_attention,1.38561847506935e-06,1.430511474609375e-06,2.1526011551031843e-07
fp32_strict_math,left_pad32_explicit,d4955ede5dce2e67b244906e7599038eb0306d48c276935914518b3fbcb343e0,layer_16,linear_attention,1.4382517292688135e-06,1.043081283569336e-06,2.374683418793211e-07
fp32_strict_math,left_pad32_explicit,d4955ede5dce2e67b244906e7599038eb0306d48c276935914518b3fbcb343e0,layer_17,linear_attention,1.604452563697123e-06,1.9073486328125e-06,2.8810100616283307e-07
fp32_strict_math,left_pad32_explicit,d4955ede5dce2e67b244906e7599038eb0306d48c276935914518b3fbcb343e0,layer_18,linear_attention,1.6445103483420098e-06,2.384185791015625e-06,3.39355750611503e-07
fp32_strict_math,left_pad32_explicit,d4955ede5dce2e67b244906e7599038eb0306d48c276935914518b3fbcb343e0,layer_19,full_attention,1.6170509979929193e-06,3.337860107421875e-06,4.1315851717627083e-07
fp32_strict_math,left_pad32_explicit,d4955ede5dce2e67b244906e7599038eb0306d48c276935914518b3fbcb343e0,layer_20,linear_attention,1.5482672779398854e-06,2.205371856689453e-06,4.465433391942497e-07
fp32_strict_math,left_pad32_explicit,d4955ede5dce2e67b244906e7599038eb0306d48c276935914518b3fbcb343e0,layer_21,linear_attention,1.4734775959368562e-06,2.3245811462402344e-06,4.755769680286903e-07
fp32_strict_math,left_pad32_explicit,d4955ede5dce2e67b244906e7599038eb0306d48c276935914518b3fbcb343e0,layer_22,linear_attention,1.4305277318271692e-06,2.86102294921875e-06,5.228815780355944e-07
fp32_strict_math,left_pad32_explicit,d4955ede5dce2e67b244906e7599038eb0306d48c276935914518b3fbcb343e0,layer_23,full_attention,1.4009464166520047e-06,2.86102294921875e-06,5.924037509430491e-07
fp32_strict_math,left_pad32_explicit,d4955ede5dce2e67b244906e7599038eb0306d48c276935914518b3fbcb343e0,layer_24,linear_attention,1.4144917486191844e-06,5.7220458984375e-06,6.195545552145632e-07
fp32_strict_math,left_pad32_explicit,d4955ede5dce2e67b244906e7599038eb0306d48c276935914518b3fbcb343e0,layer_25,linear_attention,1.3713826092498493e-06,5.7220458984375e-06,6.41199221718125e-07
fp32_strict_math,left_pad32_explicit,d4955ede5dce2e67b244906e7599038eb0306d48c276935914518b3fbcb343e0,layer_26,linear_attention,1.2181026249891147e-06,3.2186508178710938e-06,6.638750846832409e-07
fp32_strict_math,left_pad32_explicit,d4955ede5dce2e67b244906e7599038eb0306d48c276935914518b3fbcb343e0,layer_27,full_attention,1.4391175682249013e-06,5.7220458984375e-06,7.981470844242722e-07
fp32_strict_math,left_pad32_explicit,d4955ede5dce2e67b244906e7599038eb0306d48c276935914518b3fbcb343e0,layer_28,linear_attention,1.4590659702662379e-06,5.125999450683594e-06,9.686809789855033e-07
fp32_strict_math,left_pad32_explicit,d4955ede5dce2e67b244906e7599038eb0306d48c276935914518b3fbcb343e0,layer_29,linear_attention,1.5334267118305434e-06,5.4836273193359375e-06,1.0881907428483828e-06
fp32_strict_math,left_pad32_explicit,d4955ede5dce2e67b244906e7599038eb0306d48c276935914518b3fbcb343e0,layer_30,linear_attention,1.524988078926981e-06,6.198883056640625e-06,1.2891854339613928e-06
fp32_strict_math,left_pad32_explicit,d4955ede5dce2e67b244906e7599038eb0306d48c276935914518b3fbcb343e0,layer_31,full_attention,1.7015488538163481e-06,6.4849853515625e-05,1.6866994201336638e-06
fp32_strict_math,left_pad32_explicit,d4955ede5dce2e67b244906e7599038eb0306d48c276935914518b3fbcb343e0,final_norm,final_norm,1.6295317664116737e-06,3.147125244140625e-05,3.681019279611064e-06
fp32_strict_math,repeat_alone,330322a632bb1efa3b2979d67e2f9b99eb7190450a121d8fac26014a6dbab5d9,embedding,embedding,0.0,0.0,0.0
fp32_strict_math,repeat_alone,330322a632bb1efa3b2979d67e2f9b99eb7190450a121d8fac26014a6dbab5d9,layer_00,linear_attention,0.0,0.0,0.0
fp32_strict_math,repeat_alone,330322a632bb1efa3b2979d67e2f9b99eb7190450a121d8fac26014a6dbab5d9,layer_01,linear_attention,0.0,0.0,0.0
fp32_strict_math,repeat_alone,330322a632bb1efa3b2979d67e2f9b99eb7190450a121d8fac26014a6dbab5d9,layer_02,linear_attention,0.0,0.0,0.0
fp32_strict_math,repeat_alone,330322a632bb1efa3b2979d67e2f9b99eb7190450a121d8fac26014a6dbab5d9,layer_03,full_attention,0.0,0.0,0.0
fp32_strict_math,repeat_alone,330322a632bb1efa3b2979d67e2f9b99eb7190450a121d8fac26014a6dbab5d9,layer_04,linear_attention,0.0,0.0,0.0
fp32_strict_math,repeat_alone,330322a632bb1efa3b2979d67e2f9b99eb7190450a121d8fac26014a6dbab5d9,layer_05,linear_attention,0.0,0.0,0.0
fp32_strict_math,repeat_alone,330322a632bb1efa3b2979d67e2f9b99eb7190450a121d8fac26014a6dbab5d9,layer_06,linear_attention,0.0,0.0,0.0
fp32_strict_math,repeat_alone,330322a632bb1efa3b2979d67e2f9b99eb7190450a121d8fac26014a6dbab5d9,layer_07,full_attention,0.0,0.0,0.0
fp32_strict_math,repeat_alone,330322a632bb1efa3b2979d67e2f9b99eb7190450a121d8fac26014a6dbab5d9,layer_08,linear_attention,0.0,0.0,0.0
fp32_strict_math,repeat_alone,330322a632bb1efa3b2979d67e2f9b99eb7190450a121d8fac26014a6dbab5d9,layer_09,linear_attention,0.0,0.0,0.0
fp32_strict_math,repeat_alone,330322a632bb1efa3b2979d67e2f9b99eb7190450a121d8fac26014a6dbab5d9,layer_10,linear_attention,0.0,0.0,0.0
fp32_strict_math,repeat_alone,330322a632bb1efa3b2979d67e2f9b99eb7190450a121d8fac26014a6dbab5d9,layer_11,full_attention,0.0,0.0,0.0
fp32_strict_math,repeat_alone,330322a632bb1efa3b2979d67e2f9b99eb7190450a121d8fac26014a6dbab5d9,layer_12,linear_attention,0.0,0.0,0.0
fp32_strict_math,repeat_alone,330322a632bb1efa3b2979d67e2f9b99eb7190450a121d8fac26014a6dbab5d9,layer_13,linear_attention,0.0,0.0,0.0
fp32_strict_math,repeat_alone,330322a632bb1efa3b2979d67e2f9b99eb7190450a121d8fac26014a6dbab5d9,layer_14,linear_attention,0.0,0.0,0.0
fp32_strict_math,repeat_alone,330322a632bb1efa3b2979d67e2f9b99eb7190450a121d8fac26014a6dbab5d9,layer_15,full_attention,0.0,0.0,0.0
fp32_strict_math,repeat_alone,330322a632bb1efa3b2979d67e2f9b99eb7190450a121d8fac26014a6dbab5d9,layer_16,linear_attention,0.0,0.0,0.0
fp32_strict_math,repeat_alone,330322a632bb1efa3b2979d67e2f9b99eb7190450a121d8fac26014a6dbab5d9,layer_17,linear_attention,0.0,0.0,0.0
fp32_strict_math,repeat_alone,330322a632bb1efa3b2979d67e2f9b99eb7190450a121d8fac26014a6dbab5d9,layer_18,linear_attention,0.0,0.0,0.0
fp32_strict_math,repeat_alone,330322a632bb1efa3b2979d67e2f9b99eb7190450a121d8fac26014a6dbab5d9,layer_19,full_attention,0.0,0.0,0.0
fp32_strict_math,repeat_alone,330322a632bb1efa3b2979d67e2f9b99eb7190450a121d8fac26014a6dbab5d9,layer_20,linear_attention,0.0,0.0,0.0
fp32_strict_math,repeat_alone,330322a632bb1efa3b2979d67e2f9b99eb7190450a121d8fac26014a6dbab5d9,layer_21,linear_attention,0.0,0.0,0.0
fp32_strict_math,repeat_alone,330322a632bb1efa3b2979d67e2f9b99eb7190450a121d8fac26014a6dbab5d9,layer_22,linear_attention,0.0,0.0,0.0
fp32_strict_math,repeat_alone,330322a632bb1efa3b2979d67e2f9b99eb7190450a121d8fac26014a6dbab5d9,layer_23,full_attention,0.0,0.0,0.0
fp32_strict_math,repeat_alone,330322a632bb1efa3b2979d67e2f9b99eb7190450a121d8fac26014a6dbab5d9,layer_24,linear_attention,0.0,0.0,0.0
fp32_strict_math,repeat_alone,330322a632bb1efa3b2979d67e2f9b99eb7190450a121d8fac26014a6dbab5d9,layer_25,linear_attention,0.0,0.0,0.0
fp32_strict_math,repeat_alone,330322a632bb1efa3b2979d67e2f9b99eb7190450a121d8fac26014a6dbab5d9,layer_26,linear_attention,0.0,0.0,0.0
fp32_strict_math,repeat_alone,330322a632bb1efa3b2979d67e2f9b99eb7190450a121d8fac26014a6dbab5d9,layer_27,full_attention,0.0,0.0,0.0
fp32_strict_math,repeat_alone,330322a632bb1efa3b2979d67e2f9b99eb7190450a121d8fac26014a6dbab5d9,layer_28,linear_attention,0.0,0.0,0.0
fp32_strict_math,repeat_alone,330322a632bb1efa3b2979d67e2f9b99eb7190450a121d8fac26014a6dbab5d9,layer_29,linear_attention,0.0,0.0,0.0
fp32_strict_math,repeat_alone,330322a632bb1efa3b2979d67e2f9b99eb7190450a121d8fac26014a6dbab5d9,layer_30,linear_attention,0.0,0.0,0.0
fp32_strict_math,repeat_alone,330322a632bb1efa3b2979d67e2f9b99eb7190450a121d8fac26014a6dbab5d9,layer_31,full_attention,0.0,0.0,0.0
fp32_strict_math,repeat_alone,330322a632bb1efa3b2979d67e2f9b99eb7190450a121d8fac26014a6dbab5d9,final_norm,final_norm,0.0,0.0,0.0
fp32_strict_math,duplicate_batch2,330322a632bb1efa3b2979d67e2f9b99eb7190450a121d8fac26014a6dbab5d9,embedding,embedding,0.0,0.0,0.0
fp32_strict_math,duplicate_batch2,330322a632bb1efa3b2979d67e2f9b99eb7190450a121d8fac26014a6dbab5d9,layer_00,linear_attention,3.344701724472543e-07,5.960464477539063e-08,1.2599315368788666e-08
fp32_strict_math,duplicate_batch2,330322a632bb1efa3b2979d67e2f9b99eb7190450a121d8fac26014a6dbab5d9,layer_01,linear_attention,4.854195481129864e-07,2.384185791015625e-07,2.0521497390291188e-08
fp32_strict_math,duplicate_batch2,330322a632bb1efa3b2979d67e2f9b99eb7190450a121d8fac26014a6dbab5d9,layer_02,linear_attention,8.47435103423777e-07,2.384185791015625e-07,3.773476464630221e-08
fp32_strict_math,duplicate_batch2,330322a632bb1efa3b2979d67e2f9b99eb7190450a121d8fac26014a6dbab5d9,layer_03,full_attention,1.0225331834590179e-06,4.76837158203125e-07,6.647692174510667e-08
fp32_strict_math,duplicate_batch2,330322a632bb1efa3b2979d67e2f9b99eb7190450a121d8fac26014a6dbab5d9,layer_04,linear_attention,1.3885232874599751e-06,5.066394805908203e-07,1.1724932846846059e-07
fp32_strict_math,duplicate_batch2,330322a632bb1efa3b2979d67e2f9b99eb7190450a121d8fac26014a6dbab5d9,layer_05,linear_attention,1.3106440519550233e-06,6.221234798431396e-07,1.3204763149587961e-07
fp32_strict_math,duplicate_batch2,330322a632bb1efa3b2979d67e2f9b99eb7190450a121d8fac26014a6dbab5d9,layer_06,linear_attention,1.3121057236276101e-06,1.430511474609375e-06,1.2825543649341853e-07
fp32_strict_math,duplicate_batch2,330322a632bb1efa3b2979d67e2f9b99eb7190450a121d8fac26014a6dbab5d9,layer_07,full_attention,1.3473512581185787e-06,1.9073486328125e-06,1.4918251167728158e-07
fp32_strict_math,duplicate_batch2,330322a632bb1efa3b2979d67e2f9b99eb7190450a121d8fac26014a6dbab5d9,layer_08,linear_attention,1.3154672160453629e-06,6.854534149169922e-07,1.426540592319725e-07
fp32_strict_math,duplicate_batch2,330322a632bb1efa3b2979d67e2f9b99eb7190450a121d8fac26014a6dbab5d9,layer_09,linear_attention,1.2718734296868206e-06,6.668269634246826e-07,1.3829858858116495e-07
fp32_strict_math,duplicate_batch2,330322a632bb1efa3b2979d67e2f9b99eb7190450a121d8fac26014a6dbab5d9,layer_10,linear_attention,1.3002858167965314e-06,7.152557373046875e-07,1.4125107838935946e-07
fp32_strict_math,duplicate_batch2,330322a632bb1efa3b2979d67e2f9b99eb7190450a121d8fac26014a6dbab5d9,layer_11,full_attention,1.243409883500135e-06,7.301568984985352e-07,1.5528158314737084e-07
fp32_strict_math,duplicate_batch2,330322a632bb1efa3b2979d67e2f9b99eb7190450a121d8fac26014a6dbab5d9,layer_12,linear_attention,1.2758083585140412e-06,9.5367431640625e-07,1.5659115604194085e-07
fp32_strict_math,duplicate_batch2,330322a632bb1efa3b2979d67e2f9b99eb7190450a121d8fac26014a6dbab5d9,layer_13,linear_attention,1.30806199649669e-06,9.5367431640625e-07,1.7018683706737647e-07
fp32_strict_math,duplicate_batch2,330322a632bb1efa3b2979d67e2f9b99eb7190450a121d8fac26014a6dbab5d9,layer_14,linear_attention,1.3436543895295472e-06,8.046627044677734e-07,1.8775581622776372e-07
fp32_strict_math,duplicate_batch2,330322a632bb1efa3b2979d67e2f9b99eb7190450a121d8fac26014a6dbab5d9,layer_15,full_attention,1.5166862112891977e-06,1.430511474609375e-06,2.3203901378110459e-07
fp32_strict_math,duplicate_batch2,330322a632bb1efa3b2979d67e2f9b99eb7190450a121d8fac26014a6dbab5d9,layer_16,linear_attention,1.6509227407368599e-06,1.430511474609375e-06,2.6495709448681737e-07
fp32_strict_math,duplicate_batch2,330322a632bb1efa3b2979d67e2f9b99eb7190450a121d8fac26014a6dbab5d9,layer_17,linear_attention,1.6127371509355726e-06,3.337860107421875e-06,2.8088794579161913e-07
fp32_strict_math,duplicate_batch2,330322a632bb1efa3b2979d67e2f9b99eb7190450a121d8fac26014a6dbab5d9,layer_18,linear_attention,1.6294776514769183e-06,5.7220458984375e-06,3.202803782187402e-07
fp32_strict_math,duplicate_batch2,330322a632bb1efa3b2979d67e2f9b99eb7190450a121d8fac26014a6dbab5d9,layer_19,full_attention,1.5527022014794056e-06,6.198883056640625e-06,3.940367605537176e-07
fp32_strict_math,duplicate_batch2,330322a632bb1efa3b2979d67e2f9b99eb7190450a121d8fac26014a6dbab5d9,layer_20,linear_attention,1.5384206335511408e-06,8.106231689453125e-06,4.395391499656398e-07
fp32_strict_math,duplicate_batch2,330322a632bb1efa3b2979d67e2f9b99eb7190450a121d8fac26014a6dbab5d9,layer_21,linear_attention,1.4416976910069934e-06,5.7220458984375e-06,4.698991631357785e-07
fp32_strict_math,duplicate_batch2,330322a632bb1efa3b2979d67e2f9b99eb7190450a121d8fac26014a6dbab5d9,layer_22,linear_attention,1.361003342026379e-06,4.76837158203125e-06,5.097845132695511e-07
fp32_strict_math,duplicate_batch2,330322a632bb1efa3b2979d67e2f9b99eb7190450a121d8fac26014a6dbab5d9,layer_23,full_attention,1.3292964240463334e-06,8.58306884765625e-06,5.644072871291428e-07
fp32_strict_math,duplicate_batch2,330322a632bb1efa3b2979d67e2f9b99eb7190450a121d8fac26014a6dbab5d9,layer_24,linear_attention,1.3283180351209012e-06,1.049041748046875e-05,5.877400326426141e-07
fp32_strict_math,duplicate_batch2,330322a632bb1efa3b2979d67e2f9b99eb7190450a121d8fac26014a6dbab5d9,layer_25,linear_attention,1.294081471314712e-06,9.5367431640625e-06,6.140653567854315e-07
fp32_strict_math,duplicate_batch2,330322a632bb1efa3b2979d67e2f9b99eb7190450a121d8fac26014a6dbab5d9,layer_26,linear_attention,1.1132029840155155e-06,5.7220458984375e-06,6.341673497445299e-07
fp32_strict_math,duplicate_batch2,330322a632bb1efa3b2979d67e2f9b99eb7190450a121d8fac26014a6dbab5d9,layer_27,full_attention,1.3335497897060122e-06,1.33514404296875e-05,7.370755952251784e-07
fp32_strict_math,duplicate_batch2,330322a632bb1efa3b2979d67e2f9b99eb7190450a121d8fac26014a6dbab5d9,layer_28,linear_attention,1.2129643209846108e-06,1.1444091796875e-05,8.052753628362552e-07
fp32_strict_math,duplicate_batch2,330322a632bb1efa3b2979d67e2f9b99eb7190450a121d8fac26014a6dbab5d9,layer_29,linear_attention,1.2708251233561896e-06,1.1444091796875e-05,9.050880294125818e-07
fp32_strict_math,duplicate_batch2,330322a632bb1efa3b2979d67e2f9b99eb7190450a121d8fac26014a6dbab5d9,layer_30,linear_attention,1.2222983514220687e-06,5.841255187988281e-06,1.0503754310775548e-06
fp32_strict_math,duplicate_batch2,330322a632bb1efa3b2979d67e2f9b99eb7190450a121d8fac26014a6dbab5d9,layer_31,full_attention,1.2470815136111923e-06,3.62396240234375e-05,1.3733500736634596e-06
fp32_strict_math,duplicate_batch2,330322a632bb1efa3b2979d67e2f9b99eb7190450a121d8fac26014a6dbab5d9,final_norm,final_norm,1.2632170864890213e-06,2.193450927734375e-05,2.9120928957127035e-06
fp32_strict_math,right_pad32,330322a632bb1efa3b2979d67e2f9b99eb7190450a121d8fac26014a6dbab5d9,embedding,embedding,0.0,0.0,0.0
fp32_strict_math,right_pad32,330322a632bb1efa3b2979d67e2f9b99eb7190450a121d8fac26014a6dbab5d9,layer_00,linear_attention,3.1724931659482536e-07,7.450580596923828e-08,1.1901699181748882e-08
fp32_strict_math,right_pad32,330322a632bb1efa3b2979d67e2f9b99eb7190450a121d8fac26014a6dbab5d9,layer_01,linear_attention,4.651058702620503e-07,2.384185791015625e-07,1.9539607265528502e-08
fp32_strict_math,right_pad32,330322a632bb1efa3b2979d67e2f9b99eb7190450a121d8fac26014a6dbab5d9,layer_02,linear_attention,8.632380286144326e-07,9.5367431640625e-07,3.6090046506842555e-08
fp32_strict_math,right_pad32,330322a632bb1efa3b2979d67e2f9b99eb7190450a121d8fac26014a6dbab5d9,layer_03,full_attention,9.599840495866374e-07,1.1920928955078125e-06,5.981833339774312e-08
fp32_strict_math,right_pad32,330322a632bb1efa3b2979d67e2f9b99eb7190450a121d8fac26014a6dbab5d9,layer_04,linear_attention,1.2354020100246998e-06,9.5367431640625e-07,1.0407966044567729e-07
fp32_strict_math,right_pad32,330322a632bb1efa3b2979d67e2f9b99eb7190450a121d8fac26014a6dbab5d9,layer_05,linear_attention,1.273322595807258e-06,1.9073486328125e-06,1.2595501175383106e-07
fp32_strict_math,right_pad32,330322a632bb1efa3b2979d67e2f9b99eb7190450a121d8fac26014a6dbab5d9,layer_06,linear_attention,1.2806179938706919e-06,6.258487701416016e-07,1.266359532792194e-07
fp32_strict_math,right_pad32,330322a632bb1efa3b2979d67e2f9b99eb7190450a121d8fac26014a6dbab5d9,layer_07,full_attention,1.3179808320273878e-06,7.450580596923828e-07,1.484193461465111e-07
fp32_strict_math,right_pad32,330322a632bb1efa3b2979d67e2f9b99eb7190450a121d8fac26014a6dbab5d9,layer_08,linear_attention,1.3462038168654544e-06,7.711350917816162e-07,1.471357791160699e-07
fp32_strict_math,right_pad32,330322a632bb1efa3b2979d67e2f9b99eb7190450a121d8fac26014a6dbab5d9,layer_09,linear_attention,1.382649998049601e-06,9.5367431640625e-07,1.5064760816585476e-07
fp32_strict_math,right_pad32,330322a632bb1efa3b2979d67e2f9b99eb7190450a121d8fac26014a6dbab5d9,layer_10,linear_attention,1.5065282923387713e-06,7.152557373046875e-07,1.6516587209025602e-07
fp32_strict_math,right_pad32,330322a632bb1efa3b2979d67e2f9b99eb7190450a121d8fac26014a6dbab5d9,layer_11,full_attention,1.4970847814765875e-06,9.5367431640625e-07,1.8651844868600165e-07
fp32_strict_math,right_pad32,330322a632bb1efa3b2979d67e2f9b99eb7190450a121d8fac26014a6dbab5d9,layer_12,linear_attention,1.5211629715849995e-06,9.5367431640625e-07,1.872620458698293e-07
fp32_strict_math,right_pad32,330322a632bb1efa3b2979d67e2f9b99eb7190450a121d8fac26014a6dbab5d9,layer_13,linear_attention,1.5305456599890022e-06,1.0579824447631836e-06,1.9842173060169443e-07
fp32_strict_math,right_pad32,330322a632bb1efa3b2979d67e2f9b99eb7190450a121d8fac26014a6dbab5d9,layer_14,linear_attention,1.5894553371254005e-06,1.430511474609375e-06,2.2091644780175557e-07
fp32_strict_math,right_pad32,330322a632bb1efa3b2979d67e2f9b99eb7190450a121d8fac26014a6dbab5d9,layer_15,full_attention,1.6171917422980187e-06,1.1175870895385742e-06,2.4653036234667525e-07
fp32_strict_math,right_pad32,330322a632bb1efa3b2979d67e2f9b99eb7190450a121d8fac26014a6dbab5d9,layer_16,linear_attention,1.6175613382074516e-06,1.2069940567016602e-06,2.589793552942865e-07
fp32_strict_math,right_pad32,330322a632bb1efa3b2979d67e2f9b99eb7190450a121d8fac26014a6dbab5d9,layer_17,linear_attention,1.5230363032969763e-06,1.430511474609375e-06,2.715113964768534e-07
fp32_strict_math,right_pad32,330322a632bb1efa3b2979d67e2f9b99eb7190450a121d8fac26014a6dbab5d9,layer_18,linear_attention,1.5172082612480153e-06,1.519918441772461e-06,3.08044945995789e-07
fp32_strict_math,right_pad32,330322a632bb1efa3b2979d67e2f9b99eb7190450a121d8fac26014a6dbab5d9,layer_19,full_attention,1.5001553492766107e-06,1.773238182067871e-06,3.8895177567610517e-07
fp32_strict_math,right_pad32,330322a632bb1efa3b2979d67e2f9b99eb7190450a121d8fac26014a6dbab5d9,layer_20,linear_attention,1.4872408655719482e-06,2.384185791015625e-06,4.3568189767029253e-07
fp32_strict_math,right_pad32,330322a632bb1efa3b2979d67e2f9b99eb7190450a121d8fac26014a6dbab5d9,layer_21,linear_attention,1.430140628144727e-06,3.814697265625e-06,4.7253487878151645e-07
fp32_strict_math,right_pad32,330322a632bb1efa3b2979d67e2f9b99eb7190450a121d8fac26014a6dbab5d9,layer_22,linear_attention,1.3943199519417249e-06,4.76837158203125e-06,5.216134013608098e-07
fp32_strict_math,right_pad32,330322a632bb1efa3b2979d67e2f9b99eb7190450a121d8fac26014a6dbab5d9,layer_23,full_attention,1.3911861742599285e-06,7.62939453125e-06,5.948731995886192e-07
fp32_strict_math,right_pad32,330322a632bb1efa3b2979d67e2f9b99eb7190450a121d8fac26014a6dbab5d9,layer_24,linear_attention,1.4448153251578333e-06,1.239776611328125e-05,6.349492878143792e-07
fp32_strict_math,right_pad32,330322a632bb1efa3b2979d67e2f9b99eb7190450a121d8fac26014a6dbab5d9,layer_25,linear_attention,1.3973657360111247e-06,1.1444091796875e-05,6.621219768021547e-07
fp32_strict_math,right_pad32,330322a632bb1efa3b2979d67e2f9b99eb7190450a121d8fac26014a6dbab5d9,layer_26,linear_attention,1.1826433592432295e-06,3.814697265625e-06,6.814296398260922e-07
fp32_strict_math,right_pad32,330322a632bb1efa3b2979d67e2f9b99eb7190450a121d8fac26014a6dbab5d9,layer_27,full_attention,1.386226585964323e-06,7.62939453125e-06,7.940641921777569e-07
fp32_strict_math,right_pad32,330322a632bb1efa3b2979d67e2f9b99eb7190450a121d8fac26014a6dbab5d9,layer_28,linear_attention,1.2934960977872834e-06,1.1444091796875e-05,8.640756163913466e-07
fp32_strict_math,right_pad32,330322a632bb1efa3b2979d67e2f9b99eb7190450a121d8fac26014a6dbab5d9,layer_29,linear_attention,1.324939148616977e-06,9.5367431640625e-06,9.525371069685207e-07
fp32_strict_math,right_pad32,330322a632bb1efa3b2979d67e2f9b99eb7190450a121d8fac26014a6dbab5d9,layer_30,linear_attention,1.2568265219670138e-06,6.079673767089844e-06,1.0685325833037496e-06
fp32_strict_math,right_pad32,330322a632bb1efa3b2979d67e2f9b99eb7190450a121d8fac26014a6dbab5d9,layer_31,full_attention,1.161611521638406e-06,9.5367431640625e-06,1.371475832456781e-06
fp32_strict_math,right_pad32,330322a632bb1efa3b2979d67e2f9b99eb7190450a121d8fac26014a6dbab5d9,final_norm,final_norm,1.234575393027626e-06,1.621246337890625e-05,2.8474105420173146e-06
fp32_strict_math,right_pad128,330322a632bb1efa3b2979d67e2f9b99eb7190450a121d8fac26014a6dbab5d9,embedding,embedding,0.0,0.0,0.0
fp32_strict_math,right_pad128,330322a632bb1efa3b2979d67e2f9b99eb7190450a121d8fac26014a6dbab5d9,layer_00,linear_attention,3.448801919603284e-07,2.384185791015625e-07,1.2420452222272615e-08
fp32_strict_math,right_pad128,330322a632bb1efa3b2979d67e2f9b99eb7190450a121d8fac26014a6dbab5d9,layer_01,linear_attention,5.150911874807207e-07,2.384185791015625e-07,2.2078916472878518e-08
fp32_strict_math,right_pad128,330322a632bb1efa3b2979d67e2f9b99eb7190450a121d8fac26014a6dbab5d9,layer_02,linear_attention,1.0154643632631632e-06,1.3113021850585938e-06,4.0926362743221034e-08
fp32_strict_math,right_pad128,330322a632bb1efa3b2979d67e2f9b99eb7190450a121d8fac26014a6dbab5d9,layer_03,full_attention,1.121614673138538e-06,4.76837158203125e-07,7.263351875508306e-08
fp32_strict_math,right_pad128,330322a632bb1efa3b2979d67e2f9b99eb7190450a121d8fac26014a6dbab5d9,layer_04,linear_attention,1.5404327768919757e-06,9.5367431640625e-07,1.3022744838053768e-07
fp32_strict_math,right_pad128,330322a632bb1efa3b2979d67e2f9b99eb7190450a121d8fac26014a6dbab5d9,layer_05,linear_attention,1.5129321582207922e-06,2.384185791015625e-06,1.4872284737066366e-07
fp32_strict_math,right_pad128,330322a632bb1efa3b2979d67e2f9b99eb7190450a121d8fac26014a6dbab5d9,layer_06,linear_attention,1.5487376003875397e-06,2.384185791015625e-06,1.5002846964762284e-07
fp32_strict_math,right_pad128,330322a632bb1efa3b2979d67e2f9b99eb7190450a121d8fac26014a6dbab5d9,layer_07,full_attention,1.6855249214131618e-06,4.291534423828125e-06,1.7884731562389788e-07
fp32_strict_math,right_pad128,330322a632bb1efa3b2979d67e2f9b99eb7190450a121d8fac26014a6dbab5d9,layer_08,linear_attention,1.6895734233912663e-06,3.814697265625e-06,1.7604561719508638e-07
fp32_strict_math,right_pad128,330322a632bb1efa3b2979d67e2f9b99eb7190450a121d8fac26014a6dbab5d9,layer_09,linear_attention,1.5779614841449074e-06,2.384185791015625e-06,1.6870026797732862e-07
fp32_strict_math,right_pad128,330322a632bb1efa3b2979d67e2f9b99eb7190450a121d8fac26014a6dbab5d9,layer_10,linear_attention,1.687937924543803e-06,3.5762786865234375e-06,1.76817508190652e-07
fp32_strict_math,right_pad128,330322a632bb1efa3b2979d67e2f9b99eb7190450a121d8fac26014a6dbab5d9,layer_11,full_attention,1.5385375036203186e-06,1.430511474609375e-06,1.8873842577704636e-07
fp32_strict_math,right_pad128,330322a632bb1efa3b2979d67e2f9b99eb7190450a121d8fac26014a6dbab5d9,layer_12,linear_attention,1.5517176734647364e-06,1.1064112186431885e-06,1.910322708909007e-07
fp32_strict_math,right_pad128,330322a632bb1efa3b2979d67e2f9b99eb7190450a121d8fac26014a6dbab5d9,layer_13,linear_attention,1.5955557728375425e-06,1.1026859283447266e-06,2.0742936612805352e-07
fp32_strict_math,right_pad128,330322a632bb1efa3b2979d67e2f9b99eb7190450a121d8fac26014a6dbab5d9,layer_14,linear_attention,1.633148258406436e-06,1.430511474609375e-06,2.2638296570676175e-07
fp32_strict_math,right_pad128,330322a632bb1efa3b2979d67e2f9b99eb7190450a121d8fac26014a6dbab5d9,layer_15,full_attention,1.6387942878282047e-06,1.2069940567016602e-06,2.4856217351043597e-07
fp32_strict_math,right_pad128,330322a632bb1efa3b2979d67e2f9b99eb7190450a121d8fac26014a6dbab5d9,layer_16,linear_attention,1.6846674952830654e-06,1.2889504432678223e-06,2.708496253944759e-07
fp32_strict_math,right_pad128,330322a632bb1efa3b2979d67e2f9b99eb7190450a121d8fac26014a6dbab5d9,layer_17,linear_attention,1.6475197526233387e-06,1.9073486328125e-06,2.928817934844119e-07
fp32_strict_math,right_pad128,330322a632bb1efa3b2979d67e2f9b99eb7190450a121d8fac26014a6dbab5d9,layer_18,linear_attention,1.5627086895619868e-06,2.1457672119140625e-06,3.186119954534661e-07
fp32_strict_math,right_pad128,330322a632bb1efa3b2979d67e2f9b99eb7190450a121d8fac26014a6dbab5d9,layer_19,full_attention,1.4732272575201932e-06,1.9073486328125e-06,3.8410470892813464e-07
fp32_strict_math,right_pad128,330322a632bb1efa3b2979d67e2f9b99eb7190450a121d8fac26014a6dbab5d9,layer_20,linear_attention,1.442733946532826e-06,3.337860107421875e-06,4.256066006291803e-07
fp32_strict_math,right_pad128,330322a632bb1efa3b2979d67e2f9b99eb7190450a121d8fac26014a6dbab5d9,layer_21,linear_attention,1.4456035160037572e-06,5.7220458984375e-06,4.718211243925907e-07
fp32_strict_math,right_pad128,330322a632bb1efa3b2979d67e2f9b99eb7190450a121d8fac26014a6dbab5d9,layer_22,linear_attention,1.4245732700146618e-06,2.86102294921875e-06,5.316400120136677e-07
fp32_strict_math,right_pad128,330322a632bb1efa3b2979d67e2f9b99eb7190450a121d8fac26014a6dbab5d9,layer_23,full_attention,1.352488993688894e-06,4.76837158203125e-06,5.768866913058446e-07
fp32_strict_math,right_pad128,330322a632bb1efa3b2979d67e2f9b99eb7190450a121d8fac26014a6dbab5d9,layer_24,linear_attention,1.3828964711137814e-06,8.58306884765625e-06,6.159451118037396e-07
fp32_strict_math,right_pad128,330322a632bb1efa3b2979d67e2f9b99eb7190450a121d8fac26014a6dbab5d9,layer_25,linear_attention,1.3772800002698204e-06,7.62939453125e-06,6.591764645236253e-07
fp32_strict_math,right_pad128,330322a632bb1efa3b2979d67e2f9b99eb7190450a121d8fac26014a6dbab5d9,layer_26,linear_attention,1.4238852372727706e-06,2.6702880859375e-05,6.98103917784465e-07
fp32_strict_math,right_pad128,330322a632bb1efa3b2979d67e2f9b99eb7190450a121d8fac26014a6dbab5d9,layer_27,full_attention,1.3944974170954083e-06,5.7220458984375e-06,7.92851665210037e-07
fp32_strict_math,right_pad128,330322a632bb1efa3b2979d67e2f9b99eb7190450a121d8fac26014a6dbab5d9,layer_28,linear_attention,1.3063752248854144e-06,5.7220458984375e-06,8.738399515095807e-07
fp32_strict_math,right_pad128,330322a632bb1efa3b2979d67e2f9b99eb7190450a121d8fac26014a6dbab5d9,layer_29,linear_attention,1.3627274029204273e-06,5.7220458984375e-06,9.779327001524507e-07
fp32_strict_math,right_pad128,330322a632bb1efa3b2979d67e2f9b99eb7190450a121d8fac26014a6dbab5d9,layer_30,linear_attention,1.3515126511265407e-06,4.76837158203125e-06,1.1561002111193375e-06
fp32_strict_math,right_pad128,330322a632bb1efa3b2979d67e2f9b99eb7190450a121d8fac26014a6dbab5d9,layer_31,full_attention,1.3273634067445528e-06,1.1444091796875e-05,1.5502839687542291e-06
fp32_strict_math,right_pad128,330322a632bb1efa3b2979d67e2f9b99eb7190450a121d8fac26014a6dbab5d9,final_norm,final_norm,1.350119987364451e-06,1.52587890625e-05,3.1355477858596714e-06
fp32_strict_math,mixed_batch3,330322a632bb1efa3b2979d67e2f9b99eb7190450a121d8fac26014a6dbab5d9,embedding,embedding,0.0,0.0,0.0
fp32_strict_math,mixed_batch3,330322a632bb1efa3b2979d67e2f9b99eb7190450a121d8fac26014a6dbab5d9,layer_00,linear_attention,3.957553644795553e-07,8.568167686462402e-08,1.4768801293030265e-08
fp32_strict_math,mixed_batch3,330322a632bb1efa3b2979d67e2f9b99eb7190450a121d8fac26014a6dbab5d9,layer_01,linear_attention,5.418174851001822e-07,2.384185791015625e-07,2.3199527632300487e-08
fp32_strict_math,mixed_batch3,330322a632bb1efa3b2979d67e2f9b99eb7190450a121d8fac26014a6dbab5d9,layer_02,linear_attention,1.0850350236069062e-06,1.0728836059570312e-06,4.652307694641422e-08
fp32_strict_math,mixed_batch3,330322a632bb1efa3b2979d67e2f9b99eb7190450a121d8fac26014a6dbab5d9,layer_03,full_attention,1.2229510275574285e-06,4.76837158203125e-07,7.989088146587164e-08
fp32_strict_math,mixed_batch3,330322a632bb1efa3b2979d67e2f9b99eb7190450a121d8fac26014a6dbab5d9,layer_04,linear_attention,1.6525928003829904e-06,5.662441253662109e-07,1.40809603976777e-07
fp32_strict_math,mixed_batch3,330322a632bb1efa3b2979d67e2f9b99eb7190450a121d8fac26014a6dbab5d9,layer_05,linear_attention,1.5146137002375326e-06,9.5367431640625e-07,1.543718042285036e-07
fp32_strict_math,mixed_batch3,330322a632bb1efa3b2979d67e2f9b99eb7190450a121d8fac26014a6dbab5d9,layer_06,linear_attention,1.4828229950580862e-06,7.078051567077637e-07,1.4907463707913848e-07
fp32_strict_math,mixed_batch3,330322a632bb1efa3b2979d67e2f9b99eb7190450a121d8fac26014a6dbab5d9,layer_07,full_attention,1.5057280506880488e-06,9.5367431640625e-07,1.6841059391481394e-07
fp32_strict_math,mixed_batch3,330322a632bb1efa3b2979d67e2f9b99eb7190450a121d8fac26014a6dbab5d9,layer_08,linear_attention,1.5361237046818133e-06,7.972121238708496e-07,1.700718712527305e-07
fp32_strict_math,mixed_batch3,330322a632bb1efa3b2979d67e2f9b99eb7190450a121d8fac26014a6dbab5d9,layer_09,linear_attention,1.4906212300047628e-06,8.344650268554688e-07,1.649612357823571e-07
fp32_strict_math,mixed_batch3,330322a632bb1efa3b2979d67e2f9b99eb7190450a121d8fac26014a6dbab5d9,layer_10,linear_attention,1.5282643062164425e-06,8.344650268554688e-07,1.676285990015458e-07
fp32_strict_math,mixed_batch3,330322a632bb1efa3b2979d67e2f9b99eb7190450a121d8fac26014a6dbab5d9,layer_11,full_attention,1.4517838735628175e-06,9.5367431640625e-07,1.7994962320244667e-07
fp32_strict_math,mixed_batch3,330322a632bb1efa3b2979d67e2f9b99eb7190450a121d8fac26014a6dbab5d9,layer_12,linear_attention,1.4668000858364394e-06,2.86102294921875e-06,1.7865004053874145e-07
fp32_strict_math,mixed_batch3,330322a632bb1efa3b2979d67e2f9b99eb7190450a121d8fac26014a6dbab5d9,layer_13,linear_attention,1.4602112514694454e-06,1.9073486328125e-06,1.891472436454933e-07
fp32_strict_math,mixed_batch3,330322a632bb1efa3b2979d67e2f9b99eb7190450a121d8fac26014a6dbab5d9,layer_14,linear_attention,1.4916398640707484e-06,1.0021030902862549e-06,2.0673606115906296e-07
fp32_strict_math,mixed_batch3,330322a632bb1efa3b2979d67e2f9b99eb7190450a121d8fac26014a6dbab5d9,layer_15,full_attention,1.6952776604739483e-06,2.384185791015625e-06,2.5799982950047706e-07
fp32_strict_math,mixed_batch3,330322a632bb1efa3b2979d67e2f9b99eb7190450a121d8fac26014a6dbab5d9,layer_16,linear_attention,1.8707410163187888e-06,2.384185791015625e-06,2.9814336244271544e-07
fp32_strict_math,mixed_batch3,330322a632bb1efa3b2979d67e2f9b99eb7190450a121d8fac26014a6dbab5d9,layer_17,linear_attention,1.916874907692545e-06,3.814697265625e-06,3.367239855833759e-07
fp32_strict_math,mixed_batch3,330322a632bb1efa3b2979d67e2f9b99eb7190450a121d8fac26014a6dbab5d9,layer_18,linear_attention,2.0438294541236246e-06,6.9141387939453125e-06,4.110435725124262e-07
fp32_strict_math,mixed_batch3,330322a632bb1efa3b2979d67e2f9b99eb7190450a121d8fac26014a6dbab5d9,layer_19,full_attention,1.98541556528653e-06,1.0013580322265625e-05,4.981117172064842e-07
fp32_strict_math,mixed_batch3,330322a632bb1efa3b2979d67e2f9b99eb7190450a121d8fac26014a6dbab5d9,layer_20,linear_attention,2.022836042669951e-06,1.4781951904296875e-05,5.561822149502404e-07
fp32_strict_math,mixed_batch3,330322a632bb1efa3b2979d67e2f9b99eb7190450a121d8fac26014a6dbab5d9,layer_21,linear_attention,1.9270194115961203e-06,1.430511474609375e-05,6.037287789695256e-07
fp32_strict_math,mixed_batch3,330322a632bb1efa3b2979d67e2f9b99eb7190450a121d8fac26014a6dbab5d9,layer_22,linear_attention,1.852302943916584e-06,1.33514404296875e-05,6.770463869543164e-07
fp32_strict_math,mixed_batch3,330322a632bb1efa3b2979d67e2f9b99eb7190450a121d8fac26014a6dbab5d9,layer_23,full_attention,1.7765312350093154e-06,1.52587890625e-05,7.337006309171556e-07
fp32_strict_math,mixed_batch3,330322a632bb1efa3b2979d67e2f9b99eb7190450a121d8fac26014a6dbab5d9,layer_24,linear_attention,1.8530007537265192e-06,2.002716064453125e-05,7.826106411812361e-07
fp32_strict_math,mixed_batch3,330322a632bb1efa3b2979d67e2f9b99eb7190450a121d8fac26014a6dbab5d9,layer_25,linear_attention,1.7638782310314127e-06,1.71661376953125e-05,8.127179285111197e-07
fp32_strict_math,mixed_batch3,330322a632bb1efa3b2979d67e2f9b99eb7190450a121d8fac26014a6dbab5d9,layer_26,linear_attention,1.4826583765170653e-06,3.9637088775634766e-06,8.496008376823738e-07
fp32_strict_math,mixed_batch3,330322a632bb1efa3b2979d67e2f9b99eb7190450a121d8fac26014a6dbab5d9,layer_27,full_attention,1.7892372170535964e-06,2.09808349609375e-05,9.721807145979255e-07
fp32_strict_math,mixed_batch3,330322a632bb1efa3b2979d67e2f9b99eb7190450a121d8fac26014a6dbab5d9,layer_28,linear_attention,1.6922195982260746e-06,2.6702880859375e-05,1.0754999948403565e-06
fp32_strict_math,mixed_batch3,330322a632bb1efa3b2979d67e2f9b99eb7190450a121d8fac26014a6dbab5d9,layer_29,linear_attention,1.7530838931634207e-06,3.0517578125e-05,1.1816857750091003e-06
fp32_strict_math,mixed_batch3,330322a632bb1efa3b2979d67e2f9b99eb7190450a121d8fac26014a6dbab5d9,layer_30,linear_attention,1.6081877447504667e-06,2.288818359375e-05,1.3451092399918707e-06
fp32_strict_math,mixed_batch3,330322a632bb1efa3b2979d67e2f9b99eb7190450a121d8fac26014a6dbab5d9,layer_31,full_attention,1.5215092616926995e-06,3.62396240234375e-05,1.6999052832034067e-06
fp32_strict_math,mixed_batch3,330322a632bb1efa3b2979d67e2f9b99eb7190450a121d8fac26014a6dbab5d9,final_norm,final_norm,1.5607936347805662e-06,1.9073486328125e-05,3.5839439078699797e-06
fp32_strict_math,left_pad32_explicit,330322a632bb1efa3b2979d67e2f9b99eb7190450a121d8fac26014a6dbab5d9,embedding,embedding,0.0,0.0,0.0
fp32_strict_math,left_pad32_explicit,330322a632bb1efa3b2979d67e2f9b99eb7190450a121d8fac26014a6dbab5d9,layer_00,linear_attention,3.331323625843652e-07,2.384185791015625e-07,1.2041198260703823e-08
fp32_strict_math,left_pad32_explicit,330322a632bb1efa3b2979d67e2f9b99eb7190450a121d8fac26014a6dbab5d9,layer_01,linear_attention,5.33569505023479e-07,1.1920928955078125e-07,2.309063873440209e-08
fp32_strict_math,left_pad32_explicit,330322a632bb1efa3b2979d67e2f9b99eb7190450a121d8fac26014a6dbab5d9,layer_02,linear_attention,1.2001720506304991e-06,1.6689300537109375e-06,4.765896477465503e-08
fp32_strict_math,left_pad32_explicit,330322a632bb1efa3b2979d67e2f9b99eb7190450a121d8fac26014a6dbab5d9,layer_03,full_attention,1.1502706911414862e-06,9.5367431640625e-07,7.295202664181488e-08
fp32_strict_math,left_pad32_explicit,330322a632bb1efa3b2979d67e2f9b99eb7190450a121d8fac26014a6dbab5d9,layer_04,linear_attention,1.47978801123827e-06,5.662441253662109e-07,1.2576147412346472e-07
fp32_strict_math,left_pad32_explicit,330322a632bb1efa3b2979d67e2f9b99eb7190450a121d8fac26014a6dbab5d9,layer_05,linear_attention,1.3794525557386805e-06,9.5367431640625e-07,1.3934632647760736e-07
fp32_strict_math,left_pad32_explicit,330322a632bb1efa3b2979d67e2f9b99eb7190450a121d8fac26014a6dbab5d9,layer_06,linear_attention,1.4062808304515784e-06,7.301568984985352e-07,1.3973559020996618e-07
fp32_strict_math,left_pad32_explicit,330322a632bb1efa3b2979d67e2f9b99eb7190450a121d8fac26014a6dbab5d9,layer_07,full_attention,1.4149759408610407e-06,9.5367431640625e-07,1.5848627299419604e-07
fp32_strict_math,left_pad32_explicit,330322a632bb1efa3b2979d67e2f9b99eb7190450a121d8fac26014a6dbab5d9,layer_08,linear_attention,1.5005371096776798e-06,9.5367431640625e-07,1.6460998608636146e-07
fp32_strict_math,left_pad32_explicit,330322a632bb1efa3b2979d67e2f9b99eb7190450a121d8fac26014a6dbab5d9,layer_09,linear_attention,1.5560576684947591e-06,1.9073486328125e-06,1.6713283912395127e-07
fp32_strict_math,left_pad32_explicit,330322a632bb1efa3b2979d67e2f9b99eb7190450a121d8fac26014a6dbab5d9,layer_10,linear_attention,1.6255652326435666e-06,1.6689300537109375e-06,1.7614001990295947e-07
fp32_strict_math,left_pad32_explicit,330322a632bb1efa3b2979d67e2f9b99eb7190450a121d8fac26014a6dbab5d9,layer_11,full_attention,1.5650781506337808e-06,2.384185791015625e-06,1.9189965883015248e-07
fp32_strict_math,left_pad32_explicit,330322a632bb1efa3b2979d67e2f9b99eb7190450a121d8fac26014a6dbab5d9,layer_12,linear_attention,1.6225820900217514e-06,2.86102294921875e-06,1.9652361515909433e-07
fp32_strict_math,left_pad32_explicit,330322a632bb1efa3b2979d67e2f9b99eb7190450a121d8fac26014a6dbab5d9,layer_13,linear_attention,1.66276902291429e-06,2.86102294921875e-06,2.1247123527246004e-07
fp32_strict_math,left_pad32_explicit,330322a632bb1efa3b2979d67e2f9b99eb7190450a121d8fac26014a6dbab5d9,layer_14,linear_attention,1.6517924450454302e-06,1.430511474609375e-06,2.2806361243965512e-07
fp32_strict_math,left_pad32_explicit,330322a632bb1efa3b2979d67e2f9b99eb7190450a121d8fac26014a6dbab5d9,layer_15,full_attention,1.8025999679593951e-06,1.430511474609375e-06,2.7582899519984494e-07
fp32_strict_math,left_pad32_explicit,330322a632bb1efa3b2979d67e2f9b99eb7190450a121d8fac26014a6dbab5d9,layer_16,linear_attention,1.8690103615881526e-06,1.9073486328125e-06,2.9801884693370084e-07
fp32_strict_math,left_pad32_explicit,330322a632bb1efa3b2979d67e2f9b99eb7190450a121d8fac26014a6dbab5d9,layer_17,linear_attention,1.7856966678664321e-06,3.814697265625e-06,3.1239537179317267e-07
fp32_strict_math,left_pad32_explicit,330322a632bb1efa3b2979d67e2f9b99eb7190450a121d8fac26014a6dbab5d9,layer_18,linear_attention,1.7564058225616463e-06,4.0531158447265625e-06,3.542319859661802e-07
fp32_strict_math,left_pad32_explicit,330322a632bb1efa3b2979d67e2f9b99eb7190450a121d8fac26014a6dbab5d9,layer_19,full_attention,1.6160789755303995e-06,2.86102294921875e-06,4.190327729247656e-07
fp32_strict_math,left_pad32_explicit,330322a632bb1efa3b2979d67e2f9b99eb7190450a121d8fac26014a6dbab5d9,layer_20,linear_attention,1.528964844510483e-06,2.384185791015625e-06,4.4502311880023626e-07
fp32_strict_math,left_pad32_explicit,330322a632bb1efa3b2979d67e2f9b99eb7190450a121d8fac26014a6dbab5d9,layer_21,linear_attention,1.4837005437584594e-06,3.814697265625e-06,4.857303679273173e-07
fp32_strict_math,left_pad32_explicit,330322a632bb1efa3b2979d67e2f9b99eb7190450a121d8fac26014a6dbab5d9,layer_22,linear_attention,1.4067447864363203e-06,2.3543834686279297e-06,5.245183274382725e-07
fp32_strict_math,left_pad32_explicit,330322a632bb1efa3b2979d67e2f9b99eb7190450a121d8fac26014a6dbab5d9,layer_23,full_attention,1.3697663234779611e-06,8.58306884765625e-06,5.793015702693083e-07
fp32_strict_math,left_pad32_explicit,330322a632bb1efa3b2979d67e2f9b99eb7190450a121d8fac26014a6dbab5d9,layer_24,linear_attention,1.4353635151564959e-06,1.430511474609375e-05,6.18079127434612e-07
fp32_strict_math,left_pad32_explicit,330322a632bb1efa3b2979d67e2f9b99eb7190450a121d8fac26014a6dbab5d9,layer_25,linear_attention,1.377232024424302e-06,1.1444091796875e-05,6.472189966189035e-07
fp32_strict_math,left_pad32_explicit,330322a632bb1efa3b2979d67e2f9b99eb7190450a121d8fac26014a6dbab5d9,layer_26,linear_attention,1.1972152833550354e-06,1.1444091796875e-05,6.641636218773783e-07
fp32_strict_math,left_pad32_explicit,330322a632bb1efa3b2979d67e2f9b99eb7190450a121d8fac26014a6dbab5d9,layer_27,full_attention,1.3454114196065348e-06,3.948807716369629e-06,7.723727435404726e-07
fp32_strict_math,left_pad32_explicit,330322a632bb1efa3b2979d67e2f9b99eb7190450a121d8fac26014a6dbab5d9,layer_28,linear_attention,1.2490024801081745e-06,4.500150680541992e-06,8.455816100649827e-07
fp32_strict_math,left_pad32_explicit,330322a632bb1efa3b2979d67e2f9b99eb7190450a121d8fac26014a6dbab5d9,layer_29,linear_attention,1.2895918644062476e-06,4.76837158203125e-06,9.34699698973418e-07
fp32_strict_math,left_pad32_explicit,330322a632bb1efa3b2979d67e2f9b99eb7190450a121d8fac26014a6dbab5d9,layer_30,linear_attention,1.2505898894232814e-06,6.4373016357421875e-06,1.0592644912321703e-06
fp32_strict_math,left_pad32_explicit,330322a632bb1efa3b2979d67e2f9b99eb7190450a121d8fac26014a6dbab5d9,layer_31,full_attention,1.195376853502239e-06,2.47955322265625e-05,1.3643497140947147e-06
fp32_strict_math,left_pad32_explicit,330322a632bb1efa3b2979d67e2f9b99eb7190450a121d8fac26014a6dbab5d9,final_norm,final_norm,1.243084852831089e-06,1.430511474609375e-05,2.8697675134026213e-06
fp32_strict_math,repeat_alone,17d7a74707ec16de2de7773af08ebcd40670cd195e65bd17d877e56a357d64fc,embedding,embedding,0.0,0.0,0.0
fp32_strict_math,repeat_alone,17d7a74707ec16de2de7773af08ebcd40670cd195e65bd17d877e56a357d64fc,layer_00,linear_attention,0.0,0.0,0.0
fp32_strict_math,repeat_alone,17d7a74707ec16de2de7773af08ebcd40670cd195e65bd17d877e56a357d64fc,layer_01,linear_attention,0.0,0.0,0.0
fp32_strict_math,repeat_alone,17d7a74707ec16de2de7773af08ebcd40670cd195e65bd17d877e56a357d64fc,layer_02,linear_attention,0.0,0.0,0.0
fp32_strict_math,repeat_alone,17d7a74707ec16de2de7773af08ebcd40670cd195e65bd17d877e56a357d64fc,layer_03,full_attention,0.0,0.0,0.0
fp32_strict_math,repeat_alone,17d7a74707ec16de2de7773af08ebcd40670cd195e65bd17d877e56a357d64fc,layer_04,linear_attention,0.0,0.0,0.0
fp32_strict_math,repeat_alone,17d7a74707ec16de2de7773af08ebcd40670cd195e65bd17d877e56a357d64fc,layer_05,linear_attention,0.0,0.0,0.0
fp32_strict_math,repeat_alone,17d7a74707ec16de2de7773af08ebcd40670cd195e65bd17d877e56a357d64fc,layer_06,linear_attention,0.0,0.0,0.0
fp32_strict_math,repeat_alone,17d7a74707ec16de2de7773af08ebcd40670cd195e65bd17d877e56a357d64fc,layer_07,full_attention,0.0,0.0,0.0
fp32_strict_math,repeat_alone,17d7a74707ec16de2de7773af08ebcd40670cd195e65bd17d877e56a357d64fc,layer_08,linear_attention,0.0,0.0,0.0
fp32_strict_math,repeat_alone,17d7a74707ec16de2de7773af08ebcd40670cd195e65bd17d877e56a357d64fc,layer_09,linear_attention,0.0,0.0,0.0
fp32_strict_math,repeat_alone,17d7a74707ec16de2de7773af08ebcd40670cd195e65bd17d877e56a357d64fc,layer_10,linear_attention,0.0,0.0,0.0
fp32_strict_math,repeat_alone,17d7a74707ec16de2de7773af08ebcd40670cd195e65bd17d877e56a357d64fc,layer_11,full_attention,0.0,0.0,0.0
fp32_strict_math,repeat_alone,17d7a74707ec16de2de7773af08ebcd40670cd195e65bd17d877e56a357d64fc,layer_12,linear_attention,0.0,0.0,0.0
fp32_strict_math,repeat_alone,17d7a74707ec16de2de7773af08ebcd40670cd195e65bd17d877e56a357d64fc,layer_13,linear_attention,0.0,0.0,0.0
fp32_strict_math,repeat_alone,17d7a74707ec16de2de7773af08ebcd40670cd195e65bd17d877e56a357d64fc,layer_14,linear_attention,0.0,0.0,0.0
fp32_strict_math,repeat_alone,17d7a74707ec16de2de7773af08ebcd40670cd195e65bd17d877e56a357d64fc,layer_15,full_attention,0.0,0.0,0.0
fp32_strict_math,repeat_alone,17d7a74707ec16de2de7773af08ebcd40670cd195e65bd17d877e56a357d64fc,layer_16,linear_attention,0.0,0.0,0.0
fp32_strict_math,repeat_alone,17d7a74707ec16de2de7773af08ebcd40670cd195e65bd17d877e56a357d64fc,layer_17,linear_attention,0.0,0.0,0.0
fp32_strict_math,repeat_alone,17d7a74707ec16de2de7773af08ebcd40670cd195e65bd17d877e56a357d64fc,layer_18,linear_attention,0.0,0.0,0.0
fp32_strict_math,repeat_alone,17d7a74707ec16de2de7773af08ebcd40670cd195e65bd17d877e56a357d64fc,layer_19,full_attention,0.0,0.0,0.0
fp32_strict_math,repeat_alone,17d7a74707ec16de2de7773af08ebcd40670cd195e65bd17d877e56a357d64fc,layer_20,linear_attention,0.0,0.0,0.0
fp32_strict_math,repeat_alone,17d7a74707ec16de2de7773af08ebcd40670cd195e65bd17d877e56a357d64fc,layer_21,linear_attention,0.0,0.0,0.0
fp32_strict_math,repeat_alone,17d7a74707ec16de2de7773af08ebcd40670cd195e65bd17d877e56a357d64fc,layer_22,linear_attention,0.0,0.0,0.0
fp32_strict_math,repeat_alone,17d7a74707ec16de2de7773af08ebcd40670cd195e65bd17d877e56a357d64fc,layer_23,full_attention,0.0,0.0,0.0
fp32_strict_math,repeat_alone,17d7a74707ec16de2de7773af08ebcd40670cd195e65bd17d877e56a357d64fc,layer_24,linear_attention,0.0,0.0,0.0
fp32_strict_math,repeat_alone,17d7a74707ec16de2de7773af08ebcd40670cd195e65bd17d877e56a357d64fc,layer_25,linear_attention,0.0,0.0,0.0
fp32_strict_math,repeat_alone,17d7a74707ec16de2de7773af08ebcd40670cd195e65bd17d877e56a357d64fc,layer_26,linear_attention,0.0,0.0,0.0
fp32_strict_math,repeat_alone,17d7a74707ec16de2de7773af08ebcd40670cd195e65bd17d877e56a357d64fc,layer_27,full_attention,0.0,0.0,0.0
fp32_strict_math,repeat_alone,17d7a74707ec16de2de7773af08ebcd40670cd195e65bd17d877e56a357d64fc,layer_28,linear_attention,0.0,0.0,0.0
fp32_strict_math,repeat_alone,17d7a74707ec16de2de7773af08ebcd40670cd195e65bd17d877e56a357d64fc,layer_29,linear_attention,0.0,0.0,0.0
fp32_strict_math,repeat_alone,17d7a74707ec16de2de7773af08ebcd40670cd195e65bd17d877e56a357d64fc,layer_30,linear_attention,0.0,0.0,0.0
fp32_strict_math,repeat_alone,17d7a74707ec16de2de7773af08ebcd40670cd195e65bd17d877e56a357d64fc,layer_31,full_attention,0.0,0.0,0.0
fp32_strict_math,repeat_alone,17d7a74707ec16de2de7773af08ebcd40670cd195e65bd17d877e56a357d64fc,final_norm,final_norm,0.0,0.0,0.0
fp32_strict_math,duplicate_batch2,17d7a74707ec16de2de7773af08ebcd40670cd195e65bd17d877e56a357d64fc,embedding,embedding,0.0,0.0,0.0
fp32_strict_math,duplicate_batch2,17d7a74707ec16de2de7773af08ebcd40670cd195e65bd17d877e56a357d64fc,layer_00,linear_attention,3.7191296087257797e-07,2.384185791015625e-07,1.3626515915632353e-08
fp32_strict_math,duplicate_batch2,17d7a74707ec16de2de7773af08ebcd40670cd195e65bd17d877e56a357d64fc,layer_01,linear_attention,5.793208401883021e-07,1.0803341865539551e-07,2.4475957260960968e-08
fp32_strict_math,duplicate_batch2,17d7a74707ec16de2de7773af08ebcd40670cd195e65bd17d877e56a357d64fc,layer_02,linear_attention,1.308892592533084e-06,7.152557373046875e-07,5.5859345593489707e-08
fp32_strict_math,duplicate_batch2,17d7a74707ec16de2de7773af08ebcd40670cd195e65bd17d877e56a357d64fc,layer_03,full_attention,1.3950485708846827e-06,7.152557373046875e-07,8.758256342389359e-08
fp32_strict_math,duplicate_batch2,17d7a74707ec16de2de7773af08ebcd40670cd195e65bd17d877e56a357d64fc,layer_04,linear_attention,1.8228782892037998e-06,7.096678018569946e-07,1.5075856651947106e-07
fp32_strict_math,duplicate_batch2,17d7a74707ec16de2de7773af08ebcd40670cd195e65bd17d877e56a357d64fc,layer_05,linear_attention,1.673883502917306e-06,1.430511474609375e-06,1.6576913708377106e-07
fp32_strict_math,duplicate_batch2,17d7a74707ec16de2de7773af08ebcd40670cd195e65bd17d877e56a357d64fc,layer_06,linear_attention,1.6039830370573327e-06,7.767230272293091e-07,1.583301099117307e-07
fp32_strict_math,duplicate_batch2,17d7a74707ec16de2de7773af08ebcd40670cd195e65bd17d877e56a357d64fc,layer_07,full_attention,1.5730723816886893e-06,9.5367431640625e-07,1.7681023223303782e-07
fp32_strict_math,duplicate_batch2,17d7a74707ec16de2de7773af08ebcd40670cd195e65bd17d877e56a357d64fc,layer_08,linear_attention,1.5947866813803557e-06,1.430511474609375e-06,1.7133706364802492e-07
fp32_strict_math,duplicate_batch2,17d7a74707ec16de2de7773af08ebcd40670cd195e65bd17d877e56a357d64fc,layer_09,linear_attention,1.5635683894288377e-06,1.430511474609375e-06,1.6990652795811911e-07
fp32_strict_math,duplicate_batch2,17d7a74707ec16de2de7773af08ebcd40670cd195e65bd17d877e56a357d64fc,layer_10,linear_attention,1.6250905900960788e-06,9.760260581970215e-07,1.794216615280675e-07
fp32_strict_math,duplicate_batch2,17d7a74707ec16de2de7773af08ebcd40670cd195e65bd17d877e56a357d64fc,layer_11,full_attention,1.5650194882255164e-06,1.2367963790893555e-06,1.9741700896247494e-07
fp32_strict_math,duplicate_batch2,17d7a74707ec16de2de7773af08ebcd40670cd195e65bd17d877e56a357d64fc,layer_12,linear_attention,1.558348344588012e-06,1.259148120880127e-06,1.9426252606535854e-07
fp32_strict_math,duplicate_batch2,17d7a74707ec16de2de7773af08ebcd40670cd195e65bd17d877e56a357d64fc,layer_13,linear_attention,1.6100325410661753e-06,1.2814998626708984e-06,2.1306513531271776e-07
fp32_strict_math,duplicate_batch2,17d7a74707ec16de2de7773af08ebcd40670cd195e65bd17d877e56a357d64fc,layer_14,linear_attention,1.6219707958953222e-06,1.5497207641601562e-06,2.304932422703132e-07
fp32_strict_math,duplicate_batch2,17d7a74707ec16de2de7773af08ebcd40670cd195e65bd17d877e56a357d64fc,layer_15,full_attention,1.6219844383158488e-06,1.7881393432617188e-06,2.515685935122747e-07
fp32_strict_math,duplicate_batch2,17d7a74707ec16de2de7773af08ebcd40670cd195e65bd17d877e56a357d64fc,layer_16,linear_attention,1.7618498304727837e-06,1.5497207641601562e-06,2.843783590833482e-07
fp32_strict_math,duplicate_batch2,17d7a74707ec16de2de7773af08ebcd40670cd195e65bd17d877e56a357d64fc,layer_17,linear_attention,1.884018615783134e-06,1.9073486328125e-06,3.3292357670688943e-07
fp32_strict_math,duplicate_batch2,17d7a74707ec16de2de7773af08ebcd40670cd195e65bd17d877e56a357d64fc,layer_18,linear_attention,1.8920850379799958e-06,2.6226043701171875e-06,3.879227676861774e-07
fp32_strict_math,duplicate_batch2,17d7a74707ec16de2de7773af08ebcd40670cd195e65bd17d877e56a357d64fc,layer_19,full_attention,1.8360181002208265e-06,2.384185791015625e-06,4.727717168862e-07
fp32_strict_math,duplicate_batch2,17d7a74707ec16de2de7773af08ebcd40670cd195e65bd17d877e56a357d64fc,layer_20,linear_attention,1.7654867860983359e-06,4.76837158203125e-06,5.094192374599515e-07
fp32_strict_math,duplicate_batch2,17d7a74707ec16de2de7773af08ebcd40670cd195e65bd17d877e56a357d64fc,layer_21,linear_attention,1.759061660777661e-06,2.86102294921875e-06,5.716839837077714e-07
fp32_strict_math,duplicate_batch2,17d7a74707ec16de2de7773af08ebcd40670cd195e65bd17d877e56a357d64fc,layer_22,linear_attention,1.6811117120596464e-06,3.11434268951416e-06,6.112201162977726e-07
fp32_strict_math,duplicate_batch2,17d7a74707ec16de2de7773af08ebcd40670cd195e65bd17d877e56a357d64fc,layer_23,full_attention,1.5415146208397346e-06,3.3229589462280273e-06,6.494886974905967e-07
fp32_strict_math,duplicate_batch2,17d7a74707ec16de2de7773af08ebcd40670cd195e65bd17d877e56a357d64fc,layer_24,linear_attention,1.5585687833663542e-06,3.46451997756958e-06,6.955695539545559e-07
fp32_strict_math,duplicate_batch2,17d7a74707ec16de2de7773af08ebcd40670cd195e65bd17d877e56a357d64fc,layer_25,linear_attention,1.5137450191105017e-06,3.337860107421875e-06,7.15273927198723e-07
fp32_strict_math,duplicate_batch2,17d7a74707ec16de2de7773af08ebcd40670cd195e65bd17d877e56a357d64fc,layer_26,linear_attention,1.5212341395454132e-06,1.9073486328125e-05,7.568193041151972e-07
fp32_strict_math,duplicate_batch2,17d7a74707ec16de2de7773af08ebcd40670cd195e65bd17d877e56a357d64fc,layer_27,full_attention,1.552147068650811e-06,7.62939453125e-06,8.7256159986282e-07
fp32_strict_math,duplicate_batch2,17d7a74707ec16de2de7773af08ebcd40670cd195e65bd17d877e56a357d64fc,layer_28,linear_attention,1.475612293688755e-06,7.62939453125e-06,9.728198619995965e-07
fp32_strict_math,duplicate_batch2,17d7a74707ec16de2de7773af08ebcd40670cd195e65bd17d877e56a357d64fc,layer_29,linear_attention,1.5425245010192157e-06,1.33514404296875e-05,1.0755518360383576e-06
fp32_strict_math,duplicate_batch2,17d7a74707ec16de2de7773af08ebcd40670cd195e65bd17d877e56a357d64fc,layer_30,linear_attention,1.5059061979627586e-06,7.62939453125e-06,1.2527227681857767e-06
fp32_strict_math,duplicate_batch2,17d7a74707ec16de2de7773af08ebcd40670cd195e65bd17d877e56a357d64fc,layer_31,full_attention,1.4077227206144016e-06,1.239776611328125e-05,1.590118358762993e-06
fp32_strict_math,duplicate_batch2,17d7a74707ec16de2de7773af08ebcd40670cd195e65bd17d877e56a357d64fc,final_norm,final_norm,1.50714060964674e-06,2.288818359375e-05,3.5366210795473307e-06
fp32_strict_math,right_pad32,17d7a74707ec16de2de7773af08ebcd40670cd195e65bd17d877e56a357d64fc,embedding,embedding,0.0,0.0,0.0
fp32_strict_math,right_pad32,17d7a74707ec16de2de7773af08ebcd40670cd195e65bd17d877e56a357d64fc,layer_00,linear_attention,3.664422365545761e-07,2.384185791015625e-07,1.3224882522422376e-08
fp32_strict_math,right_pad32,17d7a74707ec16de2de7773af08ebcd40670cd195e65bd17d877e56a357d64fc,layer_01,linear_attention,5.835572096657415e-07,1.564621925354004e-07,2.468431148372474e-08
fp32_strict_math,right_pad32,17d7a74707ec16de2de7773af08ebcd40670cd195e65bd17d877e56a357d64fc,layer_02,linear_attention,1.4437453046411974e-06,5.960464477539062e-07,6.212894732016139e-08
fp32_strict_math,right_pad32,17d7a74707ec16de2de7773af08ebcd40670cd195e65bd17d877e56a357d64fc,layer_03,full_attention,1.4647189345851075e-06,1.1920928955078125e-06,9.105851717094993e-08
fp32_strict_math,right_pad32,17d7a74707ec16de2de7773af08ebcd40670cd195e65bd17d877e56a357d64fc,layer_04,linear_attention,1.8002303932007635e-06,7.338821887969971e-07,1.4968163952744362e-07
fp32_strict_math,right_pad32,17d7a74707ec16de2de7773af08ebcd40670cd195e65bd17d877e56a357d64fc,layer_05,linear_attention,1.613547169654339e-06,9.5367431640625e-07,1.6297062188641576e-07
fp32_strict_math,right_pad32,17d7a74707ec16de2de7773af08ebcd40670cd195e65bd17d877e56a357d64fc,layer_06,linear_attention,1.6174894881260116e-06,1.430511474609375e-06,1.5910173090105673e-07
fp32_strict_math,right_pad32,17d7a74707ec16de2de7773af08ebcd40670cd195e65bd17d877e56a357d64fc,layer_07,full_attention,1.481437493566773e-06,1.430511474609375e-06,1.6559570781282673e-07
fp32_strict_math,right_pad32,17d7a74707ec16de2de7773af08ebcd40670cd195e65bd17d877e56a357d64fc,layer_08,linear_attention,1.5030949498395785e-06,1.430511474609375e-06,1.6358708876396122e-07
fp32_strict_math,right_pad32,17d7a74707ec16de2de7773af08ebcd40670cd195e65bd17d877e56a357d64fc,layer_09,linear_attention,1.470717847951164e-06,1.430511474609375e-06,1.5998057278920896e-07
fp32_strict_math,right_pad32,17d7a74707ec16de2de7773af08ebcd40670cd195e65bd17d877e56a357d64fc,layer_10,linear_attention,1.4791021385462955e-06,9.164214134216309e-07,1.6256362300737237e-07
fp32_strict_math,right_pad32,17d7a74707ec16de2de7773af08ebcd40670cd195e65bd17d877e56a357d64fc,layer_11,full_attention,1.4646163890574826e-06,1.430511474609375e-06,1.8432156423386914e-07
fp32_strict_math,right_pad32,17d7a74707ec16de2de7773af08ebcd40670cd195e65bd17d877e56a357d64fc,layer_12,linear_attention,1.5291377621906577e-06,1.087784767150879e-06,1.9157505448674783e-07
fp32_strict_math,right_pad32,17d7a74707ec16de2de7773af08ebcd40670cd195e65bd17d877e56a357d64fc,layer_13,linear_attention,1.4974482382967835e-06,9.909272193908691e-07,1.9639882964384014e-07
fp32_strict_math,right_pad32,17d7a74707ec16de2de7773af08ebcd40670cd195e65bd17d877e56a357d64fc,layer_14,linear_attention,1.5290695500880247e-06,1.1436641216278076e-06,2.1820105189362948e-07
fp32_strict_math,right_pad32,17d7a74707ec16de2de7773af08ebcd40670cd195e65bd17d877e56a357d64fc,layer_15,full_attention,1.607211174814438e-06,1.1846423149108887e-06,2.523774185192451e-07
fp32_strict_math,right_pad32,17d7a74707ec16de2de7773af08ebcd40670cd195e65bd17d877e56a357d64fc,layer_16,linear_attention,1.8648654531716602e-06,1.5497207641601562e-06,3.025556907232385e-07
fp32_strict_math,right_pad32,17d7a74707ec16de2de7773af08ebcd40670cd195e65bd17d877e56a357d64fc,layer_17,linear_attention,2.2149583855934907e-06,1.6838312149047852e-06,3.9995697420636134e-07
fp32_strict_math,right_pad32,17d7a74707ec16de2de7773af08ebcd40670cd195e65bd17d877e56a357d64fc,layer_18,linear_attention,2.228001903858967e-06,2.130866050720215e-06,4.5887182409387606e-07
fp32_strict_math,right_pad32,17d7a74707ec16de2de7773af08ebcd40670cd195e65bd17d877e56a357d64fc,layer_19,full_attention,2.142653102055192e-06,3.337860107421875e-06,5.454218126033084e-07
fp32_strict_math,right_pad32,17d7a74707ec16de2de7773af08ebcd40670cd195e65bd17d877e56a357d64fc,layer_20,linear_attention,2.070731397907366e-06,3.337860107421875e-06,6.008525588185876e-07
fp32_strict_math,right_pad32,17d7a74707ec16de2de7773af08ebcd40670cd195e65bd17d877e56a357d64fc,layer_21,linear_attention,2.0485631466726772e-06,4.76837158203125e-06,6.650025170529261e-07
fp32_strict_math,right_pad32,17d7a74707ec16de2de7773af08ebcd40670cd195e65bd17d877e56a357d64fc,layer_22,linear_attention,1.9814945062535116e-06,5.7220458984375e-06,7.18686351319775e-07
fp32_strict_math,right_pad32,17d7a74707ec16de2de7773af08ebcd40670cd195e65bd17d877e56a357d64fc,layer_23,full_attention,1.8591390471556224e-06,4.76837158203125e-06,7.908969337222516e-07
fp32_strict_math,right_pad32,17d7a74707ec16de2de7773af08ebcd40670cd195e65bd17d877e56a357d64fc,layer_24,linear_attention,1.8428173689244431e-06,6.67572021484375e-06,8.208373287743598e-07
fp32_strict_math,right_pad32,17d7a74707ec16de2de7773af08ebcd40670cd195e65bd17d877e56a357d64fc,layer_25,linear_attention,1.847896442086494e-06,8.58306884765625e-06,8.674869604874402e-07
fp32_strict_math,right_pad32,17d7a74707ec16de2de7773af08ebcd40670cd195e65bd17d877e56a357d64fc,layer_26,linear_attention,1.886879317680723e-06,2.6702880859375e-05,9.181967470794916e-07
fp32_strict_math,right_pad32,17d7a74707ec16de2de7773af08ebcd40670cd195e65bd17d877e56a357d64fc,layer_27,full_attention,1.9061502598560764e-06,1.71661376953125e-05,1.0357074415878742e-06
fp32_strict_math,right_pad32,17d7a74707ec16de2de7773af08ebcd40670cd195e65bd17d877e56a357d64fc,layer_28,linear_attention,1.7869208477350185e-06,1.71661376953125e-05,1.152172217189218e-06
fp32_strict_math,right_pad32,17d7a74707ec16de2de7773af08ebcd40670cd195e65bd17d877e56a357d64fc,layer_29,linear_attention,1.8192673678640858e-06,1.9073486328125e-05,1.2463876828405773e-06
fp32_strict_math,right_pad32,17d7a74707ec16de2de7773af08ebcd40670cd195e65bd17d877e56a357d64fc,layer_30,linear_attention,1.818508962969645e-06,3.0517578125e-05,1.432517478860973e-06
fp32_strict_math,right_pad32,17d7a74707ec16de2de7773af08ebcd40670cd195e65bd17d877e56a357d64fc,layer_31,full_attention,1.7146080608654302e-06,5.14984130859375e-05,1.7617167031858116e-06
fp32_strict_math,right_pad32,17d7a74707ec16de2de7773af08ebcd40670cd195e65bd17d877e56a357d64fc,final_norm,final_norm,1.693376816547243e-06,2.5272369384765625e-05,3.917312824341934e-06
fp32_strict_math,right_pad128,17d7a74707ec16de2de7773af08ebcd40670cd195e65bd17d877e56a357d64fc,embedding,embedding,0.0,0.0,0.0
fp32_strict_math,right_pad128,17d7a74707ec16de2de7773af08ebcd40670cd195e65bd17d877e56a357d64fc,layer_00,linear_attention,3.7191296087257797e-07,2.384185791015625e-07,1.3626515915632353e-08
fp32_strict_math,right_pad128,17d7a74707ec16de2de7773af08ebcd40670cd195e65bd17d877e56a357d64fc,layer_01,linear_attention,5.793208401883021e-07,1.0803341865539551e-07,2.4475957260960968e-08
fp32_strict_math,right_pad128,17d7a74707ec16de2de7773af08ebcd40670cd195e65bd17d877e56a357d64fc,layer_02,linear_attention,1.308892592533084e-06,7.152557373046875e-07,5.5859345593489707e-08
fp32_strict_math,right_pad128,17d7a74707ec16de2de7773af08ebcd40670cd195e65bd17d877e56a357d64fc,layer_03,full_attention,1.3950485708846827e-06,7.152557373046875e-07,8.758256342389359e-08
fp32_strict_math,right_pad128,17d7a74707ec16de2de7773af08ebcd40670cd195e65bd17d877e56a357d64fc,layer_04,linear_attention,1.8228782892037998e-06,7.096678018569946e-07,1.5075856651947106e-07
fp32_strict_math,right_pad128,17d7a74707ec16de2de7773af08ebcd40670cd195e65bd17d877e56a357d64fc,layer_05,linear_attention,1.673883502917306e-06,1.430511474609375e-06,1.6576913708377106e-07
fp32_strict_math,right_pad128,17d7a74707ec16de2de7773af08ebcd40670cd195e65bd17d877e56a357d64fc,layer_06,linear_attention,1.6039830370573327e-06,7.767230272293091e-07,1.583301099117307e-07
fp32_strict_math,right_pad128,17d7a74707ec16de2de7773af08ebcd40670cd195e65bd17d877e56a357d64fc,layer_07,full_attention,1.5730723816886893e-06,9.5367431640625e-07,1.7681023223303782e-07
fp32_strict_math,right_pad128,17d7a74707ec16de2de7773af08ebcd40670cd195e65bd17d877e56a357d64fc,layer_08,linear_attention,1.5947866813803557e-06,1.430511474609375e-06,1.7133706364802492e-07
fp32_strict_math,right_pad128,17d7a74707ec16de2de7773af08ebcd40670cd195e65bd17d877e56a357d64fc,layer_09,linear_attention,1.5635683894288377e-06,1.430511474609375e-06,1.6990652795811911e-07
fp32_strict_math,right_pad128,17d7a74707ec16de2de7773af08ebcd40670cd195e65bd17d877e56a357d64fc,layer_10,linear_attention,1.6250905900960788e-06,9.760260581970215e-07,1.794216615280675e-07
fp32_strict_math,right_pad128,17d7a74707ec16de2de7773af08ebcd40670cd195e65bd17d877e56a357d64fc,layer_11,full_attention,1.5650194882255164e-06,1.2367963790893555e-06,1.9741700896247494e-07
fp32_strict_math,right_pad128,17d7a74707ec16de2de7773af08ebcd40670cd195e65bd17d877e56a357d64fc,layer_12,linear_attention,1.558348344588012e-06,1.259148120880127e-06,1.9426252606535854e-07
fp32_strict_math,right_pad128,17d7a74707ec16de2de7773af08ebcd40670cd195e65bd17d877e56a357d64fc,layer_13,linear_attention,1.6100325410661753e-06,1.2814998626708984e-06,2.1306513531271776e-07
fp32_strict_math,right_pad128,17d7a74707ec16de2de7773af08ebcd40670cd195e65bd17d877e56a357d64fc,layer_14,linear_attention,1.6219707958953222e-06,1.5497207641601562e-06,2.304932422703132e-07
fp32_strict_math,right_pad128,17d7a74707ec16de2de7773af08ebcd40670cd195e65bd17d877e56a357d64fc,layer_15,full_attention,1.6219844383158488e-06,1.7881393432617188e-06,2.515685935122747e-07
fp32_strict_math,right_pad128,17d7a74707ec16de2de7773af08ebcd40670cd195e65bd17d877e56a357d64fc,layer_16,linear_attention,1.7618498304727837e-06,1.5497207641601562e-06,2.843783590833482e-07
fp32_strict_math,right_pad128,17d7a74707ec16de2de7773af08ebcd40670cd195e65bd17d877e56a357d64fc,layer_17,linear_attention,1.884018615783134e-06,1.9073486328125e-06,3.3292357670688943e-07
fp32_strict_math,right_pad128,17d7a74707ec16de2de7773af08ebcd40670cd195e65bd17d877e56a357d64fc,layer_18,linear_attention,1.8920850379799958e-06,2.6226043701171875e-06,3.879227676861774e-07
fp32_strict_math,right_pad128,17d7a74707ec16de2de7773af08ebcd40670cd195e65bd17d877e56a357d64fc,layer_19,full_attention,1.8360181002208265e-06,2.384185791015625e-06,4.727717168862e-07
fp32_strict_math,right_pad128,17d7a74707ec16de2de7773af08ebcd40670cd195e65bd17d877e56a357d64fc,layer_20,linear_attention,1.7654867860983359e-06,4.76837158203125e-06,5.094192374599515e-07
fp32_strict_math,right_pad128,17d7a74707ec16de2de7773af08ebcd40670cd195e65bd17d877e56a357d64fc,layer_21,linear_attention,1.759061660777661e-06,2.86102294921875e-06,5.716839837077714e-07
fp32_strict_math,right_pad128,17d7a74707ec16de2de7773af08ebcd40670cd195e65bd17d877e56a357d64fc,layer_22,linear_attention,1.6811117120596464e-06,3.11434268951416e-06,6.112201162977726e-07
fp32_strict_math,right_pad128,17d7a74707ec16de2de7773af08ebcd40670cd195e65bd17d877e56a357d64fc,layer_23,full_attention,1.5415146208397346e-06,3.3229589462280273e-06,6.494886974905967e-07
fp32_strict_math,right_pad128,17d7a74707ec16de2de7773af08ebcd40670cd195e65bd17d877e56a357d64fc,layer_24,linear_attention,1.5585687833663542e-06,3.46451997756958e-06,6.955695539545559e-07
fp32_strict_math,right_pad128,17d7a74707ec16de2de7773af08ebcd40670cd195e65bd17d877e56a357d64fc,layer_25,linear_attention,1.5137450191105017e-06,3.337860107421875e-06,7.15273927198723e-07
fp32_strict_math,right_pad128,17d7a74707ec16de2de7773af08ebcd40670cd195e65bd17d877e56a357d64fc,layer_26,linear_attention,1.5212341395454132e-06,1.9073486328125e-05,7.568193041151972e-07
fp32_strict_math,right_pad128,17d7a74707ec16de2de7773af08ebcd40670cd195e65bd17d877e56a357d64fc,layer_27,full_attention,1.552147068650811e-06,7.62939453125e-06,8.7256159986282e-07
fp32_strict_math,right_pad128,17d7a74707ec16de2de7773af08ebcd40670cd195e65bd17d877e56a357d64fc,layer_28,linear_attention,1.475612293688755e-06,7.62939453125e-06,9.728198619995965e-07
fp32_strict_math,right_pad128,17d7a74707ec16de2de7773af08ebcd40670cd195e65bd17d877e56a357d64fc,layer_29,linear_attention,1.5425245010192157e-06,1.33514404296875e-05,1.0755518360383576e-06
fp32_strict_math,right_pad128,17d7a74707ec16de2de7773af08ebcd40670cd195e65bd17d877e56a357d64fc,layer_30,linear_attention,1.5059061979627586e-06,7.62939453125e-06,1.2527227681857767e-06
fp32_strict_math,right_pad128,17d7a74707ec16de2de7773af08ebcd40670cd195e65bd17d877e56a357d64fc,layer_31,full_attention,1.4077227206144016e-06,1.239776611328125e-05,1.590118358762993e-06
fp32_strict_math,right_pad128,17d7a74707ec16de2de7773af08ebcd40670cd195e65bd17d877e56a357d64fc,final_norm,final_norm,1.50714060964674e-06,2.288818359375e-05,3.5366210795473307e-06
fp32_strict_math,mixed_batch3,17d7a74707ec16de2de7773af08ebcd40670cd195e65bd17d877e56a357d64fc,embedding,embedding,0.0,0.0,0.0
fp32_strict_math,mixed_batch3,17d7a74707ec16de2de7773af08ebcd40670cd195e65bd17d877e56a357d64fc,layer_00,linear_attention,3.9127783679759887e-07,2.384185791015625e-07,1.4295176598011494e-08
fp32_strict_math,mixed_batch3,17d7a74707ec16de2de7773af08ebcd40670cd195e65bd17d877e56a357d64fc,layer_01,linear_attention,5.900162705074763e-07,1.1920928955078125e-07,2.5270811221389522e-08
fp32_strict_math,mixed_batch3,17d7a74707ec16de2de7773af08ebcd40670cd195e65bd17d877e56a357d64fc,layer_02,linear_attention,1.1851253702843678e-06,1.430511474609375e-06,4.7097454825006935e-08
fp32_strict_math,mixed_batch3,17d7a74707ec16de2de7773af08ebcd40670cd195e65bd17d877e56a357d64fc,layer_03,full_attention,1.3050945426584803e-06,1.6689300537109375e-06,7.979724614415318e-08
fp32_strict_math,mixed_batch3,17d7a74707ec16de2de7773af08ebcd40670cd195e65bd17d877e56a357d64fc,layer_04,linear_attention,1.6250318140009767e-06,5.960464477539062e-07,1.3573063029070909e-07
fp32_strict_math,mixed_batch3,17d7a74707ec16de2de7773af08ebcd40670cd195e65bd17d877e56a357d64fc,layer_05,linear_attention,1.4713764358020853e-06,9.5367431640625e-07,1.4773623036035133e-07
fp32_strict_math,mixed_batch3,17d7a74707ec16de2de7773af08ebcd40670cd195e65bd17d877e56a357d64fc,layer_06,linear_attention,1.4816274642726057e-06,9.5367431640625e-07,1.47941676686969e-07
fp32_strict_math,mixed_batch3,17d7a74707ec16de2de7773af08ebcd40670cd195e65bd17d877e56a357d64fc,layer_07,full_attention,1.4539764379151165e-06,1.430511474609375e-06,1.629688028970122e-07
fp32_strict_math,mixed_batch3,17d7a74707ec16de2de7773af08ebcd40670cd195e65bd17d877e56a357d64fc,layer_08,linear_attention,1.4726996369063272e-06,1.430511474609375e-06,1.595526555320248e-07
fp32_strict_math,mixed_batch3,17d7a74707ec16de2de7773af08ebcd40670cd195e65bd17d877e56a357d64fc,layer_09,linear_attention,1.4449320815401734e-06,7.767230272293091e-07,1.5874566372531262e-07
fp32_strict_math,mixed_batch3,17d7a74707ec16de2de7773af08ebcd40670cd195e65bd17d877e56a357d64fc,layer_10,linear_attention,1.4748605963177397e-06,9.350478649139404e-07,1.6412086267791892e-07
fp32_strict_math,mixed_batch3,17d7a74707ec16de2de7773af08ebcd40670cd195e65bd17d877e56a357d64fc,layer_11,full_attention,1.4013952522873296e-06,1.080334186553955e-06,1.7620159553644044e-07
fp32_strict_math,mixed_batch3,17d7a74707ec16de2de7773af08ebcd40670cd195e65bd17d877e56a357d64fc,layer_12,linear_attention,1.445736302230216e-06,1.430511474609375e-06,1.8102892340721155e-07
fp32_strict_math,mixed_batch3,17d7a74707ec16de2de7773af08ebcd40670cd195e65bd17d877e56a357d64fc,layer_13,linear_attention,1.4670921473225462e-06,1.1101365089416504e-06,1.936719797868136e-07
fp32_strict_math,mixed_batch3,17d7a74707ec16de2de7773af08ebcd40670cd195e65bd17d877e56a357d64fc,layer_14,linear_attention,1.4186168755259132e-06,1.043081283569336e-06,2.0223687613452057e-07
fp32_strict_math,mixed_batch3,17d7a74707ec16de2de7773af08ebcd40670cd195e65bd17d877e56a357d64fc,layer_15,full_attention,1.4760979638595018e-06,1.1138617992401123e-06,2.3082539257757162e-07
fp32_strict_math,mixed_batch3,17d7a74707ec16de2de7773af08ebcd40670cd195e65bd17d877e56a357d64fc,layer_16,linear_attention,1.5524116179221892e-06,1.9073486328125e-06,2.5221396526831086e-07
fp32_strict_math,mixed_batch3,17d7a74707ec16de2de7773af08ebcd40670cd195e65bd17d877e56a357d64fc,layer_17,linear_attention,1.5628633036612882e-06,1.2814998626708984e-06,2.774820586637361e-07
fp32_strict_math,mixed_batch3,17d7a74707ec16de2de7773af08ebcd40670cd195e65bd17d877e56a357d64fc,layer_18,linear_attention,1.5435527984664077e-06,1.6987323760986328e-06,3.1969830160960555e-07
fp32_strict_math,mixed_batch3,17d7a74707ec16de2de7773af08ebcd40670cd195e65bd17d877e56a357d64fc,layer_19,full_attention,1.4943550468160538e-06,1.862645149230957e-06,3.811521196439571e-07
fp32_strict_math,mixed_batch3,17d7a74707ec16de2de7773af08ebcd40670cd195e65bd17d877e56a357d64fc,layer_20,linear_attention,1.5265904949046671e-06,2.032145857810974e-06,4.4427397938306967e-07
fp32_strict_math,mixed_batch3,17d7a74707ec16de2de7773af08ebcd40670cd195e65bd17d877e56a357d64fc,layer_21,linear_attention,1.5183867390078376e-06,2.0265579223632812e-06,4.965812081536569e-07
fp32_strict_math,mixed_batch3,17d7a74707ec16de2de7773af08ebcd40670cd195e65bd17d877e56a357d64fc,layer_22,linear_attention,1.4752897641301388e-06,2.5779008865356445e-06,5.42931218205922e-07
fp32_strict_math,mixed_batch3,17d7a74707ec16de2de7773af08ebcd40670cd195e65bd17d877e56a357d64fc,layer_23,full_attention,1.5179058436842752e-06,2.771615982055664e-06,6.489026418421417e-07
fp32_strict_math,mixed_batch3,17d7a74707ec16de2de7773af08ebcd40670cd195e65bd17d877e56a357d64fc,layer_24,linear_attention,1.4697485539727495e-06,2.898275852203369e-06,6.590547627638443e-07
fp32_strict_math,mixed_batch3,17d7a74707ec16de2de7773af08ebcd40670cd195e65bd17d877e56a357d64fc,layer_25,linear_attention,1.4775805539102294e-06,3.5762786865234375e-06,7.018530823188485e-07
fp32_strict_math,mixed_batch3,17d7a74707ec16de2de7773af08ebcd40670cd195e65bd17d877e56a357d64fc,layer_26,linear_attention,1.3850004734194954e-06,5.7220458984375e-06,7.354177569141029e-07
fp32_strict_math,mixed_batch3,17d7a74707ec16de2de7773af08ebcd40670cd195e65bd17d877e56a357d64fc,layer_27,full_attention,1.518212570772448e-06,7.62939453125e-06,8.43796442495659e-07
fp32_strict_math,mixed_batch3,17d7a74707ec16de2de7773af08ebcd40670cd195e65bd17d877e56a357d64fc,layer_28,linear_attention,1.452719629924104e-06,1.33514404296875e-05,9.438783195037104e-07
fp32_strict_math,mixed_batch3,17d7a74707ec16de2de7773af08ebcd40670cd195e65bd17d877e56a357d64fc,layer_29,linear_attention,1.480826085753506e-06,1.33514404296875e-05,1.0336896139051532e-06
fp32_strict_math,mixed_batch3,17d7a74707ec16de2de7773af08ebcd40670cd195e65bd17d877e56a357d64fc,layer_30,linear_attention,1.429110284334456e-06,1.1444091796875e-05,1.1842981848531053e-06
fp32_strict_math,mixed_batch3,17d7a74707ec16de2de7773af08ebcd40670cd195e65bd17d877e56a357d64fc,layer_31,full_attention,1.3465316897054436e-06,1.0013580322265625e-05,1.508485752310662e-06
fp32_strict_math,mixed_batch3,17d7a74707ec16de2de7773af08ebcd40670cd195e65bd17d877e56a357d64fc,final_norm,final_norm,1.426216158506577e-06,2.574920654296875e-05,3.3160515613417374e-06
fp32_strict_math,left_pad32_explicit,17d7a74707ec16de2de7773af08ebcd40670cd195e65bd17d877e56a357d64fc,embedding,embedding,0.0,0.0,0.0
fp32_strict_math,left_pad32_explicit,17d7a74707ec16de2de7773af08ebcd40670cd195e65bd17d877e56a357d64fc,layer_00,linear_attention,4.01888542000961e-07,2.384185791015625e-07,1.4745308085650777e-08
fp32_strict_math,left_pad32_explicit,17d7a74707ec16de2de7773af08ebcd40670cd195e65bd17d877e56a357d64fc,layer_01,linear_attention,6.608766511817521e-07,2.384185791015625e-07,2.7643556776979494e-08
fp32_strict_math,left_pad32_explicit,17d7a74707ec16de2de7773af08ebcd40670cd195e65bd17d877e56a357d64fc,layer_02,linear_attention,1.3708777260035276e-06,4.76837158203125e-07,5.9033482102677226e-08
fp32_strict_math,left_pad32_explicit,17d7a74707ec16de2de7773af08ebcd40670cd195e65bd17d877e56a357d64fc,layer_03,full_attention,1.4400324062080472e-06,4.936009645462036e-07,9.165055558923996e-08
fp32_strict_math,left_pad32_explicit,17d7a74707ec16de2de7773af08ebcd40670cd195e65bd17d877e56a357d64fc,layer_04,linear_attention,1.723420609778259e-06,7.003545761108398e-07,1.4261277669902483e-07
fp32_strict_math,left_pad32_explicit,17d7a74707ec16de2de7773af08ebcd40670cd195e65bd17d877e56a357d64fc,layer_05,linear_attention,1.5629926792826154e-06,1.9073486328125e-06,1.5479426451747713e-07
fp32_strict_math,left_pad32_explicit,17d7a74707ec16de2de7773af08ebcd40670cd195e65bd17d877e56a357d64fc,layer_06,linear_attention,1.5177957948253606e-06,9.145587682723999e-07,1.504688071918281e-07
fp32_strict_math,left_pad32_explicit,17d7a74707ec16de2de7773af08ebcd40670cd195e65bd17d877e56a357d64fc,layer_07,full_attention,1.4271848840508028e-06,9.182840585708618e-07,1.587866762520207e-07
fp32_strict_math,left_pad32_explicit,17d7a74707ec16de2de7773af08ebcd40670cd195e65bd17d877e56a357d64fc,layer_08,linear_attention,1.4292613741417881e-06,9.57399606704712e-07,1.543103707035698e-07
fp32_strict_math,left_pad32_explicit,17d7a74707ec16de2de7773af08ebcd40670cd195e65bd17d877e56a357d64fc,layer_09,linear_attention,1.388640157529153e-06,9.797513484954834e-07,1.5085242921486497e-07
fp32_strict_math,left_pad32_explicit,17d7a74707ec16de2de7773af08ebcd40670cd195e65bd17d877e56a357d64fc,layer_10,linear_attention,1.4496222320303787e-06,2.1457672119140625e-06,1.5772585015838558e-07
fp32_strict_math,left_pad32_explicit,17d7a74707ec16de2de7773af08ebcd40670cd195e65bd17d877e56a357d64fc,layer_11,full_attention,1.405146463184792e-06,1.0728836059570312e-06,1.7787814954317582e-07
fp32_strict_math,left_pad32_explicit,17d7a74707ec16de2de7773af08ebcd40670cd195e65bd17d877e56a357d64fc,layer_12,linear_attention,1.4341418363983394e-06,1.1175870895385742e-06,1.790451307215335e-07
fp32_strict_math,left_pad32_explicit,17d7a74707ec16de2de7773af08ebcd40670cd195e65bd17d877e56a357d64fc,layer_13,linear_attention,1.4144989108899608e-06,1.1399388313293457e-06,1.8428109171964024e-07
fp32_strict_math,left_pad32_explicit,17d7a74707ec16de2de7773af08ebcd40670cd195e65bd17d877e56a357d64fc,layer_14,linear_attention,1.3800406577502145e-06,1.1846423149108887e-06,1.9590538613556419e-07
fp32_strict_math,left_pad32_explicit,17d7a74707ec16de2de7773af08ebcd40670cd195e65bd17d877e56a357d64fc,layer_15,full_attention,1.4296135759650497e-06,1.2293457984924316e-06,2.2204957872418163e-07
fp32_strict_math,left_pad32_explicit,17d7a74707ec16de2de7773af08ebcd40670cd195e65bd17d877e56a357d64fc,layer_16,linear_attention,1.4977787259340403e-06,1.214444637298584e-06,2.452113108120102e-07
fp32_strict_math,left_pad32_explicit,17d7a74707ec16de2de7773af08ebcd40670cd195e65bd17d877e56a357d64fc,layer_17,linear_attention,1.48867684401921e-06,1.430511474609375e-06,2.6733428626357636e-07
fp32_strict_math,left_pad32_explicit,17d7a74707ec16de2de7773af08ebcd40670cd195e65bd17d877e56a357d64fc,layer_18,linear_attention,1.5267449953171308e-06,2.86102294921875e-06,3.1456201554647123e-07
fp32_strict_math,left_pad32_explicit,17d7a74707ec16de2de7773af08ebcd40670cd195e65bd17d877e56a357d64fc,layer_19,full_attention,1.5059341649248381e-06,4.291534423828125e-06,3.762376650229271e-07
fp32_strict_math,left_pad32_explicit,17d7a74707ec16de2de7773af08ebcd40670cd195e65bd17d877e56a357d64fc,layer_20,linear_attention,1.4890723605276435e-06,5.245208740234375e-06,4.269473663498502e-07
fp32_strict_math,left_pad32_explicit,17d7a74707ec16de2de7773af08ebcd40670cd195e65bd17d877e56a357d64fc,layer_21,linear_attention,1.4756545851923875e-06,6.67572021484375e-06,4.719095159089193e-07
fp32_strict_math,left_pad32_explicit,17d7a74707ec16de2de7773af08ebcd40670cd195e65bd17d877e56a357d64fc,layer_22,linear_attention,1.3969557812743005e-06,3.814697265625e-06,5.088713805889711e-07
fp32_strict_math,left_pad32_explicit,17d7a74707ec16de2de7773af08ebcd40670cd195e65bd17d877e56a357d64fc,layer_23,full_attention,1.3196797681302996e-06,5.7220458984375e-06,5.574984243139625e-07
fp32_strict_math,left_pad32_explicit,17d7a74707ec16de2de7773af08ebcd40670cd195e65bd17d877e56a357d64fc,layer_24,linear_attention,1.3664348443853669e-06,6.67572021484375e-06,6.067684807931073e-07
fp32_strict_math,left_pad32_explicit,17d7a74707ec16de2de7773af08ebcd40670cd195e65bd17d877e56a357d64fc,layer_25,linear_attention,1.3617210470329155e-06,7.62939453125e-06,6.35330820841773e-07
fp32_strict_math,left_pad32_explicit,17d7a74707ec16de2de7773af08ebcd40670cd195e65bd17d877e56a357d64fc,layer_26,linear_attention,1.3093052757540136e-06,1.33514404296875e-05,6.647795203207352e-07
fp32_strict_math,left_pad32_explicit,17d7a74707ec16de2de7773af08ebcd40670cd195e65bd17d877e56a357d64fc,layer_27,full_attention,1.4359925444296096e-06,1.52587890625e-05,7.751088446639187e-07
fp32_strict_math,left_pad32_explicit,17d7a74707ec16de2de7773af08ebcd40670cd195e65bd17d877e56a357d64fc,layer_28,linear_attention,1.3456811984724482e-06,1.52587890625e-05,8.601138574704237e-07
fp32_strict_math,left_pad32_explicit,17d7a74707ec16de2de7773af08ebcd40670cd195e65bd17d877e56a357d64fc,layer_29,linear_attention,1.3840681276633404e-06,1.71661376953125e-05,9.509438427812711e-07
fp32_strict_math,left_pad32_explicit,17d7a74707ec16de2de7773af08ebcd40670cd195e65bd17d877e56a357d64fc,layer_30,linear_attention,1.4265707477534306e-06,2.47955322265625e-05,1.136640662480204e-06
fp32_strict_math,left_pad32_explicit,17d7a74707ec16de2de7773af08ebcd40670cd195e65bd17d877e56a357d64fc,layer_31,full_attention,1.262400019186316e-06,1.0967254638671875e-05,1.4140321127342759e-06
fp32_strict_math,left_pad32_explicit,17d7a74707ec16de2de7773af08ebcd40670cd195e65bd17d877e56a357d64fc,final_norm,final_norm,1.3471823194777244e-06,1.9073486328125e-05,3.1443425996258156e-06
