precision,seqs,readout,batch,repeat,qualified,ids,n,cold_ms,warm_ms,prime_ms,max_dp,field_flips,cached_tokens,cold_accuracy,warm_accuracy,warm_plus_prime_ms
Q4_K_M,24,indexed,1,1,True,native-test-84,1,132.70043299985446,49.81641399990622,50.84143200019753,0.0,0,508,1.0,1.0,100.65784600010375
Q4_K_M,24,indexed,1,0,True,native-test-95,1,127.84825399990041,55.65271999989818,46.56449599997359,0.0,0,508,0.8333333333333334,0.8333333333333334,102.21721599987177
Q4_K_M,24,natural,1,0,True,native-test-65,1,107.590344999835,58.87471799997002,53.056189000017184,0.0,0,315,0.6666666666666666,0.6666666666666666,111.9309069999872
Q4_K_M,24,natural,4,1,True,native-test-16|native-test-17|native-test-18|native-test-19,4,243.30351699995845,189.19738799991137,189.9281979999614,0.0,0,315,0.875,0.875,379.1255859998728
Q4_K_M,24,indexed,1,1,True,native-test-6,1,127.98177900003793,44.53839899997547,45.44957999996768,0.0,0,508,0.8333333333333334,0.8333333333333334,89.98797899994315
Q4_K_M,24,natural,1,0,True,native-test-40,1,107.76892800004134,53.27766400000655,59.63197500000206,0.0,0,315,0.8333333333333334,0.8333333333333334,112.90963900000861
Q4_K_M,24,indexed,1,1,True,native-test-82,1,127.31084999995801,44.6563860000424,44.45297799998116,0.0,0,508,0.5,0.5,89.10936400002356
BF16,24,indexed,4,1,True,native-test-56|native-test-57|native-test-58|native-test-59,4,174.71766900007424,122.59120099997745,122.3332270001265,0.0,0,508,0.75,0.75,244.92442800010394
BF16,24,natural,1,0,True,native-test-26,1,76.85578400014492,42.437828999936755,49.3614689999049,0.0,0,315,0.6666666666666666,0.6666666666666666,91.79929799984166
BF16,24,indexed,1,0,True,native-test-91,1,90.67275799998242,48.01529099995605,39.396067000325274,0.0,0,508,0.8333333333333334,0.8333333333333334,87.41135800028133
Q4_K_M,24,natural,4,0,True,native-test-8|native-test-9|native-test-10|native-test-11,4,237.42180699991877,183.29085999994277,182.52195999980358,0.0,0,315,0.7916666666666666,0.7916666666666666,365.81281999974635
Q4_K_M,24,natural,4,0,True,native-test-44|native-test-45|native-test-46|native-test-47,4,236.16308999999092,182.81205499988573,182.35353799991572,0.0,0,315,0.7916666666666667,0.7916666666666667,365.16559299980145
BF16,24,natural,4,1,True,native-test-88|native-test-89|native-test-90|native-test-91,4,177.70375199961563,145.69842700029767,145.96625199965274,0.0,0,315,0.7916666666666666,0.7916666666666666,291.6646789999504
Q4_K_M,24,natural,1,1,True,native-test-31,1,107.86350299986225,52.38882799994826,57.24930399992445,0.0,0,315,0.8333333333333334,0.8333333333333334,109.63813199987271
BF16,24,natural,1,0,True,native-test-52,1,78.46583499986082,44.8314609998306,52.2608940000282,0.0,0,315,0.8333333333333334,0.8333333333333334,97.0923549998588
Q4_K_M,24,natural,4,1,True,native-test-48|native-test-49|native-test-50|native-test-51,4,236.76674600005754,183.09568900008344,183.57404800008226,0.0,0,315,0.7083333333333334,0.7083333333333334,366.6697370001657
Q4_K_M,24,natural,1,1,True,native-test-88,1,112.03311300005225,57.02571999995598,57.010886999933064,0.0,0,315,1.0,1.0,114.03660699988905
Q4_K_M,24,indexed,4,0,True,native-test-76|native-test-77|native-test-78|native-test-79,4,234.6884900000532,150.98412399993322,151.42039499983184,0.0,0,508,0.8333333333333333,0.8333333333333333,302.40451899976506
BF16,24,natural,4,0,True,native-test-60|native-test-61|native-test-62|native-test-63,4,180.45736900012344,141.11580400003731,141.2213249996057,0.0,0,315,0.7083333333333334,0.7083333333333334,282.337128999643
Q4_K_M,24,indexed,4,1,True,native-test-60|native-test-61|native-test-62|native-test-63,4,238.75028099996598,154.8924999999599,155.5327999999463,0.0,0,508,0.6666666666666666,0.6666666666666666,310.4252999999062
Q4_K_M,24,natural,4,0,True,native-test-4|native-test-5|native-test-6|native-test-7,4,242.1305189998293,184.1701149999153,184.7692090000237,0.0,0,315,0.875,0.875,368.939323999939
Q4_K_M,24,natural,1,0,True,native-test-6,1,106.887173999894,51.66143900009956,56.50123300006271,0.0,0,315,1.0,1.0,108.16267200016227
BF16,24,natural,1,0,True,native-test-33,1,78.04071300006399,51.57651199988322,46.05978699964908,0.0,0,315,0.6666666666666666,0.6666666666666666,97.6362989995323
BF16,24,indexed,1,0,True,native-test-10,1,91.80587499986359,36.904405000314,52.52982599995448,0.0,0,508,0.6666666666666666,0.6666666666666666,89.43423100026848
Q4_K_M,24,indexed,1,1,True,native-test-0,1,127.49514900019676,44.51535499993042,45.02918699995462,0.0,0,508,1.0,1.0,89.54454199988504
BF16,24,natural,1,0,True,native-test-76,1,77.55490199997439,44.16323800023747,51.64471299985962,0.0,0,315,1.0,1.0,95.80795100009709
Q4_K_M,24,natural,1,0,True,native-test-19,1,110.63791199990192,61.85188599988578,56.72220700012076,0.0,0,315,0.8333333333333334,0.8333333333333334,118.57409300000654
BF16,24,natural,1,0,True,native-test-21,1,76.8384689999948,50.29125400005796,44.438512999931845,0.0,0,315,0.5,0.5,94.7297669999898
Q4_K_M,24,indexed,1,0,True,native-test-37,1,128.77918100002717,52.91015300008439,47.429276999992,0.0,0,508,0.8333333333333334,0.8333333333333334,100.33943000007639
BF16,24,indexed,1,1,True,native-test-79,1,94.01820100038094,40.71875599993291,49.785255000188045,0.0,0,508,1.0,1.0,90.50401100012095
BF16,24,natural,4,1,True,native-test-60|native-test-61|native-test-62|native-test-63,4,173.93813699982275,141.24623300040184,141.25899999999092,0.0,0,315,0.7083333333333334,0.7083333333333334,282.50523300039276
BF16,24,indexed,1,0,True,native-test-3,1,92.79471099989678,52.83161299985295,43.616639999982,0.0,0,508,1.0,1.0,96.44825299983495
BF16,24,indexed,1,0,True,native-test-79,1,93.86285000027783,50.04928900007144,42.52198900030635,0.0,0,508,1.0,1.0,92.57127800037779
BF16,24,indexed,1,1,True,native-test-63,1,93.92437599990444,40.657106999788084,46.24709600011556,0.0,0,508,0.5,0.5,86.90420299990365
Q4_K_M,24,natural,1,0,True,native-test-23,1,110.11216599990803,61.900479000087216,56.32293100006791,0.0,0,315,0.8333333333333334,0.8333333333333334,118.22341000015513
Q4_K_M,24,indexed,1,0,True,native-test-92,1,131.07958800014785,48.030487999994875,58.733721999942645,0.0,0,508,0.8333333333333334,0.8333333333333334,106.76420999993752
BF16,24,natural,1,1,True,native-test-84,1,79.61034200025097,45.00151100000949,45.27942400000029,0.0,0,315,0.8333333333333334,0.8333333333333334,90.28093500000978
Q4_K_M,24,indexed,1,1,True,native-test-23,1,130.3897779998806,48.11768300010044,52.35861100004513,0.0,0,508,0.6666666666666666,0.6666666666666666,100.47629400014557
Q4_K_M,24,natural,4,1,True,native-test-32|native-test-33|native-test-34|native-test-35,4,237.66323199993167,185.10506600000554,184.00297199991655,0.0,0,315,0.8333333333333334,0.8333333333333334,369.1080379999221
BF16,24,natural,1,0,True,native-test-25,1,76.61075600026379,52.749113000118086,44.24772699985624,0.0,0,315,0.6666666666666666,0.6666666666666666,96.99683999997433
BF16,24,natural,1,1,True,native-test-82,1,78.47257799994622,42.613814000105776,42.58152100010193,0.0,0,315,0.8333333333333334,0.8333333333333334,85.1953350002077
BF16,24,indexed,1,1,True,native-test-7,1,91.44696400016983,38.43669200023214,43.72527099985746,0.0,0,508,0.6666666666666666,0.6666666666666666,82.1619630000896
Q4_K_M,24,natural,1,1,True,native-test-57,1,110.05369000008614,54.65817399999651,59.36716999985947,0.0,0,315,0.8333333333333334,0.8333333333333334,114.02534399985598
BF16,24,indexed,1,1,True,native-test-53,1,93.45737000012377,40.622935999635956,46.30577399984759,0.0,0,508,0.8333333333333334,0.8333333333333334,86.92870999948354
BF16,24,natural,1,1,True,native-test-74,1,78.24794199996177,44.54364599996552,44.60518599989882,0.0,0,315,0.8333333333333334,0.8333333333333334,89.14883199986434
Q4_K_M,24,natural,1,1,True,native-test-59,1,112.1575600000142,56.83031800003846,61.7304279999189,0.0,0,315,0.6666666666666666,0.6666666666666666,118.56074599995736
BF16,24,natural,1,1,True,native-test-89,1,80.16950999990513,44.067105000067386,50.34458599993741,0.0,0,315,0.6666666666666666,0.6666666666666666,94.4116910000048
BF16,24,natural,1,0,True,native-test-93,1,78.22794899993823,51.499726999736595,45.91156900005444,0.0,0,315,0.8333333333333334,0.8333333333333334,97.41129599979104
BF16,24,natural,1,1,True,native-test-15,1,81.72070199998416,42.480442999931256,48.226205999981175,0.0,0,315,0.8333333333333334,0.8333333333333334,90.70664899991243
BF16,24,indexed,1,0,True,native-test-84,1,94.88515800012465,40.92784699969343,50.71801099984441,0.0,0,508,0.8333333333333334,0.8333333333333334,91.64585799953784
Q4_K_M,24,natural,1,1,True,native-test-54,1,110.06870599999274,55.07378500010418,55.32559499988565,0.0,0,315,0.5,0.5,110.39937999998983
BF16,24,indexed,1,1,True,native-test-58,1,92.34468700014986,39.92203100006009,40.40611800019178,0.0,0,508,0.8333333333333334,0.8333333333333334,80.32814900025187
Q4_K_M,24,indexed,4,0,True,native-test-12|native-test-13|native-test-14|native-test-15,4,221.0278659999858,136.0172639999746,136.95826099979058,0.0,0,508,0.7916666666666667,0.7916666666666667,272.9755249997652
Q4_K_M,24,natural,1,0,True,native-test-33,1,110.03313099990919,61.13374300002761,56.13977400003023,0.0,0,315,0.6666666666666666,0.6666666666666666,117.27351700005784
BF16,24,indexed,4,1,True,native-test-72|native-test-73|native-test-74|native-test-75,4,184.36492099999668,132.61240599968005,134.95443900001192,0.0,0,508,0.8333333333333334,0.8333333333333334,267.56684499969197
BF16,24,indexed,1,1,True,native-test-37,1,92.74896799979615,39.9102110000058,45.03878400009853,0.0,0,508,0.8333333333333334,0.8333333333333334,84.94899500010433
Q4_K_M,24,indexed,1,0,True,native-test-83,1,130.58031800005665,58.768604000078994,49.282092999874294,0.0,0,508,1.0,1.0,108.05069699995329
BF16,24,natural,1,1,True,native-test-63,1,79.17318799991335,44.68774199995096,50.232958999913535,0.0,0,315,0.8333333333333334,0.8333333333333334,94.9207009998645
BF16,24,natural,1,0,True,native-test-77,1,77.53794099971856,44.124469999587745,49.81969900018157,0.0,0,315,0.6666666666666666,0.6666666666666666,93.94416899976932
Q4_K_M,24,natural,1,1,True,native-test-83,1,110.9596229998715,55.221125999878495,60.172959000055926,0.0,0,315,0.6666666666666666,0.6666666666666666,115.39408499993442
Q4_K_M,24,indexed,4,0,True,native-test-8|native-test-9|native-test-10|native-test-11,4,238.34222300001784,155.03749999993488,156.8928669998968,0.0,0,508,0.7916666666666666,0.7916666666666666,311.9303669998317
Q4_K_M,24,indexed,4,1,True,native-test-12|native-test-13|native-test-14|native-test-15,4,218.87118599988753,135.90193800018824,137.03426600000057,0.0,0,508,0.7916666666666667,0.7916666666666667,272.9362040001888
BF16,24,indexed,1,1,True,native-test-23,1,93.15856200009875,40.455487000144785,45.97517899992454,0.0,0,508,0.6666666666666666,0.6666666666666666,86.43066600006932
BF16,24,indexed,1,1,True,native-test-26,1,90.7168809999348,37.72776800042266,38.161720000061905,0.0,0,508,1.0,1.0,75.88948800048456
BF16,24,indexed,4,0,True,native-test-56|native-test-57|native-test-58|native-test-59,4,174.44221299956553,121.83902199967633,121.81179700019129,0.0,0,508,0.75,0.75,243.65081899986762
Q4_K_M,24,natural,1,1,True,native-test-21,1,108.39794499997879,52.33770299992102,57.08573000015349,0.0,0,315,0.5,0.5,109.42343300007451
Q4_K_M,24,indexed,1,1,True,native-test-28,1,131.74710199996298,48.80910200017752,48.95746700003656,0.0,0,508,1.0,1.0,97.76656900021408
Q4_K_M,24,natural,4,1,True,native-test-40|native-test-41|native-test-42|native-test-43,4,232.06667199997355,179.09705199986092,178.23760000010225,0.0,0,315,0.7916666666666666,0.7916666666666666,357.33465199996317
Q4_K_M,24,natural,1,1,True,native-test-56,1,109.45718699986173,54.5702499998697,55.005379000022,0.0,0,315,1.0,1.0,109.5756289998917
BF16,24,indexed,1,0,True,native-test-54,1,93.6506350003583,40.601750000405445,47.89663900010055,0.0,0,508,0.8333333333333334,0.8333333333333334,88.498389000506
Q4_K_M,24,natural,1,1,True,native-test-13,1,111.451906999946,55.39696099981484,60.317717999851084,0.0,0,315,0.8333333333333334,0.8333333333333334,115.71467899966592
Q4_K_M,24,indexed,1,0,True,native-test-78,1,129.95576299999811,47.078970000029585,53.62185600006342,0.0,0,508,0.8333333333333334,0.8333333333333334,100.700826000093
BF16,24,natural,1,0,True,native-test-11,1,76.25651900025332,52.18302200000835,44.057612999949924,0.0,0,315,0.6666666666666666,0.6666666666666666,96.24063499995827
Q4_K_M,24,indexed,1,1,True,native-test-80,1,127.35961199996382,44.55488600001445,44.75363300002755,0.0,0,508,1.0,1.0,89.308519000042
BF16,24,indexed,1,1,True,native-test-92,1,92.95995200000107,40.17095500012147,40.98595599998589,0.0,0,508,1.0,1.0,81.15691100010736
BF16,24,natural,1,0,True,native-test-66,1,77.31597800011514,42.400229000122636,49.52173700030471,0.0,0,315,0.6666666666666666,0.6666666666666666,91.92196600042735
BF16,24,natural,4,0,True,native-test-68|native-test-69|native-test-70|native-test-71,4,177.54780499990375,145.15202500024316,145.14949600015825,0.0,0,315,0.7499999999999999,0.7499999999999999,290.3015210004014
Q4_K_M,24,natural,1,1,True,native-test-41,1,109.02402699980485,53.158476000135124,57.842244999847026,0.0,0,315,0.6666666666666666,0.6666666666666666,111.00072099998215
Q4_K_M,24,indexed,4,0,True,native-test-52|native-test-53|native-test-54|native-test-55,4,229.38440400002946,145.8099219998985,146.3653929999964,0.0,0,508,0.75,0.75,292.1753149998949
BF16,24,indexed,4,0,True,native-test-40|native-test-41|native-test-42|native-test-43,4,161.4201239999602,109.07529099995372,109.14354800024739,0.0,0,508,0.75,0.75,218.21883900020111
BF16,24,natural,1,1,True,native-test-59,1,79.69812800001819,45.94397699975161,51.53866799992102,0.0,0,315,0.6666666666666666,0.6666666666666666,97.48264499967263
BF16,24,natural,4,1,True,native-test-56|native-test-57|native-test-58|native-test-59,4,168.44000799983405,135.9752160001335,136.20877900029882,0.0,0,315,0.8333333333333334,0.8333333333333334,272.18399500043233
BF16,24,natural,1,1,True,native-test-6,1,75.68733600010091,41.22910400019464,41.44506400007231,0.0,0,315,1.0,1.0,82.67416800026695
Q4_K_M,24,natural,1,1,True,native-test-69,1,112.76187999987997,56.96246299999075,61.90761500010922,0.0,0,315,0.6666666666666666,0.6666666666666666,118.87007800009997
BF16,24,natural,1,0,True,native-test-42,1,77.29840799993326,42.49029199991128,48.22133399966333,0.0,0,315,1.0,1.0,90.71162599957461
BF16,24,indexed,4,1,True,native-test-24|native-test-25|native-test-26|native-test-27,4,186.52816299982078,134.6909889998642,134.52508799991847,0.0,0,508,0.75,0.75,269.2160769997827
BF16,24,natural,4,0,True,native-test-36|native-test-37|native-test-38|native-test-39,4,181.86023299995213,145.33762800010663,145.79569999978048,0.0,0,315,0.7083333333333334,0.7083333333333334,291.1333279998871
BF16,24,natural,1,1,True,native-test-49,1,78.619733999858,44.36602200030393,49.87857299965981,0.0,0,315,0.6666666666666666,0.6666666666666666,94.24459499996374
BF16,24,indexed,1,0,True,native-test-17,1,92.76738700009446,47.159931999885885,41.54911300020103,0.0,0,508,0.8333333333333334,0.8333333333333334,88.70904500008692
Q4_K_M,24,natural,1,0,True,native-test-13,1,110.7667199999014,55.44656900019618,60.69603199989615,0.0,0,315,0.8333333333333334,0.8333333333333334,116.14260100009233
Q4_K_M,24,indexed,1,1,True,native-test-47,1,130.20604200005437,46.7655919999288,51.65059299997665,0.0,0,508,0.8333333333333334,0.8333333333333334,98.41618499990545
Q4_K_M,24,natural,1,0,True,native-test-49,1,111.13480599988179,62.60893300009229,57.14454400003888,0.0,0,315,0.6666666666666666,0.6666666666666666,119.75347700013117
BF16,24,natural,1,0,True,native-test-15,1,76.41144300032465,49.555382000107784,43.41203600006338,0.0,0,315,0.8333333333333334,0.8333333333333334,92.96741800017116
Q4_K_M,24,natural,4,0,True,native-test-80|native-test-81|native-test-82|native-test-83,4,242.3780449998958,182.9924010000923,184.14434999999685,0.0,0,315,0.6666666666666666,0.6666666666666666,367.13675100008913
BF16,24,indexed,1,1,True,native-test-59,1,94.56144899968422,40.8554330001607,46.54487900006643,0.0,0,508,0.6666666666666666,0.6666666666666666,87.40031200022713
Q4_K_M,24,natural,1,0,True,native-test-39,1,111.09705600006237,62.45165799987262,57.578245000058814,0.0,0,315,0.8333333333333334,0.8333333333333334,120.02990299993144
BF16,24,indexed,1,0,True,native-test-61,1,90.82873800025482,45.7771699998375,39.6889620001275,0.0,0,508,0.5,0.5,85.466131999965
Q4_K_M,24,indexed,1,0,True,native-test-93,1,131.59353100013504,55.16566699998293,49.89251699998931,0.0,0,508,0.5,0.5,105.05818399997224
Q4_K_M,24,indexed,1,1,True,native-test-88,1,132.09367299987207,48.9600190001056,49.35139100007291,0.0,0,508,0.6666666666666666,0.6666666666666666,98.31141000017851
Q4_K_M,24,indexed,4,1,True,native-test-36|native-test-37|native-test-38|native-test-39,4,238.32508100008454,155.6920360001186,155.79294500003016,0.0,0,508,0.8750000000000001,0.8750000000000001,311.48498100014876
Q4_K_M,24,natural,1,1,True,native-test-67,1,110.9768050000639,55.01528099989628,59.8971449999226,0.0,0,315,0.8333333333333334,0.8333333333333334,114.91242599981888
BF16,24,indexed,1,0,True,native-test-71,1,91.95554099960646,49.02866000020367,40.439102000163984,0.0,0,508,0.6666666666666666,0.6666666666666666,89.46776200036766
BF16,24,indexed,1,0,True,native-test-87,1,92.79279100019266,51.9544269996004,42.87570699989374,0.0,0,508,0.6666666666666666,0.6666666666666666,94.83013399949414
BF16,24,natural,1,1,True,native-test-10,1,75.18851700024243,40.68873599999279,41.194965000158845,0.0,0,315,0.8333333333333334,0.8333333333333334,81.88370100015163
BF16,24,natural,1,1,True,native-test-31,1,77.4612039999738,42.662645999826054,48.110159000316344,0.0,0,315,0.8333333333333334,0.8333333333333334,90.7728050001424
BF16,24,natural,1,0,True,native-test-6,1,75.78628000010212,41.38341199995921,46.861758999966696,0.0,0,315,1.0,1.0,88.2451709999259
BF16,24,natural,4,1,True,native-test-68|native-test-69|native-test-70|native-test-71,4,180.25413899977138,146.39037100005226,146.2630949999948,0.0,0,315,0.7499999999999999,0.7499999999999999,292.65346600004705
Q4_K_M,24,indexed,1,0,True,native-test-58,1,129.6492589999616,47.228007999819965,52.90983600002619,0.0,0,508,0.8333333333333334,0.8333333333333334,100.13784399984615
BF16,24,indexed,1,1,True,native-test-91,1,91.51919799978714,41.739677999885316,43.428731999938464,0.0,0,508,0.8333333333333334,0.8333333333333334,85.16840999982378
BF16,24,indexed,1,0,True,native-test-88,1,94.00464300006206,40.571610999904806,50.37377799999376,0.0,0,508,0.6666666666666666,0.6666666666666666,90.94538899989857
BF16,24,natural,1,1,True,native-test-11,1,76.54533999993873,42.16326699997808,47.49388700020063,0.0,0,315,0.6666666666666666,0.6666666666666666,89.6571540001787
Q4_K_M,24,indexed,1,0,True,native-test-40,1,129.34310200012078,45.39848499985055,56.92244300007587,0.0,0,508,0.6666666666666666,0.6666666666666666,102.32092799992643
BF16,24,indexed,4,1,True,native-test-76|native-test-77|native-test-78|native-test-79,4,174.38026800027728,122.46531600021626,123.45374100004847,0.0,0,508,0.875,0.875,245.91905700026473
Q4_K_M,24,indexed,1,1,True,native-test-13,1,130.46901099983188,47.32604800005902,52.06229800000983,0.0,0,508,0.6666666666666666,0.6666666666666666,99.38834600006885
Q4_K_M,24,natural,1,0,True,native-test-43,1,110.90552799987563,62.54738500001622,58.33359200005361,0.0,0,315,0.6666666666666666,0.6666666666666666,120.88097700006983
Q4_K_M,24,natural,1,0,True,native-test-73,1,110.95898199982912,61.90904300001421,56.677175000004354,0.0,0,315,0.8333333333333334,0.8333333333333334,118.58621800001856
BF16,24,natural,1,0,True,native-test-53,1,77.98947099990983,44.522924999910174,50.113598000280035,0.0,0,315,0.8333333333333334,0.8333333333333334,94.63652300019021
BF16,24,indexed,1,0,True,native-test-42,1,92.07532099981108,38.35540399995807,43.897911999920325,0.0,0,508,0.8333333333333334,0.8333333333333334,82.2533159998784
BF16,24,indexed,4,0,True,native-test-44|native-test-45|native-test-46|native-test-47,4,185.7909870000185,134.50466700032848,133.27802200001315,0.0,0,508,0.8750000000000001,0.8750000000000001,267.78268900034163
BF16,24,indexed,1,1,True,native-test-36,1,93.68054300011863,40.66657600014878,41.39870600010909,0.0,0,508,1.0,1.0,82.06528200025787
BF16,24,natural,1,1,True,native-test-34,1,77.844690999882,44.27192399998603,44.735510000009526,0.0,0,315,0.8333333333333334,0.8333333333333334,89.00743399999556
BF16,24,indexed,1,1,True,native-test-13,1,93.02187899993442,40.31041899997945,45.6860939998478,0.0,0,508,0.6666666666666666,0.6666666666666666,85.99651299982725
Q4_K_M,24,natural,4,1,True,native-test-20|native-test-21|native-test-22|native-test-23,4,236.15785099991626,182.57744099992124,182.85895999997592,0.0,0,315,0.7083333333333334,0.7083333333333334,365.43640099989716
BF16,24,indexed,1,1,True,native-test-35,1,91.56939600006808,38.64137800019307,44.026232000305754,0.0,0,508,1.0,1.0,82.66761000049883
Q4_K_M,24,indexed,1,1,True,native-test-50,1,125.50626100005502,42.05724200005534,42.3813259999406,0.0,0,508,0.6666666666666666,0.6666666666666666,84.43856799999594
Q4_K_M,24,indexed,1,0,True,native-test-7,1,131.93808400001217,56.25196899995899,47.42253700010224,0.0,0,508,0.5,0.5,103.67450600006123
BF16,24,natural,4,0,True,native-test-12|native-test-13|native-test-14|native-test-15,4,167.98765199973786,136.0316820000662,135.43316100003722,0.0,0,315,0.8333333333333334,0.8333333333333334,271.46484300010343
Q4_K_M,24,indexed,1,0,True,native-test-66,1,127.52852200014786,44.13788000010754,50.596423999877516,0.0,0,508,0.8333333333333334,0.8333333333333334,94.73430399998506
BF16,24,indexed,1,1,True,native-test-93,1,92.94231599960767,40.152640999622236,45.67986500023835,0.0,0,508,0.6666666666666666,0.6666666666666666,85.83250599986059
Q4_K_M,24,natural,1,0,True,native-test-70,1,106.46803500003443,49.99461099987457,56.973017000018444,0.0,0,315,0.6666666666666666,0.6666666666666666,106.96762799989301
BF16,24,natural,1,1,True,native-test-64,1,80.65965600007985,46.2112690001959,46.74570199995287,0.0,0,315,0.8333333333333334,0.8333333333333334,92.95697100014877
Q4_K_M,24,natural,1,1,True,native-test-27,1,110.00888700004907,54.623697999886645,59.18835800002853,0.0,0,315,0.8333333333333334,0.8333333333333334,113.81205599991517
BF16,24,indexed,1,1,True,native-test-55,1,91.02239399999235,37.95041300008961,43.73521500019706,0.0,0,508,1.0,1.0,81.68562800028667
Q4_K_M,24,indexed,1,0,True,native-test-56,1,130.45575799992548,47.15236299989556,58.252989000038724,0.0,0,508,0.8333333333333334,0.8333333333333334,105.40535199993428
BF16,24,indexed,1,1,True,native-test-46,1,90.17278300007092,37.69207400000596,37.808129000040935,0.0,0,508,1.0,1.0,75.5002030000469
BF16,24,natural,1,0,True,native-test-90,1,75.8322900001076,40.79847499997413,51.27806900009091,0.0,0,315,0.8333333333333334,0.8333333333333334,92.07654400006504
BF16,24,indexed,1,1,True,native-test-49,1,93.36714800019763,39.84999800013611,45.68010399998457,0.0,0,508,0.8333333333333334,0.8333333333333334,85.53010200012068
Q4_K_M,24,natural,1,1,True,native-test-0,1,107.53094400001828,51.42276399988077,51.72617799985346,0.0,0,315,0.8333333333333334,0.8333333333333334,103.14894199973423
Q4_K_M,24,natural,1,0,True,native-test-84,1,112.35674700014897,57.48556000003191,64.26790799991977,0.0,0,315,0.8333333333333334,0.8333333333333334,121.75346799995168
Q4_K_M,24,indexed,4,0,True,native-test-4|native-test-5|native-test-6|native-test-7,4,227.96820300004583,144.99074699983794,144.7238240000388,0.0,0,508,0.6666666666666666,0.6666666666666666,289.71457099987674
BF16,24,natural,4,0,True,native-test-8|native-test-9|native-test-10|native-test-11,4,177.51485100006903,144.206166999993,144.1991839997172,0.0,0,315,0.75,0.75,288.4053509997102
Q4_K_M,24,natural,1,0,True,native-test-20,1,107.88135200004945,52.38391600005343,59.499636000055034,0.0,0,315,0.6666666666666666,0.6666666666666666,111.88355200010847
Q4_K_M,24,natural,1,0,True,native-test-89,1,110.78587699989839,62.393885999881604,56.453117999808455,0.0,0,315,0.6666666666666666,0.6666666666666666,118.84700399969006
BF16,24,natural,1,1,True,native-test-73,1,78.24221699956979,44.26993799961565,49.59559700000682,0.0,0,315,0.8333333333333334,0.8333333333333334,93.86553499962247
BF16,24,indexed,1,0,True,native-test-81,1,90.89105700013533,45.27823399985209,39.473033000376745,0.0,0,508,0.8333333333333334,0.8333333333333334,84.75126700022884
BF16,24,indexed,1,1,True,native-test-64,1,95.31916100013405,41.43256499992276,41.227036000236694,0.0,0,508,0.8333333333333334,0.8333333333333334,82.65960100015945
BF16,24,natural,4,0,True,native-test-32|native-test-33|native-test-34|native-test-35,4,177.56521199999042,144.79360499990435,145.01264299997274,0.0,0,315,0.8333333333333334,0.8333333333333334,289.8062479998771
BF16,24,indexed,4,0,True,native-test-32|native-test-33|native-test-34|native-test-35,4,175.2035309996245,121.90646399994876,121.56740099999297,0.0,0,508,0.75,0.75,243.47386499994172
BF16,24,indexed,1,0,True,native-test-46,1,90.90676200003145,37.892671000008704,45.13017299996136,0.0,0,508,1.0,1.0,83.02284399997006
BF16,24,indexed,1,1,True,native-test-95,1,90.89822099986122,38.07467099977657,43.654236999827845,0.0,0,508,1.0,1.0,81.72890799960442
Q4_K_M,24,natural,1,0,True,native-test-85,1,105.53063700012899,56.983809000030305,51.45276999996895,0.0,0,315,0.6666666666666666,0.6666666666666666,108.43657899999926
BF16,24,natural,1,0,True,native-test-12,1,79.00521400006255,44.6263280000494,52.156424000258994,0.0,0,315,0.6666666666666666,0.6666666666666666,96.78275200030839
BF16,24,natural,4,1,True,native-test-40|native-test-41|native-test-42|native-test-43,4,165.1045579997117,132.73083700005373,133.97705699981088,0.0,0,315,0.7916666666666666,0.7916666666666666,266.7078939998646
Q4_K_M,24,natural,4,0,True,native-test-12|native-test-13|native-test-14|native-test-15,4,231.86484899997595,182.78591800003596,179.82941199989,0.0,0,315,0.8333333333333334,0.8333333333333334,362.61532999992596
BF16,24,indexed,1,1,True,native-test-42,1,91.0997060000227,38.766728000155126,39.0338359998168,0.0,0,508,0.8333333333333334,0.8333333333333334,77.80056399997193
BF16,24,natural,1,1,True,native-test-47,1,78.15864700023667,44.14582100025655,49.524860000019544,0.0,0,315,0.8333333333333334,0.8333333333333334,93.67068100027609
Q4_K_M,24,natural,1,0,True,native-test-8,1,112.39989500018055,56.70317699991756,63.97373999993761,0.0,0,315,0.8333333333333334,0.8333333333333334,120.67691699985517
BF16,24,natural,1,1,True,native-test-65,1,77.28592500006926,42.00276500023392,47.98923799990007,0.0,0,315,0.6666666666666666,0.6666666666666666,89.99200300013399
Q4_K_M,24,natural,1,1,True,native-test-10,1,105.93625800015616,50.582394999992175,50.32603800009383,0.0,0,315,0.8333333333333334,0.8333333333333334,100.908433000086
BF16,24,natural,1,1,True,native-test-8,1,78.23346799978026,44.67919599983361,45.044824999877164,0.0,0,315,0.8333333333333334,0.8333333333333334,89.72402099971077
BF16,24,indexed,1,1,True,native-test-16,1,92.66949499988186,40.2114490002532,40.64673299990318,0.0,0,508,0.6666666666666666,0.6666666666666666,80.85818200015638
BF16,24,natural,4,1,True,native-test-80|native-test-81|native-test-82|native-test-83,4,173.8134010001886,141.2239729997964,141.18249700004526,0.0,0,315,0.6666666666666666,0.6666666666666666,282.40646999984165
Q4_K_M,24,natural,1,0,True,native-test-80,1,107.69476700011182,52.50338499990903,59.779316000003746,0.0,0,315,0.6666666666666666,0.6666666666666666,112.28270099991278
Q4_K_M,24,indexed,1,0,True,native-test-14,1,130.28873200005364,47.10086499994759,52.04043899993849,0.0,0,508,0.8333333333333334,0.8333333333333334,99.14130399988608
BF16,24,natural,1,0,True,native-test-35,1,75.96913299994412,49.739889000193216,43.43669699983366,0.0,0,315,0.8333333333333334,0.8333333333333334,93.17658600002687
BF16,24,natural,1,0,True,native-test-56,1,78.18326000005982,44.79006000019581,51.490726999873004,0.0,0,315,1.0,1.0,96.28078700006881
BF16,24,natural,4,1,True,native-test-24|native-test-25|native-test-26|native-test-27,4,174.21549699975003,142.06510100029845,142.83702000011544,0.0,0,315,0.7916666666666666,0.7916666666666666,284.9021210004139
Q4_K_M,24,natural,1,1,True,native-test-78,1,109.96015000000625,54.56656000001203,54.99781999992592,0.0,0,315,1.0,1.0,109.56437999993796
Q4_K_M,24,indexed,1,1,True,native-test-42,1,127.45591699990655,44.38920200004759,44.69577899999422,0.0,0,508,0.8333333333333334,0.8333333333333334,89.08498100004181
BF16,24,natural,1,0,True,native-test-38,1,78.2289359999595,44.20262699977684,51.65668799963896,0.0,0,315,0.8333333333333334,0.8333333333333334,95.8593149994158
BF16,24,natural,4,0,True,native-test-44|native-test-45|native-test-46|native-test-47,4,173.54564300012498,141.62037000005512,141.26592399998117,0.0,0,315,0.7916666666666667,0.7916666666666667,282.8862940000363
Q4_K_M,24,indexed,1,0,True,native-test-9,1,131.4224479999666,55.24856000010914,49.519221000082325,0.0,0,508,0.8333333333333334,0.8333333333333334,104.76778100019146
Q4_K_M,24,natural,1,0,True,native-test-88,1,112.2281920002024,56.88808600007178,63.59035200011931,0.0,0,315,1.0,1.0,120.47843800019109
Q4_K_M,24,indexed,1,1,True,native-test-90,1,125.01212900019709,41.96226699991712,42.23489900005006,0.0,0,508,1.0,1.0,84.19716599996718
Q4_K_M,24,indexed,1,1,True,native-test-40,1,128.50196600015806,45.048339999993914,45.389900000145644,0.0,0,508,0.6666666666666666,0.6666666666666666,90.43824000013956
BF16,24,natural,4,1,True,native-test-48|native-test-49|native-test-50|native-test-51,4,175.8934429999499,144.1988459996537,144.4475970001804,0.0,0,315,0.75,0.75,288.6464429998341
BF16,24,indexed,4,0,True,native-test-88|native-test-89|native-test-90|native-test-91,4,183.48681399993438,130.7206189999306,131.05830799986506,0.0,0,508,0.7916666666666667,0.7916666666666667,261.77892699979566
Q4_K_M,24,natural,1,1,True,native-test-79,1,112.02893200015751,56.88799699987612,61.59655299984479,0.0,0,315,0.8333333333333334,0.8333333333333334,118.48454999972091
Q4_K_M,24,indexed,1,1,True,native-test-56,1,129.57655900004283,46.82515000013154,47.05834199990022,0.0,0,508,0.8333333333333334,0.8333333333333334,93.88349200003177
Q4_K_M,24,natural,1,0,True,native-test-5,1,106.82686099994498,58.425773999942976,52.623420000145416,0.0,0,315,1.0,1.0,111.04919400008839
Q4_K_M,24,indexed,1,0,True,native-test-33,1,131.10025400010272,53.58740699989539,48.332973000015045,0.0,0,508,0.6666666666666666,0.6666666666666666,101.92037999991044
Q4_K_M,24,indexed,1,0,True,native-test-67,1,130.37428999996337,58.640553000032014,49.9260660001255,0.0,0,508,1.0,1.0,108.56661900015752
BF16,24,natural,1,1,True,native-test-38,1,77.51386900008583,44.12791599997945,44.469130000379664,0.0,0,315,0.8333333333333334,0.8333333333333334,88.59704600035911
BF16,24,natural,1,0,True,native-test-73,1,78.30355199985206,51.79108999982418,45.96725399960633,0.0,0,315,0.8333333333333334,0.8333333333333334,97.75834399943051
Q4_K_M,24,indexed,1,0,True,native-test-41,1,128.76116600000387,45.47003700008645,50.96127899992098,0.0,0,508,0.6666666666666666,0.6666666666666666,96.43131600000743
BF16,24,natural,1,0,True,native-test-27,1,78.40943300016079,51.96217499997147,45.925235000140674,0.0,0,315,0.8333333333333334,0.8333333333333334,97.88741000011214
Q4_K_M,24,natural,1,0,True,native-test-83,1,110.80051600015395,62.482037999870954,56.96792499998082,0.0,0,315,0.6666666666666666,0.6666666666666666,119.44996299985178
Q4_K_M,24,natural,1,1,True,native-test-22,1,107.25730799981648,52.24144599992542,52.60042899999462,0.0,0,315,0.8333333333333334,0.8333333333333334,104.84187499992004
Q4_K_M,24,natural,1,1,True,native-test-46,1,106.7972049997934,51.75831900010053,51.82136999997056,0.0,0,315,0.6666666666666666,0.6666666666666666,103.57968900007108
BF16,24,natural,4,1,True,native-test-84|native-test-85|native-test-86|native-test-87,4,174.75482500003636,142.12218100010432,142.03528600000936,0.0,0,315,0.75,0.75,284.1574670001137
Q4_K_M,24,indexed,1,0,True,native-test-50,1,126.7221900000095,42.39340300000549,53.338208000013765,0.0,0,508,0.6666666666666666,0.6666666666666666,95.73161100001926
BF16,24,natural,4,0,True,native-test-24|native-test-25|native-test-26|native-test-27,4,175.24481600003128,142.3725879999438,141.96085200001107,0.0,0,315,0.7916666666666666,0.7916666666666666,284.33343999995486
BF16,24,indexed,1,0,True,native-test-89,1,93.26146800003698,50.96964599988496,42.022906999591214,0.0,0,508,0.8333333333333334,0.8333333333333334,92.99255299947617
BF16,24,indexed,4,0,True,native-test-60|native-test-61|native-test-62|native-test-63,4,183.1999639998685,129.82232300009855,130.35383499982345,0.0,0,508,0.75,0.75,260.176157999922
BF16,24,indexed,1,1,True,native-test-17,1,92.84050099995511,39.956118000191054,45.550462000392145,0.0,0,508,0.8333333333333334,0.8333333333333334,85.5065800005832
Q4_K_M,24,indexed,1,0,True,native-test-10,1,126.92801499997586,42.601630000035584,53.655334000040966,0.0,0,508,0.6666666666666666,0.6666666666666666,96.25696400007655
BF16,24,natural,1,1,True,native-test-2,1,76.32791800006089,42.89417600011802,42.634587999600626,0.0,0,315,0.8333333333333334,0.8333333333333334,85.52876399971865
Q4_K_M,24,natural,1,1,True,native-test-9,1,110.93030299980455,61.354725000001054,60.53165100001934,0.0,0,315,0.8333333333333334,0.8333333333333334,121.88637600002039
BF16,24,natural,1,0,True,native-test-0,1,82.56622999988394,42.426196999713284,61.50755999988178,0.0,0,315,0.8333333333333334,0.8333333333333334,103.93375699959506
BF16,24,natural,1,0,True,native-test-88,1,79.19044700020095,44.84279799999058,55.035775000305875,0.0,0,315,1.0,1.0,99.87857300029646
Q4_K_M,24,indexed,1,1,True,native-test-71,1,129.0221599999768,45.147208999878785,50.19434500013631,0.0,0,508,0.6666666666666666,0.6666666666666666,95.3415540000151
Q4_K_M,24,indexed,4,1,True,native-test-68|native-test-69|native-test-70|native-test-71,4,237.1218170001157,153.92929199992977,154.46636599995145,0.0,0,508,0.75,0.75,308.3956579998812
BF16,24,indexed,1,0,True,native-test-8,1,93.7589600002866,40.51747299990893,48.144672000034916,0.0,0,508,0.8333333333333334,0.8333333333333334,88.66214499994385
Q4_K_M,24,natural,1,0,True,native-test-78,1,109.84258000007685,54.69842399998015,60.75515699990319,0.0,0,315,1.0,1.0,115.45358099988334
BF16,24,natural,1,1,True,native-test-87,1,77.85832500030665,44.17064900007972,49.795768999956636,0.0,0,315,0.8333333333333334,0.8333333333333334,93.96641800003636
Q4_K_M,24,indexed,1,1,True,native-test-5,1,127.76793700004418,43.97436900012508,48.87491099998442,0.0,0,508,0.6666666666666666,0.6666666666666666,92.8492800001095
BF16,24,indexed,1,1,True,native-test-65,1,91.5183470001466,37.30448600026648,43.238979000307154,0.0,0,508,1.0,1.0,80.54346500057363
Q4_K_M,24,indexed,1,0,True,native-test-79,1,131.96999300021162,55.648517000008724,50.02208399992014,0.0,0,508,1.0,1.0,105.67060099992887
BF16,24,indexed,4,0,True,native-test-4|native-test-5|native-test-6|native-test-7,4,172.03469000014593,118.88797400024487,118.61185499992644,0.0,0,508,0.7083333333333334,0.7083333333333334,237.4998290001713
Q4_K_M,24,indexed,1,1,True,native-test-41,1,131.40372700013359,45.08267899996099,49.84930099999474,0.0,0,508,0.6666666666666666,0.6666666666666666,94.93197999995573
Q4_K_M,24,indexed,1,0,True,native-test-28,1,131.74267900012637,49.46274500002801,56.436544000007416,0.0,0,508,1.0,1.0,105.89928900003542
Q4_K_M,24,natural,4,0,True,native-test-92|native-test-93|native-test-94|native-test-95,4,240.71110399995632,186.44471099992188,186.07919400005812,0.0,0,315,0.7916666666666667,0.7916666666666667,372.52390499998
BF16,24,indexed,1,0,True,native-test-22,1,91.57560200037551,38.58187000014368,45.75480099993001,0.0,0,508,1.0,1.0,84.3366710000737
BF16,24,natural,4,0,True,native-test-52|native-test-53|native-test-54|native-test-55,4,167.1833349996632,134.99129599995285,134.77698599990617,0.0,0,315,0.7500000000000001,0.7500000000000001,269.768281999859
BF16,24,natural,1,1,True,native-test-79,1,79.40100799987704,44.68453099980252,50.47749499999554,0.0,0,315,0.8333333333333334,0.8333333333333334,95.16202599979806
BF16,24,indexed,4,1,True,native-test-12|native-test-13|native-test-14|native-test-15,4,163.39706000007936,110.0844259999576,109.78079899996374,0.0,0,508,0.8333333333333334,0.8333333333333334,219.86522499992134
Q4_K_M,24,indexed,1,1,True,native-test-64,1,132.541645999936,49.601956999822505,49.75921699997343,0.0,0,508,0.6666666666666666,0.6666666666666666,99.36117399979594
BF16,24,indexed,1,0,True,native-test-27,1,92.44820200001413,51.70924799995191,43.04734500010454,0.0,0,508,0.6666666666666666,0.6666666666666666,94.75659300005645
BF16,24,indexed,1,0,True,native-test-57,1,93.03129499994611,40.422271999887016,45.58064699995157,0.0,0,508,0.6666666666666666,0.6666666666666666,86.00291899983858
BF16,24,natural,1,1,True,native-test-91,1,76.53079300007448,41.69937300002857,47.48948799988284,0.0,0,315,0.6666666666666666,0.6666666666666666,89.18886099991141
BF16,24,natural,1,0,True,native-test-71,1,77.16936399992846,53.19052200002261,44.43127900003674,0.0,0,315,0.6666666666666666,0.6666666666666666,97.62180100005935
BF16,24,natural,1,1,True,native-test-46,1,75.94180299975051,42.250676000094245,42.18026699982147,0.0,0,315,0.6666666666666666,0.6666666666666666,84.43094299991571
BF16,24,indexed,1,1,True,native-test-70,1,90.7108739997966,37.15834000013274,37.46107300003132,0.0,0,508,0.5,0.5,74.61941300016406
Q4_K_M,24,natural,1,0,True,native-test-69,1,112.22466499998518,63.18883299991285,58.13992399998824,0.0,0,315,0.6666666666666666,0.6666666666666666,121.32875699990109
BF16,24,indexed,1,0,True,native-test-68,1,94.09665399971345,41.08279299998685,51.139929000328266,0.0,0,508,0.8333333333333334,0.8333333333333334,92.22272200031512
Q4_K_M,24,natural,4,1,True,native-test-68|native-test-69|native-test-70|native-test-71,4,239.31057999993754,185.94594199998937,186.2142100001165,0.0,0,315,0.7499999999999999,0.7499999999999999,372.1601520001059
BF16,24,natural,1,1,True,native-test-50,1,75.39324000026681,41.76638800026922,42.0963749998009,0.0,0,315,0.8333333333333334,0.8333333333333334,83.86276300007012
Q4_K_M,24,indexed,1,1,True,native-test-8,1,132.53761800001485,49.12595400014652,49.59325400000125,0.0,0,508,0.8333333333333334,0.8333333333333334,98.71920800014777
Q4_K_M,24,indexed,4,1,True,native-test-72|native-test-73|native-test-74|native-test-75,4,239.74417199997333,157.11748499984424,157.49497499996323,0.0,0,508,0.7916666666666667,0.7916666666666667,314.61245999980747
BF16,24,natural,1,0,True,native-test-75,1,76.03467099988848,50.04902500013486,44.23268200025632,0.0,0,315,0.6666666666666666,0.6666666666666666,94.28170700039118
BF16,24,natural,1,1,True,native-test-68,1,79.69709200006037,45.112150000022666,45.22863400006827,0.0,0,315,1.0,1.0,90.34078400009093
BF16,24,natural,1,0,True,native-test-9,1,78.57481799965171,52.43169000004855,46.346673000243754,0.0,0,315,0.6666666666666666,0.6666666666666666,98.7783630002923
Q4_K_M,24,indexed,1,1,True,native-test-29,1,132.14225799993073,49.15852099998119,53.64263199999186,0.0,0,508,0.6666666666666666,0.6666666666666666,102.80115299997306
BF16,24,indexed,1,0,True,native-test-66,1,91.28522300034092,38.47723799981395,45.57115099987641,0.0,0,508,0.8333333333333334,0.8333333333333334,84.04838899969036
BF16,24,indexed,1,0,True,native-test-82,1,91.41910299968004,38.077450999935536,45.555377999789926,0.0,0,508,0.5,0.5,83.63282899972546
BF16,24,natural,1,0,True,native-test-87,1,77.88214699985474,51.50836900020295,45.23035800002617,0.0,0,315,0.8333333333333334,0.8333333333333334,96.73872700022912
BF16,24,natural,1,0,True,native-test-57,1,77.73499599989009,44.15453100000377,49.58486199984691,0.0,0,315,0.8333333333333334,0.8333333333333334,93.73939299985068
Q4_K_M,24,natural,1,0,True,native-test-28,1,112.24586800017278,56.827711999858366,63.84666600001765,0.0,0,315,0.8333333333333334,0.8333333333333334,120.67437799987601
BF16,24,natural,4,1,True,native-test-72|native-test-73|native-test-74|native-test-75,4,175.61053200006427,141.60760499999014,142.11480299991308,0.0,0,315,0.75,0.75,283.7224079999032
Q4_K_M,24,indexed,1,1,True,native-test-37,1,129.1148279999561,46.04246300004888,50.9219140001278,0.0,0,508,0.8333333333333334,0.8333333333333334,96.96437700017668
Q4_K_M,24,indexed,1,0,True,native-test-4,1,132.6257739999619,49.43089600010353,56.30450299986478,0.0,0,508,0.5,0.5,105.73539899996831
BF16,24,indexed,4,1,True,native-test-92|native-test-93|native-test-94|native-test-95,4,175.2519570000004,122.98057199996038,123.39283500023157,0.0,0,508,0.875,0.875,246.37340700019195
Q4_K_M,24,natural,1,0,True,native-test-2,1,107.75928499992915,52.13149600012912,58.65398800006005,0.0,0,315,0.8333333333333334,0.8333333333333334,110.78548400018917
Q4_K_M,24,natural,1,0,True,native-test-63,1,110.22663499988994,62.44014200001402,56.0881320000135,0.0,0,315,0.8333333333333334,0.8333333333333334,118.52827400002752
BF16,24,indexed,1,0,True,native-test-40,1,92.8122379996239,38.58842199997525,50.81148099998245,0.0,0,508,0.8333333333333334,0.8333333333333334,89.3999029999577
BF16,24,natural,1,1,True,native-test-0,1,76.2488260002101,41.89743599999929,42.354403999979695,0.0,0,315,0.8333333333333334,0.8333333333333334,84.25183999997898
BF16,24,indexed,1,1,True,native-test-71,1,92.4130610001157,38.078088000020216,43.86511699976836,0.0,0,508,0.6666666666666666,0.6666666666666666,81.94320499978858
BF16,24,natural,1,0,True,native-test-68,1,80.3075959997841,45.36705999998958,55.08180500009985,0.0,0,315,1.0,1.0,100.44886500008943
BF16,24,natural,1,1,True,native-test-78,1,77.4289940000017,43.869833999906405,44.14814000028855,0.0,0,315,1.0,1.0,88.01797400019495
Q4_K_M,24,indexed,4,0,True,native-test-68|native-test-69|native-test-70|native-test-71,4,238.1099419999373,155.75543900013145,157.84339900005762,0.0,0,508,0.75,0.75,313.59883800018906
BF16,24,natural,1,0,True,native-test-81,1,76.43331200006287,49.91312500033018,44.60634299994126,0.0,0,315,0.5,0.5,94.51946800027144
BF16,24,indexed,1,0,True,native-test-74,1,94.50224900001558,41.17757500034713,48.48085200001151,0.0,0,508,0.8333333333333334,0.8333333333333334,89.65842700035864
Q4_K_M,24,indexed,4,0,True,native-test-64|native-test-65|native-test-66|native-test-67,4,242.26223699997718,156.5088609997929,157.2494959998494,0.0,0,508,0.875,0.875,313.7583569996423
Q4_K_M,24,natural,1,0,True,native-test-42,1,108.59950099984417,53.20872499987672,58.26213099999222,0.0,0,315,1.0,1.0,111.47085599986895
Q4_K_M,24,indexed,4,0,True,native-test-56|native-test-57|native-test-58|native-test-59,4,233.94209399998545,150.12031299988848,152.7578039999753,0.0,0,508,0.7083333333333334,0.7083333333333334,302.8781169998638
Q4_K_M,24,indexed,4,1,True,native-test-56|native-test-57|native-test-58|native-test-59,4,232.95054100003654,150.00355100005436,149.7724500000004,0.0,0,508,0.7083333333333334,0.7083333333333334,299.77600100005475
Q4_K_M,24,natural,1,1,True,native-test-55,1,107.65047199993205,52.01982299990959,56.56693099990662,0.0,0,315,0.8333333333333334,0.8333333333333334,108.58675399981621
BF16,24,indexed,4,0,True,native-test-12|native-test-13|native-test-14|native-test-15,4,162.22485499974937,110.84040499963521,110.3229929999543,0.0,0,508,0.8333333333333334,0.8333333333333334,221.1633979995895
BF16,24,indexed,1,1,True,native-test-69,1,94.68305399968813,40.69355799992991,46.674834999976156,0.0,0,508,1.0,1.0,87.36839299990606
Q4_K_M,24,indexed,1,1,True,native-test-36,1,130.97455899992383,47.151169000017035,47.29397799997059,0.0,0,508,1.0,1.0,94.44514699998763
Q4_K_M,24,natural,1,0,True,native-test-52,1,110.41240600002311,55.687475000013364,62.932138999940435,0.0,0,315,0.8333333333333334,0.8333333333333334,118.6196139999538
BF16,24,natural,1,0,True,native-test-1,1,76.20773999997255,49.334188000102586,43.700840999918,0.0,0,315,0.8333333333333334,0.8333333333333334,93.03502900002059
BF16,24,natural,1,0,True,native-test-92,1,79.09119500027373,44.93388799983222,52.557734999936656,0.0,0,315,0.6666666666666666,0.6666666666666666,97.49162299976888
BF16,24,natural,1,1,True,native-test-81,1,76.24764699994557,42.516102000263345,47.71426299976156,0.0,0,315,0.5,0.5,90.2303650000249
BF16,24,natural,4,1,True,native-test-36|native-test-37|native-test-38|native-test-39,4,178.01386199971603,145.31315400017775,145.26606199979142,0.0,0,315,0.7083333333333334,0.7083333333333334,290.57921599996916
Q4_K_M,24,indexed,1,1,True,native-test-72,1,130.00466199991934,47.22549300004175,47.57435400006216,0.0,0,508,1.0,1.0,94.79984700010391
Q4_K_M,24,indexed,1,0,True,native-test-13,1,130.61399000002893,47.493800999973246,52.578817999801686,0.0,0,508,0.6666666666666666,0.6666666666666666,100.07261899977493
BF16,24,indexed,4,1,True,native-test-48|native-test-49|native-test-50|native-test-51,4,182.34336600016832,130.69657899995946,131.3686069997857,0.0,0,508,0.7916666666666666,0.7916666666666666,262.06518599974515
Q4_K_M,24,natural,1,1,True,native-test-28,1,111.84710199995607,57.19802399994478,56.93057099983889,0.0,0,315,0.8333333333333334,0.8333333333333334,114.12859499978367
BF16,24,indexed,1,1,True,native-test-87,1,93.08861399995294,40.00374199995349,45.718912000211276,0.0,0,508,0.6666666666666666,0.6666666666666666,85.72265400016477
BF16,24,natural,1,0,True,native-test-48,1,79.8124419998203,44.981644000017695,55.0319409999247,0.0,0,315,0.5,0.5,100.0135849999424
Q4_K_M,24,natural,1,1,True,native-test-25,1,105.73561299997891,50.0713829999313,55.07975199998327,0.0,0,315,0.6666666666666666,0.6666666666666666,105.15113499991458
BF16,24,indexed,1,1,True,native-test-68,1,94.24904100023923,40.82529399966006,41.075817000091774,0.0,0,508,0.8333333333333334,0.8333333333333334,81.90111099975184
Q4_K_M,24,indexed,1,1,True,native-test-57,1,129.86707000004571,46.819940999967,51.55564799997592,0.0,0,508,0.6666666666666666,0.6666666666666666,98.37558899994292
Q4_K_M,24,indexed,1,0,True,native-test-18,1,130.71688800005177,46.67768699982844,51.699550999956045,0.0,0,508,0.8333333333333334,0.8333333333333334,98.37723799978448
Q4_K_M,24,natural,1,1,True,native-test-85,1,106.29804699988199,50.342036000074586,55.373070999849006,0.0,0,315,0.6666666666666666,0.6666666666666666,105.71510699992359
Q4_K_M,24,natural,1,1,True,native-test-34,1,110.11638399986623,56.78553300003841,55.502370999874984,0.0,0,315,0.8333333333333334,0.8333333333333334,112.2879039999134
BF16,24,natural,1,1,True,native-test-56,1,77.76253200017891,44.181718999880104,44.463251999786735,0.0,0,315,1.0,1.0,88.64497099966684
Q4_K_M,24,indexed,1,0,True,native-test-54,1,131.08314000010068,47.483721999924455,54.603092999968794,0.0,0,508,0.6666666666666666,0.6666666666666666,102.08681499989325
BF16,24,natural,1,0,True,native-test-80,1,76.79022199999963,42.46559500006697,51.97024000017336,0.0,0,315,0.6666666666666666,0.6666666666666666,94.43583500024033
BF16,24,natural,1,0,True,native-test-69,1,79.10339499994734,55.30808599996817,46.66018499983693,0.0,0,315,0.6666666666666666,0.6666666666666666,101.9682709998051
Q4_K_M,24,indexed,1,1,True,native-test-60,1,127.67412200014405,44.596484999829045,44.84819100002824,0.0,0,508,1.0,1.0,89.44467599985728
Q4_K_M,24,indexed,1,0,True,native-test-23,1,130.052785000089,58.52659699985452,49.13807900015854,0.0,0,508,0.6666666666666666,0.6666666666666666,107.66467600001306
Q4_K_M,24,indexed,1,0,True,native-test-22,1,128.10083800013672,44.743589000063366,51.194878999922366,0.0,0,508,1.0,1.0,95.93846799998573
Q4_K_M,24,natural,1,0,True,native-test-15,1,105.89991999995618,57.38846199983527,51.93667999992613,0.0,0,315,0.8333333333333334,0.8333333333333334,109.3251419997614
BF16,24,natural,4,0,True,native-test-80|native-test-81|native-test-82|native-test-83,4,181.7479309997907,141.31078600030378,141.80538200025694,0.0,0,315,0.6666666666666666,0.6666666666666666,283.1161680005607
BF16,24,indexed,4,1,True,native-test-28|native-test-29|native-test-30|native-test-31,4,174.54349599984198,121.13978799970937,121.857634999742,0.0,0,508,0.875,0.875,242.99742299945137
Q4_K_M,24,indexed,1,1,True,native-test-17,1,130.56694800002333,46.7161680001027,51.60665199991854,0.0,0,508,0.6666666666666666,0.6666666666666666,98.32282000002124
BF16,24,natural,1,0,True,native-test-67,1,78.33687199990891,52.07943300001716,46.1198709999735,0.0,0,315,0.8333333333333334,0.8333333333333334,98.19930399999066
Q4_K_M,24,natural,4,1,True,native-test-36|native-test-37|native-test-38|native-test-39,4,241.1295050001172,187.32758200007993,187.8683700001602,0.0,0,315,0.6666666666666666,0.6666666666666666,375.19595200024014
Q4_K_M,24,natural,1,0,True,native-test-4,1,112.85245900012342,57.44046099994193,64.22038800019436,0.0,0,315,0.6666666666666666,0.6666666666666666,121.6608490001363
BF16,24,natural,1,1,True,native-test-29,1,80.12689299994236,45.571231999929296,50.62454600010824,0.0,0,315,0.8333333333333334,0.8333333333333334,96.19577800003754
BF16,24,natural,4,0,True,native-test-16|native-test-17|native-test-18|native-test-19,4,187.0077799999308,141.6601079999964,146.26499599989984,0.0,0,315,0.875,0.875,287.92510399989624
Q4_K_M,24,natural,1,0,True,native-test-41,1,111.33347999998477,52.97726700018757,57.95542900000328,0.0,0,315,0.6666666666666666,0.6666666666666666,110.93269600019084
BF16,24,natural,1,0,True,native-test-8,1,79.0204800000538,44.91694499984078,52.419164999719214,0.0,0,315,0.8333333333333334,0.8333333333333334,97.33610999956
BF16,24,indexed,1,1,True,native-test-30,1,91.28599299992857,37.43352799983768,37.97063899992281,0.0,0,508,1.0,1.0,75.40416699976049
Q4_K_M,24,indexed,4,0,True,native-test-44|native-test-45|native-test-46|native-test-47,4,241.14118899979076,157.79495399988264,157.73406199991769,0.0,0,508,0.8750000000000001,0.8750000000000001,315.5290159998003
BF16,24,natural,4,1,True,native-test-32|native-test-33|native-test-34|native-test-35,4,176.99448800021855,144.69215500002974,145.72556900020572,0.0,0,315,0.8333333333333334,0.8333333333333334,290.41772400023547
BF16,24,natural,4,0,True,native-test-28|native-test-29|native-test-30|native-test-31,4,173.43814100013333,135.80700099964815,134.96067500000208,0.0,0,315,0.8333333333333334,0.8333333333333334,270.76767599965024
BF16,24,indexed,1,0,True,native-test-29,1,94.22738100010974,40.57314100009535,46.589925000262156,0.0,0,508,0.6666666666666666,0.6666666666666666,87.1630660003575
Q4_K_M,24,natural,1,0,True,native-test-30,1,105.28924499999448,49.948147999884895,56.99117400013165,0.0,0,315,1.0,1.0,106.93932200001655
BF16,24,natural,1,1,True,native-test-62,1,77.18511100028991,43.01650800016432,43.0095199999414,0.0,0,315,0.6666666666666666,0.6666666666666666,86.02602800010573
BF16,24,natural,1,1,True,native-test-23,1,79.43868899974404,50.08065099991654,50.886169000023074,0.0,0,315,1.0,1.0,100.96681999993962
BF16,24,indexed,1,0,True,native-test-30,1,92.63125500001479,37.071648000164714,52.70367000002807,0.0,0,508,1.0,1.0,89.77531800019278
BF16,24,indexed,1,0,True,native-test-16,1,95.1629099999991,40.37680500005081,52.91442299994742,0.0,0,508,0.6666666666666666,0.6666666666666666,93.29122799999823
Q4_K_M,24,natural,1,1,True,native-test-73,1,111.12618800007112,55.39678600007392,60.2140540001983,0.0,0,315,0.8333333333333334,0.8333333333333334,115.61084000027222
BF16,24,natural,1,1,True,native-test-76,1,77.52901799995016,44.09911899983854,44.27329000009195,0.0,0,315,1.0,1.0,88.37240899993049
BF16,24,natural,4,1,True,native-test-28|native-test-29|native-test-30|native-test-31,4,167.23444099989138,134.834168999987,135.11337499994625,0.0,0,315,0.8333333333333334,0.8333333333333334,269.94754399993326
BF16,24,indexed,1,0,True,native-test-63,1,93.92572600017957,52.33581100037554,43.19630000009056,0.0,0,508,0.5,0.5,95.5321110004661
BF16,24,natural,1,1,True,native-test-51,1,77.03768400006084,42.58496600004946,48.48765700035074,0.0,0,315,1.0,1.0,91.0726230004002
Q4_K_M,24,indexed,1,1,True,native-test-1,1,127.54798300011316,44.28860799998802,49.209445000087726,0.0,0,508,0.6666666666666666,0.6666666666666666,93.49805300007574
BF16,24,natural,1,1,True,native-test-26,1,76.70822099998986,42.68684699991354,42.98166999979003,0.0,0,315,0.6666666666666666,0.6666666666666666,85.66851699970357
BF16,24,indexed,4,0,True,native-test-80|native-test-81|native-test-82|native-test-83,4,184.35669700011204,131.48873899990576,131.45499600022958,0.0,0,508,0.8333333333333334,0.8333333333333334,262.94373500013535
Q4_K_M,24,indexed,1,1,True,native-test-89,1,131.32578299996567,47.81599000011738,52.485418000060235,0.0,0,508,0.8333333333333334,0.8333333333333334,100.30140800017762
Q4_K_M,24,indexed,1,0,True,native-test-82,1,127.7051769998252,44.649900999957026,50.89986100006172,0.0,0,508,0.5,0.5,95.54976200001875
BF16,24,natural,1,1,True,native-test-13,1,78.92624100031753,44.88342700005887,50.155820999862044,0.0,0,315,0.8333333333333334,0.8333333333333334,95.03924799992092
BF16,24,indexed,4,1,True,native-test-40|native-test-41|native-test-42|native-test-43,4,160.91993400004867,108.65073700006178,109.39399400012917,0.0,0,508,0.75,0.75,218.04473100019095
Q4_K_M,24,indexed,1,0,True,native-test-43,1,130.27015000011488,58.271623999871736,48.768982999945365,0.0,0,508,0.5,0.5,107.0406069998171
Q4_K_M,24,indexed,1,0,True,native-test-65,1,127.82470300021487,55.773059000102876,46.13126699996428,0.0,0,508,1.0,1.0,101.90432600006716
BF16,24,indexed,1,0,True,native-test-0,1,93.59112499987532,38.1413390000489,58.508483999958116,0.0,0,508,1.0,1.0,96.64982300000702
BF16,24,indexed,1,1,True,native-test-6,1,90.3683399997135,36.874926000109554,37.34395300034521,0.0,0,508,0.8333333333333334,0.8333333333333334,74.21887900045476
BF16,24,indexed,4,0,True,native-test-76|native-test-77|native-test-78|native-test-79,4,174.8490509999101,122.60861000004297,122.10973099990952,0.0,0,508,0.875,0.875,244.7183409999525
BF16,24,natural,4,1,True,native-test-76|native-test-77|native-test-78|native-test-79,4,169.6365899997545,137.9844360003517,139.0521869998338,0.0,0,315,0.875,0.875,277.0366230001855
Q4_K_M,24,indexed,1,1,True,native-test-92,1,130.64123599997401,47.50565499989534,47.985601999926075,0.0,0,508,0.8333333333333334,0.8333333333333334,95.49125699982142
BF16,24,natural,1,0,True,native-test-85,1,76.56741700020575,52.47524800006431,43.9458270002433,0.0,0,315,0.6666666666666666,0.6666666666666666,96.42107500030761
BF16,24,indexed,1,1,True,native-test-3,1,94.33463099958317,40.22521999968376,45.91124499984289,0.0,0,508,1.0,1.0,86.13646499952665
Q4_K_M,24,indexed,1,1,True,native-test-69,1,133.4867180000856,49.30092499989769,54.095772999971814,0.0,0,508,1.0,1.0,103.3966979998695
BF16,24,natural,1,1,True,native-test-70,1,76.81072700006553,41.07881499976429,41.39985700021498,0.0,0,315,0.6666666666666666,0.6666666666666666,82.47867199997927
BF16,24,indexed,1,0,True,native-test-23,1,93.03026099996714,52.64953799996874,43.780447999779426,0.0,0,508,0.6666666666666666,0.6666666666666666,96.42998599974817
Q4_K_M,24,indexed,1,0,True,native-test-69,1,132.5967379998474,55.92104300012579,50.82515800017973,0.0,0,508,1.0,1.0,106.74620100030552
Q4_K_M,24,natural,1,1,True,native-test-50,1,105.35797199986519,49.776027999996586,50.13106000001244,0.0,0,315,0.8333333333333334,0.8333333333333334,99.90708800000903
Q4_K_M,24,indexed,1,0,True,native-test-47,1,130.0742750001973,57.92688799988355,48.613057000011395,0.0,0,508,0.8333333333333334,0.8333333333333334,106.53994499989494
BF16,24,natural,4,0,True,native-test-40|native-test-41|native-test-42|native-test-43,4,181.87669500002812,132.5353110000833,133.67788599998676,0.0,0,315,0.7916666666666666,0.7916666666666666,266.21319700007007
Q4_K_M,24,natural,1,1,True,native-test-51,1,107.41070900007799,52.029313000048205,56.86906899995847,0.0,0,315,1.0,1.0,108.89838200000668
BF16,24,indexed,1,0,True,native-test-78,1,93.49428699988493,40.13362599971515,47.54529299998467,0.0,0,508,0.8333333333333334,0.8333333333333334,87.67891899969982
Q4_K_M,24,natural,4,0,True,native-test-72|native-test-73|native-test-74|native-test-75,4,243.47904000001108,184.53107599998475,184.93012299995826,0.0,0,315,0.75,0.75,369.461198999943
BF16,24,natural,1,0,True,native-test-65,1,76.68682499979695,53.30401299988807,44.51441999981398,0.0,0,315,0.6666666666666666,0.6666666666666666,97.81843299970205
Q4_K_M,24,indexed,1,0,True,native-test-68,1,133.32265200006077,49.49107200013714,56.89595199987707,0.0,0,508,0.8333333333333334,0.8333333333333334,106.38702400001421
BF16,24,natural,1,1,True,native-test-86,1,75.94031399958112,42.14208699977462,42.68545800005086,0.0,0,315,0.6666666666666666,0.6666666666666666,84.82754499982548
BF16,24,natural,1,1,True,native-test-93,1,78.25190999983533,44.52388800018525,49.711871999988944,0.0,0,315,0.8333333333333334,0.8333333333333334,94.2357600001742
BF16,24,indexed,4,1,True,native-test-16|native-test-17|native-test-18|native-test-19,4,172.16665000023568,119.8617920003926,120.85226799990778,0.0,0,508,0.7916666666666667,0.7916666666666667,240.71406000030038
Q4_K_M,24,natural,1,1,True,native-test-6,1,106.83515100004115,51.640571000007185,51.82243900003414,0.0,0,315,1.0,1.0,103.46301000004132
BF16,24,indexed,1,1,True,native-test-94,1,92.61219200016058,40.45002399971054,40.75929600003292,0.0,0,508,0.8333333333333334,0.8333333333333334,81.20931999974346
BF16,24,natural,1,1,True,native-test-66,1,76.62939000010738,42.3505529997783,42.30258699999467,0.0,0,315,0.6666666666666666,0.6666666666666666,84.65313999977297
Q4_K_M,24,indexed,4,0,True,native-test-48|native-test-49|native-test-50|native-test-51,4,240.95338899996932,158.09364699998696,158.03375299992695,0.0,0,508,0.7916666666666666,0.7916666666666666,316.1273999999139
Q4_K_M,24,natural,1,0,True,native-test-81,1,107.26413999987017,58.61452499993902,53.110129000060624,0.0,0,315,0.5,0.5,111.72465399999965
Q4_K_M,24,natural,4,0,True,native-test-88|native-test-89|native-test-90|native-test-91,4,235.8065970001917,182.53789100003814,182.23439999997026,0.0,0,315,0.7916666666666666,0.7916666666666666,364.7722910000084
BF16,24,natural,1,0,True,native-test-64,1,80.55446600019422,46.26622400019187,56.09819300025265,0.0,0,315,0.8333333333333334,0.8333333333333334,102.36441700044452
BF16,24,indexed,1,0,True,native-test-58,1,93.48688099998981,40.1418480000757,47.353713999655156,0.0,0,508,0.8333333333333334,0.8333333333333334,87.49556199973085
BF16,24,natural,1,1,True,native-test-37,1,76.5920279995953,43.08164299982309,48.31063599976915,0.0,0,315,0.6666666666666666,0.6666666666666666,91.39227899959224
Q4_K_M,24,indexed,1,0,True,native-test-26,1,127.19094899989614,44.17381600001136,51.11199599991778,0.0,0,508,1.0,1.0,95.28581199992914
BF16,24,indexed,1,1,True,native-test-80,1,90.85185399999318,37.64088300022195,38.47333500016248,0.0,0,508,1.0,1.0,76.11421800038443
Q4_K_M,24,indexed,1,1,True,native-test-25,1,125.35429200011095,42.07649099998889,46.68010199998207,0.0,0,508,0.3333333333333333,0.3333333333333333,88.75659299997096
BF16,24,indexed,1,1,True,native-test-57,1,92.93333000005077,40.12966700020115,45.450213000094664,0.0,0,508,0.6666666666666666,0.6666666666666666,85.57988000029582
Q4_K_M,24,indexed,4,1,True,native-test-32|native-test-33|native-test-34|native-test-35,4,227.42465399983303,144.0805110000838,144.88206500004708,0.0,0,508,0.75,0.75,288.96257600013087
BF16,24,natural,1,0,True,native-test-62,1,76.75005999999485,42.68220999983896,49.77122300033443,0.0,0,315,0.6666666666666666,0.6666666666666666,92.45343300017339
BF16,24,natural,4,0,True,native-test-64|native-test-65|native-test-66|native-test-67,4,174.03103399965403,141.32232500014652,141.41779100009444,0.0,0,315,0.75,0.75,282.74011600024096
Q4_K_M,24,indexed,1,0,True,native-test-55,1,127.14557499998591,54.94362199988245,45.62191000013627,0.0,0,508,1.0,1.0,100.56553200001872
Q4_K_M,24,indexed,4,0,True,native-test-32|native-test-33|native-test-34|native-test-35,4,227.3503740000251,143.27868200007288,143.6580199999753,0.0,0,508,0.75,0.75,286.9367020000482
Q4_K_M,24,natural,1,0,True,native-test-61,1,107.33639000000039,58.66020899998148,53.488528000116276,0.0,0,315,0.8333333333333334,0.8333333333333334,112.14873700009775
BF16,24,indexed,1,1,True,native-test-86,1,91.17467700025372,38.236742000208324,37.92618299985406,0.0,0,508,1.0,1.0,76.16292500006239
BF16,24,natural,1,1,True,native-test-5,1,76.01546700016115,41.0683559998688,46.68708500003049,0.0,0,315,1.0,1.0,87.75544099989929
Q4_K_M,24,natural,4,1,True,native-test-84|native-test-85|native-test-86|native-test-87,4,236.64417200006937,182.45502299987493,182.6374909999231,0.0,0,315,0.75,0.75,365.09251399979803
Q4_K_M,24,natural,4,0,True,native-test-40|native-test-41|native-test-42|native-test-43,4,245.21305700000084,178.10938100001295,178.2694679998258,0.0,0,315,0.7916666666666666,0.7916666666666666,356.37884899983874
Q4_K_M,24,indexed,4,1,True,native-test-16|native-test-17|native-test-18|native-test-19,4,228.91138399995725,146.497398000065,147.06961000001684,0.0,0,508,0.625,0.625,293.56700800008184
Q4_K_M,24,indexed,1,0,True,native-test-60,1,128.2666669999344,44.79252299984182,56.24742600002719,0.0,0,508,1.0,1.0,101.03994899986901
BF16,24,natural,1,0,True,native-test-23,1,79.28517599975748,54.68727300012688,45.75032100001408,0.0,0,315,1.0,1.0,100.43759400014096
BF16,24,natural,1,0,True,native-test-59,1,79.58124399965527,55.09526300011203,47.47684500034666,0.0,0,315,0.6666666666666666,0.6666666666666666,102.57210800045868
Q4_K_M,24,indexed,1,1,True,native-test-63,1,131.09822599994914,47.73722799995994,52.492331999928865,0.0,0,508,0.5,0.5,100.2295599998888
Q4_K_M,24,indexed,1,1,True,native-test-86,1,127.24030100002892,44.085862999963865,44.33856699984062,0.0,0,508,1.0,1.0,88.42442999980449
BF16,24,natural,1,0,True,native-test-43,1,78.63808499996594,52.08590900019772,46.203661000163265,0.0,0,315,0.6666666666666666,0.6666666666666666,98.28957000036098
Q4_K_M,24,natural,1,0,True,native-test-37,1,108.41126100012843,60.264597000013964,54.96246699999574,0.0,0,315,0.6666666666666666,0.6666666666666666,115.2270640000097
BF16,24,indexed,1,1,True,native-test-12,1,92.47808600002827,40.14234100031899,40.501027000118484,0.0,0,508,1.0,1.0,80.64336800043748
BF16,24,indexed,1,1,True,native-test-61,1,91.09861000024466,38.19258900011846,43.43085899972721,0.0,0,508,0.5,0.5,81.62344799984567
BF16,24,indexed,4,0,True,native-test-84|native-test-85|native-test-86|native-test-87,4,189.7225390002859,133.89464700003373,133.74662800015358,0.0,0,508,0.8333333333333334,0.8333333333333334,267.6412750001873
BF16,24,natural,1,0,True,native-test-86,1,76.27524500003346,42.074556999978086,49.504597000122885,0.0,0,315,0.6666666666666666,0.6666666666666666,91.57915400010097
Q4_K_M,24,indexed,1,0,True,native-test-76,1,130.92510199999197,46.974640999906114,58.37033800003155,0.0,0,508,0.6666666666666666,0.6666666666666666,105.34497899993767
Q4_K_M,24,natural,4,0,True,native-test-16|native-test-17|native-test-18|native-test-19,4,248.28913999999713,191.826710000214,189.67048000013165,0.0,0,315,0.875,0.875,381.49719000034565
BF16,24,natural,1,0,True,native-test-44,1,79.71036000026288,45.34102800016626,54.882709000139585,0.0,0,315,0.8333333333333334,0.8333333333333334,100.22373700030585
BF16,24,indexed,1,0,True,native-test-26,1,90.99422600002072,38.19363100001283,45.161635000113165,0.0,0,508,1.0,1.0,83.355266000126
BF16,24,natural,1,0,True,native-test-51,1,75.86695000009058,49.66039000009914,43.754339999850345,0.0,0,315,1.0,1.0,93.41472999994949
BF16,24,indexed,1,1,True,native-test-8,1,92.71386599994003,40.46649400015667,40.59229100039374,0.0,0,508,0.8333333333333334,0.8333333333333334,81.05878500055042
Q4_K_M,24,natural,1,0,True,native-test-16,1,110.20718700001453,54.498896000040986,61.28433000003497,0.0,0,315,0.6666666666666666,0.6666666666666666,115.78322600007596
BF16,24,natural,1,1,True,native-test-4,1,79.32201099993108,45.32248100031211,45.39665900028922,0.0,0,315,0.6666666666666666,0.6666666666666666,90.71914000060133
Q4_K_M,24,natural,1,1,True,native-test-72,1,111.2665210000614,55.53621000012754,56.003435000093305,0.0,0,315,0.6666666666666666,0.6666666666666666,111.53964500022084
Q4_K_M,24,natural,1,0,True,native-test-18,1,109.74945400016622,54.274301000077685,59.11906500000441,0.0,0,315,1.0,1.0,113.3933660000821
Q4_K_M,24,indexed,1,0,True,native-test-6,1,127.17770500012193,44.23518199996579,49.183232999894244,0.0,0,508,0.8333333333333334,0.8333333333333334,93.41841499986003
Q4_K_M,24,natural,1,0,True,native-test-91,1,107.71627700000863,58.94526799988853,53.228736000164645,0.0,0,315,0.6666666666666666,0.6666666666666666,112.17400400005317
BF16,24,natural,1,1,True,native-test-14,1,78.6194649999743,44.64852199998859,44.631734999711625,0.0,0,315,1.0,1.0,89.28025699970021
Q4_K_M,24,indexed,4,1,True,native-test-40|native-test-41|native-test-42|native-test-43,4,217.83106599991697,134.98884899991026,135.39639300006456,0.0,0,508,0.6666666666666666,0.6666666666666666,270.3852419999748
BF16,24,indexed,1,1,True,native-test-19,1,93.55895199996667,41.491125999982614,46.33416300021054,0.0,0,508,0.8333333333333334,0.8333333333333334,87.82528900019315
BF16,24,indexed,1,0,True,native-test-44,1,94.33828999999605,42.14601899957415,52.14275699972859,0.0,0,508,0.8333333333333334,0.8333333333333334,94.28877599930274
BF16,24,natural,1,0,True,native-test-17,1,77.5190190001922,50.961265999831085,45.14574299992091,0.0,0,315,1.0,1.0,96.107008999752
BF16,24,indexed,4,0,True,native-test-72|native-test-73|native-test-74|native-test-75,4,185.05124300008902,132.88188500018805,135.56211600007373,0.0,0,508,0.8333333333333334,0.8333333333333334,268.4440010002618
BF16,24,natural,1,0,True,native-test-3,1,78.28598000014608,51.63442599996415,45.72045299983074,0.0,0,315,0.8333333333333334,0.8333333333333334,97.35487899979489
BF16,24,natural,1,1,True,native-test-80,1,76.4090570000917,41.960033000123076,42.313404999731574,0.0,0,315,0.6666666666666666,0.6666666666666666,84.27343799985465
Q4_K_M,24,indexed,1,1,True,native-test-66,1,127.80461199986348,44.41256900008739,44.63973400015675,0.0,0,508,0.8333333333333334,0.8333333333333334,89.05230300024414
BF16,24,indexed,1,1,True,native-test-39,1,93.26653299967802,40.73370900005102,45.9476830001222,0.0,0,508,0.8333333333333334,0.8333333333333334,86.68139200017322
Q4_K_M,24,indexed,1,0,True,native-test-59,1,131.7764850000458,55.600438999817925,49.86000200005947,0.0,0,508,0.6666666666666666,0.6666666666666666,105.46044099987739
Q4_K_M,24,indexed,1,1,True,native-test-77,1,130.9623399999964,46.98389000009229,52.0076909999716,0.0,0,508,0.8333333333333334,0.8333333333333334,98.99158100006389
BF16,24,natural,1,1,True,native-test-48,1,79.43793699996604,44.744142000126885,45.13950199998362,0.0,0,315,0.5,0.5,89.88364400011051
BF16,24,indexed,1,1,True,native-test-9,1,93.163707000258,40.53541899975244,46.0884439999063,0.0,0,508,0.8333333333333334,0.8333333333333334,86.62386299965874
Q4_K_M,24,indexed,1,0,True,native-test-61,1,127.48904900013258,50.49770100004025,45.39597100006176,0.0,0,508,0.3333333333333333,0.3333333333333333,95.89367200010201
Q4_K_M,24,natural,1,0,True,native-test-54,1,110.4421810000531,55.335936000119545,61.70211199992082,0.0,0,315,0.5,0.5,117.03804800004036
BF16,24,natural,1,0,True,native-test-34,1,77.93831900016812,44.86591499971837,49.78317299992341,0.0,0,315,0.8333333333333334,0.8333333333333334,94.64908799964178
BF16,24,indexed,1,0,True,native-test-48,1,94.57887400003528,41.16573300007076,51.39819099986198,0.0,0,508,1.0,1.0,92.56392399993274
BF16,24,natural,1,1,True,native-test-57,1,78.32871199980218,44.699308999952336,49.66257100022631,0.0,0,315,0.8333333333333334,0.8333333333333334,94.36188000017864
Q4_K_M,24,indexed,1,0,True,native-test-91,1,127.55670199999258,51.970614000083515,45.855839000068954,0.0,0,508,0.8333333333333334,0.8333333333333334,97.82645300015247
Q4_K_M,24,natural,4,0,True,native-test-68|native-test-69|native-test-70|native-test-71,4,243.7634860000344,185.82759300011276,186.27032700010204,0.0,0,315,0.7499999999999999,0.7499999999999999,372.0979200002148
Q4_K_M,24,natural,1,1,True,native-test-40,1,108.56733599985091,52.88984999992863,53.29673799997181,0.0,0,315,0.8333333333333334,0.8333333333333334,106.18658799990044
BF16,24,indexed,4,0,True,native-test-68|native-test-69|native-test-70|native-test-71,4,182.9727190001904,130.96173900021313,130.31295200016757,0.0,0,508,0.75,0.75,261.2746910003807
BF16,24,indexed,1,1,True,native-test-48,1,93.71464700006982,40.69601499986675,40.83620899973539,0.0,0,508,1.0,1.0,81.53222399960214
Q4_K_M,24,natural,1,0,True,native-test-29,1,112.01664899999741,56.8032480000511,62.136177999946085,0.0,0,315,0.6666666666666666,0.6666666666666666,118.93942599999718
BF16,24,natural,1,0,True,native-test-24,1,80.16490099998919,45.70382499969128,55.18712399998549,0.0,0,315,1.0,1.0,100.89094899967677
BF16,24,natural,1,0,True,native-test-49,1,78.79978999972082,55.248734999622684,46.29473400018469,0.0,0,315,0.6666666666666666,0.6666666666666666,101.54346899980737
BF16,24,natural,1,0,True,native-test-50,1,75.97486900021977,42.003657999885036,49.55919799976982,0.0,0,315,0.8333333333333334,0.8333333333333334,91.56285599965486
BF16,24,natural,1,1,True,native-test-41,1,76.72164799987513,42.59992500010412,48.00149699985923,0.0,0,315,0.6666666666666666,0.6666666666666666,90.60142199996335
BF16,24,natural,1,1,True,native-test-69,1,79.90759699987393,44.21537200005332,50.273010000182694,0.0,0,315,0.6666666666666666,0.6666666666666666,94.48838200023602
Q4_K_M,24,natural,1,1,True,native-test-16,1,110.06249499996557,54.437201999917306,54.76172499993481,0.0,0,315,0.6666666666666666,0.6666666666666666,109.19892699985212
BF16,24,indexed,4,1,True,native-test-88|native-test-89|native-test-90|native-test-91,4,183.9771559998553,131.57351000018025,130.98657699993055,0.0,0,508,0.7916666666666667,0.7916666666666667,262.5600870001108
Q4_K_M,24,indexed,1,1,True,native-test-46,1,127.14108899990606,44.04711600000155,45.47940900010872,0.0,0,508,1.0,1.0,89.52652500011027
BF16,24,natural,1,0,True,native-test-55,1,75.96997699965868,53.024593999907665,43.65803600012441,0.0,0,315,0.8333333333333334,0.8333333333333334,96.68263000003208
Q4_K_M,24,natural,1,0,True,native-test-82,1,107.82246400003714,52.54879299991444,58.96615400001792,0.0,0,315,0.8333333333333334,0.8333333333333334,111.51494699993236
BF16,24,natural,1,1,True,native-test-32,1,78.54672699977527,44.86967899993033,44.9713560001328,0.0,0,315,1.0,1.0,89.84103500006313
BF16,24,indexed,4,0,True,native-test-8|native-test-9|native-test-10|native-test-11,4,183.49682699999903,130.2374859997144,131.05740800028798,0.0,0,508,0.8333333333333334,0.8333333333333334,261.2948940000024
BF16,24,natural,1,1,True,native-test-16,1,77.7258289999736,44.399173999863706,44.360961000165844,0.0,0,315,0.6666666666666666,0.6666666666666666,88.76013500002955
BF16,24,natural,1,0,True,native-test-79,1,79.06047200003741,54.2450020002434,46.445472999948834,0.0,0,315,0.8333333333333334,0.8333333333333334,100.69047500019224
BF16,24,indexed,1,0,True,native-test-21,1,91.05937900039862,45.485220000045956,39.830697999605036,0.0,0,508,1.0,1.0,85.31591799965099
BF16,24,natural,1,1,True,native-test-58,1,78.30592299978889,44.111008000072616,44.36582599964822,0.0,0,315,0.8333333333333334,0.8333333333333334,88.47683399972084
BF16,24,natural,1,1,True,native-test-44,1,79.50040600007924,45.172517000082735,45.45939099989482,0.0,0,315,0.8333333333333334,0.8333333333333334,90.63190799997756
Q4_K_M,24,indexed,1,1,True,native-test-48,1,132.20059399986894,48.94803800016234,48.99245999990853,0.0,0,508,1.0,1.0,97.94049800007087
Q4_K_M,24,indexed,1,1,True,native-test-12,1,130.1381289999881,47.5739410001097,47.85335299993676,0.0,0,508,0.8333333333333334,0.8333333333333334,95.42729400004646
BF16,24,natural,1,1,True,native-test-52,1,77.99643499993181,44.6427639999456,44.84208799976841,0.0,0,315,0.8333333333333334,0.8333333333333334,89.48485199971401
BF16,24,indexed,1,1,True,native-test-74,1,94.14325400030066,40.95697499997186,41.545539000253484,0.0,0,508,0.8333333333333334,0.8333333333333334,82.50251400022535
Q4_K_M,24,natural,1,1,True,native-test-37,1,108.54589999985365,52.674540999987585,57.51778900003046,0.0,0,315,0.6666666666666666,0.6666666666666666,110.19233000001805
BF16,24,indexed,1,0,True,native-test-53,1,93.141980999917,40.448288999868964,46.01055000011911,0.0,0,508,0.8333333333333334,0.8333333333333334,86.45883899998807
Q4_K_M,24,natural,1,0,True,native-test-59,1,111.87551399984841,63.569956000037564,58.45360800003618,0.0,0,315,0.6666666666666666,0.6666666666666666,122.02356400007375
BF16,24,indexed,1,0,True,native-test-92,1,95.94781200030411,40.80721599984827,53.15898500020921,0.0,0,508,1.0,1.0,93.96620100005748
BF16,24,natural,1,1,True,native-test-54,1,78.61529999991035,45.09061199996722,46.349359000032564,0.0,0,315,0.5,0.5,91.43997099999979
BF16,24,indexed,1,1,True,native-test-2,1,91.18172599983154,38.17116600021109,38.83239800006777,0.0,0,508,0.5,0.5,77.00356400027886
BF16,24,indexed,1,1,True,native-test-85,1,91.36599899966313,37.10256999966077,42.77165900020918,0.0,0,508,0.8333333333333334,0.8333333333333334,79.87422899986996
Q4_K_M,24,natural,1,1,True,native-test-65,1,107.43773099989085,51.96685000009893,56.63996199996291,0.0,0,315,0.6666666666666666,0.6666666666666666,108.60681200006184
Q4_K_M,24,natural,1,1,True,native-test-32,1,110.1937779999389,55.6636050000634,56.21892899989689,0.0,0,315,1.0,1.0,111.88253399996029
BF16,24,indexed,1,0,True,native-test-60,1,92.79596000033052,38.0334030000995,55.38555999964956,0.0,0,508,1.0,1.0,93.41896299974906
BF16,24,indexed,1,1,True,native-test-67,1,93.27601899985893,40.081098999962705,46.16533399985201,0.0,0,508,1.0,1.0,86.24643299981472
Q4_K_M,24,indexed,1,1,True,native-test-10,1,125.35974299998998,42.1930180000345,42.83270800010541,0.0,0,508,0.6666666666666666,0.6666666666666666,85.02572600013991
BF16,24,indexed,1,0,True,native-test-11,1,90.92382599965276,48.408868000024086,39.761371000167856,0.0,0,508,1.0,1.0,88.17023900019194
BF16,24,indexed,1,1,True,native-test-54,1,92.56542800039824,40.330167000320216,40.65497999999934,0.0,0,508,0.8333333333333334,0.8333333333333334,80.98514700031956
BF16,24,natural,4,1,True,native-test-12|native-test-13|native-test-14|native-test-15,4,171.77913299974534,135.43044700008977,135.53550699998596,0.0,0,315,0.8333333333333334,0.8333333333333334,270.9659540000757
Q4_K_M,24,natural,4,0,True,native-test-24|native-test-25|native-test-26|native-test-27,4,236.1630759999116,182.4062100001811,182.25731699999415,0.0,0,315,0.7916666666666666,0.7916666666666666,364.66352700017524
Q4_K_M,24,indexed,1,0,True,native-test-35,1,125.93657800016445,53.43176299993502,44.677443999944444,0.0,0,508,1.0,1.0,98.10920699987946
Q4_K_M,24,indexed,1,0,True,native-test-57,1,129.68431099989175,47.07287999985965,52.44871600007173,0.0,0,508,0.6666666666666666,0.6666666666666666,99.52159599993138
Q4_K_M,24,indexed,1,1,True,native-test-81,1,127.55831699996634,44.536758999811354,49.26147600008335,0.0,0,508,0.8333333333333334,0.8333333333333334,93.7982349998947
Q4_K_M,24,natural,1,1,True,native-test-71,1,108.31241500000033,52.92588500014972,57.773690999965766,0.0,0,315,0.6666666666666666,0.6666666666666666,110.69957600011548
Q4_K_M,24,indexed,1,1,True,native-test-58,1,129.74817500003155,46.90526299987141,47.28556700001718,0.0,0,508,0.8333333333333334,0.8333333333333334,94.19082999988859
Q4_K_M,24,indexed,1,0,True,native-test-36,1,131.4488479999909,47.30505199995605,58.46865599983175,0.0,0,508,1.0,1.0,105.7737079997878
Q4_K_M,24,natural,1,0,True,native-test-45,1,106.16462899997714,57.441410000137694,51.63115300001664,0.0,0,315,0.8333333333333334,0.8333333333333334,109.07256300015433
Q4_K_M,24,natural,4,1,True,native-test-28|native-test-29|native-test-30|native-test-31,4,232.2486159998789,177.94861600009426,177.9427169999508,0.0,0,315,0.8333333333333334,0.8333333333333334,355.89133300004505
Q4_K_M,24,indexed,1,0,True,native-test-48,1,132.58306600005199,49.07958300009341,56.099666000136494,0.0,0,508,1.0,1.0,105.1792490002299
BF16,24,natural,4,1,True,native-test-0|native-test-1|native-test-2|native-test-3,4,172.13645900028496,140.14499199993224,140.70105300015712,0.0,0,315,0.8333333333333334,0.8333333333333334,280.84604500008936
Q4_K_M,24,natural,1,1,True,native-test-82,1,108.64891400001397,52.32982600000469,52.53126999991764,0.0,0,315,0.8333333333333334,0.8333333333333334,104.86109599992233
BF16,24,indexed,1,0,True,native-test-15,1,90.60209400013264,49.75352400015254,40.84318900004291,0.0,0,508,0.8333333333333334,0.8333333333333334,90.59671300019545
BF16,24,natural,1,0,True,native-test-78,1,77.897330000269,44.078305999846634,51.02995600009308,0.0,0,315,1.0,1.0,95.10826199993971
Q4_K_M,24,indexed,1,1,True,native-test-79,1,132.30443499992361,49.029967000024044,54.03096899999582,0.0,0,508,1.0,1.0,103.06093600001986
Q4_K_M,24,indexed,1,0,True,native-test-71,1,129.29857299991454,158.32463799983998,46.311837000075684,0.0,0,508,0.6666666666666666,0.6666666666666666,204.63647499991566
Q4_K_M,24,natural,1,1,True,native-test-3,1,110.33553099991877,54.880110000112836,59.838310000031925,0.0,0,315,0.8333333333333334,0.8333333333333334,114.71842000014476
BF16,24,indexed,1,0,True,native-test-52,1,94.75453799996103,40.36313799997515,52.481231999990996,0.0,0,508,0.8333333333333334,0.8333333333333334,92.84436999996615
BF16,24,indexed,4,1,True,native-test-80|native-test-81|native-test-82|native-test-83,4,185.61746600016704,132.1967889998632,132.0081270000628,0.0,0,508,0.8333333333333334,0.8333333333333334,264.204915999926
Q4_K_M,24,indexed,1,0,True,native-test-34,1,130.3639119998934,47.732241000176145,52.43747899999107,0.0,0,508,0.6666666666666666,0.6666666666666666,100.16972000016722
Q4_K_M,24,indexed,1,0,True,native-test-85,1,125.46155399991221,53.84490699998423,44.425291000152356,0.0,0,508,0.8333333333333334,0.8333333333333334,98.27019800013659
Q4_K_M,24,indexed,1,1,True,native-test-7,1,130.35938600000918,45.48586800001431,50.53245599992806,0.0,0,508,0.5,0.5,96.01832399994237
BF16,24,natural,1,1,True,native-test-40,1,76.70315199993638,42.54991399966457,42.84189000009064,0.0,0,315,0.8333333333333334,0.8333333333333334,85.39180399975521
Q4_K_M,24,natural,1,1,True,native-test-44,1,112.87475500012079,57.89151699991635,57.99812700001894,0.0,0,315,0.8333333333333334,0.8333333333333334,115.88964399993529
BF16,24,indexed,1,0,True,native-test-25,1,91.38525300022593,52.570299000308296,42.558913999982906,0.0,0,508,0.5,0.5,95.1292130002912
BF16,24,indexed,1,0,True,native-test-6,1,91.11701100027858,37.27809000019988,42.69124000029478,0.0,0,508,0.8333333333333334,0.8333333333333334,79.96933000049467
Q4_K_M,24,natural,1,1,True,native-test-94,1,109.89063099987106,54.95133399995211,55.17429200017432,0.0,0,315,0.8333333333333334,0.8333333333333334,110.12562600012643
Q4_K_M,24,natural,1,1,True,native-test-93,1,110.56928200014227,55.13505500016436,62.62581800001499,0.0,0,315,0.8333333333333334,0.8333333333333334,117.76087300017934
Q4_K_M,24,indexed,1,0,True,native-test-87,1,129.8274969999511,57.94482200008133,48.841591999917,0.0,0,508,0.6666666666666666,0.6666666666666666,106.78641399999833
Q4_K_M,24,indexed,1,0,True,native-test-31,1,127.67897900016578,51.23413699993762,45.580566000126055,0.0,0,508,1.0,1.0,96.81470300006367
BF16,24,indexed,4,0,True,native-test-92|native-test-93|native-test-94|native-test-95,4,176.50725700013936,123.28634000004968,124.0068069996596,0.0,0,508,0.875,0.875,247.29314699970928
Q4_K_M,24,natural,1,1,True,native-test-47,1,109.82353300005343,54.83285499985868,59.60863000018435,0.0,0,315,0.8333333333333334,0.8333333333333334,114.44148500004303
Q4_K_M,24,natural,4,1,True,native-test-56|native-test-57|native-test-58|native-test-59,4,236.86248099988916,183.7872690000495,183.84339099998215,0.0,0,315,0.8333333333333334,0.8333333333333334,367.63066000003164
Q4_K_M,24,indexed,4,1,True,native-test-44|native-test-45|native-test-46|native-test-47,4,241.46943699997792,158.0424960000073,159.1391399999793,0.0,0,508,0.8750000000000001,0.8750000000000001,317.1816359999866
BF16,24,indexed,4,1,True,native-test-64|native-test-65|native-test-66|native-test-67,4,182.9111560000456,131.36384199970053,131.46427099991342,0.0,0,508,0.9166666666666667,0.9166666666666667,262.82811299961395
Q4_K_M,24,natural,1,1,True,native-test-90,1,104.82111000010264,49.71798400015359,50.180022000176905,0.0,0,315,0.8333333333333334,0.8333333333333334,99.8980060003305
BF16,24,indexed,1,1,True,native-test-81,1,90.99471799981984,38.18713900000148,43.303064000156155,0.0,0,508,0.8333333333333334,0.8333333333333334,81.49020300015763
Q4_K_M,24,indexed,4,0,True,native-test-84|native-test-85|native-test-86|native-test-87,4,242.1139470000071,157.15280600011283,157.00595800012707,0.0,0,508,0.875,0.875,314.1587640002399
Q4_K_M,24,natural,1,0,True,native-test-93,1,109.86733799995818,61.34472099984123,56.08598699996037,0.0,0,315,0.8333333333333334,0.8333333333333334,117.4307079998016
Q4_K_M,24,indexed,4,0,True,native-test-36|native-test-37|native-test-38|native-test-39,4,239.00500200011265,155.60020399993846,155.62130700004673,0.0,0,508,0.8750000000000001,0.8750000000000001,311.2215109999852
BF16,24,indexed,1,0,True,native-test-7,1,91.11000099983357,50.32696099988243,41.62564599982943,0.0,0,508,0.6666666666666666,0.6666666666666666,91.95260699971186
Q4_K_M,24,indexed,1,1,True,native-test-33,1,131.41584499999226,47.54324599980464,52.583328000082474,0.0,0,508,0.6666666666666666,0.6666666666666666,100.12657399988711
BF16,24,indexed,1,0,True,native-test-28,1,94.45064200008346,41.133183000056306,50.812071999644104,0.0,0,508,1.0,1.0,91.94525499970041
BF16,24,indexed,1,1,True,native-test-21,1,91.32898899997599,38.909837000119296,44.16002200014191,0.0,0,508,1.0,1.0,83.0698590002612
Q4_K_M,24,indexed,4,0,True,native-test-60|native-test-61|native-test-62|native-test-63,4,239.02141500002472,154.9149429999943,154.96602799998982,0.0,0,508,0.6666666666666666,0.6666666666666666,309.88097099998413
BF16,24,indexed,1,0,True,native-test-51,1,91.02058799999213,45.628668000063044,39.47430500011251,0.0,0,508,0.6666666666666666,0.6666666666666666,85.10297300017555
BF16,24,natural,4,1,True,native-test-44|native-test-45|native-test-46|native-test-47,4,173.81179299991345,141.53255199971682,141.28138999967632,0.0,0,315,0.7916666666666667,0.7916666666666667,282.81394199939314
BF16,24,natural,1,0,True,native-test-54,1,79.07215400018686,45.30480699986583,51.935221000348974,0.0,0,315,0.5,0.5,97.2400280002148
BF16,24,indexed,1,0,True,native-test-62,1,91.34830899984081,38.222083000164275,45.58639900005801,0.0,0,508,1.0,1.0,83.80848200022228
Q4_K_M,24,natural,1,0,True,native-test-22,1,107.93920500009335,52.449713999976666,58.78759300003367,0.0,0,315,0.8333333333333334,0.8333333333333334,111.23730700001033
BF16,24,natural,1,1,True,native-test-24,1,79.52376599996569,45.42090799986909,45.57047199978115,0.0,0,315,1.0,1.0,90.99137999965023
Q4_K_M,24,indexed,1,0,True,native-test-89,1,130.99729900000057,54.87055200001123,49.107742999922266,0.0,0,508,0.8333333333333334,0.8333333333333334,103.9782949999335
Q4_K_M,24,natural,1,1,True,native-test-17,1,109.67923099997279,54.56748999995398,59.14495999991232,0.0,0,315,1.0,1.0,113.7124499998663
BF16,24,indexed,4,0,True,native-test-28|native-test-29|native-test-30|native-test-31,4,173.3454969999002,120.94269800036272,121.79812299973491,0.0,0,508,0.875,0.875,242.74082100009764
Q4_K_M,24,indexed,1,1,True,native-test-76,1,129.46959999999308,46.70330399994782,47.08968299996741,0.0,0,508,0.6666666666666666,0.6666666666666666,93.79298699991523
Q4_K_M,24,natural,1,0,True,native-test-48,1,112.3887599999307,57.30810099998962,63.87075400016329,0.0,0,315,0.5,0.5,121.17885500015291
Q4_K_M,24,natural,1,1,True,native-test-2,1,107.35997999995561,51.71874300003765,52.122800000006464,0.0,0,315,0.8333333333333334,0.8333333333333334,103.84154300004411
BF16,24,natural,1,0,True,native-test-39,1,78.62725999984832,51.874722999855294,46.395742999720824,0.0,0,315,0.8333333333333334,0.8333333333333334,98.27046599957612
Q4_K_M,24,indexed,1,0,True,native-test-19,1,130.51898799994888,53.74425899981361,48.646761999862065,0.0,0,508,0.5,0.5,102.39102099967567
Q4_K_M,24,natural,1,1,True,native-test-30,1,104.83542600013607,49.505486000043675,49.88164900009906,0.0,0,315,1.0,1.0,99.38713500014273
Q4_K_M,24,natural,1,0,True,native-test-87,1,109.90852899999481,62.59349099991596,55.973085000005085,0.0,0,315,0.8333333333333334,0.8333333333333334,118.56657599992104
Q4_K_M,24,indexed,4,1,True,native-test-28|native-test-29|native-test-30|native-test-31,4,231.05518199986363,146.2071560001732,146.82048699978623,0.0,0,508,0.9166666666666666,0.9166666666666666,293.0276429999594
Q4_K_M,24,indexed,1,0,True,native-test-39,1,131.5775439998106,54.731414000116274,49.76634500008004,0.0,0,508,0.8333333333333334,0.8333333333333334,104.49775900019631
BF16,24,natural,1,0,True,native-test-7,1,76.50165199993353,49.713503000020864,44.37031300039962,0.0,0,315,0.8333333333333334,0.8333333333333334,94.08381600042048
BF16,24,indexed,1,0,True,native-test-1,1,90.86574000002656,45.75632600017343,39.66324500015617,0.0,0,508,0.6666666666666666,0.6666666666666666,85.4195710003296
Q4_K_M,24,natural,1,0,True,native-test-32,1,110.7921880000049,55.380772000034995,62.250917000028494,0.0,0,315,1.0,1.0,117.63168900006349
Q4_K_M,24,indexed,1,0,True,native-test-42,1,127.99934000008761,44.75578400001723,49.4326909999927,0.0,0,508,0.8333333333333334,0.8333333333333334,94.18847500000993
BF16,24,indexed,4,1,True,native-test-52|native-test-53|native-test-54|native-test-55,4,172.6037670000551,120.41111600001386,121.27469699998983,0.0,0,508,0.875,0.875,241.6858130000037
Q4_K_M,24,indexed,1,0,True,native-test-90,1,125.9497599999122,42.19042699992315,53.57570499995745,0.0,0,508,1.0,1.0,95.7661319998806
Q4_K_M,24,indexed,1,1,True,native-test-67,1,131.36613400001806,47.37680200014438,52.76462000006177,0.0,0,508,1.0,1.0,100.14142200020615
BF16,24,natural,1,0,True,native-test-74,1,78.29561299968191,44.49010200005432,51.764241000000766,0.0,0,315,0.8333333333333334,0.8333333333333334,96.25434300005509
Q4_K_M,24,natural,1,0,True,native-test-53,1,110.06339799996567,55.15931900004034,60.33409299993764,0.0,0,315,0.8333333333333334,0.8333333333333334,115.49341199997798
Q4_K_M,24,indexed,1,1,True,native-test-32,1,129.98172699985844,47.33153300003323,48.2360510000035,0.0,0,508,0.6666666666666666,0.6666666666666666,95.56758400003673
BF16,24,natural,1,1,True,native-test-28,1,79.59782099987933,45.030356999632204,45.487437000247155,0.0,0,315,0.6666666666666666,0.6666666666666666,90.51779399987936
Q4_K_M,24,indexed,1,0,True,native-test-52,1,131.7585900001177,47.74286800011396,58.90619199999492,0.0,0,508,0.6666666666666666,0.6666666666666666,106.64906000010888
BF16,24,natural,1,0,True,native-test-60,1,77.48064899988094,42.52223799994681,54.741051999826595,0.0,0,315,0.5,0.5,97.2632899997734
Q4_K_M,24,natural,1,0,True,native-test-46,1,107.32035499995618,51.70331199997236,58.69924400008131,0.0,0,315,0.6666666666666666,0.6666666666666666,110.40255600005366
BF16,24,indexed,1,0,True,native-test-64,1,94.48064199978035,41.21045400006551,50.96732999982123,0.0,0,508,0.8333333333333334,0.8333333333333334,92.17778399988674
Q4_K_M,24,indexed,1,0,True,native-test-11,1,128.45091399981357,52.14030399997682,46.69450100004724,0.0,0,508,1.0,1.0,98.83480500002406
Q4_K_M,24,natural,1,0,True,native-test-27,1,109.7178069999245,61.25568800007386,56.14421199993558,0.0,0,315,0.8333333333333334,0.8333333333333334,117.39990000000944
Q4_K_M,24,natural,1,1,True,native-test-42,1,108.20741299994552,52.782428000000436,52.985438999940015,0.0,0,315,1.0,1.0,105.76786699994045
BF16,24,indexed,1,1,True,native-test-4,1,94.13011300011931,41.33687900002769,41.266129999712575,0.0,0,508,0.5,0.5,82.60300899974027
BF16,24,natural,1,1,True,native-test-90,1,75.07642600012332,40.59396499997092,40.87072699985583,0.0,0,315,0.8333333333333334,0.8333333333333334,81.46469199982675
Q4_K_M,24,indexed,1,1,True,native-test-93,1,131.02974800017364,47.52774500002488,52.30993400004991,0.0,0,508,0.5,0.5,99.83767900007479
BF16,24,indexed,1,1,True,native-test-29,1,95.11113700000351,41.165625999838085,46.97318400030781,0.0,0,508,0.6666666666666666,0.6666666666666666,88.1388100001459
BF16,24,natural,1,1,True,native-test-77,1,78.30785700025444,44.24795600016296,49.545160999969085,0.0,0,315,0.6666666666666666,0.6666666666666666,93.79311700013204
Q4_K_M,24,indexed,1,0,True,native-test-88,1,132.3738470000535,49.08769500002563,56.15419300011126,0.0,0,508,0.6666666666666666,0.6666666666666666,105.2418880001369
BF16,24,natural,1,0,True,native-test-83,1,78.38397099976646,52.137153999865404,45.696211000176845,0.0,0,315,0.6666666666666666,0.6666666666666666,97.83336500004225
Q4_K_M,24,indexed,1,1,True,native-test-21,1,127.85645199983264,44.80061100002786,49.39909099994111,0.0,0,508,1.0,1.0,94.19970199996897
BF16,24,indexed,1,1,True,native-test-27,1,93.15056300010838,40.71221600042918,45.973094000146375,0.0,0,508,0.6666666666666666,0.6666666666666666,86.68531000057556
Q4_K_M,24,indexed,1,1,True,native-test-22,1,127.48852599997917,44.580774999985806,44.86849199997778,0.0,0,508,1.0,1.0,89.44926699996358
Q4_K_M,24,natural,4,0,True,native-test-60|native-test-61|native-test-62|native-test-63,4,242.57286800002476,181.64424999986295,182.15958099995078,0.0,0,315,0.7083333333333334,0.7083333333333334,363.8038309998137
BF16,24,natural,4,0,True,native-test-56|native-test-57|native-test-58|native-test-59,4,172.39478000010422,135.78483299988875,135.72719000012512,0.0,0,315,0.8333333333333334,0.8333333333333334,271.51202300001387
Q4_K_M,24,indexed,1,0,True,native-test-70,1,126.85196600000381,42.32499399995504,53.91833399994539,0.0,0,508,0.5,0.5,96.24332799990043
Q4_K_M,24,natural,4,0,True,native-test-64|native-test-65|native-test-66|native-test-67,4,239.29678500007867,185.46182699992642,185.37158300000556,0.0,0,315,0.75,0.75,370.833409999932
Q4_K_M,24,natural,1,0,True,native-test-79,1,112.23837300008199,64.00877500004754,58.07047500002227,0.0,0,315,0.8333333333333334,0.8333333333333334,122.0792500000698
Q4_K_M,24,indexed,1,0,True,native-test-75,1,127.30748900003164,55.43837599998369,46.00006700002268,0.0,0,508,0.8333333333333334,0.8333333333333334,101.43844300000637
Q4_K_M,24,indexed,1,1,True,native-test-11,1,128.97580799995012,45.231897999883586,50.01462600012019,0.0,0,508,1.0,1.0,95.24652400000377
BF16,24,indexed,1,0,True,native-test-50,1,92.18932500016308,37.89124200011429,49.67341499968825,0.0,0,508,0.6666666666666666,0.6666666666666666,87.56465699980254
Q4_K_M,24,indexed,4,0,True,native-test-92|native-test-93|native-test-94|native-test-95,4,232.55220900000495,149.01561700003185,149.1689239999232,0.0,0,508,0.7083333333333334,0.7083333333333334,298.18454099995506
BF16,24,indexed,1,0,True,native-test-56,1,94.60607699975299,40.62561899991124,52.69286400016426,0.0,0,508,0.8333333333333334,0.8333333333333334,93.3184830000755
BF16,24,indexed,1,0,True,native-test-93,1,92.8867719999289,47.92588699956468,41.921696999907,0.0,0,508,0.6666666666666666,0.6666666666666666,89.84758399947168
Q4_K_M,24,indexed,1,0,True,native-test-20,1,128.38285299994823,44.73308499996165,56.047036999871125,0.0,0,508,1.0,1.0,100.78012199983277
Q4_K_M,24,natural,1,0,True,native-test-17,1,109.91485500017006,60.78704499986998,55.92631099989376,0.0,0,315,1.0,1.0,116.71335599976373
BF16,24,indexed,4,0,True,native-test-16|native-test-17|native-test-18|native-test-19,4,173.20190700002058,119.70266199978141,120.07770900027026,0.0,0,508,0.7916666666666667,0.7916666666666667,239.78037100005167
Q4_K_M,24,natural,1,0,True,native-test-72,1,111.62113900013537,55.85622500007048,63.694037000004755,0.0,0,315,0.6666666666666666,0.6666666666666666,119.55026200007524
Q4_K_M,24,indexed,1,1,True,native-test-14,1,129.902391999849,47.354297000083534,47.20742499989683,0.0,0,508,0.8333333333333334,0.8333333333333334,94.56172199998036
Q4_K_M,24,indexed,1,0,True,native-test-86,1,127.94044500014934,44.28621599981852,51.07128800000282,0.0,0,508,1.0,1.0,95.35750399982135
Q4_K_M,24,indexed,1,1,True,native-test-43,1,130.31731499995658,47.17642199989314,52.01099900000372,0.0,0,508,0.5,0.5,99.18742099989686
Q4_K_M,24,indexed,1,0,True,native-test-30,1,125.82537000002958,42.32092099982765,53.27013999999508,0.0,0,508,1.0,1.0,95.59106099982273
BF16,24,natural,1,0,True,native-test-29,1,79.88185000021986,45.30374400019355,51.55747300022995,0.0,0,315,0.8333333333333334,0.8333333333333334,96.8612170004235
Q4_K_M,24,indexed,1,0,True,native-test-44,1,132.6234650000515,49.70897399994101,56.40755700005684,0.0,0,508,0.8333333333333334,0.8333333333333334,106.11653099999785
BF16,24,natural,4,0,True,native-test-88|native-test-89|native-test-90|native-test-91,4,178.21158600008857,149.43752399994992,145.71438600023612,0.0,0,315,0.7916666666666666,0.7916666666666666,295.15191000018604
BF16,24,natural,1,1,True,native-test-95,1,75.99252599993633,42.33700199984014,47.74522599973352,0.0,0,315,0.8333333333333334,0.8333333333333334,90.08222799957366
BF16,24,natural,4,0,True,native-test-20|native-test-21|native-test-22|native-test-23,4,178.94787900013398,141.88569999987521,143.81837800010544,0.0,0,315,0.75,0.75,285.70407799998065
Q4_K_M,24,indexed,4,1,True,native-test-24|native-test-25|native-test-26|native-test-27,4,243.27772500009814,159.59837700006574,159.8433709998517,0.0,0,508,0.6666666666666667,0.6666666666666667,319.4417479999174
BF16,24,indexed,1,0,True,native-test-85,1,90.7290030004333,52.53980899988164,41.56899200006592,0.0,0,508,0.8333333333333334,0.8333333333333334,94.10880099994756
Q4_K_M,24,indexed,1,0,True,native-test-16,1,130.98637699999927,46.96489799994197,58.31479799985573,0.0,0,508,0.5,0.5,105.2796959997977
Q4_K_M,24,natural,1,0,True,native-test-64,1,112.59385299990754,57.47426499988251,64.41676600002211,0.0,0,315,0.8333333333333334,0.8333333333333334,121.89103099990461
BF16,24,natural,1,0,True,native-test-28,1,79.96723899987046,45.28180199986309,55.14443900028709,0.0,0,315,0.6666666666666666,0.6666666666666666,100.42624100015018
Q4_K_M,24,natural,4,0,True,native-test-48|native-test-49|native-test-50|native-test-51,4,241.7474190001485,183.07879200006028,183.36798699988321,0.0,0,315,0.7083333333333334,0.7083333333333334,366.4467789999435
Q4_K_M,24,indexed,1,1,True,native-test-3,1,130.53424200006702,47.21295300009842,51.95770000000266,0.0,0,508,1.0,1.0,99.17065300010108
Q4_K_M,24,indexed,1,1,True,native-test-62,1,127.59444099992834,44.759179000038785,45.253577999801564,0.0,0,508,0.8333333333333334,0.8333333333333334,90.01275699984035
BF16,24,natural,1,0,True,native-test-40,1,76.5860859996792,42.529840000042896,50.30274899991127,0.0,0,315,0.8333333333333334,0.8333333333333334,92.83258899995417
Q4_K_M,24,natural,1,0,True,native-test-38,1,111.04342299995551,55.05753900001764,62.258562000124584,0.0,0,315,0.8333333333333334,0.8333333333333334,117.31610100014223
BF16,24,indexed,4,1,True,native-test-20|native-test-21|native-test-22|native-test-23,4,184.3216739998752,132.1057479999581,130.75490200026252,0.0,0,508,0.875,0.875,262.86065000022063
BF16,24,indexed,1,0,True,native-test-95,1,90.61242999996466,49.98623099982069,40.82214499976544,0.0,0,508,1.0,1.0,90.80837599958613
BF16,24,indexed,1,1,True,native-test-40,1,90.82578000015928,38.46988700024667,38.75902400022824,0.0,0,508,0.8333333333333334,0.8333333333333334,77.22891100047491
BF16,24,indexed,4,0,True,native-test-64|native-test-65|native-test-66|native-test-67,4,183.9751869997599,131.03434100003142,131.6384609999659,0.0,0,508,0.9166666666666667,0.9166666666666667,262.6728019999973
BF16,24,indexed,1,0,True,native-test-9,1,93.0977210000492,47.9402860000846,42.01436700031991,0.0,0,508,0.8333333333333334,0.8333333333333334,89.9546530004045
BF16,24,indexed,1,1,True,native-test-51,1,91.13239699991027,38.588231000176165,44.061809000140784,0.0,0,508,0.6666666666666666,0.6666666666666666,82.65004000031695
Q4_K_M,24,natural,1,1,True,native-test-77,1,110.30947900007959,54.77659300004234,59.47911900011604,0.0,0,315,0.6666666666666666,0.6666666666666666,114.25571200015838
Q4_K_M,24,natural,1,0,True,native-test-36,1,109.86306700010573,54.71204899981785,61.34702700001071,0.0,0,315,0.5,0.5,116.05907599982856
Q4_K_M,24,natural,1,1,True,native-test-92,1,110.26801500020156,55.185075000053985,55.50029899995934,0.0,0,315,0.6666666666666666,0.6666666666666666,110.68537400001333
Q4_K_M,24,indexed,1,1,True,native-test-59,1,132.22274200006723,49.32823599983749,54.123186999959216,0.0,0,508,0.6666666666666666,0.6666666666666666,103.4514229997967
BF16,24,indexed,1,0,True,native-test-4,1,94.05227699971874,41.21036099968478,50.99494500018409,0.0,0,508,0.5,0.5,92.20530599986887
Q4_K_M,24,natural,1,0,True,native-test-66,1,107.1944010000152,51.87095099995531,57.9882079998697,0.0,0,315,0.6666666666666666,0.6666666666666666,109.85915899982501
BF16,24,natural,1,0,True,native-test-30,1,77.96078699993814,41.67986099992049,52.87095199992109,0.0,0,315,1.0,1.0,94.55081299984158
BF16,24,indexed,1,0,True,native-test-69,1,94.09826099999918,51.55279199971119,43.16369100024531,0.0,0,508,1.0,1.0,94.7164829999565
BF16,24,natural,1,1,True,native-test-1,1,76.42772000008335,42.31285000014395,47.48122199998761,0.0,0,315,0.8333333333333334,0.8333333333333334,89.79407200013156
Q4_K_M,24,indexed,1,1,True,native-test-74,1,130.09414699990884,47.22937499991531,47.34107700005552,0.0,0,508,0.8333333333333334,0.8333333333333334,94.57045199997083
Q4_K_M,24,indexed,1,0,True,native-test-21,1,127.86690599978101,50.718659000040134,45.38455600004454,0.0,0,508,1.0,1.0,96.10321500008467
BF16,24,natural,1,1,True,native-test-17,1,77.57200000014564,44.20106899988241,49.063833999753115,0.0,0,315,1.0,1.0,93.26490299963552
Q4_K_M,24,natural,1,1,True,native-test-76,1,110.40526800002226,55.01832599998124,55.41403199981687,0.0,0,315,1.0,1.0,110.43235799979811
BF16,24,natural,1,0,True,native-test-47,1,77.6622270000189,51.9726970001102,45.478259999981674,0.0,0,315,0.8333333333333334,0.8333333333333334,97.45095700009188
Q4_K_M,24,indexed,1,0,True,native-test-0,1,128.78149000016492,45.07792899994456,58.794963000082134,0.0,0,508,1.0,1.0,103.8728920000267
BF16,24,natural,1,0,True,native-test-94,1,78.91290199995638,44.89221699986956,51.62929800007987,0.0,0,315,0.8333333333333334,0.8333333333333334,96.52151499994943
BF16,24,natural,1,0,True,native-test-45,1,75.60324399992169,52.00859999968088,43.096066000089195,0.0,0,315,0.8333333333333334,0.8333333333333334,95.10466599977008
Q4_K_M,24,indexed,1,1,True,native-test-15,1,125.75114299988854,42.37885199995617,47.086034000130894,0.0,0,508,0.8333333333333334,0.8333333333333334,89.46488600008706
BF16,24,indexed,1,0,True,native-test-86,1,90.99529000013717,37.98435699991387,45.69538899977488,0.0,0,508,1.0,1.0,83.67974599968875
BF16,24,natural,1,1,True,native-test-61,1,77.1004510002058,42.425134000041,47.85992100005387,0.0,0,315,0.8333333333333334,0.8333333333333334,90.28505500009487
BF16,24,indexed,1,0,True,native-test-67,1,92.93475899994519,52.17935499968007,43.081354000150895,0.0,0,508,1.0,1.0,95.26070899983097
Q4_K_M,24,natural,1,1,True,native-test-45,1,106.34485199989285,50.4097160001038,55.057734999991226,0.0,0,315,0.8333333333333334,0.8333333333333334,105.46745100009502
BF16,24,indexed,1,1,True,native-test-25,1,91.01091200000155,37.14496899965525,42.958224000358314,0.0,0,508,0.5,0.5,80.10319300001356
Q4_K_M,24,natural,4,0,True,native-test-36|native-test-37|native-test-38|native-test-39,4,245.8304809999845,186.9336380000277,187.56163600005493,0.0,0,315,0.6666666666666666,0.6666666666666666,374.49527400008265
Q4_K_M,24,indexed,1,1,True,native-test-27,1,129.66008600005807,46.66782999993302,51.42006799997034,0.0,0,508,0.5,0.5,98.08789799990336
BF16,24,natural,4,0,True,native-test-76|native-test-77|native-test-78|native-test-79,4,168.7336999998479,135.98633099991275,136.4359880003576,0.0,0,315,0.875,0.875,272.42231900027036
BF16,24,natural,1,1,True,native-test-30,1,76.47097699964434,41.63013600009435,42.42459900024187,0.0,0,315,1.0,1.0,84.05473500033622
BF16,24,indexed,1,0,True,native-test-24,1,94.6598069999709,42.25330100007341,55.203740000251855,0.0,0,508,0.8333333333333334,0.8333333333333334,97.45704100032526
Q4_K_M,24,indexed,1,1,True,native-test-24,1,132.21779299988157,49.57315199999357,50.442642000007254,0.0,0,508,0.8333333333333334,0.8333333333333334,100.01579400000082
Q4_K_M,24,indexed,1,1,True,native-test-51,1,128.43213299993295,44.74388399989948,49.97120600000926,0.0,0,508,0.6666666666666666,0.6666666666666666,94.71508999990874
BF16,24,indexed,1,1,True,native-test-56,1,92.39357499973266,40.231119000054605,40.2701299999535,0.0,0,508,0.8333333333333334,0.8333333333333334,80.5012490000081
Q4_K_M,24,indexed,1,0,True,native-test-25,1,125.04192799997327,53.1523100000868,43.97497100012515,0.0,0,508,0.3333333333333333,0.3333333333333333,97.12728100021195
BF16,24,natural,1,1,True,native-test-36,1,77.9375639999671,44.53929400006018,44.320838999738044,0.0,0,315,0.5,0.5,88.86013299979822
BF16,24,indexed,1,0,True,native-test-47,1,93.83004499977687,52.757670000119106,43.80569600016315,0.0,0,508,0.8333333333333334,0.8333333333333334,96.56336600028226
BF16,24,natural,1,1,True,native-test-33,1,78.33857800005717,44.52086199989935,49.76818200020716,0.0,0,315,0.6666666666666666,0.6666666666666666,94.28904400010651
Q4_K_M,24,indexed,1,0,True,native-test-77,1,130.15556000004835,47.0118249997995,51.93768300000556,0.0,0,508,0.8333333333333334,0.8333333333333334,98.94950799980506
BF16,24,indexed,4,0,True,native-test-48|native-test-49|native-test-50|native-test-51,4,183.96800499976962,131.3813870001468,130.89317499998288,0.0,0,508,0.7916666666666666,0.7916666666666666,262.27456200012966
BF16,24,natural,1,1,True,native-test-25,1,77.04690500031575,41.88940900030502,47.19095500013282,0.0,0,315,0.6666666666666666,0.6666666666666666,89.08036400043784
Q4_K_M,24,indexed,1,0,True,native-test-51,1,127.72726900016096,51.364155000101164,45.6223300000147,0.0,0,508,0.6666666666666666,0.6666666666666666,96.98648500011586
Q4_K_M,24,natural,1,0,True,native-test-9,1,111.15028499989421,69.03929700001754,56.668684999976904,0.0,0,315,0.8333333333333334,0.8333333333333334,125.70798199999444
Q4_K_M,24,indexed,1,1,True,native-test-38,1,131.2554060000366,47.619518000146854,47.654877000013585,0.0,0,508,0.8333333333333334,0.8333333333333334,95.27439500016044
BF16,24,indexed,1,0,True,native-test-20,1,93.75870699977895,40.30451200014795,51.19083799991131,0.0,0,508,0.8333333333333334,0.8333333333333334,91.49535000005926
Q4_K_M,24,indexed,4,0,True,native-test-28|native-test-29|native-test-30|native-test-31,4,229.41513000000668,146.03068999986135,146.20844900014163,0.0,0,508,0.9166666666666666,0.9166666666666666,292.239139000003
BF16,24,natural,1,0,True,native-test-31,1,76.7788829998608,52.93083900005513,44.66254900034983,0.0,0,315,0.8333333333333334,0.8333333333333334,97.59338800040496
BF16,24,natural,4,0,True,native-test-4|native-test-5|native-test-6|native-test-7,4,176.46762100002888,141.2630539998645,140.78143400001863,0.0,0,315,0.875,0.875,282.04448799988313
Q4_K_M,24,natural,1,0,True,native-test-21,1,108.12680699996235,58.69552800004385,53.425676999950156,0.0,0,315,0.5,0.5,112.121204999994
BF16,24,natural,1,1,True,native-test-67,1,79.21811400001388,44.50120000001334,50.20406199992067,0.0,0,315,0.8333333333333334,0.8333333333333334,94.70526199993401
Q4_K_M,24,indexed,1,1,True,native-test-39,1,132.01338499993653,48.272337000071275,53.42461500003992,0.0,0,508,0.8333333333333334,0.8333333333333334,101.6969520001112
Q4_K_M,24,natural,1,0,True,native-test-11,1,108.99497300010808,60.37949999995362,54.26869100006115,0.0,0,315,0.6666666666666666,0.6666666666666666,114.64819100001478
BF16,24,indexed,1,1,True,native-test-24,1,95.30700100003742,40.99666400043134,41.34520400020847,0.0,0,508,0.8333333333333334,0.8333333333333334,82.3418680006398
BF16,24,indexed,1,1,True,native-test-5,1,90.8809080001447,37.040985000203364,42.70496800018009,0.0,0,508,0.8333333333333334,0.8333333333333334,79.74595300038345
BF16,24,indexed,1,1,True,native-test-44,1,94.07440299992231,41.089573000135715,41.41556500007937,0.0,0,508,0.8333333333333334,0.8333333333333334,82.50513800021508
Q4_K_M,24,natural,1,0,True,native-test-26,1,107.29017599987856,52.330779999920196,59.04378300010649,0.0,0,315,0.6666666666666666,0.6666666666666666,111.37456300002668
BF16,24,natural,1,0,True,native-test-36,1,77.91634100021838,43.92185900042023,51.63281300019662,0.0,0,315,0.5,0.5,95.55467200061685
Q4_K_M,24,natural,1,1,True,native-test-86,1,106.7347890000292,51.68564700011302,51.89027599999463,0.0,0,315,0.6666666666666666,0.6666666666666666,103.57592300010765
BF16,24,indexed,1,1,True,native-test-77,1,94.19672500007437,40.75312200029657,46.30604299973129,0.0,0,508,0.8333333333333334,0.8333333333333334,87.05916500002786
Q4_K_M,24,natural,4,1,True,native-test-80|native-test-81|native-test-82|native-test-83,4,237.04401800000596,182.91420100013056,183.44337799999266,0.0,0,315,0.6666666666666666,0.6666666666666666,366.3575790001232
Q4_K_M,24,indexed,4,0,True,native-test-72|native-test-73|native-test-74|native-test-75,4,242.56692900007693,160.21275800017065,156.8408329999329,0.0,0,508,0.7916666666666667,0.7916666666666667,317.05359100010355
Q4_K_M,24,natural,1,0,True,native-test-31,1,107.45601899998292,59.08604399996875,54.13448200010862,0.0,0,315,0.8333333333333334,0.8333333333333334,113.22052600007737
Q4_K_M,24,indexed,4,1,True,native-test-76|native-test-77|native-test-78|native-test-79,4,234.1397870000037,151.21463599984963,151.9583369999964,0.0,0,508,0.8333333333333333,0.8333333333333333,303.172972999846
BF16,24,natural,1,1,True,native-test-88,1,78.90267999982825,44.50928899996143,44.69685499998377,0.0,0,315,1.0,1.0,89.2061439999452
BF16,24,indexed,1,1,True,native-test-14,1,92.75561699996615,40.56037500004095,40.855082999769365,0.0,0,508,0.8333333333333334,0.8333333333333334,81.41545799981031
Q4_K_M,24,natural,1,0,True,native-test-35,1,105.32399099997747,56.82950100003836,51.05121700012205,0.0,0,315,0.8333333333333334,0.8333333333333334,107.88071800016041
Q4_K_M,24,natural,4,1,True,native-test-92|native-test-93|native-test-94|native-test-95,4,240.08486699995046,186.1984610000036,186.41102099991258,0.0,0,315,0.7916666666666667,0.7916666666666667,372.60948199991617
Q4_K_M,24,natural,1,0,True,native-test-1,1,107.64613200012718,58.260257000029014,53.342599999950835,0.0,0,315,0.8333333333333334,0.8333333333333334,111.60285699997985
BF16,24,indexed,1,0,True,native-test-55,1,90.9439699998984,50.36695499984489,40.865559999929246,0.0,0,508,1.0,1.0,91.23251499977414
BF16,24,natural,1,1,True,native-test-45,1,75.8328420001817,40.96147400014161,46.68296999989252,0.0,0,315,0.8333333333333334,0.8333333333333334,87.64444400003413
BF16,24,natural,1,0,True,native-test-10,1,75.4268000000593,40.84596499978943,50.86889800031713,0.0,0,315,0.8333333333333334,0.8333333333333334,91.71486300010656
Q4_K_M,24,indexed,4,0,True,native-test-80|native-test-81|native-test-82|native-test-83,4,237.20013399997697,153.80446899985145,153.81237599990527,0.0,0,508,0.8333333333333334,0.8333333333333334,307.6168449997567
Q4_K_M,24,indexed,1,0,True,native-test-17,1,129.71373700020195,52.99072299999352,47.989249000011114,0.0,0,508,0.6666666666666666,0.6666666666666666,100.97997200000464
BF16,24,indexed,1,0,True,native-test-38,1,93.78948900030082,40.415829999801645,48.38469999958761,0.0,0,508,0.8333333333333334,0.8333333333333334,88.80052999938925
Q4_K_M,24,natural,1,1,True,native-test-84,1,112.64096200011409,57.33058399982838,57.51091899992389,0.0,0,315,0.8333333333333334,0.8333333333333334,114.84150299975227
Q4_K_M,24,natural,1,1,True,native-test-35,1,107.69133300004796,50.58896300010929,55.75904800002718,0.0,0,315,0.8333333333333334,0.8333333333333334,106.34801100013647
BF16,24,indexed,1,1,True,native-test-41,1,91.1148640002466,38.63803400008692,43.967381000129535,0.0,0,508,0.6666666666666666,0.6666666666666666,82.60541500021645
Q4_K_M,24,natural,1,1,True,native-test-81,1,107.64219099996808,52.338598999995156,57.12879499992596,0.0,0,315,0.5,0.5,109.46739399992111
BF16,24,natural,4,0,True,native-test-0|native-test-1|native-test-2|native-test-3,4,196.41560499985644,140.068711999902,141.07381199983138,0.0,0,315,0.8333333333333334,0.8333333333333334,281.1425239997334
Q4_K_M,24,indexed,1,0,True,native-test-80,1,129.04528700005358,45.34307099993384,56.44659900008264,0.0,0,508,1.0,1.0,101.78967000001649
Q4_K_M,24,indexed,1,1,True,native-test-9,1,131.85535000002346,48.11314800008404,52.977178999981334,0.0,0,508,0.8333333333333334,0.8333333333333334,101.09032700006537
BF16,24,natural,1,0,True,native-test-82,1,76.2761840001076,42.53507000021273,49.38719299980221,0.0,0,315,0.8333333333333334,0.8333333333333334,91.92226300001494
Q4_K_M,24,indexed,4,0,True,native-test-20|native-test-21|native-test-22|native-test-23,4,237.72062300008656,154.23251700008223,155.20717499998682,0.0,0,508,0.875,0.875,309.43969200006904
Q4_K_M,24,natural,1,0,True,native-test-71,1,108.33687300009842,59.98985600012929,54.1348490000928,0.0,0,315,0.6666666666666666,0.6666666666666666,114.1247050002221
BF16,24,natural,4,0,True,native-test-84|native-test-85|native-test-86|native-test-87,4,174.89041299995733,141.98099500026728,143.28184400028476,0.0,0,315,0.75,0.75,285.26283900055205
Q4_K_M,24,indexed,1,1,True,native-test-87,1,130.08067100008702,46.74195100005818,51.47966100003032,0.0,0,508,0.6666666666666666,0.6666666666666666,98.2216120000885
BF16,24,indexed,1,1,True,native-test-34,1,93.35729199983689,40.86427199990794,40.8980590000283,0.0,0,508,0.6666666666666666,0.6666666666666666,81.76233099993624
Q4_K_M,24,indexed,4,0,True,native-test-0|native-test-1|native-test-2|native-test-3,4,244.51209599988033,156.34798599990063,155.7630469999367,0.0,0,508,0.7916666666666666,0.7916666666666666,312.11103299983733
BF16,24,natural,4,1,True,native-test-20|native-test-21|native-test-22|native-test-23,4,174.54582700020183,141.8062929997177,140.8125250000012,0.0,0,315,0.75,0.75,282.6188179997189
Q4_K_M,24,indexed,1,1,True,native-test-61,1,128.49100400012503,44.48803300010695,49.52163799998743,0.0,0,508,0.3333333333333333,0.3333333333333333,94.00967100009439
Q4_K_M,24,natural,1,1,True,native-test-60,1,107.48625199994422,52.13608700000805,52.605534000122134,0.0,0,315,0.5,0.5,104.74162100013018
BF16,24,indexed,1,1,True,native-test-60,1,90.69450900005904,37.65687599980083,37.961386000006314,0.0,0,508,1.0,1.0,75.61826199980715
BF16,24,natural,1,1,True,native-test-42,1,77.23475800003143,42.55023700034144,42.584279000038805,0.0,0,315,1.0,1.0,85.13451600038024
Q4_K_M,24,natural,1,1,True,native-test-62,1,107.32094600007258,52.472764999947685,52.66353199999685,0.0,0,315,0.6666666666666666,0.6666666666666666,105.13629699994453
BF16,24,natural,1,1,True,native-test-75,1,76.12975899974117,42.06994200012559,47.56078299988076,0.0,0,315,0.6666666666666666,0.6666666666666666,89.63072500000635
BF16,24,natural,1,1,True,native-test-22,1,76.30377700024837,42.73344500006715,43.01016500039623,0.0,0,315,0.8333333333333334,0.8333333333333334,85.74361000046338
BF16,24,indexed,4,1,True,native-test-60|native-test-61|native-test-62|native-test-63,4,182.09359200000108,129.8907099999269,130.3052899997965,0.0,0,508,0.75,0.75,260.1959999997234
BF16,24,natural,1,0,True,native-test-61,1,77.23073299985117,50.481407000006584,43.96898200002397,0.0,0,315,0.8333333333333334,0.8333333333333334,94.45038900003055
BF16,24,natural,4,1,True,native-test-8|native-test-9|native-test-10|native-test-11,4,177.72733099991456,144.4829040001423,147.47173800014934,0.0,0,315,0.75,0.75,291.95464200029164
Q4_K_M,24,indexed,1,1,True,native-test-49,1,130.72916100009024,47.78636999981245,52.73492499986787,0.0,0,508,0.8333333333333334,0.8333333333333334,100.52129499968032
Q4_K_M,24,natural,1,1,True,native-test-63,1,110.30208099987249,55.20219000004545,60.00701500011019,0.0,0,315,0.8333333333333334,0.8333333333333334,115.20920500015563
BF16,24,natural,1,0,True,native-test-70,1,76.92403400005787,41.15945100011231,51.36162999997396,0.0,0,315,0.6666666666666666,0.6666666666666666,92.52108100008627
Q4_K_M,24,natural,1,0,True,native-test-47,1,109.89118099996631,61.40228300000672,55.36687699986942,0.0,0,315,0.8333333333333334,0.8333333333333334,116.76915999987614
Q4_K_M,24,natural,1,1,True,native-test-14,1,111.01248199997826,55.73598099999799,55.757726000138064,0.0,0,315,1.0,1.0,111.49370700013606
Q4_K_M,24,natural,1,1,True,native-test-87,1,109.92760199997065,55.01632999994399,59.75292100015395,0.0,0,315,0.8333333333333334,0.8333333333333334,114.76925100009794
BF16,24,natural,1,0,True,native-test-20,1,76.429613000073,42.915295000057085,49.92896200019459,0.0,0,315,0.6666666666666666,0.6666666666666666,92.84425700025167
BF16,24,indexed,1,0,True,native-test-45,1,90.83874099997047,52.078486000027624,40.7985430001645,0.0,0,508,0.8333333333333334,0.8333333333333334,92.87702900019212
BF16,24,indexed,1,0,True,native-test-77,1,93.62452899995333,40.852126000118005,47.05507500011663,0.0,0,508,0.8333333333333334,0.8333333333333334,87.90720100023464
Q4_K_M,24,natural,4,0,True,native-test-56|native-test-57|native-test-58|native-test-59,4,241.89302500008125,182.89145800008555,182.7841479998824,0.0,0,315,0.8333333333333334,0.8333333333333334,365.67560599996796
BF16,24,indexed,1,1,True,native-test-18,1,92.71599700014121,39.983538999877055,40.06826899967564,0.0,0,508,0.8333333333333334,0.8333333333333334,80.0518079995527
Q4_K_M,24,indexed,1,1,True,native-test-91,1,127.57572999998956,44.41891100009343,48.977593000017805,0.0,0,508,0.8333333333333334,0.8333333333333334,93.39650400011124
BF16,24,natural,1,1,True,native-test-7,1,76.7414120000467,42.537789000107296,47.88189600003534,0.0,0,315,0.8333333333333334,0.8333333333333334,90.41968500014264
Q4_K_M,24,natural,1,0,True,native-test-34,1,110.25595000000976,54.98901500004649,59.78930599985688,0.0,0,315,0.8333333333333334,0.8333333333333334,114.77832099990337
BF16,24,indexed,1,1,True,native-test-31,1,92.14784100004181,37.92203900002278,43.643308999889996,0.0,0,508,0.8333333333333334,0.8333333333333334,81.56534799991277
Q4_K_M,24,natural,1,0,True,native-test-95,1,106.70600299999933,58.71102799983419,52.640404000158014,0.0,0,315,0.8333333333333334,0.8333333333333334,111.3514319999922
BF16,24,indexed,1,0,True,native-test-70,1,92.61829500019303,37.3837239999375,52.13200300022436,0.0,0,508,0.5,0.5,89.51572700016186
Q4_K_M,24,natural,1,0,True,native-test-86,1,107.99714700010554,51.86066100009157,58.712142000103995,0.0,0,315,0.6666666666666666,0.6666666666666666,110.57280300019556
BF16,24,natural,1,0,True,native-test-72,1,79.63530999995783,46.18783599971721,52.51369899997371,0.0,0,315,0.6666666666666666,0.6666666666666666,98.70153499969092
Q4_K_M,24,natural,1,1,True,native-test-11,1,109.08014699998603,53.02930500010916,58.07004500002222,0.0,0,315,0.6666666666666666,0.6666666666666666,111.09935000013138
BF16,24,indexed,1,0,True,native-test-2,1,91.08628500007399,38.310255000396864,45.294105999801104,0.0,0,508,0.5,0.5,83.60436100019797
Q4_K_M,24,indexed,1,0,True,native-test-94,1,131.28703699999278,48.390160000053584,54.84469199996056,0.0,0,508,0.8333333333333334,0.8333333333333334,103.23485200001414
Q4_K_M,24,indexed,1,1,True,native-test-52,1,130.17967099995076,47.08507500004089,47.60903999999755,0.0,0,508,0.6666666666666666,0.6666666666666666,94.69411500003844
Q4_K_M,24,natural,1,1,True,native-test-74,1,111.20071000004828,55.77724299996589,56.00489900007233,0.0,0,315,0.8333333333333334,0.8333333333333334,111.78214200003822
BF16,24,indexed,4,0,True,native-test-24|native-test-25|native-test-26|native-test-27,4,186.73628199985615,134.28358500004833,135.51283099968714,0.0,0,508,0.75,0.75,269.7964159997355
Q4_K_M,24,indexed,1,0,True,native-test-81,1,127.368517999912,50.540189999992435,45.136035000041375,0.0,0,508,0.8333333333333334,0.8333333333333334,95.67622500003381
BF16,24,natural,1,1,True,native-test-27,1,78.7346450001678,44.435007000174664,49.906634999842936,0.0,0,315,0.8333333333333334,0.8333333333333334,94.3416420000176
BF16,24,indexed,1,0,True,native-test-49,1,92.98988799992003,50.89262699993924,42.01516900002389,0.0,0,508,0.8333333333333334,0.8333333333333334,92.90779599996313
Q4_K_M,24,indexed,4,1,True,native-test-64|native-test-65|native-test-66|native-test-67,4,239.08654100000604,155.52286999991338,155.8801589999348,0.0,0,508,0.875,0.875,311.4030289998482
Q4_K_M,24,natural,1,1,True,native-test-89,1,110.90228099988053,55.62358099996345,60.52264999993895,0.0,0,315,0.6666666666666666,0.6666666666666666,116.1462309999024
Q4_K_M,24,indexed,1,0,True,native-test-8,1,132.57164600008764,49.375294999890684,56.532856999865544,0.0,0,508,0.8333333333333334,0.8333333333333334,105.90815199975623
Q4_K_M,24,natural,1,0,True,native-test-3,1,109.71921600003043,61.55352199994013,55.895653999868955,0.0,0,315,0.8333333333333334,0.8333333333333334,117.44917599980909
Q4_K_M,24,indexed,4,0,True,native-test-16|native-test-17|native-test-18|native-test-19,4,229.77873600007115,146.77744799996617,146.54590600002848,0.0,0,508,0.625,0.625,293.32335399999465
BF16,24,indexed,1,0,True,native-test-72,1,95.6599100004496,41.07534200011287,53.54448999969463,0.0,0,508,0.8333333333333334,0.8333333333333334,94.6198319998075
Q4_K_M,24,natural,1,1,True,native-test-39,1,111.29716799996459,55.36455199990087,60.308586000019204,0.0,0,315,0.8333333333333334,0.8333333333333334,115.67313799992007
Q4_K_M,24,indexed,1,1,True,native-test-65,1,127.92858199986767,44.51151899979777,49.43917600007808,0.0,0,508,1.0,1.0,93.95069499987585
Q4_K_M,24,indexed,1,0,True,native-test-72,1,136.39063699997678,47.50917899991691,58.759439000141356,0.0,0,508,1.0,1.0,106.26861800005827
Q4_K_M,24,natural,1,1,True,native-test-61,1,107.81167000004643,52.32286899990868,57.31859299999087,0.0,0,315,0.8333333333333334,0.8333333333333334,109.64146199989955
Q4_K_M,24,indexed,4,1,True,native-test-4|native-test-5|native-test-6|native-test-7,4,227.68655100003343,144.38445399991906,145.1976470000318,0.0,0,508,0.6666666666666666,0.6666666666666666,289.58210099995085
BF16,24,indexed,4,0,True,native-test-20|native-test-21|native-test-22|native-test-23,4,184.73631200004093,130.6434459997945,131.5955430000031,0.0,0,508,0.875,0.875,262.2389889997976
Q4_K_M,24,indexed,1,1,True,native-test-26,1,126.67541499990875,43.989837000026455,44.27478599995993,0.0,0,508,1.0,1.0,88.26462299998639
BF16,24,indexed,1,0,True,native-test-12,1,94.90925499994773,40.711570999974356,53.26924800010602,0.0,0,508,1.0,1.0,93.98081900008037
Q4_K_M,24,indexed,1,1,True,native-test-18,1,129.64293899995027,46.56581699987328,46.86298000001443,0.0,0,508,0.8333333333333334,0.8333333333333334,93.42879699988771
Q4_K_M,24,natural,1,1,True,native-test-26,1,106.82433100009803,51.745411999945645,52.114134000021295,0.0,0,315,0.6666666666666666,0.6666666666666666,103.85954599996694
Q4_K_M,24,natural,4,0,True,native-test-20|native-test-21|native-test-22|native-test-23,4,245.96937000001162,182.62556300010147,182.3413619999883,0.0,0,315,0.7083333333333334,0.7083333333333334,364.96692500008976
Q4_K_M,24,natural,4,1,True,native-test-88|native-test-89|native-test-90|native-test-91,4,235.99295700000766,182.2364170000128,182.63722500000767,0.0,0,315,0.7916666666666666,0.7916666666666666,364.8736420000205
BF16,24,indexed,1,0,True,native-test-94,1,93.17394899971987,40.28646699998717,47.52821200008839,0.0,0,508,0.8333333333333334,0.8333333333333334,87.81467900007556
BF16,24,indexed,1,0,True,native-test-41,1,92.60409599983177,38.35747499988429,44.0145580000717,0.0,0,508,0.6666666666666666,0.6666666666666666,82.37203299995599
BF16,24,indexed,1,1,True,native-test-52,1,92.57657299986022,40.37681399995563,41.210155000044324,0.0,0,508,0.8333333333333334,0.8333333333333334,81.58696899999995
Q4_K_M,24,indexed,1,0,True,native-test-45,1,125.48428499985675,53.3502949999729,44.184032999964984,0.0,0,508,0.8333333333333334,0.8333333333333334,97.53432799993789
BF16,24,indexed,1,1,True,native-test-47,1,93.41576599990731,40.262972000164154,45.92278299969621,0.0,0,508,0.8333333333333334,0.8333333333333334,86.18575499986036
BF16,24,indexed,1,1,True,native-test-89,1,96.05168400003095,40.07837800008929,45.66438800020478,0.0,0,508,0.8333333333333334,0.8333333333333334,85.74276600029407
BF16,24,indexed,4,1,True,native-test-32|native-test-33|native-test-34|native-test-35,4,173.52359599999545,120.88653799992244,121.57768099996247,0.0,0,508,0.75,0.75,242.4642189998849
BF16,24,natural,1,0,True,native-test-16,1,78.74986800015904,44.20486399976653,52.82415200008472,0.0,0,315,0.6666666666666666,0.6666666666666666,97.02901599985125
Q4_K_M,24,indexed,1,0,True,native-test-2,1,127.55236300017714,44.49740300015037,50.77904000017952,0.0,0,508,0.6666666666666666,0.6666666666666666,95.27644300032989
Q4_K_M,24,indexed,1,1,True,native-test-95,1,128.14533799996752,44.62413300007029,51.45617499988475,0.0,0,508,0.8333333333333334,0.8333333333333334,96.08030799995504
BF16,24,natural,1,0,True,native-test-41,1,76.55286199997136,43.061062000106176,48.55271399992489,0.0,0,315,0.6666666666666666,0.6666666666666666,91.61377600003107
BF16,24,natural,4,0,True,native-test-92|native-test-93|native-test-94|native-test-95,4,179.3961710000076,146.23943500009773,147.25666799995452,0.0,0,315,0.7916666666666667,0.7916666666666667,293.49610300005224
Q4_K_M,24,indexed,1,1,True,native-test-30,1,124.85414499997205,44.50737199999821,42.36034800010202,0.0,0,508,1.0,1.0,86.86772000010023
Q4_K_M,24,natural,1,0,True,native-test-57,1,109.83693799994398,55.16083499992419,60.093429000062315,0.0,0,315,0.8333333333333334,0.8333333333333334,115.2542639999865
Q4_K_M,24,natural,4,1,True,native-test-52|native-test-53|native-test-54|native-test-55,4,234.60431099988455,180.06419300013476,179.6697629999926,0.0,0,315,0.7500000000000001,0.7500000000000001,359.73395600012736
BF16,24,natural,1,0,True,native-test-18,1,77.79248599990751,43.91089299997475,49.72590700026558,0.0,0,315,1.0,1.0,93.63680000024033
Q4_K_M,24,natural,1,0,True,native-test-24,1,112.49020800005383,57.17569200010075,64.02717499986466,0.0,0,315,1.0,1.0,121.20286699996541
Q4_K_M,24,indexed,1,0,True,native-test-27,1,129.75021900001593,58.12139199997546,48.27890800015666,0.0,0,508,0.5,0.5,106.40030000013212
BF16,24,indexed,1,0,True,native-test-18,1,92.81541600012133,40.0948450001124,45.602839999901335,0.0,0,508,0.8333333333333334,0.8333333333333334,85.69768500001373
BF16,24,natural,1,1,True,native-test-94,1,78.03018699996755,44.63942999973369,44.94404799970653,0.0,0,315,0.8333333333333334,0.8333333333333334,89.58347799944022
BF16,24,indexed,1,0,True,native-test-83,1,93.57633699983126,52.43036799993206,43.40379800032679,0.0,0,508,1.0,1.0,95.83416600025885
BF16,24,indexed,4,1,True,native-test-84|native-test-85|native-test-86|native-test-87,4,186.13983800014466,133.21164299986776,133.46268499981306,0.0,0,508,0.8333333333333334,0.8333333333333334,266.6743279996808
BF16,24,indexed,1,0,True,native-test-59,1,94.44744599977639,52.41786799979309,42.77587199976551,0.0,0,508,0.6666666666666666,0.6666666666666666,95.1937399995586
BF16,24,indexed,1,0,True,native-test-32,1,96.2215589997868,41.28299500007415,53.48562800008949,0.0,0,508,0.6666666666666666,0.6666666666666666,94.76862300016364
BF16,24,indexed,4,1,True,native-test-44|native-test-45|native-test-46|native-test-47,4,185.1056239997888,132.7626100000998,133.51615200008382,0.0,0,508,0.8750000000000001,0.8750000000000001,266.27876200018363
Q4_K_M,24,natural,4,1,True,native-test-0|native-test-1|native-test-2|native-test-3,4,236.3000310001553,180.95114500010823,181.067344999974,0.0,0,315,0.8333333333333334,0.8333333333333334,362.01849000008224
Q4_K_M,24,indexed,1,1,True,native-test-19,1,131.39253500003178,47.7933380000195,52.703212000096755,0.0,0,508,0.5,0.5,100.49655000011626
BF16,24,indexed,1,1,True,native-test-22,1,91.26429799971447,38.59863800016683,38.57803699975193,0.0,0,508,1.0,1.0,77.17667499991876
Q4_K_M,24,indexed,4,1,True,native-test-84|native-test-85|native-test-86|native-test-87,4,240.1497969999582,157.1320430000469,157.48100299992984,0.0,0,508,0.875,0.875,314.61304599997675
Q4_K_M,24,indexed,1,0,True,native-test-24,1,133.07882599997356,49.74983199986127,56.89445100006196,0.0,0,508,0.8333333333333334,0.8333333333333334,106.64428299992323
Q4_K_M,24,natural,1,1,True,native-test-23,1,110.95082899987574,55.235252000102264,60.21366699997088,0.0,0,315,0.8333333333333334,0.8333333333333334,115.44891900007315
BF16,24,natural,1,0,True,native-test-4,1,79.54936100031773,45.23475900032281,55.08992800014312,0.0,0,315,0.6666666666666666,0.6666666666666666,100.32468700046593
BF16,24,natural,1,1,True,native-test-72,1,80.1946230003523,45.66757099973984,45.484746000056475,0.0,0,315,0.6666666666666666,0.6666666666666666,91.15231699979631
BF16,24,indexed,1,0,True,native-test-14,1,93.57842300005359,40.652970999872196,46.22057400001722,0.0,0,508,0.8333333333333334,0.8333333333333334,86.87354499988942
Q4_K_M,24,natural,1,1,True,native-test-52,1,110.03647899997304,55.09815699997489,55.31980000000658,0.0,0,315,0.8333333333333334,0.8333333333333334,110.41795699998147
BF16,24,natural,1,0,True,native-test-14,1,78.34914100021706,44.44092499988983,49.976408000020456,0.0,0,315,1.0,1.0,94.41733299991029
Q4_K_M,24,indexed,1,1,True,native-test-75,1,127.71580100002211,44.203639999977895,48.98819699997148,0.0,0,508,0.8333333333333334,0.8333333333333334,93.19183699994937
Q4_K_M,24,natural,1,0,True,native-test-92,1,111.11613200000647,55.28139700004431,63.785972999994556,0.0,0,315,0.6666666666666666,0.6666666666666666,119.06737000003886
Q4_K_M,24,indexed,1,1,True,native-test-44,1,132.36321699992004,49.469295999870155,49.85698299992691,0.0,0,508,0.8333333333333334,0.8333333333333334,99.32627899979707
Q4_K_M,24,natural,1,0,True,native-test-10,1,106.27825100004884,50.14641399998254,57.09559799993258,0.0,0,315,0.8333333333333334,0.8333333333333334,107.24201199991512
BF16,24,indexed,4,1,True,native-test-8|native-test-9|native-test-10|native-test-11,4,182.10379599986481,130.22686099975544,130.55253999982597,0.0,0,508,0.8333333333333334,0.8333333333333334,260.7794009995814
BF16,24,indexed,1,1,True,native-test-33,1,93.84447599995838,41.04264800025703,46.353415999874414,0.0,0,508,0.6666666666666666,0.6666666666666666,87.39606400013145
Q4_K_M,24,indexed,4,1,True,native-test-48|native-test-49|native-test-50|native-test-51,4,238.60842199997023,155.92674499998793,157.30955000003632,0.0,0,508,0.7916666666666666,0.7916666666666666,313.23629500002426
Q4_K_M,24,indexed,1,0,True,native-test-64,1,132.96409600002335,49.98333499997898,60.81227200002104,0.0,0,508,0.6666666666666666,0.6666666666666666,110.79560700000002
BF16,24,indexed,1,1,True,native-test-0,1,91.19446700015033,37.7799769999001,38.139897999826644,0.0,0,508,1.0,1.0,75.91987499972674
BF16,24,indexed,1,1,True,native-test-84,1,94.64453400005368,40.86676599990824,41.40210599962302,0.0,0,508,0.8333333333333334,0.8333333333333334,82.26887199953126
Q4_K_M,24,indexed,4,0,True,native-test-40|native-test-41|native-test-42|native-test-43,4,218.62900499991156,135.0054879999334,135.23293700018257,0.0,0,508,0.6666666666666666,0.6666666666666666,270.23842500011597
BF16,24,indexed,1,1,True,native-test-75,1,91.720393000287,38.68733399986013,45.67019699970842,0.0,0,508,0.8333333333333334,0.8333333333333334,84.35753099956855
BF16,24,indexed,4,1,True,native-test-4|native-test-5|native-test-6|native-test-7,4,171.48736899980577,119.40455800004202,119.07322200022463,0.0,0,508,0.7083333333333334,0.7083333333333334,238.47778000026665
BF16,24,indexed,1,1,True,native-test-78,1,92.37714499977301,39.826193999942916,40.116529000442824,0.0,0,508,0.8333333333333334,0.8333333333333334,79.94272300038574
BF16,24,indexed,4,1,True,native-test-68|native-test-69|native-test-70|native-test-71,4,182.5010669999756,130.25854099987555,131.36042299993278,0.0,0,508,0.75,0.75,261.61896399980833
Q4_K_M,24,natural,4,0,True,native-test-76|native-test-77|native-test-78|native-test-79,4,234.9082969999472,182.42575500016756,181.81437199996253,0.0,0,315,0.875,0.875,364.2401270001301
BF16,24,indexed,4,0,True,native-test-52|native-test-53|native-test-54|native-test-55,4,173.1059130001995,120.43304000007993,121.00526099993658,0.0,0,508,0.875,0.875,241.4383010000165
BF16,24,natural,1,1,True,native-test-18,1,77.75198500030456,44.03848400033894,44.604747999983374,0.0,0,315,1.0,1.0,88.64323200032231
Q4_K_M,24,natural,1,1,True,native-test-24,1,112.00905700002295,57.33515700012504,57.313267000154156,0.0,0,315,1.0,1.0,114.64842400027919
Q4_K_M,24,indexed,1,0,True,native-test-46,1,126.90531900011592,44.58076700007041,52.110113000026104,0.0,0,508,1.0,1.0,96.69088000009651
Q4_K_M,24,indexed,1,0,True,native-test-15,1,125.48222500004158,53.44406900007925,43.827832000033595,0.0,0,508,0.8333333333333334,0.8333333333333334,97.27190100011285
Q4_K_M,24,indexed,1,1,True,native-test-68,1,132.70263599997634,49.61081900000863,49.70839399993565,0.0,0,508,0.8333333333333334,0.8333333333333334,99.31921299994428
BF16,24,natural,1,1,True,native-test-3,1,78.59723799992935,44.51758200002587,50.01008899989756,0.0,0,315,0.8333333333333334,0.8333333333333334,94.52767099992343
BF16,24,indexed,1,1,True,native-test-43,1,92.80357699981323,40.266800000154035,46.11496600000464,0.0,0,508,0.6666666666666666,0.6666666666666666,86.38176600015868
Q4_K_M,24,natural,1,1,True,native-test-48,1,112.37057300013475,57.063946000198484,57.25297599997248,0.0,0,315,0.5,0.5,114.31692200017096
Q4_K_M,24,indexed,4,1,True,native-test-52|native-test-53|native-test-54|native-test-55,4,228.93549599984908,146.53455799998483,147.50729799993678,0.0,0,508,0.75,0.75,294.0418559999216
Q4_K_M,24,natural,4,1,True,native-test-12|native-test-13|native-test-14|native-test-15,4,232.53441099996053,177.66031700011808,178.39685499984625,0.0,0,315,0.8333333333333334,0.8333333333333334,356.05717199996434
BF16,24,indexed,1,1,True,native-test-50,1,89.99471100014489,37.491261000013765,37.81207500014716,0.0,0,508,0.6666666666666666,0.6666666666666666,75.30333600016093
Q4_K_M,24,natural,4,0,True,native-test-28|native-test-29|native-test-30|native-test-31,4,236.40133699996113,177.90614699993057,178.16848600000412,0.0,0,315,0.8333333333333334,0.8333333333333334,356.0746329999347
BF16,24,natural,1,1,True,native-test-43,1,78.70649300002697,44.45433899991258,50.305419999858714,0.0,0,315,0.6666666666666666,0.6666666666666666,94.7597589997713
BF16,24,indexed,1,1,True,native-test-76,1,93.81129099983809,40.84036600033869,40.73172900007194,0.0,0,508,0.8333333333333334,0.8333333333333334,81.57209500041063
Q4_K_M,24,indexed,1,1,True,native-test-70,1,125.45117499985281,42.35949200005962,42.64487399996142,0.0,0,508,0.5,0.5,85.00436600002104
Q4_K_M,24,indexed,1,1,True,native-test-4,1,132.55446199991638,49.55237700005455,49.87665199996627,0.0,0,508,0.5,0.5,99.42902900002082
BF16,24,indexed,1,1,True,native-test-72,1,93.47838400026376,40.98170699990078,41.2234619998344,0.0,0,508,0.8333333333333334,0.8333333333333334,82.20516899973518
Q4_K_M,24,natural,1,1,True,native-test-68,1,113.23143300000993,57.612832000131675,57.39122800014229,0.0,0,315,1.0,1.0,115.00406000027397
Q4_K_M,24,natural,1,0,True,native-test-7,1,108.91882100008843,60.10589300012725,54.92834699998639,0.0,0,315,0.8333333333333334,0.8333333333333334,115.03424000011364
BF16,24,indexed,4,0,True,native-test-0|native-test-1|native-test-2|native-test-3,4,184.67024800020226,129.40602599974227,129.8411899997518,0.0,0,508,0.7916666666666666,0.7916666666666666,259.2472159994941
Q4_K_M,24,natural,1,1,True,native-test-4,1,112.02216400010911,57.10300600003393,57.12526899992554,0.0,0,315,0.6666666666666666,0.6666666666666666,114.22827499995947
BF16,24,indexed,1,0,True,native-test-73,1,93.31900200004384,48.29727400010597,42.12232500003665,0.0,0,508,0.8333333333333334,0.8333333333333334,90.41959900014263
BF16,24,indexed,1,0,True,native-test-34,1,93.84175399964079,40.80558200030282,46.19122000030984,0.0,0,508,0.6666666666666666,0.6666666666666666,86.99680200061266
Q4_K_M,24,natural,1,1,True,native-test-20,1,107.74670299997524,52.373860999978206,52.63229899992439,0.0,0,315,0.6666666666666666,0.6666666666666666,105.0061599999026
Q4_K_M,24,indexed,1,1,True,native-test-16,1,129.61339299999963,46.85251800015067,47.105740000006335,0.0,0,508,0.5,0.5,93.958258000157
Q4_K_M,24,indexed,1,1,True,native-test-85,1,126.6893249999157,42.78293100014707,47.89147000019511,0.0,0,508,0.8333333333333334,0.8333333333333334,90.67440100034219
BF16,24,natural,1,1,True,native-test-35,1,75.93992299962338,42.41147799984901,47.587667999778205,0.0,0,315,0.8333333333333334,0.8333333333333334,89.99914599962722
Q4_K_M,24,natural,1,0,True,native-test-75,1,107.91987699985839,59.32004999999663,53.575338999962696,0.0,0,315,0.6666666666666666,0.6666666666666666,112.89538899995932
Q4_K_M,24,indexed,4,1,True,native-test-88|native-test-89|native-test-90|native-test-91,4,236.22861800004102,153.78670300015074,153.70273300004555,0.0,0,508,0.8333333333333334,0.8333333333333334,307.4894360001963
Q4_K_M,24,natural,4,0,True,native-test-84|native-test-85|native-test-86|native-test-87,4,236.4504349998242,182.29845099995146,182.13087899994207,0.0,0,315,0.75,0.75,364.4293299998935
Q4_K_M,24,natural,4,0,True,native-test-32|native-test-33|native-test-34|native-test-35,4,238.32501499987302,184.10394700003962,184.38317799996184,0.0,0,315,0.8333333333333334,0.8333333333333334,368.48712500000147
BF16,24,natural,1,0,True,native-test-2,1,77.60974600023474,42.63689500021428,49.67638200014335,0.0,0,315,0.8333333333333334,0.8333333333333334,92.31327700035763
BF16,24,natural,1,1,True,native-test-55,1,75.95547700020688,43.037889000061114,47.57965699991473,0.0,0,315,0.8333333333333334,0.8333333333333334,90.61754599997585
BF16,24,natural,1,0,True,native-test-84,1,79.77065500017488,45.06582299973161,54.71686300006695,0.0,0,315,0.8333333333333334,0.8333333333333334,99.78268599979856
BF16,24,natural,1,1,True,native-test-83,1,78.23059800011833,45.88653099972362,50.250456999947346,0.0,0,315,0.6666666666666666,0.6666666666666666,96.13698799967096
BF16,24,natural,1,1,True,native-test-12,1,78.35413300017535,44.99811400000908,45.33863899996504,0.0,0,315,0.6666666666666666,0.6666666666666666,90.33675299997412
BF16,24,natural,1,1,True,native-test-20,1,77.24982399986402,43.466356999942946,43.852008000158094,0.0,0,315,0.6666666666666666,0.6666666666666666,87.31836500010104
Q4_K_M,24,natural,1,0,True,native-test-58,1,110.52040000004126,55.451199999879464,61.38173499994082,0.0,0,315,0.8333333333333334,0.8333333333333334,116.83293499982028
Q4_K_M,24,natural,1,1,True,native-test-64,1,112.53874599992741,57.50708100003976,58.0024839998714,0.0,0,315,0.8333333333333334,0.8333333333333334,115.50956499991116
Q4_K_M,24,natural,1,1,True,native-test-1,1,107.7491139999438,51.89564700003757,56.84406599993963,0.0,0,315,0.8333333333333334,0.8333333333333334,108.7397129999772
Q4_K_M,24,natural,1,1,True,native-test-29,1,112.45628400001806,56.905752999909964,61.730721999992966,0.0,0,315,0.6666666666666666,0.6666666666666666,118.63647499990293
BF16,24,indexed,1,1,True,native-test-90,1,89.54989599988039,36.44956900006946,36.93022099969312,0.0,0,508,0.8333333333333334,0.8333333333333334,73.37978999976258
Q4_K_M,24,natural,1,1,True,native-test-70,1,105.66061300005458,50.16846400008035,50.52561799993782,0.0,0,315,0.6666666666666666,0.6666666666666666,100.69408200001817
Q4_K_M,24,natural,1,0,True,native-test-51,1,107.38756199998534,59.172014000068884,53.45121000004838,0.0,0,315,1.0,1.0,112.62322400011726
BF16,24,indexed,4,0,True,native-test-36|native-test-37|native-test-38|native-test-39,4,187.64065300001675,134.15311800008567,134.39367799992397,0.0,0,508,0.8750000000000001,0.8750000000000001,268.54679600000964
Q4_K_M,24,natural,1,0,True,native-test-74,1,111.29636800001208,55.68921899998713,62.54873199986832,0.0,0,315,0.8333333333333334,0.8333333333333334,118.23795099985546
BF16,24,natural,1,0,True,native-test-32,1,78.99767400022029,44.98086900002818,53.35817200011661,0.0,0,315,1.0,1.0,98.33904100014479
BF16,24,natural,1,0,True,native-test-63,1,79.38570800024536,52.25204899988967,46.02505000002566,0.0,0,315,0.8333333333333334,0.8333333333333334,98.27709899991532
Q4_K_M,24,natural,1,1,True,native-test-58,1,109.8758519999592,54.485292999970625,54.99328499990952,0.0,0,315,0.8333333333333334,0.8333333333333334,109.47857799988014
Q4_K_M,24,natural,1,0,True,native-test-68,1,112.3953139999685,57.025970000040616,63.90852200001973,0.0,0,315,1.0,1.0,120.93449200006035
BF16,24,natural,1,1,True,native-test-19,1,79.22435499995117,44.889806999890425,52.9627089999849,0.0,0,315,0.8333333333333334,0.8333333333333334,97.85251599987532
Q4_K_M,24,natural,1,1,True,native-test-19,1,110.80941299996994,55.235801000208085,60.00976699988314,0.0,0,315,0.8333333333333334,0.8333333333333334,115.24556800009123
BF16,24,natural,4,1,True,native-test-16|native-test-17|native-test-18|native-test-19,4,174.0427899999304,142.4359170000571,141.89367399967523,0.0,0,315,0.875,0.875,284.3295909997323
BF16,24,indexed,1,0,True,native-test-43,1,93.69584400019448,52.96425899996393,43.28781300000628,0.0,0,508,0.6666666666666666,0.6666666666666666,96.25207199997021
BF16,24,natural,4,0,True,native-test-72|native-test-73|native-test-74|native-test-75,4,180.41404499990676,142.27278199996363,142.15736100004506,0.0,0,315,0.75,0.75,284.4301430000087
BF16,24,natural,4,1,True,native-test-64|native-test-65|native-test-66|native-test-67,4,174.34319799986042,141.641984999751,141.56370600039736,0.0,0,315,0.75,0.75,283.20569100014836
BF16,24,indexed,1,1,True,native-test-38,1,92.49469199994564,39.88970199998221,40.19779500004006,0.0,0,508,0.8333333333333334,0.8333333333333334,80.08749700002227
BF16,24,natural,1,0,True,native-test-89,1,78.55504400004065,54.729553000015585,46.15846299975601,0.0,0,315,0.6666666666666666,0.6666666666666666,100.8880159997716
BF16,24,indexed,1,1,True,native-test-88,1,93.51938800000426,40.933396000127686,40.7649029998538,0.0,0,508,0.6666666666666666,0.6666666666666666,81.69829899998149
Q4_K_M,24,natural,1,1,True,native-test-49,1,111.15080400008992,55.64369700005045,60.5151790000491,0.0,0,315,0.6666666666666666,0.6666666666666666,116.15887600009955
BF16,24,natural,1,0,True,native-test-91,1,76.63196700013941,52.186320000146225,43.790624999928696,0.0,0,315,0.6666666666666666,0.6666666666666666,95.97694500007492
Q4_K_M,24,indexed,1,0,True,native-test-63,1,131.5308170001117,61.13431600010699,49.47675199991863,0.0,0,508,0.5,0.5,110.61106800002563
Q4_K_M,24,indexed,1,1,True,native-test-54,1,130.01972899996872,47.23421100015912,47.54355000000032,0.0,0,508,0.6666666666666666,0.6666666666666666,94.77776100015944
Q4_K_M,24,natural,4,1,True,native-test-44|native-test-45|native-test-46|native-test-47,4,235.8047570000963,182.70304199995735,182.93380099999013,0.0,0,315,0.7916666666666667,0.7916666666666667,365.6368429999475
Q4_K_M,24,indexed,1,0,True,native-test-49,1,130.63903299985213,54.37834899998961,48.65662099996371,0.0,0,508,0.8333333333333334,0.8333333333333334,103.03496999995332
BF16,24,indexed,4,1,True,native-test-0|native-test-1|native-test-2|native-test-3,4,182.28167499955816,129.7142379999059,130.64145499993174,0.0,0,508,0.7916666666666666,0.7916666666666666,260.35569299983763
Q4_K_M,24,natural,1,1,True,native-test-80,1,107.6241299999765,52.84514899994974,53.38095699994483,0.0,0,315,0.6666666666666666,0.6666666666666666,106.22610599989457
BF16,24,natural,1,1,True,native-test-9,1,78.50012800008699,44.833258999915415,50.41006500005096,0.0,0,315,0.6666666666666666,0.6666666666666666,95.24332399996638
Q4_K_M,24,indexed,4,1,True,native-test-92|native-test-93|native-test-94|native-test-95,4,232.1531199997935,149.2951909999647,149.12640600005034,0.0,0,508,0.7083333333333334,0.7083333333333334,298.421597000015
BF16,24,indexed,4,1,True,native-test-36|native-test-37|native-test-38|native-test-39,4,184.99330599979658,133.2075430000259,134.86696200016013,0.0,0,508,0.8750000000000001,0.8750000000000001,268.07450500018604
Q4_K_M,24,indexed,4,0,True,native-test-24|native-test-25|native-test-26|native-test-27,4,248.72468300009132,159.7942339999463,160.24323699980414,0.0,0,508,0.6666666666666667,0.6666666666666667,320.03747099975044
BF16,24,indexed,1,0,True,native-test-5,1,90.57150200032993,52.30953300042529,41.135682000003726,0.0,0,508,0.8333333333333334,0.8333333333333334,93.44521500042902
Q4_K_M,24,indexed,1,0,True,native-test-53,1,131.13411600011204,47.826508000071044,52.417442999967534,0.0,0,508,0.6666666666666666,0.6666666666666666,100.24395100003858
BF16,24,indexed,1,1,True,native-test-66,1,90.93599300013011,38.09090999993714,43.454707999899256,0.0,0,508,0.8333333333333334,0.8333333333333334,81.5456179998364
Q4_K_M,24,natural,1,1,True,native-test-8,1,111.74078099998042,56.741624000096635,57.21832000017457,0.0,0,315,0.8333333333333334,0.8333333333333334,113.95994400027121
Q4_K_M,24,natural,1,1,True,native-test-18,1,109.80029299980743,54.57172299998092,54.653580999911355,0.0,0,315,1.0,1.0,109.22530399989228
BF16,24,natural,1,0,True,native-test-95,1,75.71212499988178,49.52351300016744,43.47038500009148,0.0,0,315,0.8333333333333334,0.8333333333333334,92.99389800025892
Q4_K_M,24,natural,1,0,True,native-test-76,1,111.36605399997279,55.59388599999693,62.46606900003826,0.0,0,315,1.0,1.0,118.05995500003519
Q4_K_M,24,indexed,1,1,True,native-test-35,1,126.14766700016844,42.57420399994771,47.838315000035436,0.0,0,508,1.0,1.0,90.41251899998315
BF16,24,indexed,1,1,True,native-test-10,1,89.80865600005927,36.49150699993697,36.76756699996986,0.0,0,508,0.6666666666666666,0.6666666666666666,73.25907399990683
Q4_K_M,24,natural,1,0,True,native-test-44,1,113.18995400006315,57.81550699998661,64.7051029998238,0.0,0,315,0.8333333333333334,0.8333333333333334,122.5206099998104
Q4_K_M,24,indexed,4,1,True,native-test-80|native-test-81|native-test-82|native-test-83,4,237.01955899991844,154.00982999994994,154.37149200010936,0.0,0,508,0.8333333333333334,0.8333333333333334,308.3813220000593
BF16,24,indexed,1,0,True,native-test-80,1,93.20595500003037,38.15299899997626,53.81485799989605,0.0,0,508,1.0,1.0,91.96785699987231
Q4_K_M,24,indexed,1,1,True,native-test-2,1,128.4929529999772,44.427662999851236,44.826095999951576,0.0,0,508,0.6666666666666666,0.6666666666666666,89.25375899980281
Q4_K_M,24,indexed,1,0,True,native-test-84,1,133.16373199995724,49.89791699995294,57.07456499999353,0.0,0,508,1.0,1.0,106.97248199994647
Q4_K_M,24,natural,1,1,True,native-test-75,1,108.34327299994584,52.24521300010565,57.29399899996679,0.0,0,315,0.6666666666666666,0.6666666666666666,109.53921200007244
Q4_K_M,24,natural,1,0,True,native-test-67,1,110.37605000001349,61.43416600002638,55.53005999991001,0.0,0,315,0.8333333333333334,0.8333333333333334,116.96422599993639
Q4_K_M,24,indexed,1,1,True,native-test-34,1,130.4615910000848,49.38372999981766,47.88911700006793,0.0,0,508,0.6666666666666666,0.6666666666666666,97.27284699988559
BF16,24,indexed,1,0,True,native-test-75,1,91.8770189996394,51.13333100007367,42.770978000135074,0.0,0,508,0.8333333333333334,0.8333333333333334,93.90430900020874
BF16,24,indexed,1,1,True,native-test-73,1,93.75518699971508,40.55743100025211,46.193305000088,0.0,0,508,0.8333333333333334,0.8333333333333334,86.75073600034011
BF16,24,natural,4,0,True,native-test-48|native-test-49|native-test-50|native-test-51,4,181.83097700011785,144.3463470000097,144.0347349998774,0.0,0,315,0.75,0.75,288.3810819998871
BF16,24,natural,1,1,True,native-test-92,1,78.10608600038904,44.66388500031826,45.05994800001645,0.0,0,315,0.6666666666666666,0.6666666666666666,89.72383300033471
BF16,24,indexed,1,1,True,native-test-28,1,94.0505920002579,41.60587400019722,42.20928700033255,0.0,0,508,1.0,1.0,83.81516100052977
Q4_K_M,24,natural,1,1,True,native-test-38,1,109.87940600011825,54.84856199996102,54.98396600000888,0.0,0,315,0.8333333333333334,0.8333333333333334,109.8325279999699
Q4_K_M,24,indexed,1,1,True,native-test-73,1,130.80896400015263,47.278702000085104,52.05712199995105,0.0,0,508,0.5,0.5,99.33582400003615
Q4_K_M,24,natural,1,0,True,native-test-50,1,105.3197530000034,49.97989699995742,56.942008999840255,0.0,0,315,0.8333333333333334,0.8333333333333334,106.92190599979767
Q4_K_M,24,indexed,1,0,True,native-test-73,1,130.08000500008166,53.726866000033624,48.68815700001505,0.0,0,508,0.5,0.5,102.41502300004868
Q4_K_M,24,indexed,4,1,True,native-test-8|native-test-9|native-test-10|native-test-11,4,237.57756300005894,154.82788600002095,155.02091200005452,0.0,0,508,0.7916666666666666,0.7916666666666666,309.8487980000755
BF16,24,indexed,1,1,True,native-test-62,1,90.67447899997205,38.14966199979608,38.38023699972837,0.0,0,508,1.0,1.0,76.52989899952445
BF16,24,indexed,1,0,True,native-test-35,1,91.4650449999499,50.66573600015545,41.87466800021866,0.0,0,508,1.0,1.0,92.54040400037411
Q4_K_M,24,indexed,1,0,True,native-test-38,1,131.25343800015798,47.70239600020432,55.40714400012803,0.0,0,508,0.8333333333333334,0.8333333333333334,103.10954000033234
BF16,24,natural,1,1,True,native-test-60,1,77.165272000002,42.51941900020029,42.62820600024497,0.0,0,315,0.5,0.5,85.14762500044526
BF16,24,indexed,1,1,True,native-test-82,1,90.7794989998365,38.01736400009759,38.38792599981389,0.0,0,508,0.5,0.5,76.40528999991147
Q4_K_M,24,natural,1,0,True,native-test-94,1,110.31038199985232,55.20293900008255,61.556197999834694,0.0,0,315,0.8333333333333334,0.8333333333333334,116.75913699991725
Q4_K_M,24,natural,1,1,True,native-test-95,1,107.44113499981722,51.734697999791024,58.75466699990284,0.0,0,315,0.8333333333333334,0.8333333333333334,110.48936499969386
BF16,24,natural,4,1,True,native-test-92|native-test-93|native-test-94|native-test-95,4,177.8431009997803,145.28497999981482,145.96787799973754,0.0,0,315,0.7916666666666667,0.7916666666666667,291.25285799955236
Q4_K_M,24,indexed,1,0,True,native-test-5,1,127.75280799996835,55.60123800000838,46.489839000059874,0.0,0,508,0.6666666666666666,0.6666666666666666,102.09107700006825
BF16,24,indexed,1,0,True,native-test-37,1,92.94315399984043,47.038445999987744,41.03819400006614,0.0,0,508,0.8333333333333334,0.8333333333333334,88.07664000005389
Q4_K_M,24,indexed,1,0,True,native-test-29,1,131.53766599998562,48.84331600010228,53.658115999951406,0.0,0,508,0.6666666666666666,0.6666666666666666,102.50143200005368
Q4_K_M,24,natural,1,1,True,native-test-43,1,111.00536399999328,55.39354200004709,60.06403399987903,0.0,0,315,0.6666666666666666,0.6666666666666666,115.45757599992612
Q4_K_M,24,natural,4,1,True,native-test-8|native-test-9|native-test-10|native-test-11,4,237.87753599981443,183.63287200008926,185.5466609999894,0.0,0,315,0.7916666666666666,0.7916666666666666,369.17953300007866
BF16,24,indexed,1,0,True,native-test-31,1,91.6990010000518,48.89906800008248,40.46461100006127,0.0,0,508,0.8333333333333334,0.8333333333333334,89.36367900014375
Q4_K_M,24,natural,1,1,True,native-test-12,1,110.88231999997333,55.47030699995048,56.107842000074015,0.0,0,315,0.6666666666666666,0.6666666666666666,111.5781490000245
BF16,24,indexed,1,0,True,native-test-13,1,92.55678899990016,40.29967599990414,45.83775099990817,0.0,0,508,0.6666666666666666,0.6666666666666666,86.1374269998123
Q4_K_M,24,natural,1,1,True,native-test-7,1,108.55220900020868,52.65272900010132,57.593311999880825,0.0,0,315,0.8333333333333334,0.8333333333333334,110.24604099998214
Q4_K_M,24,natural,4,1,True,native-test-72|native-test-73|native-test-74|native-test-75,4,238.19351799988908,184.84111000020675,185.07436200002303,0.0,0,315,0.75,0.75,369.9154720002298
Q4_K_M,24,indexed,1,1,True,native-test-94,1,130.65132599990648,48.04842400017151,49.01631300003828,0.0,0,508,0.8333333333333334,0.8333333333333334,97.06473700020979
BF16,24,natural,1,1,True,native-test-21,1,76.70013000006293,42.59108299993386,48.58633499998177,0.0,0,315,0.5,0.5,91.17741799991563
BF16,24,natural,1,0,True,native-test-46,1,76.06209699997635,41.913958999884926,49.08230099999855,0.0,0,315,0.6666666666666666,0.6666666666666666,90.99625999988348
Q4_K_M,24,natural,1,0,True,native-test-77,1,110.53434999985257,55.29698300006203,60.27047600014157,0.0,0,315,0.6666666666666666,0.6666666666666666,115.5674590002036
BF16,24,indexed,1,1,True,native-test-15,1,90.69208099981552,37.945961999866995,43.647721000070305,0.0,0,508,0.8333333333333334,0.8333333333333334,81.5936829999373
BF16,24,indexed,1,0,True,native-test-19,1,93.22230199995829,47.9930050000803,42.09713499994905,0.0,0,508,0.8333333333333334,0.8333333333333334,90.09014000002935
Q4_K_M,24,indexed,1,1,True,native-test-53,1,130.9698519999074,47.44140499997229,52.39934199994423,0.0,0,508,0.6666666666666666,0.6666666666666666,99.84074699991652
Q4_K_M,24,indexed,1,1,True,native-test-45,1,125.86945799989735,42.1880940000392,46.9213960000161,0.0,0,508,0.8333333333333334,0.8333333333333334,89.1094900000553
Q4_K_M,24,natural,1,0,True,native-test-90,1,105.35641399997075,49.8330509999505,56.882460999986506,0.0,0,315,0.8333333333333334,0.8333333333333334,106.71551199993701
Q4_K_M,24,indexed,1,1,True,native-test-20,1,127.33929500018348,44.59741200003009,44.998982999914006,0.0,0,508,1.0,1.0,89.5963949999441
Q4_K_M,24,natural,1,0,True,native-test-62,1,108.17000800011556,52.579896999986886,59.16311400005725,0.0,0,315,0.6666666666666666,0.6666666666666666,111.74301100004413
BF16,24,indexed,1,1,True,native-test-45,1,90.7103240001561,37.155785000322794,45.722476999799255,0.0,0,508,0.8333333333333334,0.8333333333333334,82.87826200012205
BF16,24,indexed,1,1,True,native-test-1,1,91.03449299982458,37.97399500035681,43.52223700016111,0.0,0,508,0.6666666666666666,0.6666666666666666,81.49623200051792
Q4_K_M,24,natural,1,1,True,native-test-66,1,111.00063599997156,51.76575599989519,51.81611200009684,0.0,0,315,0.6666666666666666,0.6666666666666666,103.58186799999203
BF16,24,indexed,1,1,True,native-test-83,1,93.61862200012183,40.636940999775106,46.20664799995211,0.0,0,508,1.0,1.0,86.84358899972722
Q4_K_M,24,natural,1,0,True,native-test-56,1,110.17101999982515,54.62958099997195,61.63300299999719,0.0,0,315,1.0,1.0,116.26258399996914
BF16,24,indexed,1,1,True,native-test-32,1,93.80856799998583,41.028133999589045,41.30528599989702,0.0,0,508,0.6666666666666666,0.6666666666666666,82.33341999948607
BF16,24,indexed,1,0,True,native-test-90,1,92.12154600027134,36.909251999986736,52.88496599996506,0.0,0,508,0.8333333333333334,0.8333333333333334,89.7942179999518
BF16,24,natural,1,0,True,native-test-5,1,75.77831000025981,51.43236799995066,43.41922399999021,0.0,0,315,1.0,1.0,94.85159199994087
Q4_K_M,24,indexed,1,0,True,native-test-1,1,127.64117100005024,50.89922199999819,45.3691790000903,0.0,0,508,0.6666666666666666,0.6666666666666666,96.26840100008849
Q4_K_M,24,natural,4,1,True,native-test-4|native-test-5|native-test-6|native-test-7,4,238.89881900004184,184.08294799996838,184.0194789999714,0.0,0,315,0.875,0.875,368.1024269999398
Q4_K_M,24,indexed,1,1,True,native-test-78,1,129.72324200018193,46.83599600002708,47.52483099991878,0.0,0,508,0.8333333333333334,0.8333333333333334,94.36082699994586
BF16,24,natural,1,0,True,native-test-58,1,78.57778600009624,44.189720999838755,51.253523000013956,0.0,0,315,0.8333333333333334,0.8333333333333334,95.44324399985271
Q4_K_M,24,natural,1,0,True,native-test-55,1,107.04999899985523,58.64635700004328,52.76892299980318,0.0,0,315,0.8333333333333334,0.8333333333333334,111.41527999984646
Q4_K_M,24,natural,1,1,True,native-test-5,1,107.33651200007444,51.73848300000827,56.30691300007129,0.0,0,315,1.0,1.0,108.04539600007956
Q4_K_M,24,indexed,1,0,True,native-test-32,1,131.4166929998919,47.524528000167265,58.966714000007414,0.0,0,508,0.6666666666666666,0.6666666666666666,106.49124200017468
Q4_K_M,24,natural,4,0,True,native-test-52|native-test-53|native-test-54|native-test-55,4,234.1674710000916,179.739839000149,181.20967899994866,0.0,0,315,0.7500000000000001,0.7500000000000001,360.94951800009767
Q4_K_M,24,indexed,1,0,True,native-test-3,1,130.89376100015215,59.32671200002915,49.71177299989904,0.0,0,508,1.0,1.0,109.03848499992819
BF16,24,indexed,1,0,True,native-test-65,1,91.45195300015985,54.21348800018677,42.30185400001574,0.0,0,508,1.0,1.0,96.51534200020251
Q4_K_M,24,natural,4,1,True,native-test-60|native-test-61|native-test-62|native-test-63,4,235.5585880000035,182.06186099996557,182.31808799987448,0.0,0,315,0.7083333333333334,0.7083333333333334,364.37994899984005
Q4_K_M,24,indexed,4,1,True,native-test-20|native-test-21|native-test-22|native-test-23,4,237.14290899988555,153.57338499984508,154.3013279999741,0.0,0,508,0.875,0.875,307.87471299981917
Q4_K_M,24,natural,4,1,True,native-test-76|native-test-77|native-test-78|native-test-79,4,236.28884700019626,182.1699609999996,182.72818800005552,0.0,0,315,0.875,0.875,364.8981490000551
Q4_K_M,24,indexed,1,1,True,native-test-55,1,127.75336699996842,44.21924299981583,48.997495000094204,0.0,0,508,1.0,1.0,93.21673799991004
BF16,24,natural,1,1,True,native-test-85,1,76.22951800021838,41.27340900004128,46.89966200021445,0.0,0,315,0.6666666666666666,0.6666666666666666,88.17307100025573
Q4_K_M,24,natural,1,0,True,native-test-0,1,109.72823199995219,51.67233200018018,67.54159999991316,0.0,0,315,0.8333333333333334,0.8333333333333334,119.21393200009334
Q4_K_M,24,natural,1,0,True,native-test-60,1,110.64115099998162,53.31189800017455,59.65614599995206,0.0,0,315,0.5,0.5,112.96804400012661
BF16,24,natural,1,0,True,native-test-22,1,77.46501600013289,42.83692899980451,50.35608299976957,0.0,0,315,0.8333333333333334,0.8333333333333334,93.19301199957408
Q4_K_M,24,indexed,1,0,True,native-test-62,1,127.89354400001685,44.780779000120674,51.17536100010511,0.0,0,508,0.8333333333333334,0.8333333333333334,95.95614000022579
Q4_K_M,24,indexed,1,0,True,native-test-12,1,131.97222600001624,47.745343000087814,58.9865459999146,0.0,0,508,0.8333333333333334,0.8333333333333334,106.73188900000241
Q4_K_M,24,indexed,4,0,True,native-test-88|native-test-89|native-test-90|native-test-91,4,237.49237199990603,153.9455800000269,156.88263099991673,0.0,0,508,0.8333333333333334,0.8333333333333334,310.8282109999436
Q4_K_M,24,natural,1,1,True,native-test-15,1,106.06878299995515,50.07602799992128,54.95360400004756,0.0,0,315,0.8333333333333334,0.8333333333333334,105.02963199996884
Q4_K_M,24,indexed,1,1,True,native-test-83,1,130.4790530000446,47.63314800015905,52.126619999853574,0.0,0,508,1.0,1.0,99.75976800001263
Q4_K_M,24,indexed,1,0,True,native-test-74,1,130.17949499999304,47.244985999896016,53.70130699998299,0.0,0,508,0.8333333333333334,0.8333333333333334,100.946292999879
BF16,24,natural,4,1,True,native-test-4|native-test-5|native-test-6|native-test-7,4,174.20118000018192,142.15879299990775,142.66021999992518,0.0,0,315,0.875,0.875,284.8190129998329
Q4_K_M,24,natural,1,1,True,native-test-53,1,111.1091990001114,55.37922799999251,60.235907000105726,0.0,0,315,0.8333333333333334,0.8333333333333334,115.61513500009823
Q4_K_M,24,natural,1,0,True,native-test-12,1,111.13407500010908,55.49448700003268,62.60024900007011,0.0,0,315,0.6666666666666666,0.6666666666666666,118.09473600010278
BF16,24,natural,1,0,True,native-test-13,1,78.27727099993353,44.452929999806656,50.16568799965171,0.0,0,315,0.8333333333333334,0.8333333333333334,94.61861799945837
Q4_K_M,24,natural,4,1,True,native-test-64|native-test-65|native-test-66|native-test-67,4,239.06576600006701,186.12684300001092,185.57773600014116,0.0,0,315,0.75,0.75,371.7045790001521
Q4_K_M,24,natural,1,1,True,native-test-36,1,111.89529900002526,54.695509000112,54.73836900000606,0.0,0,315,0.5,0.5,109.43387800011806
Q4_K_M,24,natural,4,0,True,native-test-0|native-test-1|native-test-2|native-test-3,4,248.9385090000269,180.11617599995589,180.66959999987375,0.0,0,315,0.8333333333333334,0.8333333333333334,360.78577599982964
Q4_K_M,24,indexed,4,1,True,native-test-0|native-test-1|native-test-2|native-test-3,4,237.5792579998688,155.1250729999083,155.23966899991137,0.0,0,508,0.7916666666666666,0.7916666666666666,310.36474199981967
BF16,24,indexed,1,0,True,native-test-36,1,95.32696599990231,40.652249999766354,53.33963600014613,0.0,0,508,1.0,1.0,93.99188599991248
Q4_K_M,24,natural,1,0,True,native-test-14,1,110.92663999988872,55.486942000015915,60.42184200009615,0.0,0,315,1.0,1.0,115.90878400011206
BF16,24,indexed,1,1,True,native-test-11,1,92.68054199992548,37.88431400016634,43.52574299991829,0.0,0,508,1.0,1.0,81.41005700008463
Q4_K_M,24,natural,1,1,True,native-test-91,1,108.1764599998678,52.30326099990634,57.25945199992566,0.0,0,315,0.6666666666666666,0.6666666666666666,109.562712999832
BF16,24,natural,1,1,True,native-test-53,1,78.08536399988952,44.60281599995142,50.137297000219405,0.0,0,315,0.8333333333333334,0.8333333333333334,94.74011300017082
BF16,24,indexed,1,0,True,native-test-33,1,93.57543399983115,47.78632299985475,42.2266010000385,0.0,0,508,0.6666666666666666,0.6666666666666666,90.01292399989325
Q4_K_M,24,natural,4,1,True,native-test-24|native-test-25|native-test-26|native-test-27,4,236.14013500014153,182.63237700011814,182.987520000097,0.0,0,315,0.7916666666666666,0.7916666666666666,365.61989700021513
Q4_K_M,24,natural,1,0,True,native-test-25,1,105.46860199997354,56.998292999878686,51.073300999860294,0.0,0,315,0.6666666666666666,0.6666666666666666,108.07159399973898
BF16,24,indexed,1,0,True,native-test-39,1,94.4924649998029,47.88633999987724,41.966286999922886,0.0,0,508,0.8333333333333334,0.8333333333333334,89.85262699980012
BF16,24,indexed,1,0,True,native-test-76,1,96.99805299987929,40.70994399990013,54.5605100001012,0.0,0,508,0.8333333333333334,0.8333333333333334,95.27045400000134
BF16,24,natural,1,0,True,native-test-37,1,76.70119500016881,50.668932999997196,44.2732819997218,0.0,0,315,0.6666666666666666,0.6666666666666666,94.942214999719
Q4_K_M,24,indexed,1,1,True,native-test-31,1,127.91711199997735,44.58057700003337,49.46556899994903,0.0,0,508,1.0,1.0,94.0461459999824
BF16,24,natural,1,1,True,native-test-39,1,78.81644799999776,44.87899900004777,50.2935519998573,0.0,0,315,0.8333333333333334,0.8333333333333334,95.17255099990507
BF16,24,natural,1,0,True,native-test-19,1,78.4297370000786,51.716977000069164,45.89557999997851,0.0,0,315,0.8333333333333334,0.8333333333333334,97.61255700004767
Q4_K_M,24,natural,1,1,True,native-test-33,1,110.2087770000253,55.147188000091774,60.04438100012521,0.0,0,315,0.6666666666666666,0.6666666666666666,115.19156900021699
BF16,24,indexed,1,1,True,native-test-20,1,91.095464999853,38.60136899993449,38.85711500015532,0.0,0,508,0.8333333333333334,0.8333333333333334,77.45848400008981
BF16,24,natural,1,1,True,native-test-71,1,77.1814079998876,42.20895799971913,47.89792599967768,0.0,0,315,0.6666666666666666,0.6666666666666666,90.10688399939681
BF16,24,natural,4,1,True,native-test-52|native-test-53|native-test-54|native-test-55,4,167.37937100015188,135.01069199992344,135.43884199998502,0.0,0,315,0.7500000000000001,0.7500000000000001,270.44953399990845
