precision,arm,id,repeat,request_ms,offline,field_accuracy,all_fields_correct,nll,brier,inconsistency,eligibility_correct,next_action_correct,route_correct,case_state_correct,retries_correct,urgent_correct
Q4_K_M,natural,native-test-63,0,111.65478999987499,False,0.8333333333333334,0,0.3728984799595752,0.23857469972461676,1,1,0,1,1,1,1
Q4_K_M,natural_offline_derive,native-test-63,0,,True,1.0,1,0.07401854561226313,0.012969112934886479,0,1,1,1,1,1,1
Q4_K_M,aliases,native-test-63,0,120.0756260000162,False,0.8333333333333334,0,0.68217906655542,0.33678480777895503,1,1,0,1,1,1,1
Q4_K_M,json,native-test-63,0,499.25967499984836,False,0.3333333333333333,0,,,0,0,0,0,1,1,0
Q4_K_M,indexed_derive,native-test-63,0,127.73497099988163,False,0.6666666666666666,0,0.7336796454999082,0.46416795887846835,0,1,1,0,1,0,1
Q4_K_M,natural_derive,native-test-63,0,107.92554600016047,False,1.0,1,0.10652710347701921,0.02469470243549668,0,1,1,1,1,1,1
Q4_K_M,indexed,native-test-63,0,131.13823599996977,False,0.3333333333333333,0,0.769819276135323,0.5101198413738451,1,1,0,0,1,0,0
Q4_K_M,indexed_offline_derive,native-test-63,0,,True,0.5,0,0.5981168579295877,0.36928798744913854,0,1,1,0,1,0,0
BF16,indexed_derive,native-test-46,1,89.73794700023063,False,0.8333333333333334,0,0.32355399701918636,0.15905072886946786,0,1,1,1,1,0,1
BF16,natural,native-test-46,1,77.76426999998876,False,0.6666666666666666,0,0.945467202661055,0.395368836964243,1,1,0,0,1,1,1
BF16,natural_offline_derive,native-test-46,1,,True,0.8333333333333334,0,0.7858161771682078,0.27381295929087074,0,1,1,0,1,1,1
BF16,indexed,native-test-46,1,92.27370400003565,False,1.0,1,0.31361870252791163,0.13413198259268336,0,1,1,1,1,1,1
BF16,indexed_offline_derive,native-test-46,1,,True,1.0,1,0.27173689689811265,0.1210564064717204,0,1,1,1,1,1,1
BF16,natural_derive,native-test-46,1,75.12264999968465,False,0.8333333333333334,0,0.9938414670538123,0.2760236035074225,0,1,1,0,1,1,1
BF16,json,native-test-46,1,608.8322440000411,False,1.0,1,,,0,1,1,1,1,1,1
BF16,aliases,native-test-46,1,87.7876060003473,False,1.0,1,0.11583806092454967,0.03475594175466592,0,1,1,1,1,1,1
BF16,natural,native-test-51,1,79.94485400013218,False,1.0,1,0.1584900492258063,0.07365205714009725,0,1,1,1,1,1,1
BF16,natural_offline_derive,native-test-51,1,,True,1.0,1,0.10840704909244102,0.05403885659006644,0,1,1,1,1,1,1
BF16,indexed,native-test-51,1,93.76612500000192,False,0.6666666666666666,0,0.5367103896921105,0.30410424865718844,0,1,1,0,0,1,1
BF16,indexed_offline_derive,native-test-51,1,,True,0.6666666666666666,0,0.45613993732104835,0.25831209420941015,0,1,1,0,0,1,1
BF16,json,native-test-51,1,563.1440719998864,False,1.0,1,,,0,1,1,1,1,1,1
BF16,natural_derive,native-test-51,1,76.73820999980308,False,0.8333333333333334,0,0.16065500635267585,0.10650333556815784,0,1,1,1,0,1,1
BF16,indexed_derive,native-test-51,1,90.30798899993897,False,0.6666666666666666,0,0.5089845177115017,0.30021806991238503,0,1,1,0,0,1,1
BF16,aliases,native-test-51,1,87.89983699989534,False,0.8333333333333334,0,0.47824808851619377,0.28505950062166757,0,1,1,1,0,1,1
Q4_K_M,natural,native-test-75,0,108.02582299993446,False,0.6666666666666666,0,1.618057359027804,0.6002976100532615,1,1,0,0,1,1,1
Q4_K_M,natural_offline_derive,native-test-75,0,,True,0.8333333333333334,0,1.2098974499748396,0.33121645749927525,0,1,1,0,1,1,1
Q4_K_M,json,native-test-75,0,499.4357729999592,False,0.6666666666666666,0,,,0,0,0,1,1,1,1
Q4_K_M,natural_derive,native-test-75,0,105.20350100000542,False,0.8333333333333334,0,1.340543005123692,0.3389736270421076,0,1,1,0,1,1,1
Q4_K_M,indexed,native-test-75,0,127.87898700003097,False,0.8333333333333334,0,0.3974418480640294,0.23571765749204596,1,1,0,1,1,1,1
Q4_K_M,indexed_offline_derive,native-test-75,0,,True,1.0,1,0.19787642103717806,0.08081024170054292,0,1,1,1,1,1,1
Q4_K_M,indexed_derive,native-test-75,0,123.46833300011895,False,1.0,1,0.32378968810435954,0.15081790078900167,0,1,1,1,1,1,1
Q4_K_M,aliases,native-test-75,0,116.51912399997855,False,0.6666666666666666,0,0.8515834399172707,0.4633481971415954,1,1,0,0,1,1,1
Q4_K_M,aliases,native-test-85,0,115.2344219999577,False,0.8333333333333334,0,0.43804060268478295,0.24240735230975632,0,1,1,1,0,1,1
Q4_K_M,json,native-test-85,0,496.56055100012964,False,1.0,1,,,0,1,1,1,1,1,1
Q4_K_M,indexed,native-test-85,0,127.36907999988034,False,0.8333333333333334,0,0.4181873795386677,0.21505453298077662,0,1,1,1,0,1,1
Q4_K_M,indexed_offline_derive,native-test-85,0,,True,0.8333333333333334,0,0.35807012420527373,0.18722995212715918,0,1,1,1,0,1,1
Q4_K_M,indexed_derive,native-test-85,0,122.56894500001181,False,0.8333333333333334,0,0.46178567648177643,0.23385688486309494,0,1,1,1,0,1,1
Q4_K_M,natural_derive,native-test-85,0,103.34985899999083,False,0.6666666666666666,0,1.2825675218568868,0.5040612330245976,0,1,1,0,0,1,1
Q4_K_M,natural,native-test-85,0,106.33308199999192,False,0.6666666666666666,0,1.0765474451380987,0.510336384494389,1,1,0,0,1,1,1
Q4_K_M,natural_offline_derive,native-test-85,0,,True,0.8333333333333334,0,1.0009156618807926,0.4437305947488392,0,1,1,0,1,1,1
Q4_K_M,aliases,native-test-84,1,129.70459299981485,False,1.0,1,0.20795769764939268,0.09386384862596721,0,1,1,1,1,1,1
Q4_K_M,natural_derive,native-test-84,1,110.13675899994269,False,0.8333333333333334,0,1.1482765023974224,0.3156978845959975,0,1,1,0,1,1,1
Q4_K_M,json,native-test-84,1,481.6686930000742,False,1.0,1,,,0,1,1,1,1,1,1
Q4_K_M,indexed,native-test-84,1,134.10916900011216,False,1.0,1,0.29561155418863444,0.1361285243853528,0,1,1,1,1,1,1
Q4_K_M,indexed_offline_derive,native-test-84,1,,True,1.0,1,0.26484006514484765,0.1281269303962014,0,1,1,1,1,1,1
Q4_K_M,natural,native-test-84,1,113.12711400000808,False,0.8333333333333334,0,0.7442470231211993,0.3170485064346423,0,1,1,0,1,1,1
Q4_K_M,natural_offline_derive,native-test-84,1,,True,0.8333333333333334,0,0.7352114456134576,0.31628449773770784,0,1,1,0,1,1,1
Q4_K_M,indexed_derive,native-test-84,1,129.073721000168,False,1.0,1,0.2560317842472705,0.11263492478364305,0,1,1,1,1,1,1
Q4_K_M,aliases,native-test-56,1,128.05945300010535,False,1.0,1,0.20390181856678577,0.09815694094977197,0,1,1,1,1,1,1
Q4_K_M,json,native-test-56,1,504.2753149998589,False,0.8333333333333334,0,,,0,1,1,0,1,1,1
Q4_K_M,natural,native-test-56,1,111.97809500004041,False,1.0,1,0.032370527833326286,0.0031015206849783167,0,1,1,1,1,1,1
Q4_K_M,natural_offline_derive,native-test-56,1,,True,1.0,1,0.033760437223570555,0.0031707896346741555,0,1,1,1,1,1,1
Q4_K_M,natural_derive,native-test-56,1,108.1742999999733,False,1.0,1,0.0431240389906363,0.00596799923874268,0,1,1,1,1,1,1
Q4_K_M,indexed,native-test-56,1,131.41733299994485,False,0.8333333333333334,0,0.4274560014346151,0.25299470708646427,0,1,1,0,1,1,1
Q4_K_M,indexed_offline_derive,native-test-56,1,,True,0.8333333333333334,0,0.39859510716134583,0.24385585718162525,0,1,1,0,1,1,1
Q4_K_M,indexed_derive,native-test-56,1,127.06003700009205,False,0.8333333333333334,0,0.45138096673268363,0.26527549112139015,0,1,1,0,1,1,1
BF16,json,native-test-62,0,613.2512229996792,False,1.0,1,,,0,1,1,1,1,1,1
BF16,natural,native-test-62,0,79.22648200019466,False,0.6666666666666666,0,1.476106238300811,0.49377563975076516,1,1,0,0,1,1,1
BF16,natural_offline_derive,native-test-62,0,,True,0.8333333333333334,0,1.168556407228391,0.27026507736811983,0,1,1,0,1,1,1
BF16,natural_derive,native-test-62,0,75.47568800009685,False,0.8333333333333334,0,1.4005905738639661,0.2887338179829568,0,1,1,0,1,1,1
BF16,aliases,native-test-62,0,86.95748499985712,False,0.5,0,0.8783746246893377,0.5907191661350246,0,0,0,0,1,1,1
BF16,indexed_derive,native-test-62,0,89.71543400002702,False,0.8333333333333334,0,0.43156154970904786,0.24598716298028447,0,1,1,0,1,1,1
BF16,indexed,native-test-62,0,92.98222000006717,False,1.0,1,0.40626390698232456,0.21196809691963944,0,1,1,1,1,1,1
BF16,indexed_offline_derive,native-test-62,0,,True,1.0,1,0.323289952241374,0.1532868077935352,0,1,1,1,1,1,1
Q4_K_M,json,native-test-75,1,496.9476419998955,False,0.6666666666666666,0,,,0,0,0,1,1,1,1
Q4_K_M,aliases,native-test-75,1,117.71281500000441,False,0.6666666666666666,0,0.8177537975671513,0.4640988856381251,1,1,0,0,1,1,1
Q4_K_M,natural,native-test-75,1,109.00859299999865,False,0.6666666666666666,0,1.603826534379609,0.6036906631824779,1,1,0,0,1,1,1
Q4_K_M,natural_offline_derive,native-test-75,1,,True,0.8333333333333334,0,1.2150820301637266,0.3445156469481903,0,1,1,0,1,1,1
Q4_K_M,natural_derive,native-test-75,1,105.1909790000991,False,0.8333333333333334,0,1.3445024557524319,0.3480469835648186,0,1,1,0,1,1,1
Q4_K_M,indexed_derive,native-test-75,1,123.79438300013135,False,1.0,1,0.3041573925293231,0.1390200452095547,0,1,1,1,1,1,1
Q4_K_M,indexed,native-test-75,1,127.84019600007923,False,0.8333333333333334,0,0.4066689651968011,0.24277919359423425,1,1,0,1,1,1,1
Q4_K_M,indexed_offline_derive,native-test-75,1,,True,1.0,1,0.196130394515017,0.0814039590549847,0,1,1,1,1,1,1
BF16,indexed,native-test-41,1,100.4901740002424,False,0.6666666666666666,0,0.5293153661410995,0.3138732416502001,0,1,1,1,0,0,1
BF16,indexed_offline_derive,native-test-41,1,,True,0.6666666666666666,0,0.45413278775476057,0.2684995495933184,0,1,1,1,0,0,1
BF16,json,native-test-41,1,608.4641630000078,False,1.0,1,,,0,1,1,1,1,1,1
BF16,natural,native-test-41,1,79.2778210002325,False,0.6666666666666666,0,2.035757920126576,0.6525271083831804,0,1,1,0,0,1,1
BF16,natural_offline_derive,native-test-41,1,,True,0.6666666666666666,0,2.031450625191703,0.6522418524531682,0,1,1,0,0,1,1
BF16,aliases,native-test-41,1,87.15743999982806,False,0.6666666666666666,0,0.40049222501927,0.2637382885658016,0,1,1,0,0,1,1
BF16,indexed_derive,native-test-41,1,89.40477399983138,False,0.6666666666666666,0,0.471812664746704,0.283378262224401,0,1,1,1,0,0,1
BF16,natural_derive,native-test-41,1,75.34412200038787,False,0.6666666666666666,0,2.085207505501303,0.6440300699790146,0,1,1,0,0,1,1
BF16,indexed_derive,native-test-29,0,93.32045600012862,False,0.8333333333333334,0,0.7981161968953546,0.38639027100090967,0,1,1,0,1,1,1
BF16,json,native-test-29,0,602.550089000033,False,0.8333333333333334,0,,,0,1,1,0,1,1,1
BF16,natural_derive,native-test-29,0,78.84035400002176,False,0.8333333333333334,0,1.2538038866959973,0.3379867225620297,0,1,1,1,0,1,1
BF16,aliases,native-test-29,0,89.49731900020197,False,0.6666666666666666,0,0.6412117255003268,0.37106756600991897,0,1,1,0,0,1,1
BF16,indexed,native-test-29,0,95.32181599979594,False,0.6666666666666666,0,0.799318138284019,0.4285480910728527,0,1,1,0,0,1,1
BF16,indexed_offline_derive,native-test-29,0,,True,0.6666666666666666,0,0.7293352887613912,0.38967770398942775,0,1,1,0,0,1,1
BF16,natural,native-test-29,0,80.81343200001356,False,0.8333333333333334,0,1.237870334065981,0.3738075128544099,0,1,1,1,0,1,1
BF16,natural_offline_derive,native-test-29,0,,True,0.8333333333333334,0,1.2333846027942912,0.3734361848383509,0,1,1,1,0,1,1
BF16,indexed_derive,native-test-33,0,92.49619100000928,False,0.5,0,0.7320828504844736,0.4416869611176608,0,0,0,1,1,0,1
BF16,indexed,native-test-33,0,95.61696999980995,False,0.6666666666666666,0,0.6626041813879762,0.4182155181382752,1,1,0,1,1,0,1
BF16,indexed_offline_derive,native-test-33,0,,True,0.8333333333333334,0,0.4410146313898831,0.24093221848789717,0,1,1,1,1,0,1
BF16,natural_derive,native-test-33,0,77.84928499995658,False,0.8333333333333334,0,1.3678950569939712,0.35289440806203637,0,1,1,0,1,1,1
BF16,aliases,native-test-33,0,89.17276200008928,False,0.6666666666666666,0,0.813825819078026,0.46527622142783587,1,1,0,0,1,1,1
BF16,json,native-test-33,0,614.8236520002683,False,0.6666666666666666,0,,,0,0,0,1,1,1,1
BF16,natural,native-test-33,0,81.67029700007333,False,0.6666666666666666,0,1.6334966441324006,0.5869696709448656,1,1,0,0,1,1,1
BF16,natural_offline_derive,native-test-33,0,,True,0.8333333333333334,0,1.308608350487311,0.3489063110676169,0,1,1,0,1,1,1
BF16,aliases,native-test-79,0,91.43073299992466,False,0.8333333333333334,0,0.2659131960628165,0.17798500459525954,0,1,1,0,1,1,1
BF16,natural_derive,native-test-79,0,78.54646599980697,False,0.8333333333333334,0,1.1792001799093021,0.3246572178271702,0,1,1,0,1,1,1
BF16,natural,native-test-79,0,81.46482300026037,False,0.8333333333333334,0,1.0496635326524204,0.3261706267586338,0,1,1,0,1,1,1
BF16,natural_offline_derive,native-test-79,0,,True,0.8333333333333334,0,1.0415168165291946,0.32417059668068554,0,1,1,0,1,1,1
BF16,indexed_derive,native-test-79,0,92.52667600003406,False,1.0,1,0.1134955349669839,0.02446817916279224,0,1,1,1,1,1,1
BF16,json,native-test-79,0,583.4038490002058,False,1.0,1,,,0,1,1,1,1,1,1
BF16,indexed,native-test-79,0,96.76149999995687,False,1.0,1,0.14792847984935187,0.04066049956566622,0,1,1,1,1,1,1
BF16,indexed_offline_derive,native-test-79,0,,True,1.0,1,0.12124917206793356,0.0344088268408607,0,1,1,1,1,1,1
BF16,aliases,native-test-85,0,86.42211999995197,False,1.0,1,0.38550122705508644,0.21207087134919103,0,1,1,1,1,1,1
BF16,json,native-test-85,0,565.8615150000514,False,1.0,1,,,0,1,1,1,1,1,1
BF16,indexed,native-test-85,0,93.13776499993764,False,0.8333333333333334,0,0.33449434345284706,0.1643056133165988,0,1,1,1,0,1,1
BF16,indexed_offline_derive,native-test-85,0,,True,0.8333333333333334,0,0.288121148893555,0.14682990286740719,0,1,1,1,0,1,1
BF16,indexed_derive,native-test-85,0,89.0526400003182,False,0.8333333333333334,0,0.3915002370405782,0.19100885560283176,0,1,1,1,0,1,1
BF16,natural_derive,native-test-85,0,74.84910000039235,False,0.8333333333333334,0,1.2125647489471902,0.5003982316052354,0,1,1,0,1,1,1
BF16,natural,native-test-85,0,78.80670199983797,False,0.6666666666666666,0,1.058182335107505,0.5084558372265063,1,1,0,0,1,1,1
BF16,natural_offline_derive,native-test-85,0,,True,0.8333333333333334,0,0.9582700593099717,0.4181729143006938,0,1,1,0,1,1,1
BF16,aliases,native-test-36,1,89.5647019997341,False,1.0,1,0.20707537416823266,0.09225526890699944,0,1,1,1,1,1,1
BF16,indexed,native-test-36,1,104.32399800038183,False,1.0,1,0.41043320641090425,0.2285084869487128,0,1,1,1,1,1,1
BF16,indexed_offline_derive,native-test-36,1,,True,1.0,1,0.29328618410028245,0.14747424973208065,0,1,1,1,1,1,1
BF16,natural,native-test-36,1,81.05169799955547,False,0.5,0,2.075280453793968,0.8885290977316144,1,1,0,0,0,1,1
BF16,natural_offline_derive,native-test-36,1,,True,0.6666666666666666,0,1.7671889163776315,0.6585001612409338,0,1,1,0,0,1,1
BF16,indexed_derive,native-test-36,1,91.79885499997908,False,1.0,1,0.28500881426210417,0.13834221347020784,0,1,1,1,1,1,1
BF16,json,native-test-36,1,559.8289490003481,False,0.8333333333333334,0,,,1,1,0,1,1,1,1
BF16,natural_derive,native-test-36,1,78.32208900026671,False,0.6666666666666666,0,2.0050067422904077,0.6555939321711444,0,1,1,0,0,1,1
BF16,indexed_derive,native-test-52,0,99.76915199968062,False,0.8333333333333334,0,0.5054261966021268,0.2576816418932443,0,1,1,0,1,1,1
BF16,indexed,native-test-52,0,95.666016999985,False,0.8333333333333334,0,0.539316642384837,0.28828962041265377,0,1,1,0,1,1,1
BF16,indexed_offline_derive,native-test-52,0,,True,0.8333333333333334,0,0.4942351068973281,0.2734347650320289,0,1,1,0,1,1,1
BF16,natural_derive,native-test-52,0,77.88757199978136,False,0.8333333333333334,0,1.0713714897451003,0.3531866370330441,0,1,1,1,0,1,1
BF16,json,native-test-52,0,571.9343000000663,False,0.8333333333333334,0,,,0,1,1,0,1,1,1
BF16,aliases,native-test-52,0,90.18104799997673,False,0.8333333333333334,0,0.3583519440085803,0.23517054677782,0,1,1,0,1,1,1
BF16,natural,native-test-52,0,80.05921699987084,False,0.8333333333333334,0,1.0587556843663808,0.34111510185913135,0,1,1,1,0,1,1
BF16,natural_offline_derive,native-test-52,0,,True,0.8333333333333334,0,1.042662501778144,0.3378379074012055,0,1,1,1,0,1,1
Q4_K_M,json,native-test-44,0,490.0552000001426,False,0.8333333333333334,0,,,0,1,1,0,1,1,1
Q4_K_M,natural_derive,native-test-44,0,110.69493600007263,False,0.8333333333333334,0,0.8358777215117862,0.35394019051830955,0,1,1,1,0,1,1
Q4_K_M,indexed,native-test-44,0,133.14473700006602,False,0.6666666666666666,0,0.724367930567722,0.36786545217119065,0,1,1,0,1,1,0
Q4_K_M,indexed_offline_derive,native-test-44,0,,True,0.6666666666666666,0,0.6885985872690591,0.3547745694728282,0,1,1,0,1,1,0
Q4_K_M,indexed_derive,native-test-44,0,128.8588830000208,False,0.8333333333333334,0,0.6923043413138085,0.3060920891162277,0,1,1,0,1,1,1
Q4_K_M,natural,native-test-44,0,113.19902100012769,False,0.8333333333333334,0,0.956196319441888,0.3887181438532439,0,1,1,1,0,1,1
Q4_K_M,natural_offline_derive,native-test-44,0,,True,0.8333333333333334,0,0.9442245255938141,0.3866857637997722,0,1,1,1,0,1,1
Q4_K_M,aliases,native-test-44,0,121.99319199999081,False,0.8333333333333334,0,0.6677230801288293,0.29901433560941015,0,1,1,0,1,1,1
BF16,natural,native-test-45,1,77.86264200012738,False,0.8333333333333334,0,1.0217018175336718,0.34017892700044666,0,1,1,0,1,1,1
BF16,natural_offline_derive,native-test-45,1,,True,0.8333333333333334,0,1.0021074791602003,0.33678966182761294,0,1,1,0,1,1,1
BF16,indexed_derive,native-test-45,1,88.97651699999187,False,0.8333333333333334,0,0.2760435735584949,0.14105506878905252,0,1,1,1,0,1,1
BF16,json,native-test-45,1,548.4799740002018,False,1.0,1,,,0,1,1,1,1,1,1
BF16,natural_derive,native-test-45,1,76.08712000001105,False,0.8333333333333334,0,1.1759193610023664,0.36772560172224295,0,1,1,0,1,1,1
BF16,indexed,native-test-45,1,92.98243800003547,False,0.8333333333333334,0,0.35821764144919427,0.18603595830227782,0,1,1,1,0,1,1
BF16,indexed_offline_derive,native-test-45,1,,True,0.8333333333333334,0,0.28902592420830203,0.14984847212646382,0,1,1,1,0,1,1
BF16,aliases,native-test-45,1,94.1160279999167,False,1.0,1,0.30422709746480847,0.15685494541834896,0,1,1,1,1,1,1
BF16,aliases,native-test-39,0,90.13461699987602,False,0.8333333333333334,0,0.3970749213642794,0.22532383305839332,0,1,1,1,0,1,1
BF16,natural_derive,native-test-39,0,77.86510899995847,False,0.6666666666666666,0,1.332592048756655,0.41918661742346486,0,1,1,0,0,1,1
BF16,json,native-test-39,0,560.3487130001668,False,1.0,1,,,0,1,1,1,1,1,1
BF16,natural,native-test-39,0,81.60069900031885,False,0.8333333333333334,0,1.1191593940816953,0.3753318307076254,0,1,1,0,1,1,1
BF16,natural_offline_derive,native-test-39,0,,True,0.8333333333333334,0,1.0874122848301087,0.3670004661592063,0,1,1,0,1,1,1
BF16,indexed_derive,native-test-39,0,92.88180299972737,False,0.8333333333333334,0,0.32962041518503427,0.17033565488241373,0,1,1,1,0,1,1
BF16,indexed,native-test-39,0,95.90154600027745,False,0.8333333333333334,0,0.43386561699689424,0.22975481961461697,0,1,1,1,0,1,1
BF16,indexed_offline_derive,native-test-39,0,,True,0.8333333333333334,0,0.36220070401367394,0.1925635844812972,0,1,1,1,0,1,1
Q4_K_M,indexed_derive,native-test-9,1,128.44759900008285,False,0.8333333333333334,0,0.39508478978847344,0.2162466160785639,0,1,1,0,1,1,1
Q4_K_M,indexed,native-test-9,1,132.35099500002434,False,0.8333333333333334,0,0.46393571836108327,0.252960871064018,0,1,1,0,1,1,1
Q4_K_M,indexed_offline_derive,native-test-9,1,,True,0.8333333333333334,0,0.37733308455905384,0.20309595245998815,0,1,1,0,1,1,1
Q4_K_M,natural,native-test-9,1,112.02327199998763,False,0.8333333333333334,0,0.9255880941396731,0.3990369996330172,0,1,1,1,0,1,1
Q4_K_M,natural_offline_derive,native-test-9,1,,True,0.8333333333333334,0,0.8143673884304277,0.32533512320139096,0,1,1,1,0,1,1
Q4_K_M,json,native-test-9,1,485.07213299990326,False,1.0,1,,,0,1,1,1,1,1,1
Q4_K_M,aliases,native-test-9,1,121.21007999985522,False,0.8333333333333334,0,0.34652539536834676,0.20190122431336363,1,1,0,1,1,1,1
Q4_K_M,natural_derive,native-test-9,1,108.3712120000655,False,0.8333333333333334,0,0.896728735564242,0.32699542350532207,0,1,1,1,0,1,1
Q4_K_M,aliases,native-test-39,1,120.97255799994855,False,0.8333333333333334,0,0.43654197098426734,0.2570257896345926,0,1,1,1,0,1,1
Q4_K_M,json,native-test-39,1,478.75523000016074,False,1.0,1,,,0,1,1,1,1,1,1
Q4_K_M,indexed_derive,native-test-39,1,128.15077699997346,False,0.8333333333333334,0,0.3101042641790294,0.16685582617705996,0,1,1,1,0,1,1
Q4_K_M,natural_derive,native-test-39,1,108.69987399996717,False,0.6666666666666666,0,1.506898631317829,0.5156028213298554,0,1,1,0,0,1,1
Q4_K_M,natural,native-test-39,1,112.43602999979885,False,0.6666666666666666,0,1.1907813804116396,0.41217080840164616,0,1,1,0,0,1,1
Q4_K_M,natural_offline_derive,native-test-39,1,,True,0.6666666666666666,0,1.1682709770679829,0.4075751910413608,0,1,1,0,0,1,1
Q4_K_M,indexed,native-test-39,1,131.71011299982638,False,0.8333333333333334,0,0.43349571579059104,0.2332503608878401,0,1,1,1,0,1,1
Q4_K_M,indexed_offline_derive,native-test-39,1,,True,0.8333333333333334,0,0.355569845842469,0.19224625247719387,0,1,1,1,0,1,1
BF16,aliases,native-test-8,1,89.28190400001768,False,1.0,1,0.32442964070880065,0.1781050057120873,0,1,1,1,1,1,1
BF16,natural_derive,native-test-8,1,77.16691299992817,False,0.8333333333333334,0,0.9743985452839931,0.312083789270369,0,1,1,1,0,1,1
BF16,indexed,native-test-8,1,94.73929700016015,False,0.8333333333333334,0,0.5916111242260103,0.36550158132752825,0,1,1,0,1,1,1
BF16,indexed_offline_derive,native-test-8,1,,True,0.8333333333333334,0,0.5452916538267648,0.3443835049157588,0,1,1,0,1,1,1
BF16,indexed_derive,native-test-8,1,91.3307989999339,False,0.8333333333333334,0,0.5405090402405918,0.3309038133787734,0,1,1,0,1,1,1
BF16,json,native-test-8,1,571.5860010000142,False,0.8333333333333334,0,,,0,1,1,0,1,1,1
BF16,natural,native-test-8,1,81.34297800006607,False,0.8333333333333334,0,0.9544133431075214,0.31777151492104816,0,1,1,1,0,1,1
BF16,natural_offline_derive,native-test-8,1,,True,0.8333333333333334,0,0.9540423119838048,0.31786095649115614,0,1,1,1,0,1,1
BF16,json,native-test-57,0,620.453783999892,False,0.3333333333333333,0,,,0,0,0,0,1,1,0
BF16,indexed_derive,native-test-57,0,92.4549940000361,False,0.6666666666666666,0,0.7629281230137508,0.4774919437307485,0,1,1,0,1,0,1
BF16,indexed,native-test-57,0,95.45283200031918,False,0.6666666666666666,0,0.7030249115976085,0.4405907193160556,1,1,0,0,1,1,1
BF16,indexed_offline_derive,native-test-57,0,,True,0.8333333333333334,0,0.5123697142163316,0.28392287111319553,0,1,1,0,1,1,1
BF16,natural,native-test-57,0,80.35299699986354,False,0.8333333333333334,0,0.47056313997894783,0.2862824675600329,1,1,0,1,1,1,1
BF16,natural_offline_derive,native-test-57,0,,True,1.0,1,0.14884709721500636,0.05361368090261828,0,1,1,1,1,1,1
BF16,aliases,native-test-57,0,89.4269529999292,False,0.8333333333333334,0,0.669003193332942,0.3365889743406554,1,1,0,1,1,1,1
BF16,natural_derive,native-test-57,0,77.61299999992843,False,1.0,1,0.15723514185115187,0.06400619091391163,0,1,1,1,1,1,1
BF16,natural_derive,native-test-71,0,76.62733000006483,False,0.6666666666666666,0,2.208223587777986,0.571592684639647,0,1,1,0,0,1,1
BF16,indexed_derive,native-test-71,0,90.16440699997474,False,0.8333333333333334,0,0.5823638981921285,0.32384780231008403,0,1,1,1,1,0,1
BF16,json,native-test-71,0,604.7488049998719,False,1.0,1,,,0,1,1,1,1,1,1
BF16,natural,native-test-71,0,79.19703500010655,False,0.6666666666666666,0,2.142122038482308,0.5744357674900171,0,1,1,0,0,1,1
BF16,natural_offline_derive,native-test-71,0,,True,0.6666666666666666,0,2.1364447489808094,0.573297274210686,0,1,1,0,0,1,1
BF16,aliases,native-test-71,0,87.26365499978783,False,0.8333333333333334,0,0.40921249159203393,0.22945486524119899,0,1,1,1,0,1,1
BF16,indexed,native-test-71,0,100.37718099965787,False,0.6666666666666666,0,0.6464219636448464,0.36674962651258697,0,1,1,1,0,0,1
BF16,indexed_offline_derive,native-test-71,0,,True,0.6666666666666666,0,0.5710845814852641,0.31150340869400545,0,1,1,1,0,0,1
Q4_K_M,indexed_derive,native-test-90,1,122.83131999993202,False,1.0,1,0.23029390787249673,0.09890940132007649,0,1,1,1,1,1,1
Q4_K_M,indexed,native-test-90,1,127.0968679998532,False,1.0,1,0.26334949223214743,0.11780552218479845,0,1,1,1,1,1,1
Q4_K_M,indexed_offline_derive,native-test-90,1,,True,1.0,1,0.2140616234181467,0.09876999854366347,0,1,1,1,1,1,1
Q4_K_M,json,native-test-90,1,484.67160099994544,False,1.0,1,,,0,1,1,1,1,1,1
Q4_K_M,aliases,native-test-90,1,115.93847200015261,False,1.0,1,0.19123444405347376,0.08307252050072815,0,1,1,1,1,1,1
Q4_K_M,natural_derive,native-test-90,1,103.54058600000826,False,0.8333333333333334,0,1.1062302229088237,0.31598983829234134,0,1,1,0,1,1,1
Q4_K_M,natural,native-test-90,1,107.09584799997174,False,0.8333333333333334,0,0.9277000080151668,0.3169132129776371,0,1,1,0,1,1,1
Q4_K_M,natural_offline_derive,native-test-90,1,,True,0.8333333333333334,0,0.9172484269530071,0.31589689106147184,0,1,1,0,1,1,1
BF16,natural_derive,native-test-93,0,77.78325499975836,False,1.0,1,0.09976565386690926,0.02758038906892085,0,1,1,1,1,1,1
BF16,indexed_derive,native-test-93,0,91.50099800035605,False,0.8333333333333334,0,0.5594723698432629,0.32086294510196184,0,1,1,0,1,1,1
BF16,indexed,native-test-93,0,94.9432990000787,False,0.6666666666666666,0,0.6243052596279719,0.3937338349506197,1,1,0,0,1,1,1
BF16,indexed_offline_derive,native-test-93,0,,True,0.8333333333333334,0,0.40991889281794164,0.2242312878996812,0,1,1,0,1,1,1
BF16,aliases,native-test-93,0,89.12900099994658,False,0.8333333333333334,0,0.6389249545554168,0.32793400046632565,1,1,0,1,1,1,1
BF16,natural,native-test-93,0,79.97010200006116,False,0.8333333333333334,0,0.40200518125986884,0.25092931911729854,1,1,0,1,1,1,1
BF16,natural_offline_derive,native-test-93,0,,True,1.0,1,0.08039560975140124,0.017576022910761036,0,1,1,1,1,1,1
BF16,json,native-test-93,0,610.3258319999441,False,0.5,0,,,0,0,0,0,1,1,1
Q4_K_M,aliases,native-test-36,1,120.68113000009362,False,0.8333333333333334,0,0.2749666788121697,0.15613652529517494,0,1,1,0,1,1,1
Q4_K_M,indexed,native-test-36,1,139.3011600000591,False,1.0,1,0.38041036247972676,0.20510684631687112,0,1,1,1,1,1,1
Q4_K_M,indexed_offline_derive,native-test-36,1,,True,1.0,1,0.2740272803923386,0.13534207870665413,0,1,1,1,1,1,1
Q4_K_M,natural,native-test-36,1,111.15658600010647,False,0.5,0,1.8694457417850687,0.8762197526809598,1,1,0,0,0,1,1
Q4_K_M,natural_offline_derive,native-test-36,1,,True,0.6666666666666666,0,1.5614803513718496,0.6440717908822852,0,1,1,0,0,1,1
Q4_K_M,indexed_derive,native-test-36,1,127.07016700005624,False,1.0,1,0.2327586535850549,0.09927819365414066,0,1,1,1,1,1,1
Q4_K_M,json,native-test-36,1,483.71052899983624,False,0.8333333333333334,0,,,1,1,0,1,1,1,1
Q4_K_M,natural_derive,native-test-36,1,108.63729800007604,False,0.6666666666666666,0,1.8521665798942655,0.6425831564340739,0,1,1,0,0,1,1
BF16,indexed_derive,native-test-72,1,92.28649800024868,False,0.8333333333333334,0,0.3807380388222504,0.2207803154272023,0,1,1,0,1,1,1
BF16,natural,native-test-72,1,80.46559699960198,False,0.6666666666666666,0,1.098070071771397,0.4788544906692079,1,1,0,1,0,1,1
BF16,natural_offline_derive,native-test-72,1,,True,0.8333333333333334,0,0.8958853936117245,0.32446168100750933,0,1,1,1,0,1,1
BF16,indexed,native-test-72,1,95.06905399985044,False,0.8333333333333334,0,0.3708508214399002,0.19892925038315867,0,1,1,0,1,1,1
BF16,indexed_offline_derive,native-test-72,1,,True,0.8333333333333334,0,0.30781487097831134,0.168955856792362,0,1,1,0,1,1,1
BF16,natural_derive,native-test-72,1,77.20391900011236,False,0.8333333333333334,0,0.9521214246141269,0.3273092742537727,0,1,1,1,0,1,1
BF16,json,native-test-72,1,558.199804999731,False,1.0,1,,,0,1,1,1,1,1,1
BF16,aliases,native-test-72,1,90.0150269999358,False,0.8333333333333334,0,0.32283439277536247,0.21303243534303115,0,1,1,0,1,1,1
Q4_K_M,natural_derive,native-test-18,0,107.85660999999891,False,1.0,1,0.03801669797104706,0.005003667204384744,0,1,1,1,1,1,1
Q4_K_M,json,native-test-18,0,488.9086359999055,False,1.0,1,,,0,1,1,1,1,1,1
Q4_K_M,aliases,native-test-18,0,120.49168600015037,False,1.0,1,0.25606855419334956,0.11389331092049948,0,1,1,1,1,1,1
Q4_K_M,indexed,native-test-18,0,131.61614399996324,False,0.8333333333333334,0,0.3804217601526463,0.1872250684344264,0,1,1,0,1,1,1
Q4_K_M,indexed_offline_derive,native-test-18,0,,True,0.8333333333333334,0,0.3343282723627176,0.17082689838089848,0,1,1,0,1,1,1
Q4_K_M,natural,native-test-18,0,111.52348599989637,False,1.0,1,0.06893887423549293,0.010137343289545771,0,1,1,1,1,1,1
Q4_K_M,natural_offline_derive,native-test-18,0,,True,1.0,1,0.051042789027407005,0.007322612863906813,0,1,1,1,1,1,1
Q4_K_M,indexed_derive,native-test-18,0,126.98348100002477,False,0.8333333333333334,0,0.41845210361166907,0.23101003747373436,0,1,1,0,1,1,1
BF16,natural_derive,native-test-32,0,77.51203899988468,False,1.0,1,0.038350279699125994,0.004062334662743797,0,1,1,1,1,1,1
BF16,indexed_derive,native-test-32,0,91.53620899996895,False,0.6666666666666666,0,0.6294856324485371,0.4016485213720356,0,1,1,0,1,0,1
BF16,aliases,native-test-32,0,89.07748299998275,False,1.0,1,0.23025493795781538,0.11675966011069111,0,1,1,1,1,1,1
BF16,json,native-test-32,0,575.5409089997556,False,1.0,1,,,0,1,1,1,1,1,1
BF16,indexed,native-test-32,0,95.70610399987345,False,0.6666666666666666,0,0.5737984617557284,0.36577296910495916,0,1,1,0,1,0,1
BF16,indexed_offline_derive,native-test-32,0,,True,0.6666666666666666,0,0.5476259571242915,0.35899512736661654,0,1,1,0,1,0,1
BF16,natural,native-test-32,0,80.34859300005337,False,1.0,1,0.05255598568002231,0.0081912129104618,0,1,1,1,1,1,1
BF16,natural_offline_derive,native-test-32,0,,True,1.0,1,0.05409161322892814,0.00825747119506984,0,1,1,1,1,1,1
Q4_K_M,natural,native-test-56,0,111.1292200000662,False,1.0,1,0.028432902157967,0.0022252424279376867,0,1,1,1,1,1,1
Q4_K_M,natural_offline_derive,native-test-56,0,,True,1.0,1,0.03010491011986462,0.002303295445728046,0,1,1,1,1,1,1
Q4_K_M,natural_derive,native-test-56,0,107.58089199998722,False,1.0,1,0.04339703033424457,0.00631701927850173,0,1,1,1,1,1,1
Q4_K_M,aliases,native-test-56,0,119.48071799997706,False,1.0,1,0.1931031805607112,0.08923397189532252,0,1,1,1,1,1,1
Q4_K_M,indexed,native-test-56,0,138.0826839999827,False,0.8333333333333334,0,0.4437218846903437,0.2694651072902529,0,1,1,0,1,1,1
Q4_K_M,indexed_offline_derive,native-test-56,0,,True,0.8333333333333334,0,0.4171783776739626,0.2615813484690765,0,1,1,0,1,1,1
Q4_K_M,json,native-test-56,0,500.90225100007046,False,1.0,1,,,0,1,1,1,1,1,1
Q4_K_M,indexed_derive,native-test-56,0,126.92773999992824,False,0.8333333333333334,0,0.4606682442777101,0.2699450674341968,0,1,1,0,1,1,1
Q4_K_M,natural_derive,native-test-90,0,102.76501299995289,False,0.8333333333333334,0,1.1206778670526714,0.31435525474065057,0,1,1,0,1,1,1
Q4_K_M,indexed,native-test-90,0,125.73641900007715,False,1.0,1,0.26748775954089127,0.11905704689434504,0,1,1,1,1,1,1
Q4_K_M,indexed_offline_derive,native-test-90,0,,True,1.0,1,0.2193146314744151,0.10105707853996145,0,1,1,1,1,1,1
Q4_K_M,aliases,native-test-90,0,114.57002499992086,False,1.0,1,0.2009037171055658,0.08823521954314108,0,1,1,1,1,1,1
Q4_K_M,json,native-test-90,0,477.85765300000094,False,1.0,1,,,0,1,1,1,1,1,1
Q4_K_M,indexed_derive,native-test-90,0,122.67723800005115,False,1.0,1,0.22495284709188978,0.0958834683635467,0,1,1,1,1,1,1
Q4_K_M,natural,native-test-90,0,106.32034900004328,False,0.8333333333333334,0,0.9277000080151668,0.3169132129776371,0,1,1,0,1,1,1
Q4_K_M,natural_offline_derive,native-test-90,0,,True,0.8333333333333334,0,0.9172484269530071,0.31589689106147184,0,1,1,0,1,1,1
BF16,indexed_derive,native-test-31,0,90.32569600003626,False,0.8333333333333334,0,0.46183825314333554,0.22937683381813004,0,1,1,1,1,0,1
BF16,json,native-test-31,0,616.3936769999054,False,1.0,1,,,0,1,1,1,1,1,1
BF16,aliases,native-test-31,0,88.49356499968053,False,0.6666666666666666,0,0.7945693410667692,0.46609935825711735,1,0,1,0,1,1,1
BF16,natural_derive,native-test-31,0,77.038033000008,False,0.8333333333333334,0,1.4541188268384138,0.4616807236503466,0,1,1,0,1,1,1
BF16,indexed,native-test-31,0,96.02520500038736,False,0.8333333333333334,0,0.5368227997779873,0.3121252453679831,1,0,1,1,1,1,1
BF16,indexed_offline_derive,native-test-31,0,,True,0.6666666666666666,0,0.677619893685415,0.4394393308198197,0,0,0,1,1,1,1
BF16,natural,native-test-31,0,79.74769000020387,False,0.8333333333333334,0,1.3100801413018612,0.4041653227596511,0,1,1,0,1,1,1
BF16,natural_offline_derive,native-test-31,0,,True,0.8333333333333334,0,1.409431817512336,0.4750027731234084,0,1,1,0,1,1,1
BF16,indexed_derive,native-test-19,0,93.245632000162,False,0.8333333333333334,0,0.548693597356285,0.2834483732911862,0,1,1,0,1,1,1
BF16,aliases,native-test-19,0,90.05280999963361,False,0.6666666666666666,0,0.4242169130671222,0.2913522813205692,0,1,1,0,0,1,1
BF16,natural,native-test-19,0,80.956014000094,False,0.8333333333333334,0,1.0330671361176635,0.3494125488213676,0,1,1,1,0,1,1
BF16,natural_offline_derive,native-test-19,0,,True,0.8333333333333334,0,1.0076151865371086,0.3384359663228517,0,1,1,1,0,1,1
BF16,indexed,native-test-19,0,95.76950900009251,False,0.8333333333333334,0,0.5853373764553035,0.32694871097532946,0,1,1,0,1,1,1
BF16,indexed_offline_derive,native-test-19,0,,True,0.8333333333333334,0,0.5335874092266181,0.30639954718612045,0,1,1,0,1,1,1
BF16,json,native-test-19,0,582.148719000088,False,1.0,1,,,0,1,1,1,1,1,1
BF16,natural_derive,native-test-19,0,78.5481749999235,False,0.8333333333333334,0,1.1639854216391874,0.3509071972297931,0,1,1,1,0,1,1
BF16,json,native-test-18,1,564.4112089998998,False,1.0,1,,,0,1,1,1,1,1,1
BF16,natural_derive,native-test-18,1,77.80339999999342,False,1.0,1,0.031196341821270273,0.0028558461544163365,0,1,1,1,1,1,1
BF16,natural,native-test-18,1,80.11140500002512,False,1.0,1,0.05785959600311354,0.007313893641988071,0,1,1,1,1,1,1
BF16,natural_offline_derive,native-test-18,1,,True,1.0,1,0.03758732877810238,0.0038730926548525787,0,1,1,1,1,1,1
BF16,indexed,native-test-18,1,94.64456500018059,False,0.8333333333333334,0,0.45373393148775865,0.23545352498289188,0,1,1,0,1,1,1
BF16,indexed_offline_derive,native-test-18,1,,True,0.8333333333333334,0,0.4073206194521082,0.21856574166040102,0,1,1,0,1,1,1
BF16,indexed_derive,native-test-18,1,91.66045900019526,False,0.8333333333333334,0,0.5099766772575401,0.29454864599575487,0,1,1,0,1,1,1
BF16,aliases,native-test-18,1,88.5210520000328,False,0.8333333333333334,0,0.31891447789390504,0.15417676588957988,0,1,1,0,1,1,1
Q4_K_M,indexed,native-test-41,1,138.15462800016576,False,0.6666666666666666,0,0.5445429333101147,0.3375718110622346,0,1,1,1,0,0,1
Q4_K_M,indexed_offline_derive,native-test-41,1,,True,0.6666666666666666,0,0.4869746661463776,0.30600658057721014,0,1,1,1,0,0,1
Q4_K_M,json,native-test-41,1,494.90862500010735,False,1.0,1,,,0,1,1,1,1,1,1
Q4_K_M,natural,native-test-41,1,109.11983599999076,False,0.6666666666666666,0,1.9990416579217085,0.6543468793961131,0,1,1,0,0,1,1
Q4_K_M,natural_offline_derive,native-test-41,1,,True,0.6666666666666666,0,1.989918800174982,0.6533320392440513,0,1,1,0,0,1,1
Q4_K_M,aliases,native-test-41,1,117.45820900000581,False,0.6666666666666666,0,0.4491900849497137,0.3059649821947499,0,1,1,0,0,1,1
Q4_K_M,indexed_derive,native-test-41,1,124.02504199985742,False,0.6666666666666666,0,0.457639563916659,0.279635114557448,0,1,1,1,0,0,1
Q4_K_M,natural_derive,native-test-41,1,105.13533099992856,False,0.6666666666666666,0,1.962067661197689,0.6355012037598642,0,1,1,0,0,1,1
Q4_K_M,natural_derive,native-test-13,0,108.74648300000445,False,0.8333333333333334,0,0.292807232097915,0.18965453225754716,0,1,1,0,1,1,1
Q4_K_M,natural,native-test-13,0,111.25292599990644,False,0.8333333333333334,0,0.2807122870271285,0.17362600361475644,0,1,1,0,1,1,1
Q4_K_M,natural_offline_derive,native-test-13,0,,True,0.8333333333333334,0,0.2777817285004169,0.17202760396874794,0,1,1,0,1,1,1
Q4_K_M,aliases,native-test-13,0,120.11778900000536,False,0.8333333333333334,0,0.5095030589298017,0.22471968143528473,0,1,1,0,1,1,1
Q4_K_M,indexed_derive,native-test-13,0,126.88580300005015,False,0.6666666666666666,0,0.7015966146571201,0.3331990112344491,0,1,1,0,1,1,0
Q4_K_M,json,native-test-13,0,502.8066860002127,False,1.0,1,,,0,1,1,1,1,1,1
Q4_K_M,indexed,native-test-13,0,131.9142390000252,False,0.6666666666666666,0,0.6477443394716876,0.3446568781337076,0,1,1,0,1,1,0
Q4_K_M,indexed_offline_derive,native-test-13,0,,True,0.6666666666666666,0,0.6005213758678974,0.32855951611477546,0,1,1,0,1,1,0
BF16,json,native-test-59,1,615.3789370000595,False,0.8333333333333334,0,,,0,1,1,0,1,1,1
BF16,indexed_derive,native-test-59,1,93.48142600038045,False,0.8333333333333334,0,0.7391609572739931,0.32223832797130303,0,1,1,0,1,1,1
BF16,aliases,native-test-59,1,90.16322600018611,False,0.5,0,0.8983964364945455,0.5271953453988146,0,0,0,0,1,1,1
BF16,natural_derive,native-test-59,1,78.0976239998381,False,0.8333333333333334,0,0.23418893774323016,0.1702150135628204,0,1,1,0,1,1,1
BF16,natural,native-test-59,1,81.08096900014061,False,0.6666666666666666,0,0.3575876562092694,0.2491188270322494,1,1,0,0,1,1,1
BF16,natural_offline_derive,native-test-59,1,,True,0.8333333333333334,0,0.23778524946666513,0.16090552977073708,0,1,1,0,1,1,1
BF16,indexed,native-test-59,1,95.63762200014025,False,0.6666666666666666,0,0.7823126342631715,0.41117119405140573,0,1,1,0,1,1,0
BF16,indexed_offline_derive,native-test-59,1,,True,0.6666666666666666,0,0.6676615897157193,0.33040954954887664,0,1,1,0,1,1,0
BF16,natural,native-test-3,0,88.58348399962779,False,0.8333333333333334,0,0.980579287677915,0.38105068376587675,0,1,1,1,0,1,1
BF16,natural_offline_derive,native-test-3,0,,True,0.8333333333333334,0,0.8925849363252599,0.32825103992597987,0,1,1,1,0,1,1
BF16,aliases,native-test-3,0,90.28689400020085,False,0.8333333333333334,0,0.3687456990676082,0.2431470631223508,0,1,1,0,1,1,1
BF16,json,native-test-3,0,566.0987899996144,False,1.0,1,,,0,1,1,1,1,1,1
BF16,natural_derive,native-test-3,0,78.28024299988101,False,0.8333333333333334,0,0.9887813221887848,0.32916130605108845,0,1,1,1,0,1,1
BF16,indexed,native-test-3,0,95.26910899967334,False,1.0,1,0.443054175995621,0.23152601387435756,0,1,1,1,1,1,1
BF16,indexed_offline_derive,native-test-3,0,,True,1.0,1,0.3864192330391427,0.20578112396418002,0,1,1,1,1,1,1
BF16,indexed_derive,native-test-3,0,91.8604079997749,False,0.8333333333333334,0,0.5395060990271477,0.3192791466154595,0,1,1,0,1,1,1
BF16,indexed,native-test-89,1,103.12208900040787,False,0.8333333333333334,0,0.4555118875730888,0.24681228259030155,0,1,1,1,0,1,1
BF16,indexed_offline_derive,native-test-89,1,,True,0.8333333333333334,0,0.36481349181395256,0.17703883517682417,0,1,1,1,0,1,1
BF16,json,native-test-89,1,610.8469559999321,False,1.0,1,,,0,1,1,1,1,1,1
BF16,natural_derive,native-test-89,1,78.43460200001573,False,0.6666666666666666,0,2.0010880511918607,0.6396436516109851,0,1,1,0,0,1,1
BF16,indexed_derive,native-test-89,1,91.80199000002176,False,1.0,1,0.37616324387112016,0.186206763316858,0,1,1,1,1,1,1
BF16,aliases,native-test-89,1,88.89135600020381,False,0.5,0,0.4453634553492191,0.2974996296327232,1,0,1,0,0,1,1
BF16,natural,native-test-89,1,80.18125200032955,False,0.6666666666666666,0,1.9504198782879822,0.6558789198388484,0,1,1,0,0,1,1
BF16,natural_offline_derive,native-test-89,1,,True,0.6666666666666666,0,1.9327647537576536,0.6514860740286416,0,1,1,0,0,1,1
Q4_K_M,indexed_derive,native-test-66,0,123.74357500016231,False,0.8333333333333334,0,0.3895861680448592,0.21979739249930655,0,1,1,0,1,1,1
Q4_K_M,json,native-test-66,0,481.17052799989324,False,1.0,1,,,0,1,1,1,1,1,1
Q4_K_M,natural_derive,native-test-66,0,105.58224200008226,False,0.8333333333333334,0,0.5375439690796315,0.3035373720562589,0,1,1,1,0,1,1
Q4_K_M,aliases,native-test-66,0,116.8868710001334,False,0.8333333333333334,0,0.32349025796296044,0.21986596900322086,0,1,1,0,1,1,1
Q4_K_M,indexed,native-test-66,0,135.23326800009272,False,0.8333333333333334,0,0.4358169678843007,0.23203519572050604,0,1,1,0,1,1,1
Q4_K_M,indexed_offline_derive,native-test-66,0,,True,0.8333333333333334,0,0.349654333479487,0.18178691852418752,0,1,1,0,1,1,1
Q4_K_M,natural,native-test-66,0,108.23085099991658,False,0.6666666666666666,0,0.6883844430104965,0.4623674243627771,1,1,0,1,0,1,1
Q4_K_M,natural_offline_derive,native-test-66,0,,True,0.8333333333333334,0,0.4631336651376539,0.2870198496784195,0,1,1,1,0,1,1
BF16,aliases,native-test-81,0,87.25702399988222,False,0.8333333333333334,0,0.3478081119951805,0.21573550913307962,1,1,0,1,1,1,1
BF16,natural_derive,native-test-81,0,75.30659000030937,False,0.6666666666666666,0,2.1909968265567366,0.6471661684288431,0,1,1,0,0,1,1
BF16,indexed_derive,native-test-81,0,90.38677100033965,False,1.0,1,0.20004321170977102,0.07783909092380954,0,1,1,1,1,1,1
BF16,json,native-test-81,0,550.3452580001067,False,1.0,1,,,0,1,1,1,1,1,1
BF16,natural,native-test-81,0,79.46166000010635,False,0.5,0,2.328985043199022,0.8078432979984554,1,1,0,0,0,1,1
BF16,natural_offline_derive,native-test-81,0,,True,0.6666666666666666,0,2.1249129517603373,0.6510552625059164,0,1,1,0,0,1,1
BF16,indexed,native-test-81,0,93.77639400008775,False,0.8333333333333334,0,0.3620150485665019,0.196859878053088,1,1,0,1,1,1,1
BF16,indexed_offline_derive,native-test-81,0,,True,1.0,1,0.2350108353366311,0.10453593785001908,0,1,1,1,1,1,1
Q4_K_M,aliases,native-test-6,1,116.89105799996469,False,0.8333333333333334,0,0.23616798911807368,0.15397529422879574,0,1,1,0,1,1,1
Q4_K_M,json,native-test-6,1,483.03157200007263,False,1.0,1,,,0,1,1,1,1,1,1
Q4_K_M,indexed_derive,native-test-6,1,124.23596700000417,False,0.8333333333333334,0,0.3711459602861225,0.22325066380244651,0,1,1,0,1,1,1
Q4_K_M,natural_derive,native-test-6,1,104.415863000213,False,1.0,1,0.030442056326061197,0.004534988905634992,0,1,1,1,1,1,1
Q4_K_M,natural,native-test-6,1,107.49797900007252,False,1.0,1,0.03366229754857264,0.002974406996928662,0,1,1,1,1,1,1
Q4_K_M,natural_offline_derive,native-test-6,1,,True,1.0,1,0.028033138487246298,0.0026889439076966093,0,1,1,1,1,1,1
Q4_K_M,indexed,native-test-6,1,127.78573500008861,False,1.0,1,0.29766288088089987,0.1550939370881265,0,1,1,1,1,1,1
Q4_K_M,indexed_offline_derive,native-test-6,1,,True,1.0,1,0.28756425855367285,0.1541302594832232,0,1,1,1,1,1,1
Q4_K_M,indexed_derive,native-test-22,0,125.05419299986897,False,1.0,1,0.11181640406262165,0.023120615938688638,0,1,1,1,1,1,1
Q4_K_M,json,native-test-22,0,494.9712840000302,False,1.0,1,,,0,1,1,1,1,1,1
Q4_K_M,natural,native-test-22,0,109.7397789999377,False,0.8333333333333334,0,0.9685168009599282,0.3372232319627133,0,1,1,0,1,1,1
Q4_K_M,natural_offline_derive,native-test-22,0,,True,0.8333333333333334,0,0.9784987253872646,0.34284426566932286,0,1,1,0,1,1,1
Q4_K_M,indexed,native-test-22,0,128.46724699988954,False,1.0,1,0.17090655233662563,0.058433010134957,0,1,1,1,1,1,1
Q4_K_M,indexed_offline_derive,native-test-22,0,,True,1.0,1,0.128778717182275,0.04221366525488914,0,1,1,1,1,1,1
Q4_K_M,aliases,native-test-22,0,124.9693950001074,False,0.8333333333333334,0,0.26956960014557324,0.18812626995857562,0,1,1,0,1,1,1
Q4_K_M,natural_derive,native-test-22,0,105.6897849998677,False,0.8333333333333334,0,1.1187081981152704,0.32950717402509566,0,1,1,0,1,1,1
BF16,indexed,native-test-44,1,97.09849799992298,False,0.8333333333333334,0,0.6619605150904738,0.3184904526322106,0,1,1,0,1,1,1
BF16,indexed_offline_derive,native-test-44,1,,True,0.8333333333333334,0,0.624494340495665,0.3055654992595693,0,1,1,0,1,1,1
BF16,natural_derive,native-test-44,1,79.2178149999927,False,0.8333333333333334,0,1.0744494742017574,0.3296477051598376,0,1,1,1,0,1,1
BF16,natural,native-test-44,1,81.9096130003345,False,0.8333333333333334,0,1.0888082923616198,0.33700362190200567,0,1,1,1,0,1,1
BF16,natural_offline_derive,native-test-44,1,,True,0.8333333333333334,0,1.081762152634607,0.33623953797189304,0,1,1,1,0,1,1
BF16,indexed_derive,native-test-44,1,92.73585099981574,False,0.8333333333333334,0,0.6519945363432773,0.29508503413237436,0,1,1,0,1,1,1
BF16,json,native-test-44,1,605.6342090000726,False,0.8333333333333334,0,,,0,1,1,0,1,1,1
BF16,aliases,native-test-44,1,94.04358799974943,False,0.8333333333333334,0,0.6263611832043388,0.3258488479718454,0,1,1,0,1,1,1
Q4_K_M,indexed_derive,native-test-22,1,124.68958800013752,False,1.0,1,0.1160993104957657,0.02492818310750383,0,1,1,1,1,1,1
Q4_K_M,json,native-test-22,1,497.1507330001259,False,1.0,1,,,0,1,1,1,1,1,1
Q4_K_M,aliases,native-test-22,1,118.49091099998077,False,0.8333333333333334,0,0.24745617582340604,0.17558969002430957,0,1,1,0,1,1,1
Q4_K_M,indexed,native-test-22,1,136.740379999992,False,1.0,1,0.1695934610832663,0.055902700203394225,0,1,1,1,1,1,1
Q4_K_M,indexed_offline_derive,native-test-22,1,,True,1.0,1,0.1295211827709999,0.04021782963290214,0,1,1,1,1,1,1
Q4_K_M,natural,native-test-22,1,109.21711900004993,False,0.8333333333333334,0,0.9351409073753755,0.3355252586953354,0,1,1,0,1,1,1
Q4_K_M,natural_offline_derive,native-test-22,1,,True,0.8333333333333334,0,0.9374331746002583,0.3375056816999762,0,1,1,0,1,1,1
Q4_K_M,natural_derive,native-test-22,1,105.33785899997383,False,0.8333333333333334,0,1.10982712644247,0.33429415479334973,0,1,1,0,1,1,1
Q4_K_M,indexed,native-test-46,0,126.46897599984186,False,1.0,1,0.360249712778632,0.16393002957852576,0,1,1,1,1,1,1
Q4_K_M,indexed_offline_derive,native-test-46,0,,True,1.0,1,0.3188862488039694,0.150515057810503,0,1,1,1,1,1,1
Q4_K_M,json,native-test-46,0,513.4903579998991,False,1.0,1,,,0,1,1,1,1,1,1
Q4_K_M,natural_derive,native-test-46,0,107.95364599994173,False,0.8333333333333334,0,1.2241440602970297,0.2969871878814407,0,1,1,0,1,1,1
Q4_K_M,aliases,native-test-46,0,116.76980499987621,False,1.0,1,0.17602558229286633,0.061454375975191246,0,1,1,1,1,1,1
Q4_K_M,natural,native-test-46,0,108.75681099992107,False,0.6666666666666666,0,1.0453131044570296,0.3911299656289315,1,1,0,0,1,1,1
Q4_K_M,natural_offline_derive,native-test-46,0,,True,0.8333333333333334,0,0.8788082419272966,0.26341281848651743,0,1,1,0,1,1,1
Q4_K_M,indexed_derive,native-test-46,0,125.82248900002924,False,1.0,1,0.35267226376797095,0.17496916480617739,0,1,1,1,1,1,1
Q4_K_M,indexed_derive,native-test-61,0,124.2201519999071,False,0.5,0,0.794759448038378,0.5374287595854225,0,1,1,0,1,0,0
Q4_K_M,aliases,native-test-61,0,117.12982399990324,False,0.8333333333333334,0,0.3446453916549393,0.209190294849375,0,1,1,1,0,1,1
Q4_K_M,natural_derive,native-test-61,0,105.13047899985395,False,0.8333333333333334,0,1.3901696616699113,0.3561943850350417,0,1,1,1,0,1,1
Q4_K_M,json,native-test-61,0,487.4906479999481,False,0.8333333333333334,0,,,0,1,1,0,1,1,1
Q4_K_M,natural,native-test-61,0,109.19469899999967,False,0.8333333333333334,0,1.3762725164461438,0.3786459657829837,0,1,1,1,0,1,1
Q4_K_M,natural_offline_derive,native-test-61,0,,True,0.8333333333333334,0,1.3614548928357582,0.37168908237558695,0,1,1,1,0,1,1
Q4_K_M,indexed,native-test-61,0,128.6968770000385,False,0.3333333333333333,0,0.7312157495051578,0.5029319577980556,0,1,1,0,0,0,0
Q4_K_M,indexed_offline_derive,native-test-61,0,,True,0.3333333333333333,0,0.688942410545041,0.487716873004264,0,1,1,0,0,0,0
Q4_K_M,json,native-test-6,0,483.82663699999284,False,1.0,1,,,0,1,1,1,1,1,1
Q4_K_M,natural_derive,native-test-6,0,105.48572300012893,False,1.0,1,0.03204172310934727,0.004669961827701192,0,1,1,1,1,1,1
Q4_K_M,indexed,native-test-6,0,128.15254799988907,False,1.0,1,0.28045217142033546,0.1474199602654406,0,1,1,1,1,1,1
Q4_K_M,indexed_offline_derive,native-test-6,0,,True,1.0,1,0.270321198021052,0.14645845248958356,0,1,1,1,1,1,1
Q4_K_M,indexed_derive,native-test-6,0,123.6242999998467,False,0.8333333333333334,0,0.4026119998228612,0.24864930978270547,0,1,1,0,1,1,1
Q4_K_M,aliases,native-test-6,0,117.04087300017818,False,0.8333333333333334,0,0.2564627873831948,0.1734698323117094,0,1,1,0,1,1,1
Q4_K_M,natural,native-test-6,0,107.94735400008904,False,1.0,1,0.03208137384496861,0.002794270979456031,0,1,1,1,1,1,1
Q4_K_M,natural_offline_derive,native-test-6,0,,True,1.0,1,0.027198877338976423,0.0025797847600759804,0,1,1,1,1,1,1
Q4_K_M,aliases,native-test-39,0,120.65995600005408,False,0.8333333333333334,0,0.44016454834141183,0.2602946525874608,0,1,1,1,0,1,1
Q4_K_M,natural_derive,native-test-39,0,108.26188999999431,False,0.6666666666666666,0,1.4739049728484204,0.5212324453339849,0,1,1,0,0,1,1
Q4_K_M,json,native-test-39,0,475.9434819998205,False,1.0,1,,,0,1,1,1,1,1,1
Q4_K_M,natural,native-test-39,0,112.31828100017083,False,0.6666666666666666,0,1.1144750973338886,0.40648190888334185,0,1,1,0,0,1,1
Q4_K_M,natural_offline_derive,native-test-39,0,,True,0.6666666666666666,0,1.0844349615620792,0.39857963795880375,0,1,1,0,0,1,1
Q4_K_M,indexed_derive,native-test-39,0,128.04829499987136,False,0.8333333333333334,0,0.31607605702304203,0.16823524767290546,0,1,1,1,0,1,1
Q4_K_M,indexed,native-test-39,0,131.8359629999577,False,0.8333333333333334,0,0.4253011690180278,0.22631144021718755,0,1,1,1,0,1,1
Q4_K_M,indexed_offline_derive,native-test-39,0,,True,0.8333333333333334,0,0.36280869543236793,0.19730120435266962,0,1,1,1,0,1,1
Q4_K_M,indexed_derive,native-test-73,0,127.8598950000287,False,0.6666666666666666,0,0.6217537161774475,0.3235434337158561,0,1,1,0,0,1,1
Q4_K_M,natural_derive,native-test-73,0,108.73407999997653,False,0.8333333333333334,0,0.8934387237930275,0.3575743539619613,0,1,1,1,0,1,1
Q4_K_M,indexed,native-test-73,0,131.83486599996286,False,0.5,0,0.7163386402062765,0.43431029569050944,0,1,1,0,0,1,0
Q4_K_M,indexed_offline_derive,native-test-73,0,,True,0.5,0,0.6615824483050845,0.4128651936564312,0,1,1,0,0,1,0
Q4_K_M,natural,native-test-73,0,111.39359699996021,False,0.8333333333333334,0,0.8608430570117882,0.3592526516748866,0,1,1,1,0,1,1
Q4_K_M,natural_offline_derive,native-test-73,0,,True,0.8333333333333334,0,0.8385138831895037,0.35076370152633496,0,1,1,1,0,1,1
Q4_K_M,json,native-test-73,0,502.4642439998388,False,1.0,1,,,0,1,1,1,1,1,1
Q4_K_M,aliases,native-test-73,0,121.13575900002616,False,0.6666666666666666,0,0.4733962628748143,0.29628056142907994,0,1,1,0,0,1,1
Q4_K_M,json,native-test-66,1,486.55808800003797,False,1.0,1,,,0,1,1,1,1,1,1
Q4_K_M,natural_derive,native-test-66,1,105.56699000017034,False,0.8333333333333334,0,0.5375439690796315,0.3035373720562589,0,1,1,1,0,1,1
Q4_K_M,aliases,native-test-66,1,116.8659470001785,False,0.8333333333333334,0,0.32349025796296044,0.21986596900322086,0,1,1,0,1,1,1
Q4_K_M,indexed,native-test-66,1,135.26270200009094,False,0.8333333333333334,0,0.4358169678843007,0.23203519572050604,0,1,1,0,1,1,1
Q4_K_M,indexed_offline_derive,native-test-66,1,,True,0.8333333333333334,0,0.349654333479487,0.18178691852418752,0,1,1,0,1,1,1
Q4_K_M,natural,native-test-66,1,108.16975699981413,False,0.6666666666666666,0,0.6883844430104965,0.4623674243627771,1,1,0,1,0,1,1
Q4_K_M,natural_offline_derive,native-test-66,1,,True,0.8333333333333334,0,0.4631336651376539,0.2870198496784195,0,1,1,1,0,1,1
Q4_K_M,indexed_derive,native-test-66,1,123.61371500014684,False,0.8333333333333334,0,0.3901766429718349,0.22193979095931574,0,1,1,0,1,1,1
Q4_K_M,aliases,native-test-13,1,120.24756100004197,False,0.8333333333333334,0,0.5436600683856991,0.2346029132271934,0,1,1,0,1,1,1
Q4_K_M,json,native-test-13,1,506.50391800013495,False,1.0,1,,,0,1,1,1,1,1,1
Q4_K_M,natural_derive,native-test-13,1,108.589056000028,False,0.8333333333333334,0,0.2806561698746639,0.1796822510254311,0,1,1,0,1,1,1
Q4_K_M,natural,native-test-13,1,111.24273199993695,False,0.8333333333333334,0,0.2587644673194897,0.1591797305724853,0,1,1,0,1,1,1
Q4_K_M,natural_offline_derive,native-test-13,1,,True,0.8333333333333334,0,0.25224172206703216,0.15640672109364864,0,1,1,0,1,1,1
Q4_K_M,indexed,native-test-13,1,130.92192399994929,False,0.6666666666666666,0,0.6258252285180127,0.3347681661848803,0,1,1,0,1,1,0
Q4_K_M,indexed_offline_derive,native-test-13,1,,True,0.6666666666666666,0,0.5779195199215063,0.31851804705760206,0,1,1,0,1,1,0
Q4_K_M,indexed_derive,native-test-13,1,126.57381799999712,False,0.6666666666666666,0,0.6849008863120205,0.32751569006438114,0,1,1,0,1,1,0
Q4_K_M,natural,native-test-11,1,108.8197130000026,False,0.6666666666666666,0,1.10283696482953,0.4306553977418366,1,1,0,0,1,1,1
Q4_K_M,natural_offline_derive,native-test-11,1,,True,0.8333333333333334,0,0.958519114014349,0.3244999480735369,0,1,1,0,1,1,1
Q4_K_M,indexed,native-test-11,1,128.3989470000506,False,1.0,1,0.3040552347439119,0.14938284420334866,0,1,1,1,1,1,1
Q4_K_M,indexed_offline_derive,native-test-11,1,,True,1.0,1,0.22395492202777767,0.09889239659251599,0,1,1,1,1,1,1
Q4_K_M,natural_derive,native-test-11,1,105.01468600000408,False,0.8333333333333334,0,1.0905120981500838,0.3230931248146512,0,1,1,0,1,1,1
Q4_K_M,aliases,native-test-11,1,117.30611199982377,False,0.6666666666666666,0,0.4484509762564175,0.3130859863858129,1,1,0,0,1,1,1
Q4_K_M,json,native-test-11,1,496.2296660000902,False,1.0,1,,,0,1,1,1,1,1,1
Q4_K_M,indexed_derive,native-test-11,1,125.44883999999001,False,1.0,1,0.20882113775026756,0.08068908782625137,0,1,1,1,1,1,1
BF16,natural_derive,native-test-36,0,77.95724600009635,False,0.6666666666666666,0,2.0016943198304635,0.6558256665516226,0,1,1,0,0,1,1
BF16,json,native-test-36,0,549.8628440000175,False,0.8333333333333334,0,,,1,1,0,1,1,1,1
BF16,aliases,native-test-36,0,89.59483400030877,False,1.0,1,0.20836029571171047,0.0929702909206342,0,1,1,1,1,1,1
BF16,natural,native-test-36,0,80.04416600033437,False,0.5,0,2.0719238184033686,0.8906279586328222,1,1,0,0,0,1,1
BF16,natural_offline_derive,native-test-36,0,,True,0.6666666666666666,0,1.759375700304573,0.6581619805169098,0,1,1,0,0,1,1
BF16,indexed,native-test-36,0,94.52488599981734,False,1.0,1,0.40955351849453353,0.22770675423281742,0,1,1,1,1,1,1
BF16,indexed_offline_derive,native-test-36,0,,True,1.0,1,0.2933105249785025,0.14747229364398193,0,1,1,1,1,1,1
BF16,indexed_derive,native-test-36,0,91.51395699973364,False,1.0,1,0.2852899392381479,0.1384077916755616,0,1,1,1,1,1,1
BF16,natural,native-test-68,0,81.42839100037236,False,1.0,1,0.04124311301105554,0.00489797640890713,0,1,1,1,1,1,1
BF16,natural_offline_derive,native-test-68,0,,True,1.0,1,0.04374997685695009,0.0051099074616858175,0,1,1,1,1,1,1
BF16,json,native-test-68,0,569.7859940000853,False,0.8333333333333334,0,,,0,1,1,0,1,1,1
BF16,indexed_derive,native-test-68,0,93.24180800012982,False,0.8333333333333334,0,0.5760672940092124,0.2829144377282701,0,1,1,0,1,1,1
BF16,aliases,native-test-68,0,89.75644100019053,False,0.8333333333333334,0,0.37657732650938075,0.2520872931095522,0,1,1,0,1,1,1
BF16,indexed,native-test-68,0,95.71115600010671,False,0.8333333333333334,0,0.5855918024413148,0.29806615377179596,0,1,1,0,1,1,1
BF16,indexed_offline_derive,native-test-68,0,,True,0.8333333333333334,0,0.5532030503572501,0.28837888497200276,0,1,1,0,1,1,1
BF16,natural_derive,native-test-68,0,77.97081199987588,False,1.0,1,0.034119503440381005,0.003988141794191106,0,1,1,1,1,1,1
Q4_K_M,indexed,native-test-57,1,131.90967099990303,False,0.6666666666666666,0,0.6860022182431882,0.42305900643278876,1,1,0,0,1,1,1
Q4_K_M,indexed_offline_derive,native-test-57,1,,True,0.8333333333333334,0,0.5285163254563517,0.29035210198114364,0,1,1,0,1,1,1
Q4_K_M,natural_derive,native-test-57,1,108.20092899984957,False,1.0,1,0.1705665460957204,0.0727225563429396,0,1,1,1,1,1,1
Q4_K_M,indexed_derive,native-test-57,1,126.54440799997246,False,0.5,0,0.8185556710395496,0.5086628874661436,0,0,0,0,1,1,1
Q4_K_M,json,native-test-57,1,500.04618900015885,False,0.3333333333333333,0,,,0,0,0,0,1,1,0
Q4_K_M,aliases,native-test-57,1,120.64808300010554,False,0.8333333333333334,0,0.6635413765993706,0.34080020598110927,1,1,0,1,1,1,1
Q4_K_M,natural,native-test-57,1,111.34818799996538,False,0.8333333333333334,0,0.4538220980751118,0.27823070172601855,1,1,0,1,1,1,1
Q4_K_M,natural_offline_derive,native-test-57,1,,True,1.0,1,0.14355541378271072,0.04760663567969606,0,1,1,1,1,1,1
BF16,natural,native-test-71,1,79.4731830001183,False,0.6666666666666666,0,2.1452898460656713,0.5739508111299192,0,1,1,0,0,1,1
BF16,natural_offline_derive,native-test-71,1,,True,0.6666666666666666,0,2.139750631688289,0.5728627142347189,0,1,1,0,0,1,1
BF16,json,native-test-71,1,609.4783550001921,False,1.0,1,,,0,1,1,1,1,1,1
BF16,natural_derive,native-test-71,1,76.35293900011675,False,0.6666666666666666,0,2.214585359262046,0.5719413538378223,0,1,1,0,0,1,1
BF16,indexed,native-test-71,1,93.32301699987511,False,0.6666666666666666,0,0.6487070792083579,0.3679978387297225,0,1,1,1,0,0,1
BF16,indexed_offline_derive,native-test-71,1,,True,0.6666666666666666,0,0.5730607842266401,0.31251566757571964,0,1,1,1,0,0,1
BF16,indexed_derive,native-test-71,1,89.7917669999515,False,0.8333333333333334,0,0.5849381949813908,0.3250537770070558,0,1,1,1,1,0,1
BF16,aliases,native-test-71,1,87.24147000020821,False,0.8333333333333334,0,0.4106882094409945,0.23063456773257066,0,1,1,1,0,1,1
BF16,indexed_derive,native-test-61,0,90.50552500002595,False,0.5,0,0.8015930882316402,0.5380319668932791,0,1,1,0,1,0,0
BF16,aliases,native-test-61,0,87.70484700016823,False,0.8333333333333334,0,0.3250313450323033,0.18772774434120013,0,1,1,1,0,1,1
BF16,natural_derive,native-test-61,0,75.78964200001792,False,0.8333333333333334,0,1.4390399502934523,0.36178813135209237,0,1,1,1,0,1,1
BF16,json,native-test-61,0,569.0411779996793,False,0.8333333333333334,0,,,0,1,1,0,1,1,1
BF16,natural,native-test-61,0,79.35131900012493,False,0.8333333333333334,0,1.4282566712057871,0.3721732434912159,0,1,1,1,0,1,1
BF16,natural_offline_derive,native-test-61,0,,True,0.8333333333333334,0,1.407870932866005,0.3611154676982811,0,1,1,1,0,1,1
BF16,indexed,native-test-61,0,93.07356799990885,False,0.5,0,0.7568911552148898,0.5114557149184972,0,1,1,0,1,0,0
BF16,indexed_offline_derive,native-test-61,0,,True,0.5,0,0.721460793763808,0.5004131891792005,0,1,1,0,1,0,0
BF16,natural_derive,native-test-16,1,77.51277400029721,False,0.5,0,0.5431883739634441,0.4067687856171606,0,0,0,0,1,1,1
BF16,indexed_derive,native-test-16,1,95.11517900000399,False,0.5,0,0.9737346591061057,0.5790274774698986,0,0,0,0,1,1,1
BF16,natural,native-test-16,1,79.95697800015478,False,0.6666666666666666,0,0.3383124053874514,0.21412818045748452,1,0,1,0,1,1,1
BF16,natural_offline_derive,native-test-16,1,,True,0.5,0,0.44538216703245076,0.30329518630129115,0,0,0,0,1,1,1
BF16,indexed,native-test-16,1,94.46792199969423,False,0.6666666666666666,0,0.7825321948995172,0.46555338919745665,1,0,1,0,1,1,1
BF16,indexed_offline_derive,native-test-16,1,,True,0.5,0,0.9168127258207509,0.5904803171238254,0,0,0,0,1,1,1
BF16,aliases,native-test-16,1,88.67661399972349,False,0.6666666666666666,0,0.7160434840226718,0.4168419071717831,1,0,1,0,1,1,1
BF16,json,native-test-16,1,612.9972779999662,False,0.6666666666666666,0,,,0,1,1,0,1,1,0
Q4_K_M,json,native-test-80,1,490.83334299984926,False,1.0,1,,,0,1,1,1,1,1,1
Q4_K_M,indexed_derive,native-test-80,1,125.3591619999952,False,1.0,1,0.2569406094015542,0.11591165465355018,0,1,1,1,1,1,1
Q4_K_M,indexed,native-test-80,1,129.53019699989454,False,1.0,1,0.26951363107332693,0.10448732138825027,0,1,1,1,1,1,1
Q4_K_M,indexed_offline_derive,native-test-80,1,,True,1.0,1,0.24401136564303438,0.09713590336718463,0,1,1,1,1,1,1
Q4_K_M,natural_derive,native-test-80,1,105.69578199988428,False,0.6666666666666666,0,1.6151205814832255,0.5525319490040009,0,1,1,0,0,1,1
Q4_K_M,natural,native-test-80,1,108.54863999998088,False,0.6666666666666666,0,1.6511800874608877,0.5631596697861312,0,1,1,0,0,1,1
Q4_K_M,natural_offline_derive,native-test-80,1,,True,0.6666666666666666,0,1.649538779688057,0.5630705480388241,0,1,1,0,0,1,1
Q4_K_M,aliases,native-test-80,1,117.46274300003279,False,1.0,1,0.2436101952355041,0.11449814904838229,0,1,1,1,1,1,1
Q4_K_M,aliases,native-test-8,1,121.82431299993368,False,1.0,1,0.3040738675595835,0.14945154162039545,0,1,1,1,1,1,1
Q4_K_M,natural_derive,native-test-8,1,109.6655629999077,False,0.8333333333333334,0,0.771044221973172,0.31586745943917177,0,1,1,1,0,1,1
Q4_K_M,indexed,native-test-8,1,133.3076359999268,False,0.6666666666666666,0,0.5958984268986823,0.3860007261192422,0,1,1,0,1,1,0
Q4_K_M,indexed_offline_derive,native-test-8,1,,True,0.6666666666666666,0,0.5529928375844513,0.3654456140660445,0,1,1,0,1,1,0
Q4_K_M,indexed_derive,native-test-8,1,128.53284199991322,False,0.8333333333333334,0,0.558653202916901,0.3478470409926982,0,1,1,0,1,1,1
Q4_K_M,json,native-test-8,1,497.9508410001472,False,0.8333333333333334,0,,,0,1,1,0,1,1,1
Q4_K_M,natural,native-test-8,1,113.96627300018736,False,0.8333333333333334,0,0.7538342038586908,0.3203241486974104,0,1,1,1,0,1,1
Q4_K_M,natural_offline_derive,native-test-8,1,,True,0.8333333333333334,0,0.7481709235802807,0.31954907179323266,0,1,1,1,0,1,1
Q4_K_M,indexed,native-test-52,1,131.1945879999712,False,0.6666666666666666,0,0.5992340811943896,0.33089920666139955,0,1,1,0,1,1,0
Q4_K_M,indexed_offline_derive,native-test-52,1,,True,0.6666666666666666,0,0.5419331341963546,0.3081916311128526,0,1,1,0,1,1,0
Q4_K_M,natural_derive,native-test-52,1,108.00872000004347,False,0.8333333333333334,0,0.9403538460085131,0.3707101889584412,0,1,1,1,0,1,1
Q4_K_M,json,native-test-52,1,488.75273099997685,False,0.8333333333333334,0,,,0,1,1,0,1,1,1
Q4_K_M,indexed_derive,native-test-52,1,127.6269150000644,False,0.8333333333333334,0,0.5504432909916859,0.2740201922967164,0,1,1,0,1,1,1
Q4_K_M,aliases,native-test-52,1,120.5964739999672,False,0.8333333333333334,0,0.4112698837269663,0.23193401443144027,0,1,1,0,1,1,1
Q4_K_M,natural,native-test-52,1,111.12621100005526,False,0.8333333333333334,0,0.9478711743618482,0.3692370138714199,0,1,1,1,0,1,1
Q4_K_M,natural_offline_derive,native-test-52,1,,True,0.8333333333333334,0,0.9379229922865355,0.3673796250855645,0,1,1,1,0,1,1
BF16,natural,native-test-38,0,80.36559199990734,False,0.8333333333333334,0,0.8228277043806277,0.3277350076704266,0,1,1,1,0,1,1
BF16,natural_offline_derive,native-test-38,0,,True,0.8333333333333334,0,0.8024484822785588,0.3224160168374137,0,1,1,1,0,1,1
BF16,indexed,native-test-38,0,94.32543000002624,False,0.8333333333333334,0,0.6781348218753193,0.3527257344914218,0,1,1,0,1,1,1
BF16,indexed_offline_derive,native-test-38,0,,True,0.8333333333333334,0,0.6357641993867297,0.33451393387629685,0,1,1,0,1,1,1
BF16,natural_derive,native-test-38,0,77.04063300025155,False,0.8333333333333334,0,0.7705436057011547,0.30695894192614664,0,1,1,1,0,1,1
BF16,aliases,native-test-38,0,88.85107199967024,False,0.8333333333333334,0,0.5698390919596861,0.36217757117044913,0,1,1,0,1,1,1
BF16,json,native-test-38,0,603.2867899998564,False,0.8333333333333334,0,,,0,1,1,0,1,1,1
BF16,indexed_derive,native-test-38,0,92.63421300011032,False,0.8333333333333334,0,0.6678074831604727,0.33024960979800816,0,1,1,0,1,1,1
BF16,aliases,native-test-64,0,97.72078199966927,False,0.8333333333333334,0,0.5993273397018409,0.258138574815228,0,1,1,0,1,1,1
BF16,natural_derive,native-test-64,0,79.3038639999395,False,0.8333333333333334,0,0.2827170356281439,0.19568566411471364,0,1,1,0,1,1,1
BF16,indexed,native-test-64,0,95.81259600008707,False,0.8333333333333334,0,0.6433144117764686,0.3236787598380076,0,1,1,0,1,1,1
BF16,indexed_offline_derive,native-test-64,0,,True,0.8333333333333334,0,0.6037633436095092,0.31129921637346275,0,1,1,0,1,1,1
BF16,natural,native-test-64,0,81.33583999961047,False,0.8333333333333334,0,0.22269959029432065,0.12147201038296461,0,1,1,0,1,1,1
BF16,natural_offline_derive,native-test-64,0,,True,0.8333333333333334,0,0.20569760955942615,0.11717783022725352,0,1,1,0,1,1,1
BF16,indexed_derive,native-test-64,0,92.89115199999287,False,0.8333333333333334,0,0.689056088408705,0.34767022922549656,0,1,1,0,1,1,1
BF16,json,native-test-64,0,616.9999600001574,False,0.8333333333333334,0,,,0,1,1,0,1,1,1
BF16,json,native-test-27,0,614.2033219998666,False,0.3333333333333333,0,,,0,0,0,0,1,1,0
BF16,natural_derive,native-test-27,0,77.93044199979704,False,1.0,1,0.16435111565777857,0.06980058104455107,0,1,1,1,1,1,1
BF16,indexed,native-test-27,0,94.49552299975039,False,0.6666666666666666,0,0.7216876992069367,0.4546042267669896,1,1,0,0,1,1,1
BF16,indexed_offline_derive,native-test-27,0,,True,0.8333333333333334,0,0.5218252832458706,0.2903420471640253,0,1,1,0,1,1,1
BF16,natural,native-test-27,0,79.93811500000447,False,0.8333333333333334,0,0.4858898373110287,0.2941888089098918,1,1,0,1,1,1,1
BF16,natural_offline_derive,native-test-27,0,,True,1.0,1,0.15938116369807262,0.06162793664042689,0,1,1,1,1,1,1
BF16,aliases,native-test-27,0,88.3376120000321,False,0.8333333333333334,0,0.6720578666198871,0.3369286824563864,1,1,0,1,1,1,1
BF16,indexed_derive,native-test-27,0,91.34549800000968,False,0.6666666666666666,0,0.7668262871571992,0.48042854667307205,0,1,1,0,1,0,1
Q4_K_M,aliases,native-test-61,1,125.34147699989262,False,0.8333333333333334,0,0.3591117879007124,0.22148179694347128,0,1,1,1,0,1,1
Q4_K_M,natural,native-test-61,1,108.45073199993749,False,0.8333333333333334,0,1.3918975556178028,0.3837636237282576,0,1,1,1,0,1,1
Q4_K_M,natural_offline_derive,native-test-61,1,,True,0.8333333333333334,0,1.375223001843138,0.3760694641588132,0,1,1,1,0,1,1
Q4_K_M,json,native-test-61,1,495.55164999992485,False,0.8333333333333334,0,,,0,1,1,0,1,1,1
Q4_K_M,indexed,native-test-61,1,128.9641109999593,False,0.3333333333333333,0,0.7312157495051578,0.5029319577980556,0,1,1,0,0,0,0
Q4_K_M,indexed_offline_derive,native-test-61,1,,True,0.3333333333333333,0,0.688942410545041,0.487716873004264,0,1,1,0,0,0,0
Q4_K_M,indexed_derive,native-test-61,1,124.1704449998906,False,0.5,0,0.8047581371101399,0.542161744929051,0,1,1,0,1,0,0
Q4_K_M,natural_derive,native-test-61,1,104.99026899992714,False,0.8333333333333334,0,1.351943501899591,0.3485900006421941,0,1,1,1,0,1,1
Q4_K_M,json,native-test-9,0,497.286368999994,False,1.0,1,,,0,1,1,1,1,1,1
Q4_K_M,indexed_derive,native-test-9,0,128.60498400004872,False,0.8333333333333334,0,0.3870393569141833,0.20894600625091142,0,1,1,0,1,1,1
Q4_K_M,aliases,native-test-9,0,120.82187999999405,False,1.0,1,0.34491427195020646,0.19697608528730393,0,1,1,1,1,1,1
Q4_K_M,indexed,native-test-9,0,131.82325899992975,False,0.8333333333333334,0,0.4909044687140181,0.2765965888321488,0,1,1,0,1,1,1
Q4_K_M,indexed_offline_derive,native-test-9,0,,True,0.8333333333333334,0,0.3959870476039604,0.21921663890306656,0,1,1,0,1,1,1
Q4_K_M,natural_derive,native-test-9,0,108.95762500013007,False,0.8333333333333334,0,0.918432028500863,0.32662315123822655,0,1,1,1,0,1,1
Q4_K_M,natural,native-test-9,0,112.12522799996805,False,0.8333333333333334,0,0.8920779702386207,0.38890635652184696,0,1,1,1,0,1,1
Q4_K_M,natural_offline_derive,native-test-9,0,,True,0.8333333333333334,0,0.7909759803306526,0.3239051936028466,0,1,1,1,0,1,1
Q4_K_M,aliases,native-test-47,0,119.86533599997529,False,0.8333333333333334,0,0.2985343683378439,0.17538277096193589,0,1,1,0,1,1,1
Q4_K_M,natural_derive,native-test-47,0,107.44726400002946,False,0.8333333333333334,0,0.8876620769373433,0.3822002983059205,0,1,1,0,1,1,1
Q4_K_M,natural,native-test-47,0,110.65807099998892,False,0.8333333333333334,0,0.61813751884098,0.36867334086313025,0,1,1,0,1,1,1
Q4_K_M,natural_offline_derive,native-test-47,0,,True,0.8333333333333334,0,0.6171013845326755,0.3686461842395135,0,1,1,0,1,1,1
Q4_K_M,indexed_derive,native-test-47,0,126.91470100003244,False,0.8333333333333334,0,0.31643302081810537,0.1594609978999158,0,1,1,1,0,1,1
Q4_K_M,indexed,native-test-47,0,131.0185149998233,False,0.8333333333333334,0,0.3893687684843432,0.19619262962152564,0,1,1,1,0,1,1
Q4_K_M,indexed_offline_derive,native-test-47,0,,True,0.8333333333333334,0,0.34784438856057087,0.18066677848295556,0,1,1,1,0,1,1
Q4_K_M,json,native-test-47,0,490.98865099995237,False,1.0,1,,,0,1,1,1,1,1,1
Q4_K_M,natural,native-test-3,0,118.75016299995877,False,0.8333333333333334,0,0.784440385486051,0.3842834276572556,0,1,1,1,0,1,1
Q4_K_M,natural_offline_derive,native-test-3,0,,True,0.8333333333333334,0,0.6873496692238702,0.3228100866621429,0,1,1,1,0,1,1
Q4_K_M,aliases,native-test-3,0,120.23450900005628,False,0.8333333333333334,0,0.36356377701033255,0.2416405911279493,0,1,1,0,1,1,1
Q4_K_M,json,native-test-3,0,486.536193999882,False,1.0,1,,,0,1,1,1,1,1,1
Q4_K_M,natural_derive,native-test-3,0,108.51167999999234,False,0.8333333333333334,0,0.7715201343913597,0.3229106023084592,0,1,1,1,0,1,1
Q4_K_M,indexed,native-test-3,0,130.9934290000001,False,1.0,1,0.4102971560967168,0.20138210987436464,0,1,1,1,1,1,1
Q4_K_M,indexed_offline_derive,native-test-3,0,,True,1.0,1,0.3662868274124625,0.18509828978951706,0,1,1,1,1,1,1
Q4_K_M,indexed_derive,native-test-3,0,126.62850099991374,False,0.8333333333333334,0,0.44788970688450763,0.2488418306495657,0,1,1,0,1,1,1
BF16,natural,native-test-60,1,79.39245299985487,False,0.5,0,1.9842725444378104,0.8581371094570475,1,1,0,0,0,1,1
BF16,natural_offline_derive,native-test-60,1,,True,0.6666666666666666,0,1.7298289707537242,0.6600351729305861,0,1,1,0,0,1,1
BF16,indexed_derive,native-test-60,1,89.58981799969479,False,1.0,1,0.2736247393864381,0.13286085700184247,0,1,1,1,1,1,1
BF16,aliases,native-test-60,1,87.01945999973759,False,1.0,1,0.16985563039885246,0.06394444033018491,0,1,1,1,1,1,1
BF16,json,native-test-60,1,547.9073190003874,False,0.8333333333333334,0,,,1,1,0,1,1,1,1
BF16,natural_derive,native-test-60,1,76.42273100009334,False,0.6666666666666666,0,2.019500495433107,0.6578389079996626,0,1,1,0,0,1,1
BF16,indexed,native-test-60,1,92.90887399993153,False,1.0,1,0.3892154363784676,0.212825822719125,0,1,1,1,1,1,1
BF16,indexed_offline_derive,native-test-60,1,,True,1.0,1,0.2905737591217479,0.14841204033381578,0,1,1,1,1,1,1
Q4_K_M,natural,native-test-94,1,111.52284700006021,False,0.8333333333333334,0,1.4575215131303108,0.29154304083517396,0,1,1,0,1,1,1
Q4_K_M,natural_offline_derive,native-test-94,1,,True,0.8333333333333334,0,1.481906197165989,0.30331978393189657,0,1,1,0,1,1,1
Q4_K_M,natural_derive,native-test-94,1,108.23235299994849,False,0.8333333333333334,0,1.5621023278223527,0.2904638320770887,0,1,1,0,1,1,1
Q4_K_M,indexed_derive,native-test-94,1,128.24403299987353,False,0.8333333333333334,0,0.2941115646478065,0.15783562398991038,0,1,1,0,1,1,1
Q4_K_M,json,native-test-94,1,497.3538839999492,False,0.8333333333333334,0,,,0,1,1,0,1,1,1
Q4_K_M,indexed,native-test-94,1,132.0264149999275,False,0.8333333333333334,0,0.35274978631614534,0.17685050706897995,0,1,1,0,1,1,1
Q4_K_M,indexed_offline_derive,native-test-94,1,,True,0.8333333333333334,0,0.30812467871130084,0.15941767250072247,0,1,1,0,1,1,1
Q4_K_M,aliases,native-test-94,1,120.06509800016829,False,0.8333333333333334,0,0.3126898664551489,0.1832284827112425,0,1,1,0,1,1,1
BF16,json,native-test-15,0,550.5730149998271,False,1.0,1,,,0,1,1,1,1,1,1
BF16,natural,native-test-15,0,78.65629499974602,False,0.8333333333333334,0,1.0918172079445905,0.34989238853899396,0,1,1,0,1,1,1
BF16,natural_offline_derive,native-test-15,0,,True,0.8333333333333334,0,1.080514328970223,0.348736211415495,0,1,1,0,1,1,1
BF16,indexed,native-test-15,0,92.32814300003156,False,0.8333333333333334,0,0.3059063567405751,0.14875988125373588,0,1,1,1,0,1,1
BF16,indexed_offline_derive,native-test-15,0,,True,0.8333333333333334,0,0.28292999771795646,0.1437564564677906,0,1,1,1,0,1,1
BF16,natural_derive,native-test-15,0,74.8425080000743,False,0.8333333333333334,0,1.238246093070116,0.4000394284055635,0,1,1,0,1,1,1
BF16,aliases,native-test-15,0,86.43997099989065,False,1.0,1,0.22161698329973303,0.11919024987240623,0,1,1,1,1,1,1
BF16,indexed_derive,native-test-15,0,88.78264900022259,False,0.8333333333333334,0,0.28221525734735575,0.14653622352391663,0,1,1,1,0,1,1
Q4_K_M,natural_derive,native-test-20,1,113.16976000011891,False,0.6666666666666666,0,1.7445360116893909,0.5650040890236191,0,1,1,0,0,1,1
Q4_K_M,natural,native-test-20,1,108.71061500006363,False,0.6666666666666666,0,1.782972012605418,0.5816176650035031,0,1,1,0,0,1,1
Q4_K_M,natural_offline_derive,native-test-20,1,,True,0.6666666666666666,0,1.7820793429169488,0.5815832949594683,0,1,1,0,0,1,1
Q4_K_M,indexed_derive,native-test-20,1,124.349637000023,False,0.8333333333333334,0,0.39641381895817424,0.21854829896446337,0,1,1,1,1,0,1
Q4_K_M,json,native-test-20,1,497.3121960001663,False,1.0,1,,,0,1,1,1,1,1,1
Q4_K_M,aliases,native-test-20,1,118.31490399981703,False,0.8333333333333334,0,0.3131041127417564,0.15633747294808825,0,1,1,0,1,1,1
Q4_K_M,indexed,native-test-20,1,136.22965900003692,False,0.8333333333333334,0,0.3737485255092526,0.18327355631679432,0,1,1,1,1,0,1
Q4_K_M,indexed_offline_derive,native-test-20,1,,True,0.8333333333333334,0,0.3500795046117077,0.17639177026222028,0,1,1,1,1,0,1
Q4_K_M,json,native-test-45,0,478.9167589999579,False,1.0,1,,,0,1,1,1,1,1,1
Q4_K_M,natural_derive,native-test-45,0,104.19866500001262,False,0.6666666666666666,0,1.2527041782499646,0.42691112703435574,0,1,1,0,0,1,1
Q4_K_M,natural,native-test-45,0,106.29312300011406,False,0.8333333333333334,0,1.0917191358101073,0.35932484807279547,0,1,1,0,1,1,1
Q4_K_M,natural_offline_derive,native-test-45,0,,True,0.8333333333333334,0,1.0671010940646481,0.35383293535507626,0,1,1,0,1,1,1
Q4_K_M,indexed,native-test-45,0,126.48598499981745,False,0.8333333333333334,0,0.39987907285203894,0.2185537728168027,0,1,1,1,0,1,1
Q4_K_M,indexed_offline_derive,native-test-45,0,,True,0.8333333333333334,0,0.3146952478892269,0.16927395241243395,0,1,1,1,0,1,1
Q4_K_M,indexed_derive,native-test-45,0,122.04491200009215,False,0.8333333333333334,0,0.3250834830552338,0.17256548874509456,0,1,1,1,0,1,1
Q4_K_M,aliases,native-test-45,0,114.97991600003843,False,0.8333333333333334,0,0.4198486477091232,0.237583077130592,0,1,1,1,0,1,1
BF16,indexed_derive,native-test-91,1,89.75973199994769,False,1.0,1,0.3565438125637961,0.18260807728065132,0,1,1,1,1,1,1
BF16,indexed,native-test-91,1,92.92157599975326,False,0.8333333333333334,0,0.35309963530515803,0.18022153215391631,0,1,1,1,0,1,1
BF16,indexed_offline_derive,native-test-91,1,,True,0.8333333333333334,0,0.32207101769234425,0.17132545999024762,0,1,1,1,0,1,1
BF16,aliases,native-test-91,1,94.39872299981289,False,0.6666666666666666,0,0.3596905050318646,0.2469183063544742,0,1,1,0,0,1,1
BF16,json,native-test-91,1,572.6772120001442,False,1.0,1,,,0,1,1,1,1,1,1
BF16,natural,native-test-91,1,78.8745560003008,False,0.6666666666666666,0,2.238600798021084,0.6677305780397201,0,1,1,0,0,1,1
BF16,natural_offline_derive,native-test-91,1,,True,0.6666666666666666,0,2.2182407169353593,0.6587333131367478,0,1,1,0,0,1,1
BF16,natural_derive,native-test-91,1,75.0608349999311,False,0.6666666666666666,0,2.3928338370492512,0.6626527271875433,0,1,1,0,0,1,1
Q4_K_M,json,native-test-31,1,501.0714520001329,False,1.0,1,,,0,1,1,1,1,1,1
Q4_K_M,natural,native-test-31,1,110.46353899996575,False,0.8333333333333334,0,1.2885733858773374,0.4099365100081376,0,1,1,0,1,1,1
Q4_K_M,natural_offline_derive,native-test-31,1,,True,0.8333333333333334,0,1.4011719992635978,0.4886636147972689,0,1,1,0,1,1,1
Q4_K_M,indexed,native-test-31,1,128.62416199982363,False,1.0,1,0.432488402296509,0.2136062339543974,0,1,1,1,1,1,1
Q4_K_M,indexed_offline_derive,native-test-31,1,,True,1.0,1,0.49295601752063195,0.2566487550209569,0,1,1,1,1,1,1
Q4_K_M,indexed_derive,native-test-31,1,124.55555199994706,False,1.0,1,0.4282516782399,0.2178715878137011,0,1,1,1,1,1,1
Q4_K_M,natural_derive,native-test-31,1,105.35142100002304,False,0.5,0,1.5556572990505957,0.5195995667463317,0,0,0,0,1,1,1
Q4_K_M,aliases,native-test-31,1,117.36896800016439,False,0.6666666666666666,0,0.6637488746755024,0.450451426186335,1,0,1,0,1,1,1
Q4_K_M,natural,native-test-85,1,114.51391400009925,False,0.6666666666666666,0,1.0341078750477384,0.5052776763697321,1,1,0,0,1,1,1
Q4_K_M,natural_offline_derive,native-test-85,1,,True,0.8333333333333334,0,0.9517664978905039,0.4341851343125187,0,1,1,0,1,1,1
Q4_K_M,json,native-test-85,1,494.5597739999812,False,1.0,1,,,0,1,1,1,1,1,1
Q4_K_M,natural_derive,native-test-85,1,103.69997899988448,False,0.6666666666666666,0,1.3368684352862197,0.525774446489323,0,1,1,0,0,1,1
Q4_K_M,indexed,native-test-85,1,126.04704199998196,False,0.8333333333333334,0,0.4144658949039801,0.21144275842403748,0,1,1,1,0,1,1
Q4_K_M,indexed_offline_derive,native-test-85,1,,True,0.8333333333333334,0,0.3574309341054862,0.18391936827898528,0,1,1,1,0,1,1
Q4_K_M,indexed_derive,native-test-85,1,122.12277999992693,False,0.8333333333333334,0,0.49615051038278474,0.25612571455623895,0,1,1,1,0,1,1
Q4_K_M,aliases,native-test-85,1,115.6391760000588,False,0.8333333333333334,0,0.4347595889928078,0.24027444156142908,0,1,1,1,0,1,1
BF16,natural_derive,native-test-84,0,79.22078100000363,False,0.8333333333333334,0,1.0333977190123107,0.321397914127245,0,1,1,0,1,1,1
BF16,indexed_derive,native-test-84,0,93.5536760002833,False,1.0,1,0.2964631656356012,0.14805714948910695,0,1,1,1,1,1,1
BF16,aliases,native-test-84,0,91.02271500023562,False,1.0,1,0.16398586501684714,0.05869508814957706,0,1,1,1,1,1,1
BF16,json,native-test-84,0,552.285091000158,False,1.0,1,,,0,1,1,1,1,1,1
BF16,natural,native-test-84,0,82.47618400037027,False,0.8333333333333334,0,0.7526036428373337,0.3254428239639608,0,1,1,0,1,1,1
BF16,natural_offline_derive,native-test-84,0,,True,0.8333333333333334,0,0.7452032083931878,0.32495706180250633,0,1,1,0,1,1,1
BF16,indexed,native-test-84,0,96.0241020002286,False,0.8333333333333334,0,0.33422068268350985,0.16953302891655067,0,1,1,1,1,0,1
BF16,indexed_offline_derive,native-test-84,0,,True,0.8333333333333334,0,0.3124055874125776,0.16530186478587913,0,1,1,1,1,0,1
BF16,json,native-test-72,0,556.5306369999234,False,1.0,1,,,0,1,1,1,1,1,1
BF16,aliases,native-test-72,0,89.81913600018743,False,0.8333333333333334,0,0.3253044934797165,0.215126863943693,0,1,1,0,1,1,1
BF16,natural_derive,native-test-72,0,77.31791700007307,False,0.8333333333333334,0,0.9514021314747715,0.32701646492776354,0,1,1,1,0,1,1
BF16,natural,native-test-72,0,80.57770899995376,False,0.6666666666666666,0,1.0969680578751126,0.47872977153695256,1,1,0,1,0,1,1
BF16,natural_offline_derive,native-test-72,0,,True,0.8333333333333334,0,0.8951367139367101,0.3246838609466311,0,1,1,1,0,1,1
BF16,indexed,native-test-72,0,94.8191150000639,False,0.8333333333333334,0,0.3730718560707067,0.20082242227510164,0,1,1,0,1,1,1
BF16,indexed_offline_derive,native-test-72,0,,True,0.8333333333333334,0,0.3102540363916319,0.17102743948659718,0,1,1,0,1,1,1
BF16,indexed_derive,native-test-72,0,91.20564200020453,False,0.8333333333333334,0,0.3790638381629648,0.21949380334826687,0,1,1,0,1,1,1
Q4_K_M,natural_derive,native-test-69,0,109.31602999994539,False,0.6666666666666666,0,1.9921491956932655,0.6264629889341293,0,1,1,0,0,1,1
Q4_K_M,json,native-test-69,0,475.5795890000627,False,1.0,1,,,0,1,1,1,1,1,1
Q4_K_M,indexed,native-test-69,0,133.4014029998798,False,1.0,1,0.3349768937424509,0.15512739256863822,0,1,1,1,1,1,1
Q4_K_M,indexed_offline_derive,native-test-69,0,,True,1.0,1,0.27471920995731597,0.12486269107848307,0,1,1,1,1,1,1
Q4_K_M,natural,native-test-69,0,113.02418199989006,False,0.6666666666666666,0,1.7742118449390498,0.6737157772323438,0,1,1,0,0,1,1
Q4_K_M,natural_offline_derive,native-test-69,0,,True,0.6666666666666666,0,1.6680034351920046,0.6037868164326948,0,1,1,0,0,1,1
Q4_K_M,indexed_derive,native-test-69,0,128.4088590000465,False,1.0,1,0.21006345970489215,0.07753903034166996,0,1,1,1,1,1,1
Q4_K_M,aliases,native-test-69,0,121.76213900011135,False,1.0,1,0.19766348635893605,0.09880849586596824,0,1,1,1,1,1,1
Q4_K_M,indexed,native-test-40,0,129.7027169998728,False,0.6666666666666666,0,0.4794694015015983,0.2936399632580036,0,1,1,0,1,1,0
Q4_K_M,indexed_offline_derive,native-test-40,0,,True,0.6666666666666666,0,0.44334676759032354,0.28090088114731276,0,1,1,0,1,1,0
Q4_K_M,json,native-test-40,0,496.26423399990927,False,0.6666666666666666,0,,,0,1,1,0,1,1,0
Q4_K_M,natural_derive,native-test-40,0,106.54810699998052,False,0.8333333333333334,0,0.9909631717562197,0.38591676654194434,0,1,1,1,0,1,1
Q4_K_M,natural,native-test-40,0,109.54603400000451,False,0.8333333333333334,0,1.0364659410588268,0.4203312126064209,0,1,1,1,0,1,1
Q4_K_M,natural_offline_derive,native-test-40,0,,True,0.8333333333333334,0,1.0546320145286212,0.4308449888103263,0,1,1,1,0,1,1
Q4_K_M,aliases,native-test-40,0,118.46742500006258,False,1.0,1,0.25798671705689047,0.10741755133599769,0,1,1,1,1,1,1
Q4_K_M,indexed_derive,native-test-40,0,125.94807200002833,False,0.8333333333333334,0,0.5476198274920797,0.3249384572006114,0,1,1,0,1,1,1
BF16,indexed_derive,native-test-95,1,97.99016199985999,False,0.8333333333333334,0,0.4466698145111141,0.232664074417567,0,1,1,1,0,1,1
BF16,natural,native-test-95,1,78.24850899987723,False,0.8333333333333334,0,0.9681223993450253,0.2964186521420969,0,1,1,0,1,1,1
BF16,natural_offline_derive,native-test-95,1,,True,0.8333333333333334,0,0.9712703421999603,0.29671275929896573,0,1,1,0,1,1,1
BF16,aliases,native-test-95,1,86.62052499994388,False,1.0,1,0.2991160777511945,0.1456333450019084,0,1,1,1,1,1,1
BF16,natural_derive,native-test-95,1,74.76186099984261,False,0.8333333333333334,0,1.1336118436787743,0.3334880223850996,0,1,1,0,1,1,1
BF16,json,native-test-95,1,609.6165509998173,False,1.0,1,,,0,1,1,1,1,1,1
BF16,indexed,native-test-95,1,93.45117700013361,False,1.0,1,0.441715714577028,0.21597707217687886,0,1,1,1,1,1,1
BF16,indexed_offline_derive,native-test-95,1,,True,1.0,1,0.40801921627679744,0.19947167391739828,0,1,1,1,1,1,1
Q4_K_M,natural_derive,native-test-32,0,108.51324999998724,False,1.0,1,0.04747190977604294,0.005782280224690672,0,1,1,1,1,1,1
Q4_K_M,indexed_derive,native-test-32,0,127.87137700001949,False,0.6666666666666666,0,0.5375749121588259,0.33646134854049886,0,1,1,0,1,0,1
Q4_K_M,aliases,native-test-32,0,120.9338389999175,False,1.0,1,0.18510016693516385,0.07069852005512207,0,1,1,1,1,1,1
Q4_K_M,json,native-test-32,0,493.9988720000201,False,0.8333333333333334,0,,,0,1,1,0,1,1,1
Q4_K_M,indexed,native-test-32,0,132.85772700010057,False,0.6666666666666666,0,0.5131164780669194,0.3224947482003348,0,1,1,0,1,0,1
Q4_K_M,indexed_offline_derive,native-test-32,0,,True,0.6666666666666666,0,0.49100833733132426,0.31712191460135514,0,1,1,0,1,0,1
Q4_K_M,natural,native-test-32,0,112.34848499998407,False,1.0,1,0.07084362916468617,0.013710114080876476,0,1,1,1,1,1,1
Q4_K_M,natural_offline_derive,native-test-32,0,,True,1.0,1,0.07224638255091975,0.013774191092005316,0,1,1,1,1,1,1
Q4_K_M,natural,native-test-2,1,108.73090499990212,False,0.8333333333333334,0,0.3387291184473977,0.21750185824238402,1,1,0,1,1,1,1
Q4_K_M,natural_offline_derive,native-test-2,1,,True,1.0,1,0.07882086727904564,0.02014217237265315,0,1,1,1,1,1,1
Q4_K_M,json,native-test-2,1,497.9272770001444,False,0.8333333333333334,0,,,0,1,1,0,1,1,1
Q4_K_M,aliases,native-test-2,1,118.13407300019207,False,0.6666666666666666,0,0.7134210970198046,0.4890922009942318,0,0,0,1,1,1,1
Q4_K_M,indexed,native-test-2,1,135.7644209999762,False,0.6666666666666666,0,0.6112400821989429,0.41117895736575544,0,1,1,0,1,1,0
Q4_K_M,indexed_offline_derive,native-test-2,1,,True,0.6666666666666666,0,0.548652538109245,0.3655361011653926,0,1,1,0,1,1,0
Q4_K_M,indexed_derive,native-test-2,1,124.25900500011267,False,0.6666666666666666,0,0.6067838353382166,0.4006705120640219,0,1,1,0,1,1,0
Q4_K_M,natural_derive,native-test-2,1,105.15844199994717,False,1.0,1,0.0721961065499772,0.01853456297291299,0,1,1,1,1,1,1
BF16,aliases,native-test-39,1,89.8067070002071,False,0.8333333333333334,0,0.3997522709618298,0.2272108446509318,0,1,1,1,0,1,1
BF16,json,native-test-39,1,551.7498439999144,False,1.0,1,,,0,1,1,1,1,1,1
BF16,indexed_derive,native-test-39,1,92.72018400042725,False,0.8333333333333334,0,0.3295606670987096,0.17019085094753958,0,1,1,1,0,1,1
BF16,natural_derive,native-test-39,1,77.83147200007079,False,0.6666666666666666,0,1.3310029996192387,0.4178680132819533,0,1,1,0,0,1,1
BF16,natural,native-test-39,1,80.45949600000313,False,0.8333333333333334,0,1.1227691422639283,0.37455054733114274,0,1,1,0,1,1,1
BF16,natural_offline_derive,native-test-39,1,,True,0.8333333333333334,0,1.0917169510204354,0.36656234085186523,0,1,1,0,1,1,1
BF16,indexed,native-test-39,1,95.06488199986052,False,0.8333333333333334,0,0.4367914015952739,0.23177297964071927,0,1,1,1,0,1,1
BF16,indexed_offline_derive,native-test-39,1,,True,0.8333333333333334,0,0.3655795277292304,0.19494136740824053,0,1,1,1,0,1,1
BF16,natural,native-test-21,1,78.55606600014653,False,0.5,0,2.1002422703951678,0.7403844221878696,1,1,0,0,0,1,1
BF16,natural_offline_derive,native-test-21,1,,True,0.6666666666666666,0,1.9445137784077346,0.6268408519929319,0,1,1,0,0,1,1
BF16,natural_derive,native-test-21,1,75.83819999990737,False,0.6666666666666666,0,2.022002563372149,0.6408805279769468,0,1,1,0,0,1,1
BF16,indexed_derive,native-test-21,1,90.00915399974474,False,1.0,1,0.2027941800590568,0.07719986613986164,0,1,1,1,1,1,1
BF16,aliases,native-test-21,1,87.79409899989332,False,1.0,1,0.22286757167630478,0.12197141345298967,0,1,1,1,1,1,1
BF16,indexed,native-test-21,1,101.2479659998462,False,1.0,1,0.31482657812346665,0.15202497730808023,0,1,1,1,1,1,1
BF16,indexed_offline_derive,native-test-21,1,,True,1.0,1,0.22697651295079346,0.09709885518268856,0,1,1,1,1,1,1
BF16,json,native-test-21,1,554.7668369999883,False,1.0,1,,,0,1,1,1,1,1,1
Q4_K_M,indexed,native-test-68,1,133.1514870000774,False,0.8333333333333334,0,0.6138038255276218,0.3230068915694064,0,1,1,0,1,1,1
Q4_K_M,indexed_offline_derive,native-test-68,1,,True,0.8333333333333334,0,0.5776400781457665,0.31076450630917024,0,1,1,0,1,1,1
Q4_K_M,aliases,native-test-68,1,121.92198200000348,False,0.8333333333333334,0,0.41061370987804785,0.2389104321887451,0,1,1,0,1,1,1
Q4_K_M,indexed_derive,native-test-68,1,128.87737400001242,False,0.8333333333333334,0,0.5987598979645071,0.28769788569411964,0,1,1,0,1,1,1
Q4_K_M,natural,native-test-68,1,113.76483900016865,False,1.0,1,0.0783065378474788,0.018134092909596073,0,1,1,1,1,1,1
Q4_K_M,natural_offline_derive,native-test-68,1,,True,1.0,1,0.0815367178579917,0.01848875542845606,0,1,1,1,1,1,1
Q4_K_M,natural_derive,native-test-68,1,110.73118399986015,False,1.0,1,0.056688424106938744,0.009257734739595602,0,1,1,1,1,1,1
Q4_K_M,json,native-test-68,1,493.95659300012085,False,0.8333333333333334,0,,,0,1,1,0,1,1,1
Q4_K_M,indexed_derive,native-test-58,1,126.9459289999304,False,0.8333333333333334,0,0.2791435297032126,0.14687351925027378,0,1,1,0,1,1,1
Q4_K_M,aliases,native-test-58,1,119.69983099993442,False,0.8333333333333334,0,0.2448848610395736,0.14343495055363661,0,1,1,0,1,1,1
Q4_K_M,json,native-test-58,1,495.2763840001353,False,0.8333333333333334,0,,,0,1,1,0,1,1,1
Q4_K_M,indexed,native-test-58,1,131.85833700003968,False,0.8333333333333334,0,0.3550643806580916,0.18634522973499257,0,1,1,0,1,1,1
Q4_K_M,indexed_offline_derive,native-test-58,1,,True,0.8333333333333334,0,0.31869180917419254,0.17446886169587994,0,1,1,0,1,1,1
Q4_K_M,natural,native-test-58,1,111.36936499997319,False,0.8333333333333334,0,1.2533179450688616,0.281243691630316,0,1,1,0,1,1,1
Q4_K_M,natural_offline_derive,native-test-58,1,,True,0.8333333333333334,0,1.241388924667157,0.27759132663072655,0,1,1,0,1,1,1
Q4_K_M,natural_derive,native-test-58,1,107.57165499990151,False,0.8333333333333334,0,1.4512046459953574,0.2839480445161583,0,1,1,0,1,1,1
BF16,json,native-test-70,0,555.865353000172,False,0.6666666666666666,0,,,0,0,0,1,1,1,1
BF16,indexed,native-test-70,0,92.80624800021542,False,0.5,0,1.7213549299821336,0.8118134537101586,0,0,0,0,1,1,1
BF16,indexed_offline_derive,native-test-70,0,,True,0.5,0,2.23400011170489,0.8585945190176085,0,0,0,0,1,1,1
BF16,aliases,native-test-70,0,93.79639799999495,False,0.5,0,2.095352361458643,0.7537074054652515,0,0,0,0,1,1,1
BF16,natural_derive,native-test-70,0,74.73206599979676,False,0.6666666666666666,0,2.3565477544323166,0.6659119163492204,0,0,0,1,1,1,1
BF16,natural,native-test-70,0,76.970688000074,False,0.6666666666666666,0,2.183627667706667,0.6504605639278338,0,0,0,1,1,1,1
BF16,natural_offline_derive,native-test-70,0,,True,0.6666666666666666,0,2.9966254293044927,0.666621020048804,0,0,0,1,1,1,1
BF16,indexed_derive,native-test-70,0,88.3678229997713,False,0.5,0,2.329603621043613,0.9284577452771735,0,0,0,0,1,1,1
BF16,aliases,native-test-6,1,87.31284899977254,False,0.8333333333333334,0,0.2446451410499293,0.1695562390663238,0,1,1,0,1,1,1
BF16,json,native-test-6,1,559.2161499998838,False,1.0,1,,,0,1,1,1,1,1,1
BF16,indexed_derive,native-test-6,1,90.32387599972935,False,0.6666666666666666,0,0.4897660405290445,0.3193493269033132,0,1,1,0,1,0,1
BF16,natural_derive,native-test-6,1,75.13347899975997,False,1.0,1,0.023764436323144084,0.0022716704756156475,0,1,1,1,1,1,1
BF16,natural,native-test-6,1,77.54118899993045,False,1.0,1,0.029725054716789958,0.002713435898586591,0,1,1,1,1,1,1
BF16,natural_offline_derive,native-test-6,1,,True,1.0,1,0.02546827200880461,0.002553544321249631,0,1,1,1,1,1,1
BF16,indexed,native-test-6,1,92.68308700029593,False,0.8333333333333334,0,0.2951532556949888,0.1633814649283204,0,1,1,1,1,0,1
BF16,indexed_offline_derive,native-test-6,1,,True,0.8333333333333334,0,0.2844340291494167,0.1623145869697439,0,1,1,1,1,0,1
BF16,natural,native-test-14,0,81.17901599962352,False,1.0,1,0.018507191162826692,0.0009254326545128576,0,1,1,1,1,1,1
BF16,natural_offline_derive,native-test-14,0,,True,1.0,1,0.019267755140889225,0.0009615986764471316,0,1,1,1,1,1,1
BF16,indexed,native-test-14,0,94.68284200011112,False,0.8333333333333334,0,0.4573220174940978,0.2680761009246667,0,1,1,0,1,1,1
BF16,indexed_offline_derive,native-test-14,0,,True,0.8333333333333334,0,0.4225221978598681,0.2569926722738273,0,1,1,0,1,1,1
BF16,aliases,native-test-14,0,88.77452800015817,False,0.8333333333333334,0,0.24131797373976838,0.13721885090275665,0,1,1,0,1,1,1
BF16,indexed_derive,native-test-14,0,91.17145100026391,False,0.8333333333333334,0,0.45474982803487074,0.27653184797839336,0,1,1,0,1,1,1
BF16,natural_derive,native-test-14,0,76.97630699976798,False,1.0,1,0.02224409197062317,0.0016414215209643237,0,1,1,1,1,1,1
BF16,json,native-test-14,0,601.7786770003113,False,0.8333333333333334,0,,,0,1,1,0,1,1,1
Q4_K_M,json,native-test-77,1,504.01690600006077,False,1.0,1,,,0,1,1,1,1,1,1
Q4_K_M,indexed_derive,native-test-77,1,127.62587299994266,False,0.8333333333333334,0,0.2361064296641003,0.12279806590186826,0,1,1,0,1,1,1
Q4_K_M,indexed,native-test-77,1,130.56167299987465,False,0.8333333333333334,0,0.3527400034242303,0.18805329500031776,0,1,1,0,1,1,1
Q4_K_M,indexed_offline_derive,native-test-77,1,,True,0.8333333333333334,0,0.24300336141882475,0.11316922972990333,0,1,1,0,1,1,1
Q4_K_M,natural,native-test-77,1,110.6157759998041,False,0.6666666666666666,0,1.446559072024568,0.47057738539912847,1,1,0,0,1,1,1
Q4_K_M,natural_offline_derive,native-test-77,1,,True,0.8333333333333334,0,1.1915935381485094,0.27525145389139716,0,1,1,0,1,1,1
Q4_K_M,aliases,native-test-77,1,119.57203599990862,False,0.6666666666666666,0,0.5473628385564674,0.3764261224400172,1,1,0,0,1,1,1
Q4_K_M,natural_derive,native-test-77,1,107.57790399998157,False,0.8333333333333334,0,1.3361795143113844,0.27084837781228116,0,1,1,0,1,1,1
BF16,indexed,native-test-74,0,95.42992900014724,False,0.8333333333333334,0,0.5639884001756843,0.3441874281724906,0,1,1,0,1,1,1
BF16,indexed_offline_derive,native-test-74,0,,True,0.8333333333333334,0,0.520442299051059,0.32564030212852574,0,1,1,0,1,1,1
BF16,aliases,native-test-74,0,89.20819600007235,False,1.0,1,0.3194333538497178,0.16709407481022553,0,1,1,1,1,1,1
BF16,natural_derive,native-test-74,0,77.29671400011284,False,0.8333333333333334,0,0.8383339613311273,0.29988364498794484,0,1,1,1,0,1,1
BF16,natural,native-test-74,0,80.09176399991702,False,0.8333333333333334,0,0.7894778580451725,0.29223935319994854,0,1,1,1,0,1,1
BF16,natural_offline_derive,native-test-74,0,,True,0.8333333333333334,0,0.7760406637851193,0.2897617176176546,0,1,1,1,0,1,1
BF16,indexed_derive,native-test-74,0,92.14341500000955,False,0.8333333333333334,0,0.48230950149041396,0.2867770486748534,0,1,1,0,1,1,1
BF16,json,native-test-74,0,601.8796339999426,False,0.8333333333333334,0,,,0,1,1,0,1,1,1
Q4_K_M,json,native-test-7,1,490.9018079999896,False,0.8333333333333334,0,,,0,1,1,0,1,1,1
Q4_K_M,indexed,native-test-7,1,129.55935300010424,False,0.5,0,0.6898966341044543,0.46640789810395117,0,1,1,0,0,1,0
Q4_K_M,indexed_offline_derive,native-test-7,1,,True,0.5,0,0.6494540176011183,0.45261721651564174,0,1,1,0,0,1,0
Q4_K_M,indexed_derive,native-test-7,1,125.49138800000037,False,0.5,0,0.7317082931877743,0.4874108513954964,0,1,1,0,0,1,0
Q4_K_M,aliases,native-test-7,1,118.69499899989933,False,0.8333333333333334,0,0.31950135041609184,0.1908050415327077,0,1,1,1,0,1,1
Q4_K_M,natural,native-test-7,1,109.94677600001523,False,0.8333333333333334,0,1.1693075945834448,0.3605575631241513,0,1,1,1,0,1,1
Q4_K_M,natural_offline_derive,native-test-7,1,,True,0.8333333333333334,0,1.1588517030107404,0.3571822994527136,0,1,1,1,0,1,1
Q4_K_M,natural_derive,native-test-7,1,106.4875160000156,False,0.8333333333333334,0,1.2095836160124809,0.3453701492738559,0,1,1,1,0,1,1
BF16,natural_derive,native-test-42,0,76.02063300009831,False,1.0,1,0.03922226029392682,0.00407915104000407,0,1,1,1,1,1,1
BF16,natural,native-test-42,0,79.1583840000385,False,1.0,1,0.06326770457786625,0.008682522239801392,0,1,1,1,1,1,1
BF16,natural_offline_derive,native-test-42,0,,True,1.0,1,0.05080396543229751,0.007317256618462139,0,1,1,1,1,1,1
BF16,indexed,native-test-42,0,94.72615399999995,False,0.8333333333333334,0,0.45218003371268334,0.24010336326741558,0,1,1,0,1,1,1
BF16,indexed_offline_derive,native-test-42,0,,True,0.8333333333333334,0,0.41284861097741016,0.22750038686130977,0,1,1,0,1,1,1
BF16,indexed_derive,native-test-42,0,90.62534900022001,False,0.8333333333333334,0,0.4997778909091732,0.2898790777928281,0,1,1,0,1,1,1
BF16,json,native-test-42,0,559.9760899999637,False,1.0,1,,,0,1,1,1,1,1,1
BF16,aliases,native-test-42,0,88.52649099981136,False,0.8333333333333334,0,0.3412362697359532,0.158031028687628,0,1,1,0,1,1,1
Q4_K_M,indexed,native-test-4,1,133.52363399985734,False,0.5,0,1.732037185336111,0.7752939346043658,0,0,0,0,1,1,1
Q4_K_M,indexed_offline_derive,native-test-4,1,,True,0.5,0,2.375721775304177,0.8542910836426598,0,0,0,0,1,1,1
Q4_K_M,json,native-test-4,1,485.12368000001516,False,0.6666666666666666,0,,,0,0,0,1,1,1,1
Q4_K_M,natural_derive,native-test-4,1,110.62907099994845,False,0.6666666666666666,0,2.7695238964161284,0.6921226494294745,0,0,0,1,1,1,1
Q4_K_M,aliases,native-test-4,1,121.95699099993362,False,0.6666666666666666,0,1.8049733867010722,0.6515276802246094,0,0,0,1,1,1,1
Q4_K_M,natural,native-test-4,1,112.93608000005406,False,0.6666666666666666,0,2.055412509002763,0.6504718930681462,0,0,0,1,1,1,1
Q4_K_M,natural_offline_derive,native-test-4,1,,True,0.6666666666666666,0,2.959635549403062,0.6780794639051823,0,0,0,1,1,1,1
Q4_K_M,indexed_derive,native-test-4,1,128.7859850001496,False,0.5,0,2.1935741495571572,0.8625992433068865,0,0,0,0,1,1,1
BF16,aliases,native-test-61,1,95.25284799974543,False,0.8333333333333334,0,0.32576606206198555,0.18841815586085756,0,1,1,1,0,1,1
BF16,natural,native-test-61,1,78.25176599999395,False,0.8333333333333334,0,1.4341510097246208,0.3725998373619113,0,1,1,1,0,1,1
BF16,natural_offline_derive,native-test-61,1,,True,0.8333333333333334,0,1.4137792803656044,0.36159335708015744,0,1,1,1,0,1,1
BF16,json,native-test-61,1,571.2489009997626,False,0.8333333333333334,0,,,0,1,1,0,1,1,1
BF16,indexed,native-test-61,1,93.51834399967629,False,0.5,0,0.7568911552148898,0.5114557149184972,0,1,1,0,1,0,0
BF16,indexed_offline_derive,native-test-61,1,,True,0.5,0,0.721460793763808,0.5004131891792005,0,1,1,0,1,0,0
BF16,indexed_derive,native-test-61,1,89.46034399968994,False,0.5,0,0.7994609741922662,0.5364500801413205,0,1,1,0,1,0,0
BF16,natural_derive,native-test-61,1,74.77687100026742,False,0.8333333333333334,0,1.43240879729929,0.361377005742234,0,1,1,1,0,1,1
Q4_K_M,indexed,native-test-63,1,132.03113200006555,False,0.3333333333333333,0,0.8100959489640909,0.5430429737762943,1,1,0,0,1,0,0
Q4_K_M,indexed_offline_derive,native-test-63,1,,True,0.5,0,0.6559203743109504,0.41987099239129,0,1,1,0,1,0,0
Q4_K_M,natural,native-test-63,1,111.74475400002848,False,0.8333333333333334,0,0.38036270345088014,0.24219109983099976,1,1,0,1,1,1,1
Q4_K_M,natural_offline_derive,native-test-63,1,,True,1.0,1,0.07935515239715955,0.016425388176058226,0,1,1,1,1,1,1
Q4_K_M,aliases,native-test-63,1,120.1786459998857,False,0.8333333333333334,0,0.6593656254451373,0.3313604918882096,1,1,0,1,1,1,1
Q4_K_M,indexed_derive,native-test-63,1,127.06004799997572,False,0.6666666666666666,0,0.8427390570706724,0.5455988943452055,0,1,1,0,1,0,1
Q4_K_M,json,native-test-63,1,497.8052700000717,False,0.3333333333333333,0,,,0,0,0,0,1,1,0
Q4_K_M,natural_derive,native-test-63,1,108.63487599999644,False,1.0,1,0.14042472219998517,0.04483719269295646,0,1,1,1,1,1,1
BF16,natural,native-test-34,0,87.80891499964127,False,0.8333333333333334,0,0.9732840238695348,0.3412834415000714,0,1,1,1,0,1,1
BF16,natural_offline_derive,native-test-34,0,,True,0.8333333333333334,0,0.9573549738486156,0.3358411190952026,0,1,1,1,0,1,1
BF16,json,native-test-34,0,571.0878279996905,False,0.8333333333333334,0,,,0,1,1,0,1,1,1
BF16,indexed_derive,native-test-34,0,92.21744799970111,False,0.6666666666666666,0,0.5498638951047504,0.34944359949261483,0,1,1,0,1,1,0
BF16,natural_derive,native-test-34,0,77.07814000013968,False,0.8333333333333334,0,0.9451025317114251,0.3526691173231804,0,1,1,1,0,1,1
BF16,aliases,native-test-34,0,88.7005469999167,False,1.0,1,0.1999597495905039,0.089711998174469,0,1,1,1,1,1,1
BF16,indexed,native-test-34,0,94.4644100000005,False,0.6666666666666666,0,0.5625900550232862,0.3652381670096747,0,1,1,0,1,1,0
BF16,indexed_offline_derive,native-test-34,0,,True,0.6666666666666666,0,0.5370084972571142,0.35972708241886386,0,1,1,0,1,1,0
BF16,indexed,native-test-10,0,99.7119090002343,False,0.6666666666666666,0,0.5096119222062336,0.32384538533257784,0,1,1,0,1,1,0
BF16,indexed_offline_derive,native-test-10,0,,True,0.6666666666666666,0,0.48309818987172465,0.31801559126839873,0,1,1,0,1,1,0
BF16,aliases,native-test-10,0,84.49317299982795,False,1.0,1,0.2068044104220018,0.09219371505497327,0,1,1,1,1,1,1
BF16,natural_derive,native-test-10,0,74.42396700025711,False,0.8333333333333334,0,0.7319396898628691,0.3365779988859594,0,1,1,1,0,1,1
BF16,natural,native-test-10,0,77.6211429997602,False,0.8333333333333334,0,0.7386985737092449,0.3411588334763138,0,1,1,1,0,1,1
BF16,natural_offline_derive,native-test-10,0,,True,0.8333333333333334,0,0.7251252379664992,0.3338620406980419,0,1,1,1,0,1,1
BF16,json,native-test-10,0,573.7232030000996,False,0.8333333333333334,0,,,0,1,1,0,1,1,1
BF16,indexed_derive,native-test-10,0,89.5638889996917,False,0.6666666666666666,0,0.5224613395581401,0.3337368675412864,0,1,1,0,1,1,0
Q4_K_M,indexed_derive,native-test-73,1,127.6489730000776,False,0.6666666666666666,0,0.6580466623174931,0.3565587624902394,0,1,1,0,0,1,1
Q4_K_M,indexed,native-test-73,1,131.61864300013804,False,0.5,0,0.7366020264773812,0.446746963666532,0,1,1,0,0,1,0
Q4_K_M,indexed_offline_derive,native-test-73,1,,True,0.5,0,0.6787944573235681,0.423270761609386,0,1,1,0,0,1,0
Q4_K_M,natural_derive,native-test-73,1,108.83829500016873,False,0.8333333333333334,0,0.9283804441805067,0.3563531892964989,0,1,1,1,0,1,1
Q4_K_M,json,native-test-73,1,499.2829679999886,False,1.0,1,,,0,1,1,1,1,1,1
Q4_K_M,aliases,native-test-73,1,120.98550099995009,False,0.6666666666666666,0,0.4894060381074505,0.31188201295961865,0,1,1,0,0,1,1
Q4_K_M,natural,native-test-73,1,110.8867329999157,False,0.8333333333333334,0,0.9100608929861765,0.3617178418850826,0,1,1,1,0,1,1
Q4_K_M,natural_offline_derive,native-test-73,1,,True,0.8333333333333334,0,0.8886175118920377,0.35312438975896837,0,1,1,1,0,1,1
BF16,json,native-test-9,0,574.9640220001311,False,0.8333333333333334,0,,,0,1,1,1,0,1,1
BF16,indexed_derive,native-test-9,0,92.67441999963921,False,0.8333333333333334,0,0.39176181864000365,0.21751388372979472,0,1,1,0,1,1,1
BF16,aliases,native-test-9,0,89.13789899997937,False,0.8333333333333334,0,0.44993212645898956,0.28817348621236855,1,1,0,1,1,1,1
BF16,indexed,native-test-9,0,94.8620019998998,False,0.8333333333333334,0,0.48162054959187667,0.274833167269897,0,1,1,0,1,1,1
BF16,indexed_offline_derive,native-test-9,0,,True,0.8333333333333334,0,0.3807976842166445,0.21011770683098363,0,1,1,0,1,1,1
BF16,natural_derive,native-test-9,0,77.24403800011714,False,0.8333333333333334,0,1.0924765338327267,0.32724024227019255,0,1,1,1,0,1,1
BF16,natural,native-test-9,0,79.85907600004793,False,0.6666666666666666,0,1.0788558725581265,0.4132952207457503,1,1,0,1,0,1,1
BF16,natural_offline_derive,native-test-9,0,,True,0.8333333333333334,0,0.9525002485196712,0.3266021313915511,0,1,1,1,0,1,1
BF16,indexed,native-test-10,1,92.22338600011426,False,0.6666666666666666,0,0.5088256417104465,0.32367614138734285,0,1,1,0,1,1,0
BF16,indexed_offline_derive,native-test-10,1,,True,0.6666666666666666,0,0.4826810237002994,0.31799312069657787,0,1,1,0,1,1,0
BF16,natural_derive,native-test-10,1,74.17956500012224,False,0.8333333333333334,0,0.7306017948883058,0.33647215529783586,0,1,1,1,0,1,1
BF16,indexed_derive,native-test-10,1,88.64686900005836,False,0.6666666666666666,0,0.5218243690466907,0.33291000068132165,0,1,1,0,1,1,0
BF16,aliases,native-test-10,1,85.75423299998874,False,1.0,1,0.20613379229775633,0.09174501873917273,0,1,1,1,1,1,1
BF16,natural,native-test-10,1,76.76302500021848,False,0.8333333333333334,0,0.7373240657845783,0.3413374814889652,0,1,1,1,0,1,1
BF16,natural_offline_derive,native-test-10,1,,True,0.8333333333333334,0,0.7234905995514481,0.3338743316965793,0,1,1,1,0,1,1
BF16,json,native-test-10,1,567.7901290000591,False,0.8333333333333334,0,,,0,1,1,0,1,1,1
Q4_K_M,json,native-test-4,0,481.17826399993646,False,0.6666666666666666,0,,,0,0,0,1,1,1,1
Q4_K_M,aliases,native-test-4,0,122.50837400006276,False,0.6666666666666666,0,1.825375443070042,0.6545326023384642,0,0,0,1,1,1,1
Q4_K_M,natural_derive,native-test-4,0,109.93429900008778,False,0.6666666666666666,0,2.7846933360042736,0.687046192837356,0,0,0,1,1,1,1
Q4_K_M,indexed_derive,native-test-4,0,128.83979699995507,False,0.5,0,2.186953653291591,0.8503680375413479,0,0,0,0,1,1,1
Q4_K_M,indexed,native-test-4,0,133.34038599987252,False,0.5,0,1.7371493216204945,0.7756176275773501,0,0,0,0,1,1,1
Q4_K_M,indexed_offline_derive,native-test-4,0,,True,0.5,0,2.3736402405128074,0.8491165939782802,0,0,0,0,1,1,1
Q4_K_M,natural,native-test-4,0,113.17414899986034,False,0.6666666666666666,0,2.0035921168689037,0.6524883946591973,0,0,0,1,1,1,1
Q4_K_M,natural_offline_derive,native-test-4,0,,True,0.6666666666666666,0,2.8428907976415565,0.6810737352098872,0,0,0,1,1,1,1
Q4_K_M,indexed,native-test-24,1,142.4484950000533,False,0.8333333333333334,0,0.35663324235286464,0.19534963548773263,0,1,1,1,1,0,1
Q4_K_M,indexed_offline_derive,native-test-24,1,,True,0.8333333333333334,0,0.33927339780132676,0.19267318794025043,0,1,1,1,1,0,1
Q4_K_M,natural_derive,native-test-24,1,111.22549600008824,False,1.0,1,0.051671402505818496,0.008902395652464801,0,1,1,1,1,1,1
Q4_K_M,natural,native-test-24,1,113.91061800009084,False,1.0,1,0.05992765891212213,0.00978734519515743,0,1,1,1,1,1,1
Q4_K_M,natural_offline_derive,native-test-24,1,,True,1.0,1,0.051975165974159576,0.009220198739883159,0,1,1,1,1,1,1
Q4_K_M,json,native-test-24,1,487.1726270000636,False,1.0,1,,,0,1,1,1,1,1,1
Q4_K_M,indexed_derive,native-test-24,1,130.01054899996234,False,0.8333333333333334,0,0.39221904125706547,0.23395469473283206,0,1,1,0,1,1,1
Q4_K_M,aliases,native-test-24,1,123.81471999992755,False,0.8333333333333334,0,0.31266966381089717,0.19987138763449375,0,1,1,0,1,1,1
BF16,aliases,native-test-14,1,90.08815900006084,False,0.8333333333333334,0,0.24381968259555234,0.13899363592963637,0,1,1,0,1,1,1
BF16,natural_derive,native-test-14,1,77.83272899996518,False,1.0,1,0.02215612724304744,0.0016323137585538185,0,1,1,1,1,1,1
BF16,json,native-test-14,1,603.4688360000473,False,0.8333333333333334,0,,,0,1,1,0,1,1,1
BF16,indexed_derive,native-test-14,1,92.3085929998706,False,0.8333333333333334,0,0.4548842084273397,0.276757442430444,0,1,1,0,1,1,1
BF16,indexed,native-test-14,1,94.69721300001765,False,0.8333333333333334,0,0.4602201803023282,0.2696871679749962,0,1,1,0,1,1,1
BF16,indexed_offline_derive,native-test-14,1,,True,0.8333333333333334,0,0.4248250215947129,0.25830235800730916,0,1,1,0,1,1,1
BF16,natural,native-test-14,1,80.13009499973123,False,1.0,1,0.01846484827008198,0.0009289816190258272,0,1,1,1,1,1,1
BF16,natural_offline_derive,native-test-14,1,,True,1.0,1,0.019215881633709717,0.0009636749484182753,0,1,1,1,1,1,1
BF16,json,native-test-37,1,568.2875489997059,False,1.0,1,,,0,1,1,1,1,1,1
BF16,natural_derive,native-test-37,1,76.65076699959172,False,0.6666666666666666,0,2.2848920456341255,0.660236498853146,0,1,1,0,0,1,1
BF16,aliases,native-test-37,1,87.43753899989315,False,0.6666666666666666,0,0.33792291191135254,0.23301690667654232,0,1,1,0,0,1,1
BF16,indexed,native-test-37,1,100.43227599999227,False,0.8333333333333334,0,0.304177748670706,0.15174649470451496,0,1,1,1,0,1,1
BF16,indexed_offline_derive,native-test-37,1,,True,0.8333333333333334,0,0.2718907464522456,0.14234797909182187,0,1,1,1,0,1,1
BF16,indexed_derive,native-test-37,1,90.09141900014583,False,1.0,1,0.2663031149724288,0.12298562865268954,0,1,1,1,1,1,1
BF16,natural,native-test-37,1,78.68090500005565,False,0.6666666666666666,0,2.0975651609774895,0.6606010325114637,0,1,1,0,0,1,1
BF16,natural_offline_derive,native-test-37,1,,True,0.6666666666666666,0,2.0799126647997164,0.6535954689502803,0,1,1,0,0,1,1
Q4_K_M,json,native-test-1,1,498.81110599994827,False,1.0,1,,,0,1,1,1,1,1,1
Q4_K_M,indexed_derive,native-test-1,1,125.39292599990404,False,0.6666666666666666,0,0.6934429801471681,0.39198878574332174,0,1,1,0,0,1,1
Q4_K_M,aliases,native-test-1,1,117.5637999999708,False,0.8333333333333334,0,0.3800963664929706,0.1987328329423469,0,1,1,1,0,1,1
Q4_K_M,indexed,native-test-1,1,136.01312900004814,False,0.5,0,0.730230254280372,0.43586213793481127,0,1,1,0,0,1,0
Q4_K_M,indexed_offline_derive,native-test-1,1,,True,0.5,0,0.6678801695507515,0.40857450772354503,0,1,1,0,0,1,0
Q4_K_M,natural,native-test-1,1,108.71697100014899,False,0.8333333333333334,0,0.26064683048241594,0.14506170631582496,0,1,1,1,0,1,1
Q4_K_M,natural_offline_derive,native-test-1,1,,True,0.8333333333333334,0,0.22151352842330774,0.1256048433257446,0,1,1,1,0,1,1
Q4_K_M,natural_derive,native-test-1,1,105.2943449999475,False,0.8333333333333334,0,0.31934034817827506,0.21206249464150675,0,1,1,1,0,1,1
Q4_K_M,indexed,native-test-50,0,127.12192699996194,False,0.6666666666666666,0,0.5253237601904853,0.3564205800909693,0,1,1,0,1,1,0
Q4_K_M,indexed_offline_derive,native-test-50,0,,True,0.6666666666666666,0,0.461447850824487,0.3199130252831262,0,1,1,0,1,1,0
Q4_K_M,natural_derive,native-test-50,0,103.09236400007649,False,1.0,1,0.02509916024584063,0.002478878154810839,0,1,1,1,1,1,1
Q4_K_M,aliases,native-test-50,0,115.02063100010673,False,0.8333333333333334,0,0.41738602489410304,0.27040623179735207,1,1,0,1,1,1,1
Q4_K_M,json,native-test-50,0,497.3801639998783,False,0.8333333333333334,0,,,0,1,1,0,1,1,1
Q4_K_M,indexed_derive,native-test-50,0,123.32495999999082,False,0.8333333333333334,0,0.4314544754898752,0.259923129030816,0,1,1,0,1,1,1
Q4_K_M,natural,native-test-50,0,106.7885740001202,False,0.8333333333333334,0,0.2385262967468218,0.15860639196282908,1,1,0,1,1,1,1
Q4_K_M,natural_offline_derive,native-test-50,0,,True,1.0,1,0.038274064384762975,0.006974943556225437,0,1,1,1,1,1,1
BF16,json,native-test-31,1,611.5150979999271,False,1.0,1,,,0,1,1,1,1,1,1
BF16,natural,native-test-31,1,79.38620999993873,False,0.8333333333333334,0,1.308856897719773,0.40383927632338296,0,1,1,0,1,1,1
BF16,natural_offline_derive,native-test-31,1,,True,0.8333333333333334,0,1.4077156716651977,0.47424935406738283,0,1,1,0,1,1,1
BF16,indexed,native-test-31,1,93.2977799998298,False,0.8333333333333334,0,0.5363260032543978,0.3120962388182471,1,0,1,1,1,1,1
BF16,indexed_offline_derive,native-test-31,1,,True,0.6666666666666666,0,0.6787458912511949,0.44084948466750545,0,0,0,1,1,1,1
BF16,indexed_derive,native-test-31,1,90.05993199980367,False,0.8333333333333334,0,0.4634750486220383,0.23008589144633418,0,1,1,1,1,0,1
BF16,natural_derive,native-test-31,1,75.8248319998529,False,0.8333333333333334,0,1.4533631459342702,0.457756356684643,0,1,1,0,1,1,1
BF16,aliases,native-test-31,1,87.42010600008143,False,0.6666666666666666,0,0.7984578493487913,0.46708842756234564,1,0,1,0,1,1,1
BF16,natural_derive,native-test-54,1,79.04510599973946,False,0.8333333333333334,0,1.6899427120827992,0.4170114003943906,0,1,1,0,1,1,1
BF16,json,native-test-54,1,619.7747819996948,False,0.5,0,,,0,0,0,0,1,1,1
BF16,natural,native-test-54,1,81.25995299997157,False,0.5,0,1.9033280700193753,0.6558000181408196,0,0,0,0,1,1,1
BF16,natural_offline_derive,native-test-54,1,,True,0.5,0,1.6568386708884655,0.5292598230380935,0,0,0,0,1,1,1
BF16,indexed,native-test-54,1,95.02349500007767,False,0.8333333333333334,0,0.49691418281833205,0.28489536827757284,1,1,0,1,1,1,1
BF16,indexed_offline_derive,native-test-54,1,,True,1.0,1,0.18540681019378,0.06483269022156417,0,1,1,1,1,1,1
BF16,indexed_derive,native-test-54,1,91.84931100026006,False,0.8333333333333334,0,0.3180613283352187,0.14742343814250156,0,1,1,0,1,1,1
BF16,aliases,native-test-54,1,89.67735899977924,False,0.6666666666666666,0,0.7657769034243455,0.3980972509789495,1,1,0,0,1,1,1
BF16,indexed_derive,native-test-33,1,91.54955900021378,False,0.5,0,0.7472240391611767,0.4527002197472599,0,0,0,1,1,0,1
BF16,natural_derive,native-test-33,1,77.36376799994105,False,0.8333333333333334,0,1.3607828276283238,0.3522082117462583,0,1,1,0,1,1,1
BF16,indexed,native-test-33,1,94.8393980002038,False,0.6666666666666666,0,0.6569860849528899,0.4147072046960703,1,1,0,1,1,0,1
BF16,indexed_offline_derive,native-test-33,1,,True,0.8333333333333334,0,0.437968099776925,0.23942298637841394,0,1,1,1,1,0,1
BF16,aliases,native-test-33,1,88.80269700011922,False,0.6666666666666666,0,0.8161352466675106,0.46664540947485406,1,1,0,0,1,1,1
BF16,natural,native-test-33,1,79.65929099964342,False,0.6666666666666666,0,1.6337977755001678,0.5864835163153109,1,1,0,0,1,1,1
BF16,natural_offline_derive,native-test-33,1,,True,0.8333333333333334,0,1.3100910462721969,0.34903806504574214,0,1,1,0,1,1,1
BF16,json,native-test-33,1,611.7910989996744,False,0.6666666666666666,0,,,0,0,0,1,1,1,1
Q4_K_M,aliases,native-test-81,0,117.47118700009196,False,0.8333333333333334,0,0.387261733065287,0.23717712447577743,0,1,1,0,1,1,1
Q4_K_M,natural_derive,native-test-81,0,104.90896000010252,False,0.6666666666666666,0,2.073199328915812,0.6413319693825776,0,1,1,0,0,1,1
Q4_K_M,indexed_derive,native-test-81,0,123.60186899991277,False,1.0,1,0.19643636461581157,0.07607561028259588,0,1,1,1,1,1,1
Q4_K_M,json,native-test-81,0,479.1165540000293,False,1.0,1,,,0,1,1,1,1,1,1
Q4_K_M,natural,native-test-81,0,109.3176870001571,False,0.5,0,2.0941836742915965,0.788754321294745,1,1,0,0,0,1,1
Q4_K_M,natural_offline_derive,native-test-81,0,,True,0.6666666666666666,0,1.9113488818611335,0.6484020552743385,0,1,1,0,0,1,1
Q4_K_M,indexed,native-test-81,0,128.4100830000625,False,0.8333333333333334,0,0.38676774520356766,0.2156944689597818,1,1,0,1,1,1,1
Q4_K_M,indexed_offline_derive,native-test-81,0,,True,1.0,1,0.26085456326538464,0.12645898290305935,0,1,1,1,1,1,1
Q4_K_M,aliases,native-test-35,0,115.86963399986416,False,1.0,1,0.21608197096292234,0.09755311110620281,0,1,1,1,1,1,1
Q4_K_M,natural,native-test-35,0,110.79540400010046,False,0.8333333333333334,0,0.9009244686842477,0.290533629714599,0,1,1,0,1,1,1
Q4_K_M,natural_offline_derive,native-test-35,0,,True,0.8333333333333334,0,0.9008558121759441,0.29053614874204525,0,1,1,0,1,1,1
Q4_K_M,natural_derive,native-test-35,0,103.97847700005514,False,0.8333333333333334,0,1.2144268494991397,0.2991700664684085,0,1,1,0,1,1,1
Q4_K_M,json,native-test-35,0,489.88997400010703,False,1.0,1,,,0,1,1,1,1,1,1
Q4_K_M,indexed,native-test-35,0,127.8676459999133,False,1.0,1,0.37843162229791555,0.1834600393495894,0,1,1,1,1,1,1
Q4_K_M,indexed_offline_derive,native-test-35,0,,True,1.0,1,0.34081289153974303,0.1688911257944061,0,1,1,1,1,1,1
Q4_K_M,indexed_derive,native-test-35,0,122.67219299997123,False,0.8333333333333334,0,0.370794368848423,0.1914403940153443,0,1,1,1,0,1,1
Q4_K_M,aliases,native-test-12,0,121.33382800016079,False,0.8333333333333334,0,0.35586132154284317,0.23346938780880866,0,1,1,0,1,1,1
Q4_K_M,indexed,native-test-12,0,131.43359799983045,False,1.0,1,0.3812252138738084,0.2036591664635153,0,1,1,1,1,1,1
Q4_K_M,indexed_offline_derive,native-test-12,0,,True,1.0,1,0.3360222374100433,0.1873581824809277,0,1,1,1,1,1,1
Q4_K_M,natural,native-test-12,0,111.52065299984315,False,0.6666666666666666,0,0.8089997790391478,0.4824545236423903,1,1,0,1,0,1,1
Q4_K_M,natural_offline_derive,native-test-12,0,,True,0.8333333333333334,0,0.5870069505898193,0.31166749037222946,0,1,1,1,0,1,1
Q4_K_M,json,native-test-12,0,482.91093500006355,False,1.0,1,,,0,1,1,1,1,1,1
Q4_K_M,natural_derive,native-test-12,0,108.66067400002066,False,0.8333333333333334,0,0.7733313889039602,0.32483987697256406,0,1,1,1,0,1,1
Q4_K_M,indexed_derive,native-test-12,0,126.88125899990155,False,0.8333333333333334,0,0.36177324157322094,0.20179320742932016,0,1,1,0,1,1,1
BF16,aliases,native-test-16,0,89.80110199991032,False,0.6666666666666666,0,0.706984051529199,0.41048771062757594,1,0,1,0,1,1,1
BF16,indexed,native-test-16,0,94.71152400010396,False,0.6666666666666666,0,0.7805037558237343,0.4636928241048479,1,0,1,0,1,1,1
BF16,indexed_offline_derive,native-test-16,0,,True,0.5,0,0.9123054344051527,0.5864519707282431,0,0,0,0,1,1,1
BF16,natural,native-test-16,0,79.8719180002081,False,0.6666666666666666,0,0.3375780169945566,0.2133937301267024,1,0,1,0,1,1,1
BF16,natural_offline_derive,native-test-16,0,,True,0.5,0,0.4438092971742511,0.3017814152319775,0,0,0,0,1,1,1
BF16,indexed_derive,native-test-16,0,91.358241999842,False,0.5,0,0.9760615573732445,0.5810915437900755,0,0,0,0,1,1,1
BF16,json,native-test-16,0,613.2146770000872,False,0.6666666666666666,0,,,0,1,1,0,1,1,0
BF16,natural_derive,native-test-16,0,77.6424489999954,False,0.5,0,0.5495730701912854,0.41291763646233376,0,0,0,0,1,1,1
Q4_K_M,aliases,native-test-28,0,122.11089199990965,False,1.0,1,0.23290575112605574,0.11537515928823484,0,1,1,1,1,1,1
Q4_K_M,natural_derive,native-test-28,0,109.87548000002789,False,0.8333333333333334,0,0.9686913278978836,0.3414878402287546,0,1,1,0,1,1,1
Q4_K_M,natural,native-test-28,0,112.93527600014386,False,0.8333333333333334,0,0.5317910368204302,0.34401618186342947,0,1,1,0,1,1,1
Q4_K_M,natural_offline_derive,native-test-28,0,,True,0.8333333333333334,0,0.4220376274514144,0.2660650522490015,0,1,1,0,1,1,1
Q4_K_M,indexed_derive,native-test-28,0,128.70022900006006,False,1.0,1,0.13221546824826735,0.024396853975530663,0,1,1,1,1,1,1
Q4_K_M,json,native-test-28,0,490.2991409999231,False,1.0,1,,,0,1,1,1,1,1,1
Q4_K_M,indexed,native-test-28,0,133.8844069998686,False,1.0,1,0.22238599829142391,0.08152540838473211,0,1,1,1,1,1,1
Q4_K_M,indexed_offline_derive,native-test-28,0,,True,1.0,1,0.14725764174610578,0.042087189382250374,0,1,1,1,1,1,1
BF16,natural,native-test-40,1,79.20275999958903,False,0.8333333333333334,0,1.103829652927515,0.37810166280535595,0,1,1,1,0,1,1
BF16,natural_offline_derive,native-test-40,1,,True,0.8333333333333334,0,1.0978025796165547,0.3751642095723664,0,1,1,1,0,1,1
BF16,natural_derive,native-test-40,1,75.38605499985351,False,0.8333333333333334,0,1.1476966703379172,0.3673736208167094,0,1,1,1,0,1,1
BF16,aliases,native-test-40,1,87.13910599999508,False,1.0,1,0.27549368869472163,0.12004418816298153,0,1,1,1,1,1,1
BF16,indexed,native-test-40,1,100.74052299978575,False,0.8333333333333334,0,0.4961506542556439,0.30410842114483544,0,1,1,0,1,1,1
BF16,indexed_offline_derive,native-test-40,1,,True,0.8333333333333334,0,0.4714938404133411,0.2983192986068203,0,1,1,0,1,1,1
BF16,json,native-test-40,1,573.9391259999138,False,0.6666666666666666,0,,,0,1,1,0,1,1,0
BF16,indexed_derive,native-test-40,1,90.96608199979528,False,0.8333333333333334,0,0.5619906139654522,0.3439038131782568,0,1,1,0,1,1,1
BF16,aliases,native-test-34,1,89.94615500023428,False,1.0,1,0.20095406412477276,0.09073617231024812,0,1,1,1,1,1,1
BF16,json,native-test-34,1,573.5721829996692,False,0.8333333333333334,0,,,0,1,1,0,1,1,1
BF16,indexed_derive,native-test-34,1,92.66696899976523,False,0.6666666666666666,0,0.5514838165089853,0.3503748093917185,0,1,1,0,1,1,0
BF16,indexed,native-test-34,1,95.30648999998448,False,0.6666666666666666,0,0.5662364561544685,0.36764592158895065,0,1,1,0,1,1,0
BF16,indexed_offline_derive,native-test-34,1,,True,0.6666666666666666,0,0.5406124916757062,0.36211857738341063,0,1,1,0,1,1,0
BF16,natural_derive,native-test-34,1,77.58566400025302,False,0.8333333333333334,0,0.9448051778821992,0.35180638058809105,0,1,1,1,0,1,1
BF16,natural,native-test-34,1,79.86811499995383,False,0.8333333333333334,0,0.9696304074731183,0.3413330393279878,0,1,1,1,0,1,1
BF16,natural_offline_derive,native-test-34,1,,True,0.8333333333333334,0,0.9545734391772941,0.33615262429925413,0,1,1,1,0,1,1
Q4_K_M,aliases,native-test-17,1,127.21353100005217,False,0.8333333333333334,0,0.5210502838234766,0.3089364072428783,0,1,1,0,1,1,1
Q4_K_M,natural,native-test-17,1,111.43926399995507,False,1.0,1,0.16054022493193826,0.07830664131510585,0,1,1,1,1,1,1
Q4_K_M,natural_offline_derive,native-test-17,1,,True,1.0,1,0.15919087969084617,0.07819549560373253,0,1,1,1,1,1,1
Q4_K_M,indexed,native-test-17,1,130.83208099988042,False,0.6666666666666666,0,0.7391134860694272,0.393251238613229,0,1,1,0,0,1,1
Q4_K_M,indexed_offline_derive,native-test-17,1,,True,0.6666666666666666,0,0.6793277687493383,0.3597519175506503,0,1,1,0,0,1,1
Q4_K_M,indexed_derive,native-test-17,1,126.34178000007523,False,0.6666666666666666,0,0.6892369217928628,0.34609962525716415,0,1,1,0,0,1,1
Q4_K_M,json,native-test-17,1,503.0223350001961,False,1.0,1,,,0,1,1,1,1,1,1
Q4_K_M,natural_derive,native-test-17,1,109.66647899999771,False,1.0,1,0.15000294106300174,0.08170266491195528,0,1,1,1,1,1,1
Q4_K_M,indexed_derive,native-test-78,0,126.55685699996866,False,0.8333333333333334,0,0.3128689784761999,0.19513512330861585,0,1,1,0,1,1,1
Q4_K_M,natural_derive,native-test-78,0,107.21274799993807,False,1.0,1,0.025769982619475777,0.004994259305719658,0,1,1,1,1,1,1
Q4_K_M,natural,native-test-78,0,110.90022000007593,False,1.0,1,0.014226041914035148,0.0006531326759361495,0,1,1,1,1,1,1
Q4_K_M,natural_offline_derive,native-test-78,0,,True,1.0,1,0.008744143167836711,0.00038410182771499087,0,1,1,1,1,1,1
Q4_K_M,indexed,native-test-78,0,130.47249600003852,False,0.6666666666666666,0,0.32742286908505563,0.21409292539744007,0,1,1,0,1,0,1
Q4_K_M,indexed_offline_derive,native-test-78,0,,True,0.6666666666666666,0,0.3180748526581066,0.2132948180260751,0,1,1,0,1,0,1
Q4_K_M,json,native-test-78,0,483.07722000004105,False,1.0,1,,,0,1,1,1,1,1,1
Q4_K_M,aliases,native-test-78,0,120.57191300004888,False,0.8333333333333334,0,0.20540684590884697,0.1336133690153483,0,1,1,0,1,1,1
Q4_K_M,indexed_derive,native-test-33,1,127.08724399999483,False,0.5,0,0.6586184984318522,0.40271589609133035,0,0,0,1,1,0,1
Q4_K_M,natural_derive,native-test-33,1,107.96617999994851,False,0.8333333333333334,0,1.458882792409711,0.3913682226128496,0,1,1,0,1,1,1
Q4_K_M,indexed,native-test-33,1,131.08351100004256,False,0.6666666666666666,0,0.6644969095997307,0.4271859767361354,1,1,0,1,1,0,1
Q4_K_M,indexed_offline_derive,native-test-33,1,,True,0.8333333333333334,0,0.4885170011911757,0.2833781784413338,0,1,1,1,1,0,1
Q4_K_M,aliases,native-test-33,1,120.40743399984422,False,0.6666666666666666,0,0.7711671135063525,0.45738001121548305,1,1,0,0,1,1,1
Q4_K_M,natural,native-test-33,1,112.08758199995827,False,0.6666666666666666,0,1.412783688383681,0.5493268946858741,1,1,0,0,1,1,1
Q4_K_M,natural_offline_derive,native-test-33,1,,True,0.8333333333333334,0,1.115223114714338,0.32534459828044654,0,1,1,0,1,1,1
Q4_K_M,json,native-test-33,1,498.93682499987335,False,0.6666666666666666,0,,,0,0,0,1,1,1,1
BF16,aliases,native-test-55,1,94.51150799986863,False,0.8333333333333334,0,0.24343997439709156,0.16752513080858447,0,1,1,0,1,1,1
BF16,natural,native-test-55,1,78.28273100039951,False,0.8333333333333334,0,1.1024806961297926,0.33423962812050584,0,1,1,0,1,1,1
BF16,natural_offline_derive,native-test-55,1,,True,0.8333333333333334,0,1.1012897731877107,0.3345668581345889,0,1,1,0,1,1,1
BF16,natural_derive,native-test-55,1,75.08668199989188,False,0.8333333333333334,0,1.1680886789055729,0.3306830664135398,0,1,1,0,1,1,1
BF16,indexed_derive,native-test-55,1,89.05664599978991,False,1.0,1,0.10733525379050625,0.02250387701409255,0,1,1,1,1,1,1
BF16,json,native-test-55,1,582.4428549999539,False,1.0,1,,,0,1,1,1,1,1,1
BF16,indexed,native-test-55,1,95.85270199977458,False,1.0,1,0.1648343873703342,0.04923294979633472,0,1,1,1,1,1,1
BF16,indexed_offline_derive,native-test-55,1,,True,1.0,1,0.1375867513985817,0.04250615360102431,0,1,1,1,1,1,1
BF16,json,native-test-93,1,616.7584859999806,False,0.5,0,,,0,0,0,0,1,1,1
BF16,indexed_derive,native-test-93,1,92.89817199987738,False,0.8333333333333334,0,0.5619128345604342,0.3225896317264983,0,1,1,0,1,1,1
BF16,natural_derive,native-test-93,1,77.57390799997665,False,1.0,1,0.09583881146172235,0.025406520553390825,0,1,1,1,1,1,1
BF16,aliases,native-test-93,1,88.98060599995006,False,0.8333333333333334,0,0.6417794211330994,0.328681156854189,1,1,0,1,1,1,1
BF16,natural,native-test-93,1,79.97211299971241,False,0.8333333333333334,0,0.402049453336978,0.2508796122545068,1,1,0,1,1,1,1
BF16,natural_offline_derive,native-test-93,1,,True,1.0,1,0.08019617558802242,0.0174569057239455,0,1,1,1,1,1,1
BF16,indexed,native-test-93,1,94.31806900010997,False,0.6666666666666666,0,0.6319994192409261,0.39908382295131495,1,1,0,0,1,1,1
BF16,indexed_offline_derive,native-test-93,1,,True,0.8333333333333334,0,0.4170097540085495,0.22856376859442895,0,1,1,0,1,1,1
BF16,aliases,native-test-84,1,97.90509799995561,False,1.0,1,0.16513290432104463,0.05948885311045401,0,1,1,1,1,1,1
BF16,natural_derive,native-test-84,1,78.80446299986943,False,0.8333333333333334,0,1.041010667919393,0.3213331220462144,0,1,1,0,1,1,1
BF16,json,native-test-84,1,549.7746969999753,False,1.0,1,,,0,1,1,1,1,1,1
BF16,indexed,native-test-84,1,97.3377570003322,False,0.8333333333333334,0,0.33400766187290915,0.1694275006222439,0,1,1,1,1,0,1
BF16,indexed_offline_derive,native-test-84,1,,True,0.8333333333333334,0,0.31233471494681536,0.16524542743963308,0,1,1,1,1,0,1
BF16,natural,native-test-84,1,81.9011909998153,False,0.8333333333333334,0,0.7463661283226454,0.32614162836719873,0,1,1,0,1,1,1
BF16,natural_offline_derive,native-test-84,1,,True,0.8333333333333334,0,0.7389630062368099,0.32565459541317393,0,1,1,0,1,1,1
BF16,indexed_derive,native-test-84,1,93.10367199987013,False,1.0,1,0.29435159577621445,0.1466062442608257,0,1,1,1,1,1,1
BF16,indexed_derive,native-test-83,0,99.47390100023767,False,1.0,1,0.2488148511834465,0.10130959375438107,0,1,1,1,1,1,1
BF16,aliases,native-test-83,0,89.46075699986977,False,0.5,0,0.5234935230499906,0.3791412045580162,0,0,0,0,1,1,1
BF16,natural,native-test-83,0,80.5414970000129,False,0.6666666666666666,0,1.1928478168787517,0.4714552581870606,1,1,0,0,1,1,1
BF16,natural_offline_derive,native-test-83,0,,True,0.8333333333333334,0,1.009758966449169,0.3291770795687089,0,1,1,0,1,1,1
BF16,indexed,native-test-83,0,94.7682949999944,False,1.0,1,0.3369433366816678,0.17152312312662313,0,1,1,1,1,1,1
BF16,indexed_offline_derive,native-test-83,0,,True,1.0,1,0.22557874973523565,0.09068562945959484,0,1,1,1,1,1,1
BF16,json,native-test-83,0,617.548295999768,False,1.0,1,,,0,1,1,1,1,1,1
BF16,natural_derive,native-test-83,0,78.49867699997048,False,0.8333333333333334,0,1.098436443106098,0.32514274531633597,0,1,1,0,1,1,1
Q4_K_M,natural_derive,native-test-62,1,106.200618999992,False,0.8333333333333334,0,1.4807091970936492,0.2884885975521148,0,1,1,0,1,1,1
Q4_K_M,json,native-test-62,1,504.4953650001389,False,1.0,1,,,0,1,1,1,1,1,1
Q4_K_M,natural,native-test-62,1,109.48546499980694,False,0.6666666666666666,0,1.4669358207166348,0.47901861220948433,1,1,0,0,1,1,1
Q4_K_M,natural_offline_derive,native-test-62,1,,True,0.8333333333333334,0,1.2175555449713438,0.2866543077520334,0,1,1,0,1,1,1
Q4_K_M,indexed_derive,native-test-62,1,124.716233999834,False,0.8333333333333334,0,0.38108738607183956,0.2166804161741621,0,1,1,0,1,1,1
Q4_K_M,aliases,native-test-62,1,117.75516400007291,False,0.5,0,0.7758992296845778,0.5374822586178797,0,0,0,0,1,1,1
Q4_K_M,indexed,native-test-62,1,136.78326200010815,False,0.8333333333333334,0,0.39918055549184617,0.21074417348125607,0,1,1,0,1,1,1
Q4_K_M,indexed_offline_derive,native-test-62,1,,True,0.8333333333333334,0,0.33700894374978024,0.17147473967561735,0,1,1,0,1,1,1
BF16,json,native-test-26,1,611.3313410000956,False,1.0,1,,,0,1,1,1,1,1,1
BF16,indexed,native-test-26,1,93.41029200004414,False,1.0,1,0.33058056625940635,0.1494939697520942,0,1,1,1,1,1,1
BF16,indexed_offline_derive,native-test-26,1,,True,1.0,1,0.29774053784022286,0.13692947578078515,0,1,1,1,1,1,1
BF16,natural,native-test-26,1,77.98589200001516,False,0.6666666666666666,0,1.4412449981441995,0.531910240944511,0,1,1,0,0,1,1
BF16,natural_offline_derive,native-test-26,1,,True,0.6666666666666666,0,1.4294643951874344,0.5296115850395865,0,1,1,0,0,1,1
BF16,natural_derive,native-test-26,1,75.62821900000927,False,0.6666666666666666,0,1.5524481578219254,0.5456944895254102,0,1,1,0,0,1,1
BF16,aliases,native-test-26,1,87.54189799992673,False,1.0,1,0.2473464680215669,0.11715710767579794,0,1,1,1,1,1,1
BF16,indexed_derive,native-test-26,1,89.25756200005708,False,1.0,1,0.26533163741638693,0.12146528581889689,0,1,1,1,1,1,1
BF16,indexed_derive,native-test-53,1,92.19542200025899,False,0.8333333333333334,0,0.531251179698099,0.2944138202330545,0,1,1,0,1,1,1
BF16,indexed,native-test-53,1,94.8414739996224,False,0.8333333333333334,0,0.611215271286608,0.3703356277061202,0,1,1,0,1,1,1
BF16,indexed_offline_derive,native-test-53,1,,True,0.8333333333333334,0,0.5340581301291751,0.3157585375909851,0,1,1,0,1,1,1
BF16,json,native-test-53,1,610.0292529999933,False,0.8333333333333334,0,,,0,1,1,0,1,1,1
BF16,aliases,native-test-53,1,90.58659699985583,False,1.0,1,0.3953546768527177,0.23155731736963225,0,1,1,1,1,1,1
BF16,natural,native-test-53,1,81.18462699985685,False,0.8333333333333334,0,1.1501049156962904,0.33141928145680427,0,1,1,1,0,1,1
BF16,natural_offline_derive,native-test-53,1,,True,0.8333333333333334,0,1.121659232402099,0.3216540594586987,0,1,1,1,0,1,1
BF16,natural_derive,native-test-53,1,78.06710399972872,False,0.8333333333333334,0,1.0461482536829247,0.31527650914567357,0,1,1,1,0,1,1
Q4_K_M,json,native-test-93,1,501.1613319998105,False,0.5,0,,,0,0,0,0,1,1,1
Q4_K_M,indexed_derive,native-test-93,1,127.58653600008074,False,0.8333333333333334,0,0.5886219225126275,0.341584012914427,0,1,1,0,1,1,1
Q4_K_M,natural_derive,native-test-93,1,108.08818100008466,False,1.0,1,0.06283304023519211,0.009821986587663215,0,1,1,1,1,1,1
Q4_K_M,aliases,native-test-93,1,120.24487000007866,False,0.8333333333333334,0,0.6130922756057767,0.32050984159040624,1,1,0,1,1,1,1
Q4_K_M,natural,native-test-93,1,111.1418020000201,False,0.8333333333333334,0,0.3659499292242156,0.2382958657697709,1,1,0,1,1,1,1
Q4_K_M,natural_offline_derive,native-test-93,1,,True,1.0,1,0.04129271099311991,0.005428413314160451,0,1,1,1,1,1,1
Q4_K_M,indexed,native-test-93,1,131.02236700001413,False,0.5,0,0.7909916278483643,0.5296143201688857,1,1,0,0,1,1,0
Q4_K_M,indexed_offline_derive,native-test-93,1,,True,0.6666666666666666,0,0.5972329456437768,0.3770479101272481,0,1,1,0,1,1,0
Q4_K_M,json,native-test-87,0,500.11116800010313,False,0.3333333333333333,0,,,0,0,0,0,1,1,0
Q4_K_M,natural_derive,native-test-87,0,108.21856199981994,False,1.0,1,0.1536813727134285,0.06876315373475499,0,1,1,1,1,1,1
Q4_K_M,natural,native-test-87,0,110.5851720001283,False,0.8333333333333334,0,0.43923433552272045,0.2691149513983468,1,1,0,1,1,1,1
Q4_K_M,natural_offline_derive,native-test-87,0,,True,1.0,1,0.0968056826172503,0.026828220966762396,0,1,1,1,1,1,1
Q4_K_M,aliases,native-test-87,0,119.40370499996789,False,0.8333333333333334,0,0.697748508807262,0.33726153429975564,1,1,0,1,1,1,1
Q4_K_M,indexed,native-test-87,0,130.76858799990987,False,0.5,0,0.622587808944972,0.3948074715312721,1,1,0,0,1,1,0
Q4_K_M,indexed_offline_derive,native-test-87,0,,True,0.6666666666666666,0,0.4470792812089935,0.24848076741559608,0,1,1,0,1,1,0
Q4_K_M,indexed_derive,native-test-87,0,126.71007700009795,False,0.5,0,0.6723917433420534,0.40051311371998244,0,0,0,0,1,1,1
BF16,aliases,native-test-70,1,88.03129300031287,False,0.5,0,2.094042606577032,0.7537987216156071,0,0,0,0,1,1,1
BF16,indexed,native-test-70,1,100.25461399982305,False,0.5,0,1.713806354195152,0.8113635752386449,0,0,0,0,1,1,1
BF16,indexed_offline_derive,native-test-70,1,,True,0.5,0,2.220845333880456,0.8582754765631581,0,0,0,0,1,1,1
BF16,natural_derive,native-test-70,1,75.20405500008565,False,0.6666666666666666,0,2.3499616009356976,0.6659025932681709,0,0,0,1,1,1,1
BF16,json,native-test-70,1,568.5970119998274,False,0.6666666666666666,0,,,0,0,0,1,1,1,1
BF16,natural,native-test-70,1,78.62434400021812,False,0.6666666666666666,0,2.1942671286137796,0.6505090538428472,0,0,0,1,1,1,1
BF16,natural_offline_derive,native-test-70,1,,True,0.6666666666666666,0,3.01505265880488,0.6666332149474746,0,0,0,1,1,1,1
BF16,indexed_derive,native-test-70,1,89.35126100004709,False,0.5,0,2.328088745764722,0.9273079975958808,0,0,0,0,1,1,1
BF16,indexed,native-test-80,0,93.9154879997659,False,1.0,1,0.2436711561183816,0.08503634448052293,0,1,1,1,1,1,1
BF16,indexed_offline_derive,native-test-80,0,,True,1.0,1,0.21374213571102887,0.07581908383145342,0,1,1,1,1,1,1
BF16,natural_derive,native-test-80,0,76.00893299968448,False,0.6666666666666666,0,1.7187172350621944,0.5642950216060294,0,1,1,0,0,1,1
BF16,natural,native-test-80,0,78.35784200005946,False,0.6666666666666666,0,1.7169252851985952,0.5637576472304896,0,1,1,0,0,1,1
BF16,natural_offline_derive,native-test-80,0,,True,0.6666666666666666,0,1.7160754743308881,0.5637230354083053,0,1,1,0,0,1,1
BF16,aliases,native-test-80,0,87.31793000015386,False,1.0,1,0.16433745774693692,0.05895422521842384,0,1,1,1,1,1,1
BF16,json,native-test-80,0,570.3803660003359,False,1.0,1,,,0,1,1,1,1,1,1
BF16,indexed_derive,native-test-80,0,90.89848399980838,False,1.0,1,0.2511977096408131,0.110470012907399,0,1,1,1,1,1,1
Q4_K_M,indexed,native-test-3,1,131.98780599987003,False,1.0,1,0.44185456533397005,0.22538220575126688,0,1,1,1,1,1,1
Q4_K_M,indexed_offline_derive,native-test-3,1,,True,1.0,1,0.39321846758102413,0.20611749123722342,0,1,1,1,1,1,1
Q4_K_M,aliases,native-test-3,1,121.14236800016442,False,0.8333333333333334,0,0.35963238801130837,0.24148980646835558,0,1,1,0,1,1,1
Q4_K_M,natural,native-test-3,1,111.96099800008597,False,0.8333333333333334,0,0.7763065511955344,0.3589945047635263,0,1,1,1,0,1,1
Q4_K_M,natural_offline_derive,native-test-3,1,,True,0.8333333333333334,0,0.7072433998739748,0.3223513510864953,0,1,1,1,0,1,1
Q4_K_M,natural_derive,native-test-3,1,108.43215099998815,False,0.8333333333333334,0,0.7536850660332229,0.3216122832079135,0,1,1,1,0,1,1
Q4_K_M,indexed_derive,native-test-3,1,127.1765349999896,False,0.8333333333333334,0,0.4697216802919703,0.26327740043208187,0,1,1,0,1,1,1
Q4_K_M,json,native-test-3,1,486.45263999992494,False,1.0,1,,,0,1,1,1,1,1,1
Q4_K_M,json,native-test-15,0,477.51782000000276,False,1.0,1,,,0,1,1,1,1,1,1
Q4_K_M,natural,native-test-15,0,107.10172599988255,False,0.8333333333333334,0,1.2442293516907068,0.36554066095608717,0,1,1,0,1,1,1
Q4_K_M,natural_offline_derive,native-test-15,0,,True,0.8333333333333334,0,1.229537208779145,0.36351847868029635,0,1,1,0,1,1,1
Q4_K_M,indexed,native-test-15,0,126.65358699996432,False,0.8333333333333334,0,0.3070512144628084,0.1489301047291979,0,1,1,1,0,1,1
Q4_K_M,indexed_offline_derive,native-test-15,0,,True,0.8333333333333334,0,0.2856278070218093,0.14448701496125096,0,1,1,1,0,1,1
Q4_K_M,natural_derive,native-test-15,0,103.42522399992049,False,0.6666666666666666,0,1.4906447121786546,0.47986386228749955,0,1,1,0,0,1,1
Q4_K_M,aliases,native-test-15,0,115.91811300013433,False,0.8333333333333334,0,0.3327833871729842,0.1999181768288052,0,1,1,1,0,1,1
Q4_K_M,indexed_derive,native-test-15,0,122.06310999999914,False,0.8333333333333334,0,0.3015693796588797,0.1586836963180128,0,1,1,1,0,1,1
BF16,indexed_derive,native-test-79,1,93.31732999999076,False,1.0,1,0.1149154706515138,0.024998903124053257,0,1,1,1,1,1,1
BF16,indexed,native-test-79,1,95.98512499997014,False,1.0,1,0.14851711153897998,0.04096450387634747,0,1,1,1,1,1,1
BF16,indexed_offline_derive,native-test-79,1,,True,1.0,1,0.12152947065635654,0.034596136373947005,0,1,1,1,1,1,1
BF16,aliases,native-test-79,1,93.04576300019107,False,0.8333333333333334,0,0.2642187812851087,0.1768754061176654,0,1,1,0,1,1,1
BF16,json,native-test-79,1,581.4914190000309,False,1.0,1,,,0,1,1,1,1,1,1
BF16,natural_derive,native-test-79,1,79.36617199993634,False,0.8333333333333334,0,1.1742460360997222,0.32460642720441885,0,1,1,0,1,1,1
BF16,natural,native-test-79,1,81.26584299998285,False,0.8333333333333334,0,1.0482462720682781,0.326001948237595,0,1,1,0,1,1,1
BF16,natural_offline_derive,native-test-79,1,,True,0.8333333333333334,0,1.0401560885988312,0.32400540772099523,0,1,1,0,1,1,1
Q4_K_M,natural,native-test-25,1,108.73198299987052,False,0.6666666666666666,0,1.1297041359775706,0.4617764487121925,0,1,1,0,0,1,1
Q4_K_M,natural_offline_derive,native-test-25,1,,True,0.6666666666666666,0,1.109189976173548,0.45136811699981066,0,1,1,0,0,1,1
Q4_K_M,indexed,native-test-25,1,127.58071200005361,False,0.3333333333333333,0,0.9240333087353322,0.5620038776428871,0,1,1,0,0,0,0
Q4_K_M,indexed_offline_derive,native-test-25,1,,True,0.3333333333333333,0,0.8756590297925847,0.543341740168525,0,1,1,0,0,0,0
Q4_K_M,natural_derive,native-test-25,1,103.66691099989112,False,0.8333333333333334,0,1.3035432797761266,0.42286032916751964,0,1,1,1,0,1,1
Q4_K_M,indexed_derive,native-test-25,1,122.52095799999552,False,0.3333333333333333,0,0.9505143378605192,0.5608703803065339,0,1,1,0,0,0,0
Q4_K_M,json,native-test-25,1,499.6063569999478,False,1.0,1,,,0,1,1,1,1,1,1
Q4_K_M,aliases,native-test-25,1,116.27552499999183,False,0.6666666666666666,0,0.6775597742261438,0.37331545780588055,0,1,1,0,0,1,1
Q4_K_M,aliases,native-test-55,1,124.4278280000799,False,0.8333333333333334,0,0.24543440849600942,0.16930497276792242,0,1,1,0,1,1,1
Q4_K_M,natural,native-test-55,1,107.83628600006523,False,0.8333333333333334,0,1.109015401065688,0.32908717927901465,0,1,1,0,1,1,1
Q4_K_M,natural_offline_derive,native-test-55,1,,True,0.8333333333333334,0,1.1057968965325424,0.3285875672338862,0,1,1,0,1,1,1
Q4_K_M,natural_derive,native-test-55,1,104.47549600007733,False,0.8333333333333334,0,1.2710227924268915,0.32450724237260536,0,1,1,0,1,1,1
Q4_K_M,indexed_derive,native-test-55,1,124.00918399998773,False,1.0,1,0.09741466440197256,0.017563045640289852,0,1,1,1,1,1,1
Q4_K_M,json,native-test-55,1,503.43323900006,False,1.0,1,,,0,1,1,1,1,1,1
Q4_K_M,indexed,native-test-55,1,128.71651399996153,False,1.0,1,0.19493698606961452,0.0745899960786534,0,1,1,1,1,1,1
Q4_K_M,indexed_offline_derive,native-test-55,1,,True,1.0,1,0.15739550328940058,0.06210801335737429,0,1,1,1,1,1,1
Q4_K_M,indexed_derive,native-test-95,0,123.53388599990467,False,0.8333333333333334,0,0.46280874118203436,0.23466191578394224,0,1,1,1,0,1,1
Q4_K_M,aliases,native-test-95,0,116.77650299998277,False,1.0,1,0.31338949296539803,0.14884366051686257,0,1,1,1,1,1,1
Q4_K_M,indexed,native-test-95,0,135.4662680000729,False,0.8333333333333334,0,0.47177305652130247,0.23194797611599918,0,1,1,1,0,1,1
Q4_K_M,indexed_offline_derive,native-test-95,0,,True,0.8333333333333334,0,0.4371180664078143,0.21329200247805505,0,1,1,1,0,1,1
Q4_K_M,natural_derive,native-test-95,0,104.58175899998423,False,0.8333333333333334,0,1.3056462973506113,0.3404185120178145,0,1,1,0,1,1,1
Q4_K_M,json,native-test-95,0,498.700086999861,False,1.0,1,,,0,1,1,1,1,1,1
Q4_K_M,natural,native-test-95,0,108.64732999993976,False,0.8333333333333334,0,1.1697720256821993,0.32578940359414943,0,1,1,0,1,1,1
Q4_K_M,natural_offline_derive,native-test-95,0,,True,0.8333333333333334,0,1.1731798992702396,0.3262770034458571,0,1,1,0,1,1,1
BF16,indexed,native-test-88,1,103.7438410003233,False,0.6666666666666666,0,0.5186620148933317,0.34394842964160205,0,1,1,0,1,1,0
BF16,indexed_offline_derive,native-test-88,1,,True,0.6666666666666666,0,0.4771506957977376,0.33028709023979536,0,1,1,0,1,1,0
BF16,indexed_derive,native-test-88,1,92.4657020000268,False,0.6666666666666666,0,0.5421008360434815,0.3384992316273139,0,1,1,0,1,1,0
BF16,natural,native-test-88,1,80.96923699986291,False,1.0,1,0.14029730104153973,0.06403706497474025,0,1,1,1,1,1,1
BF16,natural_offline_derive,native-test-88,1,,True,1.0,1,0.05490757243664931,0.008864937588357545,0,1,1,1,1,1,1
BF16,json,native-test-88,1,571.1503940001421,False,0.8333333333333334,0,,,0,1,1,0,1,1,1
BF16,natural_derive,native-test-88,1,78.89678099991215,False,1.0,1,0.08635789905450308,0.02018538196472545,0,1,1,1,1,1,1
BF16,aliases,native-test-88,1,89.70764000014242,False,1.0,1,0.2288002997419645,0.10961235184768553,0,1,1,1,1,1,1
Q4_K_M,indexed_derive,native-test-52,0,135.1642230001744,False,0.8333333333333334,0,0.5357744903991193,0.27438939874673385,0,1,1,0,1,1,1
Q4_K_M,indexed,native-test-52,0,131.7427429999043,False,0.6666666666666666,0,0.608979219138093,0.3391566807889827,0,1,1,0,1,1,0
Q4_K_M,indexed_offline_derive,native-test-52,0,,True,0.6666666666666666,0,0.551844081316311,0.31683608134023583,0,1,1,0,1,1,0
Q4_K_M,natural_derive,native-test-52,0,107.91571200002181,False,0.8333333333333334,0,0.8668542037034991,0.3756939717892364,0,1,1,1,0,1,1
Q4_K_M,json,native-test-52,0,498.6850239999967,False,0.8333333333333334,0,,,0,1,1,0,1,1,1
Q4_K_M,aliases,native-test-52,0,120.79288099994301,False,0.8333333333333334,0,0.4112698837269663,0.23193401443144027,0,1,1,0,1,1,1
Q4_K_M,natural,native-test-52,0,111.51624200010701,False,0.8333333333333334,0,0.9478711743618482,0.3692370138714199,0,1,1,1,0,1,1
Q4_K_M,natural_offline_derive,native-test-52,0,,True,0.8333333333333334,0,0.9379229922865355,0.3673796250855645,0,1,1,1,0,1,1
Q4_K_M,aliases,native-test-82,0,118.01316400010364,False,0.8333333333333334,0,0.5776175788991865,0.2740413559423925,0,1,1,0,1,1,1
Q4_K_M,json,native-test-82,0,502.28510199985976,False,1.0,1,,,0,1,1,1,1,1,1
Q4_K_M,indexed,native-test-82,0,129.73580299990317,False,0.5,0,0.8774058960982692,0.5208926455268701,0,1,1,0,1,0,0
Q4_K_M,indexed_offline_derive,native-test-82,0,,True,0.5,0,0.8305004621399416,0.5030806942544551,0,1,1,0,1,0,0
Q4_K_M,indexed_derive,native-test-82,0,125.2712559999054,False,0.5,0,0.9614420466812077,0.5413771072768192,0,1,1,0,1,0,0
Q4_K_M,natural_derive,native-test-82,0,106.44680900009007,False,1.0,1,0.23442740094514233,0.10668296612454596,0,1,1,1,1,1,1
Q4_K_M,natural,native-test-82,0,109.34221000002253,False,0.8333333333333334,0,0.45922016081728306,0.2972413100448122,1,1,0,1,1,1,1
Q4_K_M,natural_offline_derive,native-test-82,0,,True,1.0,1,0.2824795511113031,0.15244879205197367,0,1,1,1,1,1,1
Q4_K_M,natural_derive,native-test-16,1,108.61465800007863,False,0.5,0,0.649103333295651,0.4951059464675345,0,0,0,0,1,1,1
Q4_K_M,indexed_derive,native-test-16,1,126.63554699997803,False,0.5,0,1.0103648744921978,0.622398460743418,0,0,0,0,1,1,1
Q4_K_M,natural,native-test-16,1,110.9099039999819,False,0.6666666666666666,0,0.3905957857410634,0.2590191012972593,1,0,1,0,1,1,1
Q4_K_M,natural_offline_derive,native-test-16,1,,True,0.5,0,0.49962751634559105,0.343519754265928,0,0,0,0,1,1,1
Q4_K_M,indexed,native-test-16,1,131.1030340000343,False,0.5,0,0.7948079049446871,0.47857280014249254,1,0,1,0,1,1,0
Q4_K_M,indexed_offline_derive,native-test-16,1,,True,0.3333333333333333,0,0.9290586121295582,0.6051093537979629,0,0,0,0,1,1,0
Q4_K_M,aliases,native-test-16,1,120.229978999987,False,0.8333333333333334,0,0.71859349442505,0.3704754968590845,0,1,1,0,1,1,1
Q4_K_M,json,native-test-16,1,500.52092299983997,False,0.6666666666666666,0,,,0,1,1,0,1,1,0
BF16,indexed_derive,native-test-22,1,90.42306600031225,False,1.0,1,0.09779891174553008,0.01592453003931794,0,1,1,1,1,1,1
BF16,json,native-test-22,1,578.7154720001126,False,1.0,1,,,0,1,1,1,1,1,1
BF16,aliases,native-test-22,1,87.90859000009732,False,0.8333333333333334,0,0.24307786644566617,0.1692986145343954,0,1,1,0,1,1,1
BF16,indexed,native-test-22,1,100.44611900002565,False,1.0,1,0.12856470448871843,0.03014960483861359,0,1,1,1,1,1,1
BF16,indexed_offline_derive,native-test-22,1,,True,1.0,1,0.09959906698253834,0.021897122925595053,0,1,1,1,1,1,1
BF16,natural,native-test-22,1,78.40412700033994,False,0.8333333333333334,0,0.9535032600583057,0.3372958122349772,0,1,1,0,1,1,1
BF16,natural_offline_derive,native-test-22,1,,True,0.8333333333333334,0,0.9615595044111007,0.34183847686522933,0,1,1,0,1,1,1
BF16,natural_derive,native-test-22,1,75.29329599992707,False,0.8333333333333334,0,1.1000437978311324,0.33347613423554584,0,1,1,0,1,1,1
Q4_K_M,indexed,native-test-65,0,128.63420299981954,False,1.0,1,0.20183412772518036,0.08589118276458836,0,1,1,1,1,1,1
Q4_K_M,indexed_offline_derive,native-test-65,0,,True,1.0,1,0.1481373988478539,0.05848250866663524,0,1,1,1,1,1,1
Q4_K_M,aliases,native-test-65,0,119.92668099992443,False,0.6666666666666666,0,0.48303823409645846,0.35064379936146955,1,1,0,0,1,1,1
Q4_K_M,indexed_derive,native-test-65,0,123.87518400009867,False,1.0,1,0.09165989277000464,0.01585384691495488,0,1,1,1,1,1,1
Q4_K_M,natural,native-test-65,0,107.75160599996525,False,0.6666666666666666,0,1.1409310281684455,0.4493221733247876,1,1,0,0,1,1,1
Q4_K_M,natural_offline_derive,native-test-65,0,,True,0.8333333333333334,0,0.9757792856869546,0.3248686894299368,0,1,1,0,1,1,1
Q4_K_M,natural_derive,native-test-65,0,104.4986389999849,False,0.8333333333333334,0,1.1009462437660227,0.3238999448698571,0,1,1,0,1,1,1
Q4_K_M,json,native-test-65,0,498.9429360000486,False,1.0,1,,,0,1,1,1,1,1,1
Q4_K_M,indexed_derive,native-test-31,0,124.35233799988055,False,1.0,1,0.42368515889991065,0.22049390464928978,0,1,1,1,1,1,1
Q4_K_M,json,native-test-31,0,500.56814000004124,False,1.0,1,,,0,1,1,1,1,1,1
Q4_K_M,aliases,native-test-31,0,118.33219699997244,False,0.6666666666666666,0,0.6439680543918224,0.43980114123345726,1,0,1,0,1,1,1
Q4_K_M,natural_derive,native-test-31,0,105.2376089999143,False,0.5,0,1.6040977894464714,0.5234160492476876,0,0,0,0,1,1,1
Q4_K_M,indexed,native-test-31,0,128.41811699991013,False,1.0,1,0.37467264580771403,0.17228958504497782,0,1,1,1,1,1,1
Q4_K_M,indexed_offline_derive,native-test-31,0,,True,1.0,1,0.40703905311372734,0.19281961697864144,0,1,1,1,1,1,1
Q4_K_M,natural,native-test-31,0,108.62694899992675,False,0.8333333333333334,0,1.3376555794291638,0.4142930363188209,0,1,1,0,1,1,1
Q4_K_M,natural_offline_derive,native-test-31,0,,True,0.8333333333333334,0,1.4584367965179494,0.4984935463054954,0,1,1,0,1,1,1
BF16,json,native-test-67,1,583.7841820002723,False,1.0,1,,,0,1,1,1,1,1,1
BF16,natural,native-test-67,1,81.29886899996563,False,0.8333333333333334,0,1.149128496364208,0.3449673831965707,0,1,1,0,1,1,1
BF16,natural_offline_derive,native-test-67,1,,True,0.8333333333333334,0,1.1733116839388862,0.3559979940515568,0,1,1,0,1,1,1
BF16,natural_derive,native-test-67,1,77.78849399983301,False,0.8333333333333334,0,1.2543546192873316,0.3527760503465503,0,1,1,0,1,1,1
BF16,indexed_derive,native-test-67,1,91.81866700009778,False,1.0,1,0.2877403787577774,0.1305464432234162,0,1,1,1,1,1,1
BF16,aliases,native-test-67,1,88.97701200021402,False,0.8333333333333334,0,0.2760634429453386,0.1702582757298802,0,1,1,0,1,1,1
BF16,indexed,native-test-67,1,95.35757000003287,False,1.0,1,0.2696518717871342,0.11393866078892062,0,1,1,1,1,1,1
BF16,indexed_offline_derive,native-test-67,1,,True,1.0,1,0.24140630128119253,0.10674128909043455,0,1,1,1,1,1,1
Q4_K_M,aliases,native-test-21,0,117.75912400003108,False,1.0,1,0.21509223001447075,0.11443379503796425,0,1,1,1,1,1,1
Q4_K_M,indexed_derive,native-test-21,0,124.99914199997875,False,1.0,1,0.21749161360857042,0.08705651524997303,0,1,1,1,1,1,1
Q4_K_M,natural_derive,native-test-21,0,105.12880700002825,False,0.6666666666666666,0,1.9621259741200854,0.6308346079572805,0,1,1,0,0,1,1
Q4_K_M,indexed,native-test-21,0,128.7097420001828,False,1.0,1,0.33707929109699325,0.16533302645750683,0,1,1,1,1,1,1
Q4_K_M,indexed_offline_derive,native-test-21,0,,True,1.0,1,0.2562670153702899,0.11773460902413141,0,1,1,1,1,1,1
Q4_K_M,json,native-test-21,0,478.1742029999805,False,1.0,1,,,0,1,1,1,1,1,1
Q4_K_M,natural,native-test-21,0,109.20573700013847,False,0.5,0,1.9936034711023298,0.7148514763311483,1,1,0,0,0,1,1
Q4_K_M,natural_offline_derive,native-test-21,0,,True,0.6666666666666666,0,1.8575400740659063,0.6176217490663752,0,1,1,0,0,1,1
Q4_K_M,natural_derive,native-test-23,1,116.17702200010172,False,1.0,1,0.14364747014672558,0.08340161212566947,0,1,1,1,1,1,1
Q4_K_M,json,native-test-23,1,494.290460000002,False,0.8333333333333334,0,,,0,1,1,0,1,1,1
Q4_K_M,natural,native-test-23,1,111.7953180000768,False,0.8333333333333334,0,0.17905525875220427,0.10646613361478673,0,1,1,1,0,1,1
Q4_K_M,natural_offline_derive,native-test-23,1,,True,0.8333333333333334,0,0.1786918329802223,0.10646170737397288,0,1,1,1,0,1,1
Q4_K_M,indexed_derive,native-test-23,1,126.66832400009298,False,0.6666666666666666,0,0.7065109484905703,0.4314530862202943,0,1,1,0,0,1,1
Q4_K_M,aliases,native-test-23,1,120.1952540000093,False,1.0,1,0.27358696313386677,0.12809729169617923,0,1,1,1,1,1,1
Q4_K_M,indexed,native-test-23,1,131.5428420000444,False,0.6666666666666666,0,0.6905911816002375,0.4305500890760649,0,1,1,0,0,1,1
Q4_K_M,indexed_offline_derive,native-test-23,1,,True,0.6666666666666666,0,0.6444403038281863,0.41122869345590546,0,1,1,0,0,1,1
Q4_K_M,indexed_derive,native-test-79,1,129.60685400003058,False,1.0,1,0.1137658373491154,0.022411710705422458,0,1,1,1,1,1,1
Q4_K_M,indexed,native-test-79,1,132.9001670001162,False,1.0,1,0.17716217627034558,0.06220962649722905,0,1,1,1,1,1,1
Q4_K_M,indexed_offline_derive,native-test-79,1,,True,1.0,1,0.14226619421049602,0.051518211878608444,0,1,1,1,1,1,1
Q4_K_M,aliases,native-test-79,1,121.94337599999017,False,0.8333333333333334,0,0.25955473870214907,0.1784896589671062,0,1,1,0,1,1,1
Q4_K_M,json,native-test-79,1,502.6689339999848,False,1.0,1,,,0,1,1,1,1,1,1
Q4_K_M,natural_derive,native-test-79,1,110.42794200011485,False,0.8333333333333334,0,1.2177413546063331,0.32208154565980696,0,1,1,0,1,1,1
Q4_K_M,natural,native-test-79,1,112.83023100008904,False,0.8333333333333334,0,1.00213931733249,0.3260955725681168,0,1,1,0,1,1,1
Q4_K_M,natural_offline_derive,native-test-79,1,,True,0.8333333333333334,0,0.9884060657079906,0.3225908681854621,0,1,1,0,1,1,1
BF16,natural_derive,native-test-42,1,75.71118099986052,False,1.0,1,0.03941133633815167,0.004103044567004068,0,1,1,1,1,1,1
BF16,aliases,native-test-42,1,87.06455399988045,False,0.8333333333333334,0,0.34289104985148205,0.15863810701824113,0,1,1,0,1,1,1
BF16,natural,native-test-42,1,78.09344099996451,False,1.0,1,0.06371012382998933,0.008832581622116687,0,1,1,1,1,1,1
BF16,natural_offline_derive,native-test-42,1,,True,1.0,1,0.05112997388159846,0.0074368477471156895,0,1,1,1,1,1,1
BF16,json,native-test-42,1,561.7243409997172,False,1.0,1,,,0,1,1,1,1,1,1
BF16,indexed_derive,native-test-42,1,90.53335900034654,False,0.8333333333333334,0,0.49623949262781114,0.288472825179086,0,1,1,0,1,1,1
BF16,indexed,native-test-42,1,93.5051179999391,False,0.8333333333333334,0,0.4523324433033249,0.2399965926705768,0,1,1,0,1,1,1
BF16,indexed_offline_derive,native-test-42,1,,True,0.8333333333333334,0,0.41288642264235437,0.22733415916343266,0,1,1,0,1,1,1
BF16,indexed_derive,native-test-66,0,90.16418000010162,False,0.8333333333333334,0,0.47217176571728176,0.290840154808731,0,1,1,0,1,1,1
BF16,json,native-test-66,0,561.4136260001032,False,1.0,1,,,0,1,1,1,1,1,1
BF16,natural_derive,native-test-66,0,75.88429399993402,False,0.8333333333333334,0,0.7567705134387483,0.3226573129235389,0,1,1,1,0,1,1
BF16,aliases,native-test-66,0,87.18572299994776,False,0.8333333333333334,0,0.32394884410481745,0.21431895469117368,0,1,1,0,1,1,1
BF16,indexed,native-test-66,0,100.58403699986229,False,0.8333333333333334,0,0.44645883300319483,0.25343593122665303,0,1,1,0,1,1,1
BF16,indexed_offline_derive,native-test-66,0,,True,0.8333333333333334,0,0.3441377490815012,0.1873851126898023,0,1,1,0,1,1,1
BF16,natural,native-test-66,0,78.352669999731,False,0.6666666666666666,0,0.9437904366629977,0.4748214938182482,1,1,0,1,0,1,1
BF16,natural_offline_derive,native-test-66,0,,True,0.8333333333333334,0,0.7443308390713431,0.3229632525158647,0,1,1,1,0,1,1
BF16,json,native-test-66,1,560.5220529996586,False,1.0,1,,,0,1,1,1,1,1,1
BF16,natural_derive,native-test-66,1,76.15532199997688,False,0.8333333333333334,0,0.7567705134387483,0.3226573129235389,0,1,1,1,0,1,1
BF16,aliases,native-test-66,1,86.77187500006767,False,0.8333333333333334,0,0.32394884410481745,0.21431895469117368,0,1,1,0,1,1,1
BF16,indexed,native-test-66,1,100.52194400032022,False,0.8333333333333334,0,0.44645883300319483,0.25343593122665303,0,1,1,0,1,1,1
BF16,indexed_offline_derive,native-test-66,1,,True,0.8333333333333334,0,0.3441377490815012,0.1873851126898023,0,1,1,0,1,1,1
BF16,natural,native-test-66,1,78.15169299965419,False,0.6666666666666666,0,0.9437904366629977,0.4748214938182482,1,1,0,1,0,1,1
BF16,natural_offline_derive,native-test-66,1,,True,0.8333333333333334,0,0.7443308390713431,0.3229632525158647,0,1,1,1,0,1,1
BF16,indexed_derive,native-test-66,1,89.58141799985242,False,0.8333333333333334,0,0.47229254490149897,0.2908704105392154,0,1,1,0,1,1,1
Q4_K_M,natural_derive,native-test-8,0,109.84134399996037,False,0.8333333333333334,0,0.7721048743663951,0.3080945381627386,0,1,1,1,0,1,1
Q4_K_M,json,native-test-8,0,493.30443799999557,False,0.8333333333333334,0,,,0,1,1,0,1,1,1
Q4_K_M,aliases,native-test-8,0,122.37686100002065,False,1.0,1,0.3059175854001516,0.15143317637409115,0,1,1,1,1,1,1
Q4_K_M,indexed_derive,native-test-8,0,128.81076399980884,False,0.8333333333333334,0,0.5169001496001843,0.31405036550212634,0,1,1,0,1,1,1
Q4_K_M,natural,native-test-8,0,113.12631999999212,False,0.8333333333333334,0,0.8373217061327418,0.32575289985507255,0,1,1,1,0,1,1
Q4_K_M,natural_offline_derive,native-test-8,0,,True,0.8333333333333334,0,0.8337062296491659,0.32537680929124296,0,1,1,1,0,1,1
Q4_K_M,indexed,native-test-8,0,133.06501600004594,False,0.6666666666666666,0,0.569407037932212,0.3618224120320834,0,1,1,0,1,1,0
Q4_K_M,indexed_offline_derive,native-test-8,0,,True,0.6666666666666666,0,0.5278906413181094,0.3419993512701818,0,1,1,0,1,1,0
Q4_K_M,natural_derive,native-test-36,0,109.60253999996894,False,0.6666666666666666,0,1.77874496003931,0.635675679193471,0,1,1,0,0,1,1
Q4_K_M,json,native-test-36,0,477.01756200012824,False,0.8333333333333334,0,,,1,1,0,1,1,1,1
Q4_K_M,aliases,native-test-36,0,120.47671899995294,False,0.8333333333333334,0,0.2768824154891227,0.1513292104296078,0,1,1,0,1,1,1
Q4_K_M,natural,native-test-36,0,111.02307700002711,False,0.5,0,1.8666568790151423,0.8743770865695938,1,1,0,0,0,1,1
Q4_K_M,natural_offline_derive,native-test-36,0,,True,0.6666666666666666,0,1.5629646441433014,0.6455176923658731,0,1,1,0,0,1,1
Q4_K_M,indexed,native-test-36,0,130.60534499982168,False,1.0,1,0.3758635415890639,0.1993832127833891,0,1,1,1,1,1,1
Q4_K_M,indexed_offline_derive,native-test-36,0,,True,1.0,1,0.26819260711466797,0.12902717428090502,0,1,1,1,1,1,1
Q4_K_M,indexed_derive,native-test-36,0,126.4165929999308,False,1.0,1,0.2256826678957787,0.09283846448581888,0,1,1,1,1,1,1
Q4_K_M,aliases,native-test-83,1,120.4289400000107,False,0.6666666666666666,0,0.5342508756139965,0.39347490634304255,1,1,0,0,1,1,1
Q4_K_M,natural_derive,native-test-83,1,108.10287000003882,False,0.8333333333333334,0,1.1556981653153937,0.3221910678764677,0,1,1,0,1,1,1
Q4_K_M,indexed,native-test-83,1,131.4273579998826,False,1.0,1,0.29334711705664157,0.14280880887742875,0,1,1,1,1,1,1
Q4_K_M,indexed_offline_derive,native-test-83,1,,True,1.0,1,0.21058853055762353,0.08833561254378897,0,1,1,1,1,1,1
Q4_K_M,json,native-test-83,1,497.5547409999308,False,1.0,1,,,0,1,1,1,1,1,1
Q4_K_M,natural,native-test-83,1,112.80961099987508,False,0.8333333333333334,0,1.0598789816845062,0.3804965530934667,0,1,1,0,1,1,1
Q4_K_M,natural_offline_derive,native-test-83,1,,True,0.8333333333333334,0,0.9709443837149124,0.3244647013697308,0,1,1,0,1,1,1
Q4_K_M,indexed_derive,native-test-83,1,127.54385199991702,False,1.0,1,0.2230871104031811,0.08678456125776261,0,1,1,1,1,1,1
BF16,json,native-test-77,1,614.6166139997149,False,1.0,1,,,0,1,1,1,1,1,1
BF16,indexed_derive,native-test-77,1,92.19344999974055,False,0.8333333333333334,0,0.2403969115693985,0.12106855345957784,0,1,1,0,1,1,1
BF16,indexed,native-test-77,1,94.59608800034403,False,0.8333333333333334,0,0.3479778851187772,0.1823042047255474,1,1,0,1,1,1,1
BF16,indexed_offline_derive,native-test-77,1,,True,1.0,1,0.22503841152895235,0.09569935615020593,0,1,1,1,1,1,1
BF16,natural,native-test-77,1,79.77711800003817,False,0.6666666666666666,0,1.3467669597198901,0.417897606574503,1,1,0,0,1,1,1
BF16,natural_offline_derive,native-test-77,1,,True,0.8333333333333334,0,1.1516239462121873,0.26660707089863656,0,1,1,0,1,1,1
BF16,aliases,native-test-77,1,88.6376379999092,False,0.6666666666666666,0,0.5118934439575041,0.3566254441591093,0,0,0,1,1,1,1
BF16,natural_derive,native-test-77,1,76.56766699983564,False,0.8333333333333334,0,1.2656555783969254,0.2676274520238451,0,1,1,0,1,1,1
BF16,aliases,native-test-25,0,87.16223200008244,False,0.6666666666666666,0,0.5652104731662769,0.34255682823752753,0,1,1,0,0,1,1
BF16,indexed,native-test-25,0,92.2764530000677,False,0.5,0,0.8990101772242625,0.5424448199286785,0,1,1,0,1,0,0
BF16,indexed_offline_derive,native-test-25,0,,True,0.5,0,0.8611143906018824,0.530591363172049,0,1,1,0,1,0,0
BF16,indexed_derive,native-test-25,0,89.4365869999092,False,0.5,0,0.9428273882484612,0.5505285240279839,0,1,1,0,1,0,0
BF16,natural_derive,native-test-25,0,75.02219800016974,False,0.8333333333333334,0,1.320034852119968,0.42755906706940533,0,1,1,1,0,1,1
BF16,json,native-test-25,0,566.678550999768,False,0.8333333333333334,0,,,0,1,1,0,1,1,1
BF16,natural,native-test-25,0,78.73461600001974,False,0.6666666666666666,0,1.3235998781790153,0.4517227674960476,0,1,1,0,0,1,1
BF16,natural_offline_derive,native-test-25,0,,True,0.6666666666666666,0,1.3000829628314388,0.4375944666044959,0,1,1,0,0,1,1
Q4_K_M,indexed_derive,native-test-91,1,124.36991999993552,False,0.8333333333333334,0,0.3391614170809316,0.17118126068385578,0,1,1,1,0,1,1
Q4_K_M,indexed,native-test-91,1,128.36245299990878,False,0.8333333333333334,0,0.382634848733497,0.2091771245902965,0,1,1,1,0,1,1
Q4_K_M,indexed_offline_derive,native-test-91,1,,True,0.8333333333333334,0,0.34720770800129624,0.1973083453673591,0,1,1,1,0,1,1
Q4_K_M,aliases,native-test-91,1,124.55481899996812,False,0.6666666666666666,0,0.41380626147304284,0.29391012628901964,0,1,1,0,0,1,1
Q4_K_M,json,native-test-91,1,494.3210369999633,False,1.0,1,,,0,1,1,1,1,1,1
Q4_K_M,natural,native-test-91,1,109.21986099992864,False,0.6666666666666666,0,2.217527083723972,0.6662803117057324,0,1,1,0,0,1,1
Q4_K_M,natural_offline_derive,native-test-91,1,,True,0.6666666666666666,0,2.1993786885813056,0.6586919051596317,0,1,1,0,0,1,1
Q4_K_M,natural_derive,native-test-91,1,105.58267700002943,False,0.6666666666666666,0,2.2906014787310873,0.6545573130667793,0,1,1,0,0,1,1
Q4_K_M,indexed,native-test-58,0,131.40131199997995,False,0.8333333333333334,0,0.31702367566170847,0.15793934022006015,0,1,1,0,1,1,1
Q4_K_M,indexed_offline_derive,native-test-58,0,,True,0.8333333333333334,0,0.2760365588557538,0.1433124239014162,0,1,1,0,1,1,1
Q4_K_M,indexed_derive,native-test-58,0,126.64850099986324,False,0.8333333333333334,0,0.27299600358613,0.1486419787863007,0,1,1,0,1,1,1
Q4_K_M,json,native-test-58,0,499.5096640000156,False,0.8333333333333334,0,,,0,1,1,0,1,1,1
Q4_K_M,natural,native-test-58,0,111.50288299995736,False,0.8333333333333334,0,1.3231762592749903,0.28717516338554594,0,1,1,0,1,1,1
Q4_K_M,natural_offline_derive,native-test-58,0,,True,0.8333333333333334,0,1.3119955405942052,0.2839406783337093,0,1,1,0,1,1,1
Q4_K_M,natural_derive,native-test-58,0,107.5807239999449,False,0.8333333333333334,0,1.4422830639873745,0.28224461858695193,0,1,1,0,1,1,1
Q4_K_M,aliases,native-test-58,0,119.44083699995645,False,0.8333333333333334,0,0.2631441016659234,0.1556779833388954,0,1,1,0,1,1,1
BF16,natural_derive,native-test-38,1,77.16281500006517,False,0.8333333333333334,0,0.7669124160171058,0.3058456609019473,0,1,1,1,0,1,1
BF16,json,native-test-38,1,605.1007959999879,False,0.8333333333333334,0,,,0,1,1,0,1,1,1
BF16,natural,native-test-38,1,80.71809400007623,False,0.8333333333333334,0,0.8269621816470746,0.3278709895018927,0,1,1,1,0,1,1
BF16,natural_offline_derive,native-test-38,1,,True,0.8333333333333334,0,0.8063882341473171,0.32249401610941103,0,1,1,1,0,1,1
BF16,indexed_derive,native-test-38,1,91.23745799979588,False,0.8333333333333334,0,0.6670895634597223,0.3299792407197606,0,1,1,0,1,1,1
BF16,indexed,native-test-38,1,94.76837900001556,False,0.8333333333333334,0,0.6764219589490521,0.35149473929676667,0,1,1,0,1,1,1
BF16,indexed_offline_derive,native-test-38,1,,True,0.8333333333333334,0,0.6342928637825521,0.33339041920991946,0,1,1,0,1,1,1
BF16,aliases,native-test-38,1,88.62899299992932,False,0.8333333333333334,0,0.5633427743031534,0.357332519258106,0,1,1,0,1,1,1
BF16,natural_derive,native-test-8,0,77.6701739996497,False,0.8333333333333334,0,0.9719776748517416,0.3123106528966582,0,1,1,1,0,1,1
BF16,json,native-test-8,0,574.0929640001013,False,0.8333333333333334,0,,,0,1,1,0,1,1,1
BF16,aliases,native-test-8,0,89.96569999999338,False,1.0,1,0.326555995698118,0.17948218589332887,0,1,1,1,1,1,1
BF16,indexed_derive,native-test-8,0,91.91747700015185,False,0.8333333333333334,0,0.5411583157434705,0.33101015150742735,0,1,1,0,1,1,1
BF16,natural,native-test-8,0,80.41083199987042,False,0.8333333333333334,0,0.9671669057543917,0.3174480462718491,0,1,1,1,0,1,1
BF16,natural_offline_derive,native-test-8,0,,True,0.8333333333333334,0,0.9668919113438247,0.31755044044950836,0,1,1,1,0,1,1
BF16,indexed,native-test-8,0,95.05163599988009,False,0.8333333333333334,0,0.5923365776094786,0.36572839779343763,0,1,1,0,1,1,1
BF16,indexed_offline_derive,native-test-8,0,,True,0.8333333333333334,0,0.5453447655754896,0.3442399270443041,0,1,1,0,1,1,1
BF16,indexed,native-test-40,0,93.5737469999367,False,0.8333333333333334,0,0.4951354342071694,0.30365527297461953,0,1,1,0,1,1,1
BF16,indexed_offline_derive,native-test-40,0,,True,0.8333333333333334,0,0.4707935595111876,0.29801178888864704,0,1,1,0,1,1,1
BF16,json,native-test-40,0,567.3817730003066,False,0.6666666666666666,0,,,0,1,1,0,1,1,0
BF16,natural_derive,native-test-40,0,76.08384700006354,False,0.8333333333333334,0,1.1439863701660993,0.3690530281754006,0,1,1,1,0,1,1
BF16,natural,native-test-40,0,78.99481399999786,False,0.8333333333333334,0,1.10034266806577,0.3773690693651906,0,1,1,1,0,1,1
BF16,natural_offline_derive,native-test-40,0,,True,0.8333333333333334,0,1.094551863191559,0.3745676132809516,0,1,1,1,0,1,1
BF16,aliases,native-test-40,0,87.04851199991026,False,1.0,1,0.2742639673886848,0.11984056748147483,0,1,1,1,1,1,1
BF16,indexed_derive,native-test-40,0,89.29454500002976,False,0.8333333333333334,0,0.5632374160946622,0.344397009588782,0,1,1,0,1,1,1
Q4_K_M,indexed,native-test-12,1,131.577107999874,False,1.0,1,0.38592624017001415,0.21073663678889576,0,1,1,1,1,1,1
Q4_K_M,indexed_offline_derive,native-test-12,1,,True,1.0,1,0.3437595969277945,0.19619972822774634,0,1,1,1,1,1,1
Q4_K_M,natural,native-test-12,1,111.4380170001823,False,0.6666666666666666,0,0.6737167882125287,0.4280219067743775,1,1,0,1,0,1,1
Q4_K_M,natural_offline_derive,native-test-12,1,,True,0.8333333333333334,0,0.49536573674481876,0.2934842096975348,0,1,1,1,0,1,1
Q4_K_M,indexed_derive,native-test-12,1,127.83105200014688,False,0.8333333333333334,0,0.37170151868323686,0.20711470578526955,0,1,1,0,1,1,1
Q4_K_M,natural_derive,native-test-12,1,108.28891199980717,False,0.8333333333333334,0,0.6655488582324919,0.3171332458292646,0,1,1,1,0,1,1
Q4_K_M,aliases,native-test-12,1,120.18751999994493,False,0.8333333333333334,0,0.3357399939134709,0.22087389027346763,0,1,1,0,1,1,1
Q4_K_M,json,native-test-12,1,481.8527899999481,False,1.0,1,,,0,1,1,1,1,1,1
Q4_K_M,natural,native-test-92,1,111.59724000003735,False,0.6666666666666666,0,1.456324698643049,0.4796967736947661,1,1,0,0,1,1,1
Q4_K_M,natural_offline_derive,native-test-92,1,,True,0.8333333333333334,0,1.1983343987346073,0.27934323436284686,0,1,1,0,1,1,1
Q4_K_M,indexed,native-test-92,1,131.4071879999119,False,0.8333333333333334,0,0.34718331312047934,0.1735523284062531,0,1,1,0,1,1,1
Q4_K_M,indexed_offline_derive,native-test-92,1,,True,0.8333333333333334,0,0.29201394295984817,0.1426009097530239,0,1,1,0,1,1,1
Q4_K_M,indexed_derive,native-test-92,1,126.81839900005798,False,0.8333333333333334,0,0.32360171432776935,0.16993672985607944,0,1,1,0,1,1,1
Q4_K_M,natural_derive,native-test-92,1,107.710114999918,False,0.8333333333333334,0,1.5029372010010615,0.27482460884850973,0,1,1,0,1,1,1
Q4_K_M,aliases,native-test-92,1,119.8586499999692,False,0.5,0,0.8308460999808757,0.5851103159673202,0,0,0,0,1,1,1
Q4_K_M,json,native-test-92,1,498.06167399992773,False,1.0,1,,,0,1,1,1,1,1,1
BF16,natural,native-test-85,1,85.79427300037423,False,0.6666666666666666,0,1.0615807248353402,0.5089676617955479,1,1,0,0,1,1,1
BF16,natural_offline_derive,native-test-85,1,,True,0.8333333333333334,0,0.9620819045712029,0.418916527223524,0,1,1,0,1,1,1
BF16,json,native-test-85,1,573.1524839998201,False,1.0,1,,,0,1,1,1,1,1,1
BF16,natural_derive,native-test-85,1,75.82776099980038,False,0.8333333333333334,0,1.2241539138381579,0.5011089016800466,0,1,1,0,1,1,1
BF16,indexed,native-test-85,1,92.59362600005261,False,0.8333333333333334,0,0.334944159672641,0.1644893660849339,0,1,1,1,0,1,1
BF16,indexed_offline_derive,native-test-85,1,,True,0.8333333333333334,0,0.28818991005755623,0.14674877197022565,0,1,1,1,0,1,1
BF16,indexed_derive,native-test-85,1,89.22510399997918,False,0.8333333333333334,0,0.39364397534256823,0.19229970618758985,0,1,1,1,0,1,1
BF16,aliases,native-test-85,1,86.92825099979018,False,1.0,1,0.3834658634818264,0.21006501710459458,0,1,1,1,1,1,1
Q4_K_M,indexed_derive,native-test-53,1,127.01431799996499,False,0.8333333333333334,0,0.5693383966795375,0.31811194316235586,0,1,1,0,1,1,1
Q4_K_M,indexed,native-test-53,1,130.95385099995838,False,0.6666666666666666,0,0.6444896413186921,0.3924939653682015,0,1,1,0,0,1,1
Q4_K_M,indexed_offline_derive,native-test-53,1,,True,0.6666666666666666,0,0.5702324444165933,0.33688477761751146,0,1,1,0,0,1,1
Q4_K_M,json,native-test-53,1,492.15495600014947,False,0.8333333333333334,0,,,0,1,1,0,1,1,1
Q4_K_M,aliases,native-test-53,1,120.91340000006312,False,0.8333333333333334,0,0.38850195519339614,0.21054875196929002,0,1,1,1,0,1,1
Q4_K_M,natural,native-test-53,1,111.14291499984574,False,0.8333333333333334,0,0.9428303472001872,0.3426112994399197,0,1,1,1,0,1,1
Q4_K_M,natural_offline_derive,native-test-53,1,,True,0.8333333333333334,0,0.9002160269833989,0.32312463234293787,0,1,1,1,0,1,1
Q4_K_M,natural_derive,native-test-53,1,107.52940500015029,False,0.8333333333333334,0,0.9106538244324552,0.3079840322329234,0,1,1,1,0,1,1
Q4_K_M,natural,native-test-81,1,116.53926700000738,False,0.5,0,2.1510512922464033,0.7848234298855671,1,1,0,0,0,1,1
Q4_K_M,natural_offline_derive,native-test-81,1,,True,0.6666666666666666,0,1.9712879689421205,0.6475483239119951,0,1,1,0,0,1,1
Q4_K_M,natural_derive,native-test-81,1,106.05895100002272,False,0.6666666666666666,0,2.024348893084522,0.6435462841486214,0,1,1,0,0,1,1
Q4_K_M,aliases,native-test-81,1,117.11258800005453,False,0.8333333333333334,0,0.3666103808545273,0.21974579066221964,0,1,1,0,1,1,1
Q4_K_M,indexed,native-test-81,1,128.32800000001043,False,1.0,1,0.3741392232346168,0.2064505056335737,0,1,1,1,1,1,1
Q4_K_M,indexed_offline_derive,native-test-81,1,,True,1.0,1,0.25520837891312437,0.12322145580496187,0,1,1,1,1,1,1
Q4_K_M,json,native-test-81,1,480.6169390001287,False,1.0,1,,,0,1,1,1,1,1,1
Q4_K_M,indexed_derive,native-test-81,1,125.00246800004788,False,1.0,1,0.1943216713646068,0.07382316138657223,0,1,1,1,1,1,1
Q4_K_M,natural,native-test-2,0,109.24065399990468,False,0.8333333333333334,0,0.3631976450622422,0.2310195492837409,1,1,0,1,1,1,1
Q4_K_M,natural_offline_derive,native-test-2,0,,True,1.0,1,0.0733852532070185,0.015911673924845663,0,1,1,1,1,1,1
Q4_K_M,aliases,native-test-2,0,117.36197999994147,False,0.6666666666666666,0,0.6619201765212626,0.45527964089787076,0,0,0,1,1,1,1
Q4_K_M,natural_derive,native-test-2,0,105.3192140000192,False,1.0,1,0.06154631933091595,0.012552920264970431,0,1,1,1,1,1,1
Q4_K_M,json,native-test-2,0,497.7605740000399,False,0.8333333333333334,0,,,0,1,1,0,1,1,1
Q4_K_M,indexed_derive,native-test-2,0,126.01803699999437,False,0.6666666666666666,0,0.6067838353382166,0.4006705120640219,0,1,1,0,1,1,0
Q4_K_M,indexed,native-test-2,0,129.3753759998708,False,0.6666666666666666,0,0.6112400821989429,0.41117895736575544,0,1,1,0,1,1,0
Q4_K_M,indexed_offline_derive,native-test-2,0,,True,0.6666666666666666,0,0.548652538109245,0.3655361011653926,0,1,1,0,1,1,0
Q4_K_M,json,native-test-62,0,517.0330539999668,False,1.0,1,,,0,1,1,1,1,1,1
Q4_K_M,natural,native-test-62,0,109.6022899998843,False,0.6666666666666666,0,1.5138377080304444,0.47385437198960045,1,1,0,0,1,1,1
Q4_K_M,natural_offline_derive,native-test-62,0,,True,0.8333333333333334,0,1.2677437421492441,0.28274560695572937,0,1,1,0,1,1,1
Q4_K_M,natural_derive,native-test-62,0,105.73875699992641,False,0.8333333333333334,0,1.4701811057987666,0.28917651263269084,0,1,1,0,1,1,1
Q4_K_M,aliases,native-test-62,0,117.95674099994358,False,0.5,0,0.7936792338915407,0.5580082270837613,0,0,0,0,1,1,1
Q4_K_M,indexed_derive,native-test-62,0,125.012937000065,False,0.8333333333333334,0,0.38066629653653444,0.21803331368099435,0,1,1,0,1,1,1
Q4_K_M,indexed,native-test-62,0,129.74048800015225,False,0.8333333333333334,0,0.39956158664350516,0.20452781006548057,0,1,1,0,1,1,1
Q4_K_M,indexed_offline_derive,native-test-62,0,,True,0.8333333333333334,0,0.3504428867293821,0.1746589658615391,0,1,1,0,1,1,1
Q4_K_M,json,native-test-57,0,499.6971890000168,False,0.5,0,,,0,0,0,0,1,1,1
Q4_K_M,indexed_derive,native-test-57,0,126.97230399999171,False,0.5,0,0.8265553088088087,0.5066437079545301,0,0,0,0,1,1,1
Q4_K_M,indexed,native-test-57,0,130.45382700011032,False,0.6666666666666666,0,0.7398327745654547,0.47207178117207144,1,1,0,0,1,1,1
Q4_K_M,indexed_offline_derive,native-test-57,0,,True,0.8333333333333334,0,0.602774629731627,0.35513458638277395,0,1,1,0,1,1,1
Q4_K_M,natural,native-test-57,0,110.56951000000481,False,0.8333333333333334,0,0.5205863169352788,0.317982749663263,1,1,0,1,1,1,1
Q4_K_M,natural_offline_derive,native-test-57,0,,True,1.0,1,0.213957027851719,0.09900320428973187,0,1,1,1,1,1,1
Q4_K_M,aliases,native-test-57,0,119.937494999931,False,0.8333333333333334,0,0.6779928736839574,0.3445361028941005,1,1,0,1,1,1,1
Q4_K_M,natural_derive,native-test-57,0,107.42897599993739,False,1.0,1,0.17212279430399138,0.07613685973138234,0,1,1,1,1,1,1
Q4_K_M,indexed,native-test-91,0,136.05141500011086,False,0.8333333333333334,0,0.3618772221943327,0.19464936497068822,0,1,1,1,0,1,1
Q4_K_M,indexed_offline_derive,native-test-91,0,,True,0.8333333333333334,0,0.3233600826108975,0.1816505274428227,0,1,1,1,0,1,1
Q4_K_M,natural,native-test-91,0,109.15963599995848,False,0.6666666666666666,0,2.196007063264992,0.6650792716137988,0,1,1,0,0,1,1
Q4_K_M,natural_offline_derive,native-test-91,0,,True,0.6666666666666666,0,2.179703457346035,0.6585639143694282,0,1,1,0,0,1,1
Q4_K_M,natural_derive,native-test-91,0,105.21487700020771,False,0.6666666666666666,0,2.2986885534801806,0.6560161880678453,0,1,1,0,0,1,1
Q4_K_M,indexed_derive,native-test-91,0,123.81175399991662,False,1.0,1,0.3628778838609032,0.1796848490608847,0,1,1,1,1,1,1
Q4_K_M,json,native-test-91,0,495.5613759998414,False,1.0,1,,,0,1,1,1,1,1,1
Q4_K_M,aliases,native-test-91,0,118.10339299995576,False,0.6666666666666666,0,0.3923228200349356,0.27730793865432585,0,1,1,0,0,1,1
BF16,natural_derive,native-test-77,0,76.9515719998708,False,0.8333333333333334,0,1.2568770604106367,0.26762233008434144,0,1,1,0,1,1,1
BF16,indexed_derive,native-test-77,0,90.88480899981732,False,0.8333333333333334,0,0.23912031353981267,0.1198104772401956,0,1,1,0,1,1,1
BF16,natural,native-test-77,0,79.23341500008974,False,0.6666666666666666,0,1.356104441774944,0.41896700938900405,1,1,0,0,1,1,1
BF16,natural_offline_derive,native-test-77,0,,True,0.8333333333333334,0,1.1608955831199887,0.26745574852638515,0,1,1,0,1,1,1
BF16,aliases,native-test-77,0,88.21267700022872,False,0.6666666666666666,0,0.5122252704999652,0.35688791415166127,0,0,0,1,1,1,1
BF16,indexed,native-test-77,0,102.16142899980696,False,0.8333333333333334,0,0.34476067797946913,0.17931327044183512,1,1,0,1,1,1,1
BF16,indexed_offline_derive,native-test-77,0,,True,1.0,1,0.22388430995094086,0.09461230673840253,0,1,1,1,1,1,1
BF16,json,native-test-77,0,616.890925000007,False,1.0,1,,,0,1,1,1,1,1,1
BF16,json,native-test-49,0,570.2597969998351,False,1.0,1,,,0,1,1,1,1,1,1
BF16,natural_derive,native-test-49,0,78.23887499989723,False,0.6666666666666666,0,1.2181413148452815,0.506499984450383,0,1,1,0,0,1,1
BF16,indexed_derive,native-test-49,0,91.70645899985175,False,0.8333333333333334,0,0.38796411659411145,0.19004526658223117,0,1,1,1,0,1,1
BF16,aliases,native-test-49,0,88.76507900004071,False,0.8333333333333334,0,0.43151928112975185,0.25633788443302075,0,1,1,1,0,1,1
BF16,indexed,native-test-49,0,94.64723299970501,False,0.8333333333333334,0,0.39547983560671013,0.1962353848324795,0,1,1,1,0,1,1
BF16,indexed_offline_derive,native-test-49,0,,True,0.8333333333333334,0,0.3532275610141596,0.18194240425791708,0,1,1,1,0,1,1
BF16,natural,native-test-49,0,80.04959300023984,False,0.6666666666666666,0,0.9576308762143735,0.48326956512397173,0,1,1,0,0,1,1
BF16,natural_offline_derive,native-test-49,0,,True,0.6666666666666666,0,0.8984866749763394,0.4423820530325629,0,1,1,0,0,1,1
Q4_K_M,json,native-test-27,1,496.8711159999657,False,0.5,0,,,0,0,0,0,1,1,1
Q4_K_M,natural_derive,native-test-27,1,108.2314629998109,False,1.0,1,0.14826245148665262,0.05577283319147478,0,1,1,1,1,1,1
Q4_K_M,indexed_derive,native-test-27,1,126.38692899986381,False,0.5,0,0.7347520257637634,0.45297253450776526,0,0,0,0,1,1,1
Q4_K_M,natural,native-test-27,1,110.61728799995763,False,0.8333333333333334,0,0.5303792612369961,0.3240769362516971,1,1,0,1,1,1,1
Q4_K_M,natural_offline_derive,native-test-27,1,,True,1.0,1,0.21115882156280633,0.1024293527391996,0,1,1,1,1,1,1
Q4_K_M,indexed,native-test-27,1,130.70140200011338,False,0.6666666666666666,0,0.689865894354884,0.43323402084094537,1,1,0,0,1,1,1
Q4_K_M,indexed_offline_derive,native-test-27,1,,True,0.8333333333333334,0,0.5258482982768212,0.2943940226913659,0,1,1,0,1,1,1
Q4_K_M,aliases,native-test-27,1,119.41114599994762,False,0.8333333333333334,0,0.6529745474532765,0.33880794827652894,1,1,0,1,1,1,1
Q4_K_M,json,native-test-70,0,485.14044500007003,False,0.6666666666666666,0,,,0,0,0,1,1,1,1
Q4_K_M,indexed,native-test-70,0,126.39169499993841,False,0.5,0,1.7077876621807937,0.8009130438873568,0,0,0,0,1,1,1
Q4_K_M,indexed_offline_derive,native-test-70,0,,True,0.5,0,2.2277953840291858,0.8504831537503059,0,0,0,0,1,1,1
Q4_K_M,aliases,native-test-70,0,121.89368600002126,False,0.5,0,1.9702197139937916,0.7790338739456217,0,0,0,0,1,1,1
Q4_K_M,natural_derive,native-test-70,0,102.63316299983671,False,0.6666666666666666,0,2.1443522504424606,0.6667293095607718,0,0,0,1,1,1,1
Q4_K_M,natural,native-test-70,0,105.49723199983418,False,0.6666666666666666,0,2.013947139552965,0.6480884991750842,0,0,0,1,1,1,1
Q4_K_M,natural_offline_derive,native-test-70,0,,True,0.6666666666666666,0,2.7353305794388016,0.6664463794851611,0,0,0,1,1,1,1
Q4_K_M,indexed_derive,native-test-70,0,121.520387000146,False,0.5,0,2.3686392259427955,0.8711912647760648,0,0,0,0,1,1,1
Q4_K_M,aliases,native-test-70,1,115.77744999999595,False,0.5,0,2.0372176611288997,0.7705179045707329,0,0,0,0,1,1,1
Q4_K_M,indexed,native-test-70,1,137.8353520001383,False,0.5,0,1.7660629596858757,0.8074601862510886,0,0,0,0,1,1,1
Q4_K_M,indexed_offline_derive,native-test-70,1,,True,0.5,0,2.30945063741954,0.8523343091871768,0,0,0,0,1,1,1
Q4_K_M,natural_derive,native-test-70,1,105.80312299998695,False,0.6666666666666666,0,2.0851088712089,0.6655106959375062,0,0,0,1,1,1,1
Q4_K_M,json,native-test-70,1,490.10591000001114,False,0.6666666666666666,0,,,0,0,0,1,1,1,1
Q4_K_M,natural,native-test-70,1,106.83418199982953,False,0.6666666666666666,0,2.1787926054667084,0.6531023478299577,0,0,0,1,1,1,1
Q4_K_M,natural_offline_derive,native-test-70,1,,True,0.6666666666666666,0,2.96272839869866,0.666674135775921,0,0,0,1,1,1,1
Q4_K_M,indexed_derive,native-test-70,1,122.10988700007874,False,0.5,0,2.318760840430294,0.8811807252963133,0,0,0,0,1,1,1
Q4_K_M,json,native-test-43,1,496.0084869999264,False,1.0,1,,,0,1,1,1,1,1,1
Q4_K_M,natural,native-test-43,1,111.75238999999237,False,0.6666666666666666,0,1.0341361341228872,0.4528395243940179,0,1,1,0,0,1,1
Q4_K_M,natural_offline_derive,native-test-43,1,,True,0.6666666666666666,0,1.0096505214450249,0.4445522904699508,0,1,1,0,0,1,1
Q4_K_M,indexed,native-test-43,1,131.05020700004388,False,0.5,0,0.7500286722547593,0.44997046420965275,0,1,1,0,0,1,0
Q4_K_M,indexed_offline_derive,native-test-43,1,,True,0.5,0,0.7127945306264435,0.4389910011301906,0,1,1,0,0,1,0
Q4_K_M,indexed_derive,native-test-43,1,126.96531999995386,False,0.6666666666666666,0,0.6980062281713929,0.3982287891348781,0,1,1,0,1,1,0
Q4_K_M,natural_derive,native-test-43,1,107.48889400019834,False,0.6666666666666666,0,1.0816551702336656,0.40986520497652607,0,1,1,0,0,1,1
Q4_K_M,aliases,native-test-43,1,119.75622199997815,False,0.6666666666666666,0,0.6471949046075182,0.3272520258268677,0,1,1,0,0,1,1
Q4_K_M,natural_derive,native-test-42,0,105.6551109998054,False,1.0,1,0.05201761839066987,0.00783827161245888,0,1,1,1,1,1,1
Q4_K_M,natural,native-test-42,0,108.42459399987092,False,1.0,1,0.06596924979768898,0.009218487926633934,0,1,1,1,1,1,1
Q4_K_M,natural_offline_derive,native-test-42,0,,True,1.0,1,0.05182695091283749,0.007395298375112189,0,1,1,1,1,1,1
Q4_K_M,indexed,native-test-42,0,128.69266899997456,False,0.8333333333333334,0,0.4034969955325638,0.20276905888993466,0,1,1,0,1,1,1
Q4_K_M,indexed_offline_derive,native-test-42,0,,True,0.8333333333333334,0,0.3635324220103153,0.1899112389936877,0,1,1,0,1,1,1
Q4_K_M,indexed_derive,native-test-42,0,124.6234220000133,False,0.8333333333333334,0,0.4195909241206317,0.23322049133657854,0,1,1,0,1,1,1
Q4_K_M,json,native-test-42,0,482.6141890000599,False,1.0,1,,,0,1,1,1,1,1,1
Q4_K_M,aliases,native-test-42,0,117.94812900006946,False,1.0,1,0.25536865351903415,0.11071244344113607,0,1,1,1,1,1,1
BF16,indexed,native-test-63,1,95.08618900008514,False,0.5,0,0.8157965014395977,0.5397902116760281,1,1,0,0,1,0,1
BF16,indexed_offline_derive,native-test-63,1,,True,0.6666666666666666,0,0.6156293076823933,0.3770909897537214,0,1,1,0,1,0,1
BF16,natural,native-test-63,1,80.37134200003493,False,0.8333333333333334,0,0.4472807601011451,0.2708891364356618,1,1,0,1,1,1,1
BF16,natural_offline_derive,native-test-63,1,,True,1.0,1,0.12307629453548778,0.032146561611176044,0,1,1,1,1,1,1
BF16,aliases,native-test-63,1,89.07315400028892,False,0.8333333333333334,0,0.6754206391190477,0.3384290153034861,1,1,0,1,1,1,1
BF16,indexed_derive,native-test-63,1,91.12763399980395,False,0.6666666666666666,0,0.9069153577654809,0.5856088074082033,0,1,1,0,1,0,1
BF16,json,native-test-63,1,613.2950989999699,False,0.3333333333333333,0,,,0,0,0,0,1,1,0
BF16,natural_derive,native-test-63,1,78.0895729999429,False,1.0,1,0.13192305438172208,0.041936926065035435,0,1,1,1,1,1,1
Q4_K_M,indexed,native-test-29,1,133.4618529999716,False,0.5,0,0.8671086254858577,0.4728228256884908,0,1,1,0,0,1,0
Q4_K_M,indexed_offline_derive,native-test-29,1,,True,0.5,0,0.8138203291587965,0.4449346665615654,0,1,1,0,0,1,0
Q4_K_M,indexed_derive,native-test-29,1,128.7586949999877,False,0.6666666666666666,0,0.7966169019606751,0.37701273217427617,0,1,1,0,0,1,1
Q4_K_M,aliases,native-test-29,1,121.737198999881,False,0.6666666666666666,0,0.6514407723178519,0.3364602835839567,0,1,1,0,0,1,1
Q4_K_M,natural_derive,native-test-29,1,109.51007900007426,False,0.8333333333333334,0,1.025604539641202,0.3350847269253104,0,1,1,1,0,1,1
Q4_K_M,natural,native-test-29,1,112.73988799985091,False,0.8333333333333334,0,1.0734409286106987,0.39992207852854955,0,1,1,1,0,1,1
Q4_K_M,natural_offline_derive,native-test-29,1,,True,0.8333333333333334,0,1.0650081644480325,0.39896625771768623,0,1,1,1,0,1,1
Q4_K_M,json,native-test-29,1,491.9037810000191,False,0.8333333333333334,0,,,0,1,1,0,1,1,1
Q4_K_M,indexed,native-test-74,0,132.36559200004194,False,0.6666666666666666,0,0.5714387626241743,0.35570698596836525,0,1,1,0,1,1,0
Q4_K_M,indexed_offline_derive,native-test-74,0,,True,0.6666666666666666,0,0.5394482651901643,0.34217653465289827,0,1,1,0,1,1,0
Q4_K_M,aliases,native-test-74,0,120.71976099991844,False,1.0,1,0.28033066920828115,0.1226926424554992,0,1,1,1,1,1,1
Q4_K_M,natural_derive,native-test-74,0,108.27085300002182,False,0.8333333333333334,0,0.47083274121434454,0.27309577421640957,0,1,1,1,0,1,1
Q4_K_M,natural,native-test-74,0,111.537424999824,False,0.8333333333333334,0,0.6792918648264656,0.3111972495631449,0,1,1,1,0,1,1
Q4_K_M,natural_offline_derive,native-test-74,0,,True,0.8333333333333334,0,0.6524500626115451,0.30325682633396345,0,1,1,1,0,1,1
Q4_K_M,indexed_derive,native-test-74,0,127.58767300010732,False,0.8333333333333334,0,0.5011952353396928,0.2918934104521868,0,1,1,0,1,1,1
Q4_K_M,json,native-test-74,0,490.9831350000786,False,0.8333333333333334,0,,,0,1,1,0,1,1,1
BF16,aliases,native-test-13,1,90.74793199988562,False,0.8333333333333334,0,0.45513139120578233,0.21117579418914567,0,1,1,0,1,1,1
BF16,json,native-test-13,1,584.2606480000541,False,0.8333333333333334,0,,,0,1,1,0,1,1,1
BF16,natural_derive,native-test-13,1,78.47448299980897,False,0.8333333333333334,0,0.27662021521661123,0.16978079383491976,0,1,1,0,1,1,1
BF16,natural,native-test-13,1,81.2753159998465,False,0.8333333333333334,0,0.24071325277747443,0.14149432538593323,0,1,1,0,1,1,1
BF16,natural_offline_derive,native-test-13,1,,True,0.8333333333333334,0,0.23554887127444404,0.139480032301837,0,1,1,0,1,1,1
BF16,indexed,native-test-13,1,95.36300499985373,False,0.6666666666666666,0,0.5827236297753954,0.3069203210103628,0,1,1,0,1,1,0
BF16,indexed_offline_derive,native-test-13,1,,True,0.6666666666666666,0,0.5481986156495866,0.2977072019445567,0,1,1,0,1,1,0
BF16,indexed_derive,native-test-13,1,92.48854099996606,False,0.6666666666666666,0,0.6162264476466396,0.3119966704456634,0,1,1,0,1,1,0
Q4_K_M,indexed,native-test-89,1,139.28200000009383,False,0.8333333333333334,0,0.46667221179108836,0.26154416599239044,0,1,1,1,0,1,1
Q4_K_M,indexed_offline_derive,native-test-89,1,,True,0.8333333333333334,0,0.4078665976986849,0.2176060677368595,0,1,1,1,0,1,1
Q4_K_M,json,native-test-89,1,493.4960510001929,False,1.0,1,,,0,1,1,1,1,1,1
Q4_K_M,natural_derive,native-test-89,1,109.47165299990047,False,0.6666666666666666,0,1.9595854099286558,0.6196895007947149,0,1,1,0,0,1,1
Q4_K_M,indexed_derive,native-test-89,1,127.48106499998357,False,0.8333333333333334,0,0.3885778897808269,0.19656091064128256,0,1,1,1,0,1,1
Q4_K_M,aliases,native-test-89,1,120.2009219998672,False,0.6666666666666666,0,0.42644467551255233,0.27789322296446206,0,1,1,0,0,1,1
Q4_K_M,natural,native-test-89,1,111.42465100010668,False,0.6666666666666666,0,1.827101317311423,0.6468356327528049,0,1,1,0,0,1,1
Q4_K_M,natural_offline_derive,native-test-89,1,,True,0.6666666666666666,0,1.8170633017819358,0.6451334879908998,0,1,1,0,0,1,1
Q4_K_M,aliases,native-test-7,0,118.78702500007421,False,0.8333333333333334,0,0.3225205644446518,0.19336628779416007,0,1,1,1,0,1,1
Q4_K_M,natural,native-test-7,0,109.82201000001623,False,0.8333333333333334,0,1.1246926809743965,0.3670286789223987,0,1,1,1,0,1,1
Q4_K_M,natural_offline_derive,native-test-7,0,,True,0.8333333333333334,0,1.1199623307167894,0.3657694154616033,0,1,1,1,0,1,1
Q4_K_M,indexed,native-test-7,0,129.9683960000948,False,0.5,0,0.6869298066355021,0.46486111681399533,0,1,1,0,0,1,0
Q4_K_M,indexed_offline_derive,native-test-7,0,,True,0.5,0,0.6455342750955252,0.4504655831699618,0,1,1,0,0,1,0
Q4_K_M,indexed_derive,native-test-7,0,125.4212210001242,False,0.5,0,0.7523532029782635,0.5016739374494558,0,1,1,0,0,1,0
Q4_K_M,natural_derive,native-test-7,0,106.33675899998707,False,0.8333333333333334,0,1.1492595805851005,0.3449633925924132,0,1,1,1,0,1,1
Q4_K_M,json,native-test-7,0,497.5797469999179,False,0.8333333333333334,0,,,0,1,1,0,1,1,1
Q4_K_M,json,native-test-26,1,492.60160900007577,False,1.0,1,,,0,1,1,1,1,1,1
Q4_K_M,indexed,native-test-26,1,129.49813800014454,False,1.0,1,0.35428392376492,0.1713426451803984,0,1,1,1,1,1,1
Q4_K_M,indexed_offline_derive,native-test-26,1,,True,1.0,1,0.3314835036480566,0.163253295663758,0,1,1,1,1,1,1
Q4_K_M,natural,native-test-26,1,109.24999000008029,False,0.6666666666666666,0,1.4309842205381031,0.5354165073961049,0,1,1,0,0,1,1
Q4_K_M,natural_offline_derive,native-test-26,1,,True,0.6666666666666666,0,1.3996675415080924,0.5242867879539073,0,1,1,0,0,1,1
Q4_K_M,natural_derive,native-test-26,1,105.04266700013432,False,0.6666666666666666,0,1.3288857228050301,0.48133557808431643,0,1,1,0,0,1,1
Q4_K_M,aliases,native-test-26,1,116.88833499988505,False,1.0,1,0.25777034068684596,0.10741408631609677,0,1,1,1,1,1,1
Q4_K_M,indexed_derive,native-test-26,1,123.8720439998815,False,1.0,1,0.28471810501109424,0.1337966999486725,0,1,1,1,1,1,1
Q4_K_M,aliases,native-test-64,0,130.56031399992207,False,0.8333333333333334,0,0.6820006554337517,0.2993381740978525,0,1,1,0,1,1,1
Q4_K_M,natural_derive,native-test-64,0,110.72696599990195,False,0.8333333333333334,0,0.2931973719911481,0.20227222544474702,0,1,1,0,1,1,1
Q4_K_M,indexed,native-test-64,0,134.11505699991721,False,0.6666666666666666,0,0.687135060785085,0.3556494539009587,0,1,1,0,1,1,0
Q4_K_M,indexed_offline_derive,native-test-64,0,,True,0.6666666666666666,0,0.6369398422994974,0.3363604514426542,0,1,1,0,1,1,0
Q4_K_M,natural,native-test-64,0,113.7729679999211,False,0.8333333333333334,0,0.2851652294620099,0.18050923066730382,0,1,1,0,1,1,1
Q4_K_M,natural_offline_derive,native-test-64,0,,True,0.8333333333333334,0,0.2768030930751551,0.1783940731712154,0,1,1,0,1,1,1
Q4_K_M,indexed_derive,native-test-64,0,129.1779769999266,False,0.6666666666666666,0,0.6871779629460727,0.3393010136809022,0,1,1,0,1,1,0
Q4_K_M,json,native-test-64,0,509.4049310000628,False,1.0,1,,,0,1,1,1,1,1,1
BF16,indexed,native-test-89,0,95.22889900017617,False,0.8333333333333334,0,0.4569654819322995,0.24783245033108556,0,1,1,1,0,1,1
BF16,indexed_offline_derive,native-test-89,0,,True,0.8333333333333334,0,0.36692569923081186,0.17850716907446107,0,1,1,1,0,1,1
BF16,natural,native-test-89,0,80.53814899994904,False,0.6666666666666666,0,1.9488177589174664,0.655856108254636,0,1,1,0,0,1,1
BF16,natural_offline_derive,native-test-89,0,,True,0.6666666666666666,0,1.931560928481419,0.651612458980941,0,1,1,0,0,1,1
BF16,natural_derive,native-test-89,0,77.8105660001529,False,0.6666666666666666,0,2.003065445248037,0.6396127014944354,0,1,1,0,0,1,1
BF16,aliases,native-test-89,0,89.487306999672,False,0.5,0,0.4441183493922682,0.29603753743868966,1,0,1,0,0,1,1
BF16,json,native-test-89,0,601.8419050001285,False,1.0,1,,,0,1,1,1,1,1,1
BF16,indexed_derive,native-test-89,0,92.97152399994957,False,1.0,1,0.3805567541714025,0.18901041202577815,0,1,1,1,1,1,1
Q4_K_M,aliases,native-test-25,0,115.82821899992268,False,0.6666666666666666,0,0.6699454899503555,0.37309570192174957,0,1,1,0,0,1,1
Q4_K_M,indexed,native-test-25,0,126.29077199994754,False,0.3333333333333333,0,0.9252945957773177,0.5658635204070962,0,1,1,0,0,0,0
Q4_K_M,indexed_offline_derive,native-test-25,0,,True,0.3333333333333333,0,0.8742237906471254,0.5451438791789469,0,1,1,0,0,0,0
Q4_K_M,indexed_derive,native-test-25,0,122.16449600009582,False,0.5,0,0.9201036265598055,0.5478401872775454,0,1,1,0,1,0,0
Q4_K_M,natural_derive,native-test-25,0,103.46001000016258,False,0.8333333333333334,0,1.329382514588902,0.4266484026778401,0,1,1,1,0,1,1
Q4_K_M,json,native-test-25,0,497.2969220000323,False,1.0,1,,,0,1,1,1,1,1,1
Q4_K_M,natural,native-test-25,0,107.12553000007574,False,0.6666666666666666,0,1.1492078398123873,0.48912327312052506,0,1,1,0,0,1,1
Q4_K_M,natural_offline_derive,native-test-25,0,,True,0.6666666666666666,0,1.1246731861501755,0.47474621556983987,0,1,1,0,0,1,1
Q4_K_M,json,native-test-72,0,487.3859040001207,False,1.0,1,,,0,1,1,1,1,1,1
Q4_K_M,aliases,native-test-72,0,121.18558599991047,False,0.8333333333333334,0,0.3316045909550117,0.21782721314662723,0,1,1,0,1,1,1
Q4_K_M,natural_derive,native-test-72,0,108.34687499982465,False,0.8333333333333334,0,0.8004890571214457,0.3253834367382737,0,1,1,1,0,1,1
Q4_K_M,natural,native-test-72,0,111.7348130001119,False,0.6666666666666666,0,0.7667203563916914,0.47138695682822007,1,1,0,1,0,1,1
Q4_K_M,natural_offline_derive,native-test-72,0,,True,0.8333333333333334,0,0.5547235689857918,0.30733272177560184,0,1,1,1,0,1,1
Q4_K_M,indexed,native-test-72,0,131.61277299991525,False,1.0,1,0.4102345229787567,0.22489151226844287,0,1,1,1,1,1,1
Q4_K_M,indexed_offline_derive,native-test-72,0,,True,1.0,1,0.3539914065643772,0.20074622021207347,0,1,1,1,1,1,1
Q4_K_M,indexed_derive,native-test-72,0,126.85601199996199,False,0.8333333333333334,0,0.37762237344880534,0.2133145017104876,0,1,1,0,1,1,1
BF16,indexed,native-test-68,1,95.8097769998858,False,0.8333333333333334,0,0.5857965410618892,0.2990435044113693,0,1,1,0,1,1,1
BF16,indexed_offline_derive,native-test-68,1,,True,0.8333333333333334,0,0.553753073163736,0.28950765683637847,0,1,1,0,1,1,1
BF16,aliases,native-test-68,1,90.42113400028029,False,0.8333333333333334,0,0.3755836867887183,0.2509182030246156,0,1,1,0,1,1,1
BF16,indexed_derive,native-test-68,1,92.49372099975517,False,0.8333333333333334,0,0.5806540764582446,0.2837978131956825,0,1,1,0,1,1,1
BF16,natural,native-test-68,1,80.90725600004589,False,1.0,1,0.04053559836962655,0.004716760792299206,0,1,1,1,1,1,1
BF16,natural_offline_derive,native-test-68,1,,True,1.0,1,0.042961485564340644,0.004918818039996462,0,1,1,1,1,1,1
BF16,natural_derive,native-test-68,1,77.92064599971127,False,1.0,1,0.03436249622822692,0.004055501468913839,0,1,1,1,1,1,1
BF16,json,native-test-68,1,568.8330899997709,False,0.8333333333333334,0,,,0,1,1,0,1,1,1
BF16,natural_derive,native-test-0,0,75.91291399967304,False,0.8333333333333334,0,0.9507240921648163,0.3314682332891659,0,1,1,0,1,1,1
BF16,natural,native-test-0,0,78.49305699983233,False,0.8333333333333334,0,0.7481181857480149,0.32740638612925244,0,1,1,0,1,1,1
BF16,natural_offline_derive,native-test-0,0,,True,0.8333333333333334,0,0.7447323581497366,0.32730250704155744,0,1,1,0,1,1,1
BF16,json,native-test-0,0,549.7601590000158,False,1.0,1,,,0,1,1,1,1,1,1
BF16,aliases,native-test-0,0,88.07670599981066,False,1.0,1,0.0641038473905776,0.010796597905901407,0,1,1,1,1,1,1
BF16,indexed_derive,native-test-0,0,89.8132520001127,False,0.8333333333333334,0,0.293918596652977,0.1640442309621911,0,1,1,1,1,0,1
BF16,indexed,native-test-0,0,92.73926900004881,False,1.0,1,0.26246381052554996,0.1403283583739149,0,1,1,1,1,1,1
BF16,indexed_offline_derive,native-test-0,0,,True,1.0,1,0.25466340646907,0.13969672423427018,0,1,1,1,1,1,1
BF16,natural,native-test-2,0,79.26628199993502,False,0.8333333333333334,0,0.4099791552616445,0.2537806824085029,1,1,0,1,1,1,1
BF16,natural_offline_derive,native-test-2,0,,True,1.0,1,0.08408894978607001,0.02064645179721071,0,1,1,1,1,1,1
BF16,aliases,native-test-2,0,87.38101900007678,False,0.6666666666666666,0,0.8906854891569168,0.559545382530856,0,0,0,1,1,1,1
BF16,natural_derive,native-test-2,0,75.66772799964383,False,1.0,1,0.0769077277869429,0.02202333860116309,0,1,1,1,1,1,1
BF16,json,native-test-2,0,620.1246400000855,False,0.8333333333333334,0,,,0,1,1,0,1,1,1
BF16,indexed_derive,native-test-2,0,91.2431009996908,False,0.6666666666666666,0,0.6077779740744975,0.4017425938621208,0,1,1,0,1,1,0
BF16,indexed,native-test-2,0,94.1033460003382,False,0.5,0,0.6723466253425272,0.45069531696541354,1,1,0,0,1,1,0
BF16,indexed_offline_derive,native-test-2,0,,True,0.6666666666666666,0,0.5723578054488426,0.372689137648157,0,1,1,0,1,1,0
BF16,natural,native-test-74,1,80.55409799999325,False,0.8333333333333334,0,0.7925417336835677,0.29129577942642076,0,1,1,1,0,1,1
BF16,natural_offline_derive,native-test-74,1,,True,0.8333333333333334,0,0.779420409564204,0.2889155452143983,0,1,1,1,0,1,1
BF16,json,native-test-74,1,606.2002990001929,False,0.8333333333333334,0,,,0,1,1,0,1,1,1
BF16,indexed_derive,native-test-74,1,92.94944000021133,False,0.8333333333333334,0,0.481729180640992,0.2865143523471585,0,1,1,0,1,1,1
BF16,aliases,native-test-74,1,88.96466599981068,False,1.0,1,0.31757327757605497,0.16558911589083716,0,1,1,1,1,1,1
BF16,indexed,native-test-74,1,94.87260700007027,False,0.8333333333333334,0,0.5667626793486263,0.34672416757965757,0,1,1,0,1,1,1
BF16,indexed_offline_derive,native-test-74,1,,True,0.8333333333333334,0,0.5236402571989291,0.32846657238689747,0,1,1,0,1,1,1
BF16,natural_derive,native-test-74,1,77.42761000008613,False,0.8333333333333334,0,0.8481191699306829,0.2988531520116332,0,1,1,1,0,1,1
BF16,indexed_derive,native-test-73,0,91.39340699994136,False,0.8333333333333334,0,0.5551661837717531,0.29096852046419913,0,1,1,0,1,1,1
BF16,natural_derive,native-test-73,0,77.17415399974925,False,0.8333333333333334,0,1.1745521420219724,0.3523544283463631,0,1,1,1,0,1,1
BF16,indexed,native-test-73,0,94.491005999771,False,0.8333333333333334,0,0.6022111454675699,0.3508371181943232,0,1,1,0,1,1,1
BF16,indexed_offline_derive,native-test-73,0,,True,0.8333333333333334,0,0.5609032243198179,0.33753842710304927,0,1,1,0,1,1,1
BF16,natural,native-test-73,0,79.96668599980694,False,0.8333333333333334,0,1.1407051532338546,0.3493643038307857,0,1,1,1,0,1,1
BF16,natural_offline_derive,native-test-73,0,,True,0.8333333333333334,0,1.1162706568752394,0.33998327032460923,0,1,1,1,0,1,1
BF16,json,native-test-73,0,578.8230500002101,False,1.0,1,,,0,1,1,1,1,1,1
BF16,aliases,native-test-73,0,89.39405299997816,False,0.6666666666666666,0,0.41820376344854354,0.2960722575131374,0,1,1,0,0,1,1
BF16,natural,native-test-94,1,81.31954899999982,False,0.8333333333333334,0,1.3980896273904897,0.30159824868881785,0,1,1,0,1,1,1
BF16,natural_offline_derive,native-test-94,1,,True,0.8333333333333334,0,1.4543567478722863,0.3394290300939195,0,1,1,0,1,1,1
BF16,natural_derive,native-test-94,1,79.59920699977374,False,0.8333333333333334,0,1.5619304522114652,0.29371759265970543,0,1,1,0,1,1,1
BF16,indexed_derive,native-test-94,1,93.93902500005424,False,0.8333333333333334,0,0.2750455678168186,0.15066953635714686,0,1,1,0,1,1,1
BF16,json,native-test-94,1,628.1563510001433,False,0.8333333333333334,0,,,0,1,1,0,1,1,1
BF16,indexed,native-test-94,1,96.47286700010227,False,0.8333333333333334,0,0.2764015401458862,0.13367030194251864,0,1,1,0,1,1,1
BF16,indexed_offline_derive,native-test-94,1,,True,0.8333333333333334,0,0.2409494986277637,0.12280319283668399,0,1,1,0,1,1,1
BF16,aliases,native-test-94,1,89.93882699996902,False,0.8333333333333334,0,0.23349988122654985,0.13236983645499814,0,1,1,0,1,1,1
BF16,natural,native-test-11,1,78.90898999994533,False,0.6666666666666666,0,1.1000369396614798,0.42248444908123006,1,1,0,0,1,1,1
BF16,natural_offline_derive,native-test-11,1,,True,0.8333333333333334,0,0.9680904367827637,0.3268960108083204,0,1,1,0,1,1,1
BF16,indexed,native-test-11,1,92.75138800012428,False,1.0,1,0.3260479508639866,0.16111886719711335,0,1,1,1,1,1,1
BF16,indexed_offline_derive,native-test-11,1,,True,1.0,1,0.22274848508269693,0.0901165072765568,0,1,1,1,1,1,1
BF16,natural_derive,native-test-11,1,75.11109799997939,False,0.8333333333333334,0,1.0480506870797945,0.32549603734373583,0,1,1,0,1,1,1
BF16,aliases,native-test-11,1,86.88802899996517,False,0.6666666666666666,0,0.4682230668529042,0.3286628485144657,1,0,1,0,1,1,1
BF16,json,native-test-11,1,612.1566229999189,False,1.0,1,,,0,1,1,1,1,1,1
BF16,indexed_derive,native-test-11,1,90.98516499989273,False,1.0,1,0.2245662258333944,0.09697439528341556,0,1,1,1,1,1,1
Q4_K_M,indexed_derive,native-test-83,0,134.87555400001838,False,1.0,1,0.21815858368968125,0.08227606434543479,0,1,1,1,1,1,1
Q4_K_M,aliases,native-test-83,0,120.52694900012284,False,0.6666666666666666,0,0.5618167267851126,0.41349309028733655,1,1,0,0,1,1,1
Q4_K_M,natural,native-test-83,0,112.10911899979692,False,0.6666666666666666,0,1.1560151609389537,0.44006289109379804,1,1,0,0,1,1,1
Q4_K_M,natural_offline_derive,native-test-83,0,,True,0.8333333333333334,0,1.0052009918035574,0.32477622743333906,0,1,1,0,1,1,1
Q4_K_M,indexed,native-test-83,0,132.94673600012175,False,1.0,1,0.3106164802714312,0.15612535383995427,0,1,1,1,1,1,1
Q4_K_M,indexed_offline_derive,native-test-83,0,,True,1.0,1,0.2219009648990131,0.09345953117381793,0,1,1,1,1,1,1
Q4_K_M,json,native-test-83,0,511.7664849999528,False,1.0,1,,,0,1,1,1,1,1,1
Q4_K_M,natural_derive,native-test-83,0,109.24029300008442,False,0.8333333333333334,0,1.1150915902200194,0.3223267207790706,0,1,1,0,1,1,1
Q4_K_M,natural,native-test-21,1,109.02913899985833,False,0.5,0,1.994965146084865,0.7203121741914212,1,1,0,0,0,1,1
Q4_K_M,natural_offline_derive,native-test-21,1,,True,0.6666666666666666,0,1.8529501166653615,0.6171951105937309,0,1,1,0,0,1,1
Q4_K_M,natural_derive,native-test-21,1,105.59580299991467,False,0.6666666666666666,0,1.9230217474476567,0.6309627968608168,0,1,1,0,0,1,1
Q4_K_M,indexed_derive,native-test-21,1,124.95452499979365,False,1.0,1,0.22700149155039417,0.09257285097754404,0,1,1,1,1,1,1
Q4_K_M,aliases,native-test-21,1,117.39658799979225,False,1.0,1,0.22449799680841767,0.12266951986548297,0,1,1,1,1,1,1
Q4_K_M,indexed,native-test-21,1,135.58628399982808,False,1.0,1,0.3279262129339658,0.1594367930421006,0,1,1,1,1,1,1
Q4_K_M,indexed_offline_derive,native-test-21,1,,True,1.0,1,0.25410613716432934,0.1183528793308291,0,1,1,1,1,1,1
Q4_K_M,json,native-test-21,1,479.7199649999584,False,1.0,1,,,0,1,1,1,1,1,1
Q4_K_M,natural,native-test-40,1,108.9818819998527,False,0.8333333333333334,0,1.0264988582111187,0.4126749039471123,0,1,1,1,0,1,1
Q4_K_M,natural_offline_derive,native-test-40,1,,True,0.8333333333333334,0,1.0391953066683237,0.4195344014943396,0,1,1,1,0,1,1
Q4_K_M,natural_derive,native-test-40,1,105.29309500020645,False,0.8333333333333334,0,0.9929923441044552,0.37848132031238496,0,1,1,1,0,1,1
Q4_K_M,aliases,native-test-40,1,117.31283199992504,False,1.0,1,0.26026000512783615,0.10631741157513168,0,1,1,1,1,1,1
Q4_K_M,indexed,native-test-40,1,136.2856970001758,False,0.6666666666666666,0,0.4887150330303669,0.2978333243750877,0,1,1,0,1,1,0
Q4_K_M,indexed_offline_derive,native-test-40,1,,True,0.6666666666666666,0,0.46175482865900536,0.2879210065674029,0,1,1,0,1,1,0
Q4_K_M,json,native-test-40,1,494.8791499998606,False,0.6666666666666666,0,,,0,1,1,0,1,1,0
Q4_K_M,indexed_derive,native-test-40,1,124.86109099995701,False,0.6666666666666666,0,0.5753576635543789,0.34062370453561575,0,1,1,0,1,1,0
Q4_K_M,natural,native-test-14,0,111.25648300003377,False,1.0,1,0.023082644241748218,0.001489550291213586,0,1,1,1,1,1,1
Q4_K_M,natural_offline_derive,native-test-14,0,,True,1.0,1,0.023828478298632005,0.0015159357253649354,0,1,1,1,1,1,1
Q4_K_M,indexed,native-test-14,0,131.14348499993866,False,0.8333333333333334,0,0.4446071514808318,0.26865730297764007,0,1,1,0,1,1,1
Q4_K_M,indexed_offline_derive,native-test-14,0,,True,0.8333333333333334,0,0.4193666351143333,0.26186557923434417,0,1,1,0,1,1,1
Q4_K_M,aliases,native-test-14,0,120.04272600006516,False,1.0,1,0.1650905302338478,0.07730138006947922,0,1,1,1,1,1,1
Q4_K_M,indexed_derive,native-test-14,0,126.89312099996641,False,0.8333333333333334,0,0.4789790054637922,0.2990212067739147,0,1,1,0,1,1,1
Q4_K_M,natural_derive,native-test-14,0,108.02160399998684,False,1.0,1,0.02763487774804035,0.0025705184553594736,0,1,1,1,1,1,1
Q4_K_M,json,native-test-14,0,492.02970999999707,False,0.8333333333333334,0,,,0,1,1,0,1,1,1
BF16,aliases,native-test-35,0,86.72830100022111,False,1.0,1,0.19326304774380187,0.079077797533986,0,1,1,1,1,1,1
BF16,natural,native-test-35,0,77.57718500033661,False,0.8333333333333334,0,0.8222748874405217,0.29722777967582253,0,1,1,0,1,1,1
BF16,natural_offline_derive,native-test-35,0,,True,0.8333333333333334,0,0.8213879932513849,0.29718971120655346,0,1,1,0,1,1,1
BF16,natural_derive,native-test-35,0,75.03432300018176,False,0.8333333333333334,0,1.012780450029887,0.2958253461965533,0,1,1,0,1,1,1
BF16,json,native-test-35,0,604.8142909999115,False,1.0,1,,,0,1,1,1,1,1,1
BF16,indexed,native-test-35,0,94.05563500013159,False,1.0,1,0.30155808036185966,0.13083260989237397,0,1,1,1,1,1,1
BF16,indexed_offline_derive,native-test-35,0,,True,1.0,1,0.25898798662924466,0.11361079239230731,0,1,1,1,1,1,1
BF16,indexed_derive,native-test-35,0,89.80420300031255,False,1.0,1,0.3003101147523851,0.14400509087109703,0,1,1,1,1,1,1
BF16,indexed_derive,native-test-87,1,92.11289199993189,False,0.8333333333333334,0,0.5562342682015824,0.3175774970492378,0,1,1,0,1,1,1
BF16,indexed,native-test-87,1,94.91265599990584,False,0.6666666666666666,0,0.616321436672448,0.38304312079979996,1,1,0,0,1,1,1
BF16,indexed_offline_derive,native-test-87,1,,True,0.8333333333333334,0,0.3999088926350505,0.2116241596571463,0,1,1,0,1,1,1
BF16,natural_derive,native-test-87,1,77.41238399967187,False,1.0,1,0.09452877964650479,0.024922130617725486,0,1,1,1,1,1,1
BF16,json,native-test-87,1,622.0152729997608,False,0.5,0,,,0,0,0,0,1,1,1
BF16,natural,native-test-87,1,81.07332899999165,False,0.8333333333333334,0,0.44039834731639455,0.26928252846057976,1,1,0,1,1,1,1
BF16,natural_offline_derive,native-test-87,1,,True,1.0,1,0.10452935636071398,0.03198353747973563,0,1,1,1,1,1,1
BF16,aliases,native-test-87,1,89.18886599985854,False,0.8333333333333334,0,0.6737211747328532,0.33209107019209755,1,1,0,1,1,1,1
Q4_K_M,json,native-test-28,1,486.96482200011815,False,1.0,1,,,0,1,1,1,1,1,1
Q4_K_M,indexed,native-test-28,1,133.21166900004755,False,1.0,1,0.1957938029483232,0.06814419682154275,0,1,1,1,1,1,1
Q4_K_M,indexed_offline_derive,native-test-28,1,,True,1.0,1,0.12803974440750784,0.034867319752280544,0,1,1,1,1,1,1
Q4_K_M,natural_derive,native-test-28,1,109.7987699999976,False,0.8333333333333334,0,0.9664677807866903,0.33911414406601076,0,1,1,0,1,1,1
Q4_K_M,natural,native-test-28,1,112.53916200007552,False,0.8333333333333334,0,0.5503546223161384,0.3456047860986946,0,1,1,0,1,1,1
Q4_K_M,natural_offline_derive,native-test-28,1,,True,0.8333333333333334,0,0.4518710207078735,0.27751376140097656,0,1,1,0,1,1,1
Q4_K_M,indexed_derive,native-test-28,1,128.40957000003073,False,1.0,1,0.17908571076042187,0.04610231623114283,0,1,1,1,1,1,1
Q4_K_M,aliases,native-test-28,1,122.12621100002252,False,1.0,1,0.23485146540205348,0.12056673355572851,0,1,1,1,1,1,1
Q4_K_M,indexed,native-test-44,1,134.13028900004065,False,0.8333333333333334,0,0.7172933402277754,0.34296631030366376,0,1,1,0,1,1,1
Q4_K_M,indexed_offline_derive,native-test-44,1,,True,0.8333333333333334,0,0.6780871173855593,0.3284848867431127,0,1,1,0,1,1,1
Q4_K_M,natural_derive,native-test-44,1,110.63583499981178,False,0.8333333333333334,0,0.8196612174257204,0.3226502625781975,0,1,1,1,0,1,1
Q4_K_M,natural,native-test-44,1,114.24660600005154,False,0.8333333333333334,0,0.9097738394519284,0.3688847028281992,0,1,1,1,0,1,1
Q4_K_M,natural_offline_derive,native-test-44,1,,True,0.8333333333333334,0,0.900421983836607,0.36758747200011904,0,1,1,1,0,1,1
Q4_K_M,indexed_derive,native-test-44,1,128.93942900018374,False,0.8333333333333334,0,0.699793919045597,0.30773753741062443,0,1,1,0,1,1,1
Q4_K_M,json,native-test-44,1,488.8097259999995,False,0.8333333333333334,0,,,0,1,1,0,1,1,1
Q4_K_M,aliases,native-test-44,1,123.06395599989628,False,0.8333333333333334,0,0.7037520247181747,0.3367774034345747,0,1,1,0,1,1,1
Q4_K_M,aliases,native-test-0,1,125.0604750000548,False,1.0,1,0.08246404102237219,0.018099825006829866,0,1,1,1,1,1,1
Q4_K_M,indexed,native-test-0,1,128.64964799996415,False,1.0,1,0.2061611629449873,0.08022127298222663,0,1,1,1,1,1,1
Q4_K_M,indexed_offline_derive,native-test-0,1,,True,1.0,1,0.19710015791492694,0.07937559175378209,0,1,1,1,1,1,1
Q4_K_M,indexed_derive,native-test-0,1,124.55802499994206,False,1.0,1,0.22763463423031607,0.09767994393727779,0,1,1,1,1,1,1
Q4_K_M,json,native-test-0,1,482.5975789999575,False,1.0,1,,,0,1,1,1,1,1,1
Q4_K_M,natural,native-test-0,1,109.37385099987296,False,0.8333333333333334,0,0.7193598400795477,0.3234003156640175,0,1,1,0,1,1,1
Q4_K_M,natural_offline_derive,native-test-0,1,,True,0.8333333333333334,0,0.7146409428747192,0.323190409726005,0,1,1,0,1,1,1
Q4_K_M,natural_derive,native-test-0,1,105.20980499995858,False,0.8333333333333334,0,1.1740581502267489,0.3339247005871768,0,1,1,0,1,1,1
Q4_K_M,natural_derive,native-test-92,0,108.05161899997984,False,0.8333333333333334,0,1.4863666480497588,0.2767732119076385,0,1,1,0,1,1,1
Q4_K_M,indexed,native-test-92,0,131.02941100009957,False,0.8333333333333334,0,0.35170447960748547,0.17479223942894598,0,1,1,0,1,1,1
Q4_K_M,indexed_offline_derive,native-test-92,0,,True,0.8333333333333334,0,0.3016892418401317,0.14663796805032375,0,1,1,0,1,1,1
Q4_K_M,aliases,native-test-92,0,119.9581579999176,False,0.5,0,0.9269611786486718,0.6385682978968235,0,0,0,0,1,1,1
Q4_K_M,json,native-test-92,0,495.85470399983933,False,1.0,1,,,0,1,1,1,1,1,1
Q4_K_M,natural,native-test-92,0,111.99733899979947,False,0.6666666666666666,0,1.4371103717769973,0.4653750530350178,1,1,0,0,1,1,1
Q4_K_M,natural_offline_derive,native-test-92,0,,True,0.8333333333333334,0,1.1894442171764075,0.2748378304635944,0,1,1,0,1,1,1
Q4_K_M,indexed_derive,native-test-92,0,126.90210699997806,False,0.8333333333333334,0,0.31824902319630816,0.1689398087739679,0,1,1,0,1,1,1
BF16,natural_derive,native-test-13,0,78.22112200028641,False,0.8333333333333334,0,0.2788081999858573,0.17170228637917817,0,1,1,0,1,1,1
BF16,natural,native-test-13,0,80.8255619999727,False,0.8333333333333334,0,0.23705189593785406,0.1379614539615742,0,1,1,0,1,1,1
BF16,natural_offline_derive,native-test-13,0,,True,0.8333333333333334,0,0.2316851618468455,0.13586323514231732,0,1,1,0,1,1,1
BF16,aliases,native-test-13,0,89.64662200014573,False,0.8333333333333334,0,0.4546725630911424,0.2111042086300544,0,1,1,0,1,1,1
BF16,indexed_derive,native-test-13,0,92.19117500015273,False,0.6666666666666666,0,0.6188060656232673,0.31291719860792494,0,1,1,0,1,1,0
BF16,json,native-test-13,0,585.462409000229,False,0.8333333333333334,0,,,0,1,1,0,1,1,1
BF16,indexed,native-test-13,0,95.87317399973472,False,0.6666666666666666,0,0.5839815394277182,0.3071560637166561,0,1,1,0,1,1,0
BF16,indexed_offline_derive,native-test-13,0,,True,0.6666666666666666,0,0.5493989180334197,0.29791469678242904,0,1,1,0,1,1,0
Q4_K_M,json,native-test-49,0,492.7951929998926,False,1.0,1,,,0,1,1,1,1,1,1
Q4_K_M,natural_derive,native-test-49,0,109.28038299994114,False,0.6666666666666666,0,1.361639371723207,0.5399989137852308,0,1,1,0,0,1,1
Q4_K_M,indexed_derive,native-test-49,0,127.34949800005779,False,0.8333333333333334,0,0.41753748739703744,0.20236635260553906,0,1,1,1,0,1,1
Q4_K_M,aliases,native-test-49,0,120.71908699999767,False,0.6666666666666666,0,0.46018245717291245,0.2732257440166259,0,1,1,0,0,1,1
Q4_K_M,indexed,native-test-49,0,133.32302799994977,False,0.8333333333333334,0,0.4352214168970825,0.21697859489839347,0,1,1,1,0,1,1
Q4_K_M,indexed_offline_derive,native-test-49,0,,True,0.8333333333333334,0,0.38939359835011694,0.20025113833273753,0,1,1,1,0,1,1
Q4_K_M,natural,native-test-49,0,112.64198300000317,False,0.6666666666666666,0,0.8716959634353877,0.499668198994866,0,1,1,0,0,1,1
Q4_K_M,natural_offline_derive,native-test-49,0,,True,0.6666666666666666,0,0.811931227619358,0.46234678677832824,0,1,1,0,0,1,1
BF16,indexed,native-test-24,1,103.99890200005757,False,0.8333333333333334,0,0.3699965653984019,0.21008872497457273,0,1,1,1,1,0,1
BF16,indexed_offline_derive,native-test-24,1,,True,0.8333333333333334,0,0.356689012317924,0.20847245451162932,0,1,1,1,1,0,1
BF16,natural_derive,native-test-24,1,78.93937000017104,False,1.0,1,0.04312335681567153,0.0067168996002691765,0,1,1,1,1,1,1
BF16,natural,native-test-24,1,81.39786699985052,False,1.0,1,0.060121124126274954,0.01064339006533061,0,1,1,1,1,1,1
BF16,natural_offline_derive,native-test-24,1,,True,1.0,1,0.05229692622610535,0.010114822757305209,0,1,1,1,1,1,1
BF16,json,native-test-24,1,562.1843730000364,False,1.0,1,,,0,1,1,1,1,1,1
BF16,indexed_derive,native-test-24,1,93.80984600011288,False,0.6666666666666666,0,0.5496587661126953,0.35361704463267657,0,1,1,0,1,0,1
BF16,aliases,native-test-24,1,90.19795199992586,False,0.8333333333333334,0,0.2824220460495858,0.17927848548614167,0,1,1,0,1,1,1
BF16,json,native-test-35,1,608.3284840001397,False,1.0,1,,,0,1,1,1,1,1,1
BF16,indexed_derive,native-test-35,1,90.25068999972063,False,1.0,1,0.3003101147523851,0.14400509087109703,0,1,1,1,1,1,1
BF16,aliases,native-test-35,1,87.03657199976078,False,1.0,1,0.19567175408787182,0.08093027246983307,0,1,1,1,1,1,1
BF16,natural,native-test-35,1,77.76441300029546,False,0.8333333333333334,0,0.8280362963322315,0.29728494601153443,0,1,1,0,1,1,1
BF16,natural_offline_derive,native-test-35,1,,True,0.8333333333333334,0,0.8272014324692537,0.2972494080902742,0,1,1,0,1,1,1
BF16,indexed,native-test-35,1,92.74397499984843,False,1.0,1,0.30155808036185966,0.13083260989237397,0,1,1,1,1,1,1
BF16,indexed_offline_derive,native-test-35,1,,True,1.0,1,0.25898798662924466,0.11361079239230731,0,1,1,1,1,1,1
BF16,natural_derive,native-test-35,1,74.89183500001673,False,0.8333333333333334,0,1.018051220981368,0.2962325827659927,0,1,1,0,1,1,1
BF16,natural,native-test-23,0,88.48828099962702,False,1.0,1,0.14498257311872134,0.07687790923500971,0,1,1,1,1,1,1
BF16,natural_offline_derive,native-test-23,0,,True,1.0,1,0.14381825105824372,0.07684423531768016,0,1,1,1,1,1,1
BF16,indexed_derive,native-test-23,0,91.72644499994931,False,0.6666666666666666,0,0.7002713801929193,0.43571842817858436,0,1,1,0,0,1,1
BF16,indexed,native-test-23,0,94.471218000308,False,0.6666666666666666,0,0.6933894236060336,0.4351697487691261,0,1,1,0,0,1,1
BF16,indexed_offline_derive,native-test-23,0,,True,0.6666666666666666,0,0.6465748299872608,0.4153400107529155,0,1,1,0,0,1,1
BF16,natural_derive,native-test-23,0,76.81328599983317,False,1.0,1,0.1277796056426084,0.06842603902385426,0,1,1,1,1,1,1
BF16,json,native-test-23,0,606.1042159999488,False,0.8333333333333334,0,,,0,1,1,0,1,1,1
BF16,aliases,native-test-23,0,89.8897219999526,False,1.0,1,0.31437981425662165,0.1556503013677142,0,1,1,1,1,1,1
BF16,natural_derive,native-test-43,0,78.04834500029756,False,0.6666666666666666,0,1.3536236296773432,0.4328387132358949,0,1,1,0,0,1,1
BF16,indexed,native-test-43,0,94.55689200012785,False,0.6666666666666666,0,0.6966404698769483,0.4115029607694874,0,1,1,0,1,1,0
BF16,indexed_offline_derive,native-test-43,0,,True,0.6666666666666666,0,0.6647900204567401,0.4032936622138732,0,1,1,0,1,1,0
BF16,indexed_derive,native-test-43,0,91.2713759998951,False,0.6666666666666666,0,0.7017829683482774,0.38089096308884685,0,1,1,0,1,1,0
BF16,aliases,native-test-43,0,88.44097899964254,False,0.6666666666666666,0,0.5416396549035154,0.299621390405134,0,1,1,0,0,1,1
BF16,natural,native-test-43,0,79.5724079998763,False,0.6666666666666666,0,1.3001347145092257,0.42627140417849446,0,1,1,0,0,1,1
BF16,natural_offline_derive,native-test-43,0,,True,0.6666666666666666,0,1.2809433663016703,0.41938492324939824,0,1,1,0,0,1,1
BF16,json,native-test-43,0,567.9732019998482,False,0.8333333333333334,0,,,0,1,1,0,1,1,1
Q4_K_M,aliases,native-test-67,0,126.95683200013264,False,0.8333333333333334,0,0.2973510693709764,0.1854373907486493,0,1,1,0,1,1,1
Q4_K_M,json,native-test-67,0,504.28733100011414,False,1.0,1,,,0,1,1,1,1,1,1
Q4_K_M,indexed,native-test-67,0,131.35148700007448,False,1.0,1,0.24891193091052424,0.10536957046902884,0,1,1,1,1,1,1
Q4_K_M,indexed_offline_derive,native-test-67,0,,True,1.0,1,0.2156413530108874,0.09428237812943985,0,1,1,1,1,1,1
Q4_K_M,natural_derive,native-test-67,0,107.3922840000705,False,0.8333333333333334,0,1.2339636333840558,0.3315555972578439,0,1,1,0,1,1,1
Q4_K_M,natural,native-test-67,0,110.49862699996993,False,0.8333333333333334,0,1.0628801354069382,0.33933259212553857,0,1,1,0,1,1,1
Q4_K_M,natural_offline_derive,native-test-67,0,,True,0.8333333333333334,0,1.082856675363127,0.3482558788916219,0,1,1,0,1,1,1
Q4_K_M,indexed_derive,native-test-67,0,126.13811500000338,False,1.0,1,0.24329908997850216,0.09075954073719224,0,1,1,1,1,1,1
BF16,natural,native-test-92,1,80.35142100015946,False,0.6666666666666666,0,1.4639705696271959,0.48252866695517405,1,1,0,0,1,1,1
BF16,natural_offline_derive,native-test-92,1,,True,0.8333333333333334,0,1.1882971025109408,0.2721280952910955,0,1,1,0,1,1,1
BF16,indexed,native-test-92,1,95.17625899979976,False,1.0,1,0.31644555780094713,0.14313440103382696,0,1,1,1,1,1,1
BF16,indexed_offline_derive,native-test-92,1,,True,1.0,1,0.25271824436658086,0.10509713558631491,0,1,1,1,1,1,1
BF16,indexed_derive,native-test-92,1,91.45989800026655,False,0.8333333333333334,0,0.3424297159444885,0.17709210011238571,0,1,1,0,1,1,1
BF16,natural_derive,native-test-92,1,76.91047299977072,False,0.8333333333333334,0,1.3946309468367621,0.2739915695978744,0,1,1,0,1,1,1
BF16,aliases,native-test-92,1,88.96882900035052,False,0.5,0,0.794521744217759,0.5443761299578872,0,0,0,0,1,1,1
BF16,json,native-test-92,1,618.2923040000787,False,1.0,1,,,0,1,1,1,1,1,1
BF16,json,native-test-28,1,574.8203759999342,False,1.0,1,,,0,1,1,1,1,1,1
BF16,indexed,native-test-28,1,97.0333599998412,False,1.0,1,0.14027780967919048,0.0369061557731147,0,1,1,1,1,1,1
BF16,indexed_offline_derive,native-test-28,1,,True,1.0,1,0.08853985318968,0.018201900480493912,0,1,1,1,1,1,1
BF16,natural_derive,native-test-28,1,78.96293500016327,False,0.8333333333333334,0,0.8448248519661804,0.32887401126236376,0,1,1,0,1,1,1
BF16,natural,native-test-28,1,81.41010600002119,False,0.6666666666666666,0,0.5549639959933046,0.3653179344621626,1,1,0,0,1,1,1
BF16,natural_offline_derive,native-test-28,1,,True,0.8333333333333334,0,0.4265077712545052,0.2716150880984253,0,1,1,0,1,1,1
BF16,indexed_derive,native-test-28,1,93.0551149999701,False,1.0,1,0.09868536754019547,0.015356842731981027,0,1,1,1,1,1,1
BF16,aliases,native-test-28,1,90.14894499978254,False,1.0,1,0.18946698189212308,0.08504912812333189,0,1,1,1,1,1,1
Q4_K_M,natural,native-test-23,0,119.19927600001756,False,0.8333333333333334,0,0.1635964730990496,0.09467319712491334,0,1,1,1,0,1,1
Q4_K_M,natural_offline_derive,native-test-23,0,,True,0.8333333333333334,0,0.1631332253746132,0.09466518760709691,0,1,1,1,0,1,1
Q4_K_M,indexed_derive,native-test-23,0,127.57078100003127,False,0.6666666666666666,0,0.6928568314279008,0.42208650582136703,0,1,1,0,0,1,1
Q4_K_M,indexed,native-test-23,0,131.2422170001355,False,0.6666666666666666,0,0.6978962640644383,0.42928080067239877,0,1,1,0,0,1,1
Q4_K_M,indexed_offline_derive,native-test-23,0,,True,0.6666666666666666,0,0.6548600199410094,0.4106465971374225,0,1,1,0,0,1,1
Q4_K_M,natural_derive,native-test-23,0,108.72905799988075,False,0.8333333333333334,0,0.1521274287294017,0.09167138094227688,0,1,1,1,0,1,1
Q4_K_M,json,native-test-23,0,497.56583599992155,False,0.8333333333333334,0,,,0,1,1,0,1,1,1
Q4_K_M,aliases,native-test-23,0,121.4467469999363,False,1.0,1,0.27358696313386677,0.12809729169617923,0,1,1,1,1,1,1
BF16,natural,native-test-86,0,78.56332499977725,False,0.6666666666666666,0,1.5470236141076088,0.6439935307337239,0,1,1,0,0,1,1
BF16,natural_offline_derive,native-test-86,0,,True,0.6666666666666666,0,1.522223388330578,0.6377020974006161,0,1,1,0,0,1,1
BF16,indexed,native-test-86,0,92.1759100001509,False,1.0,1,0.31462537676310326,0.1368877449256767,0,1,1,1,1,1,1
BF16,indexed_offline_derive,native-test-86,0,,True,1.0,1,0.2682305466259804,0.1127533754986324,0,1,1,1,1,1,1
BF16,json,native-test-86,0,602.5062519997846,False,1.0,1,,,0,1,1,1,1,1,1
BF16,natural_derive,native-test-86,0,75.82382900000084,False,0.6666666666666666,0,1.5581720117159852,0.615613851836294,0,1,1,0,0,1,1
BF16,indexed_derive,native-test-86,0,89.19409899999664,False,1.0,1,0.25136827275327317,0.11080721367563762,0,1,1,1,1,1,1
BF16,aliases,native-test-86,0,86.4379440004086,False,1.0,1,0.255177599605627,0.13020597784675347,0,1,1,1,1,1,1
BF16,natural_derive,native-test-41,0,76.52003599969248,False,0.6666666666666666,0,2.0798651155094667,0.6436605198945132,0,1,1,0,0,1,1
BF16,natural,native-test-41,0,78.81783799984987,False,0.6666666666666666,0,2.03991456337781,0.652393915958261,0,1,1,0,0,1,1
BF16,natural_offline_derive,native-test-41,0,,True,0.6666666666666666,0,2.035766208268497,0.6521262171105617,0,1,1,0,0,1,1
BF16,json,native-test-41,0,609.1601949997312,False,1.0,1,,,0,1,1,1,1,1,1
BF16,aliases,native-test-41,0,88.49138499999754,False,0.6666666666666666,0,0.40229856660697155,0.26488750783760473,0,1,1,0,0,1,1
BF16,indexed,native-test-41,0,101.44760000002861,False,0.6666666666666666,0,0.5289228495582169,0.31384586182393776,0,1,1,1,0,0,1
BF16,indexed_offline_derive,native-test-41,0,,True,0.6666666666666666,0,0.4541930120169102,0.2691901601219517,0,1,1,1,0,0,1
BF16,indexed_derive,native-test-41,0,91.30149700013135,False,0.6666666666666666,0,0.4738409151723449,0.2842182215235045,0,1,1,1,0,0,1
BF16,indexed,native-test-64,1,97.64456299990343,False,0.8333333333333334,0,0.6408312226739421,0.32217057443968516,0,1,1,0,1,1,1
BF16,indexed_offline_derive,native-test-64,1,,True,0.8333333333333334,0,0.6012471661801847,0.30977114741169304,0,1,1,0,1,1,1
BF16,natural_derive,native-test-64,1,79.07595599999695,False,0.8333333333333334,0,0.2814007957562025,0.19491668914012675,0,1,1,0,1,1,1
BF16,indexed_derive,native-test-64,1,93.14442000004419,False,0.8333333333333334,0,0.6893297891894271,0.34822895407812887,0,1,1,0,1,1,1
BF16,aliases,native-test-64,1,90.44379699980709,False,0.8333333333333334,0,0.5987005690348919,0.2582640744987786,0,1,1,0,1,1,1
BF16,json,native-test-64,1,615.1566620001176,False,0.8333333333333334,0,,,0,1,1,0,1,1,1
BF16,natural,native-test-64,1,82.69004799967661,False,0.8333333333333334,0,0.22179786744667296,0.12039205331199072,0,1,1,0,1,1,1
BF16,natural_offline_derive,native-test-64,1,,True,0.8333333333333334,0,0.20435783068259428,0.11595140489166796,0,1,1,0,1,1,1
BF16,natural,native-test-63,0,80.51214099987192,False,0.8333333333333334,0,0.44510776605365004,0.269992583459321,1,1,0,1,1,1,1
BF16,natural_offline_derive,native-test-63,0,,True,1.0,1,0.12104896251774322,0.0310177472710137,0,1,1,1,1,1,1
BF16,aliases,native-test-63,0,88.98486899988711,False,0.8333333333333334,0,0.6751373614890183,0.33826284410018265,1,1,0,1,1,1,1
BF16,json,native-test-63,0,616.6391950000616,False,0.3333333333333333,0,,,0,0,0,0,1,1,0
BF16,indexed_derive,native-test-63,0,92.63659099997312,False,0.6666666666666666,0,0.8983487065947647,0.5781888127729046,0,1,1,0,1,0,1
BF16,natural_derive,native-test-63,0,78.01309800015588,False,1.0,1,0.13006256202008262,0.04074661181224191,0,1,1,1,1,1,1
BF16,indexed,native-test-63,0,95.00252799989539,False,0.5,0,0.8292396837018131,0.5497944166059584,1,1,0,0,1,0,1
BF16,indexed_offline_derive,native-test-63,0,,True,0.6666666666666666,0,0.6264980359976907,0.3844327814328225,0,1,1,0,1,0,1
BF16,indexed,native-test-58,0,94.83559299997069,False,0.8333333333333334,0,0.2943976576416452,0.1439940337536372,0,1,1,0,1,1,1
BF16,indexed_offline_derive,native-test-58,0,,True,0.8333333333333334,0,0.2622858802246844,0.13487231388127952,0,1,1,0,1,1,1
BF16,indexed_derive,native-test-58,0,90.96155999986877,False,0.8333333333333334,0,0.2672935935159039,0.1394061435473852,0,1,1,0,1,1,1
BF16,json,native-test-58,0,613.239281999995,False,1.0,1,,,0,1,1,1,1,1,1
BF16,natural,native-test-58,0,80.75196400022833,False,0.8333333333333334,0,1.2638009899590275,0.2710524212392735,0,1,1,0,1,1,1
BF16,natural_offline_derive,native-test-58,0,,True,0.8333333333333334,0,1.2585323700246192,0.2697471234954345,0,1,1,0,1,1,1
BF16,natural_derive,native-test-58,0,76.66590700000597,False,0.8333333333333334,0,1.4090573131187183,0.284366923368298,0,1,1,0,1,1,1
BF16,aliases,native-test-58,0,88.19550999987769,False,0.8333333333333334,0,0.1909068271886548,0.10437817262627315,0,1,1,0,1,1,1
BF16,natural_derive,native-test-49,1,77.68405899969366,False,0.6666666666666666,0,1.216825642417091,0.505249199815334,0,1,1,0,0,1,1
BF16,indexed,native-test-49,1,95.00291599988486,False,0.8333333333333334,0,0.39682207571953154,0.1968971991025944,0,1,1,1,0,1,1
BF16,indexed_offline_derive,native-test-49,1,,True,0.8333333333333334,0,0.3536252982474981,0.18206982238285185,0,1,1,1,0,1,1
BF16,indexed_derive,native-test-49,1,91.81771699968522,False,0.8333333333333334,0,0.38952209185327485,0.19070812787299193,0,1,1,1,0,1,1
BF16,aliases,native-test-49,1,89.3687430002501,False,0.8333333333333334,0,0.43210749606390597,0.25650473709581884,0,1,1,1,0,1,1
BF16,natural,native-test-49,1,80.27438899989647,False,0.6666666666666666,0,0.9565766928205246,0.4832707088627352,0,1,1,0,0,1,1
BF16,natural_offline_derive,native-test-49,1,,True,0.6666666666666666,0,0.8986327349296864,0.4431886431822632,0,1,1,0,0,1,1
BF16,json,native-test-49,1,569.5739669999966,False,1.0,1,,,0,1,1,1,1,1,1
Q4_K_M,json,native-test-35,1,497.1662970001489,False,1.0,1,,,0,1,1,1,1,1,1
Q4_K_M,indexed_derive,native-test-35,1,122.9677039998478,False,0.8333333333333334,0,0.370794368848423,0.1914403940153443,0,1,1,1,0,1,1
Q4_K_M,aliases,native-test-35,1,115.91822399986995,False,1.0,1,0.23336321455700923,0.10769562833792355,0,1,1,1,1,1,1
Q4_K_M,natural,native-test-35,1,106.78930099993522,False,0.8333333333333334,0,0.988499905303358,0.29234588264444905,0,1,1,0,1,1,1
Q4_K_M,natural_offline_derive,native-test-35,1,,True,0.8333333333333334,0,0.9885427057482551,0.2923545912687154,0,1,1,0,1,1,1
Q4_K_M,indexed,native-test-35,1,127.12087399995653,False,1.0,1,0.37843162229791555,0.1834600393495894,0,1,1,1,1,1,1
Q4_K_M,indexed_offline_derive,native-test-35,1,,True,1.0,1,0.34081289153974303,0.1688911257944061,0,1,1,1,1,1,1
Q4_K_M,natural_derive,native-test-35,1,103.64298399986183,False,0.8333333333333334,0,1.1713036310925533,0.30060400115268787,0,1,1,0,1,1,1
BF16,json,native-test-37,0,572.2255959999529,False,1.0,1,,,0,1,1,1,1,1,1
BF16,natural,native-test-37,0,79.58453899982487,False,0.6666666666666666,0,2.095194470079781,0.6604710576880348,0,1,1,0,0,1,1
BF16,natural_offline_derive,native-test-37,0,,True,0.6666666666666666,0,2.0773804248513854,0.6533754011295969,0,1,1,0,0,1,1
BF16,aliases,native-test-37,0,87.45459100009612,False,0.6666666666666666,0,0.3382393651480968,0.23347130774205258,0,1,1,0,0,1,1
BF16,indexed,native-test-37,0,101.05950899969685,False,0.8333333333333334,0,0.30539028381888994,0.15278142918457693,0,1,1,1,0,1,1
BF16,indexed_offline_derive,native-test-37,0,,True,0.8333333333333334,0,0.273439819372889,0.14354359656066665,0,1,1,1,0,1,1
BF16,indexed_derive,native-test-37,0,95.33698199993523,False,1.0,1,0.2644019693107212,0.12185436267353365,0,1,1,1,1,1,1
BF16,natural_derive,native-test-37,0,75.86427299975185,False,0.6666666666666666,0,2.2795473794596166,0.6597912479490036,0,1,1,0,0,1,1
Q4_K_M,natural_derive,native-test-71,0,105.8802109998851,False,0.6666666666666666,0,2.200209986653043,0.5625696851896634,0,1,1,0,0,1,1
Q4_K_M,indexed_derive,native-test-71,0,124.8261939999793,False,0.6666666666666666,0,0.5730152944658848,0.3310794817157796,0,1,1,1,0,0,1
Q4_K_M,json,native-test-71,0,496.46867100000236,False,1.0,1,,,0,1,1,1,1,1,1
Q4_K_M,natural,native-test-71,0,110.66100200014262,False,0.6666666666666666,0,2.2109955257902993,0.585926693037367,0,1,1,0,0,1,1
Q4_K_M,natural_offline_derive,native-test-71,0,,True,0.6666666666666666,0,2.1993543360058245,0.582076898372485,0,1,1,0,0,1,1
Q4_K_M,aliases,native-test-71,0,118.3026589999372,False,0.8333333333333334,0,0.43389412858437576,0.24297991931962273,0,1,1,1,0,1,1
Q4_K_M,indexed,native-test-71,0,137.0517610000661,False,0.6666666666666666,0,0.6338122950710147,0.3719742138519921,0,1,1,1,0,0,1
Q4_K_M,indexed_offline_derive,native-test-71,0,,True,0.6666666666666666,0,0.5743612206163182,0.329786246111551,0,1,1,1,0,0,1
BF16,natural,native-test-78,1,80.31275100029234,False,1.0,1,0.014088046613152563,0.0007075970007885962,0,1,1,1,1,1,1
BF16,natural_offline_derive,native-test-78,1,,True,1.0,1,0.009663498183476166,0.0005351528706704482,0,1,1,1,1,1,1
BF16,json,native-test-78,1,560.0256530001388,False,1.0,1,,,0,1,1,1,1,1,1
BF16,natural_derive,native-test-78,1,77.91601799999626,False,1.0,1,0.01683762323113613,0.0018463196616757297,0,1,1,1,1,1,1
BF16,indexed,native-test-78,1,94.31420000009894,False,0.8333333333333334,0,0.2658837891009905,0.1596634957066818,0,1,1,1,1,0,1
BF16,indexed_offline_derive,native-test-78,1,,True,0.8333333333333334,0,0.2557097997940205,0.15872769469662673,0,1,1,1,1,0,1
BF16,indexed_derive,native-test-78,1,90.87198800034457,False,0.8333333333333334,0,0.32586547175264624,0.21255596417981804,0,1,1,0,1,1,1
BF16,aliases,native-test-78,1,88.67053099993427,False,0.8333333333333334,0,0.1870043628568742,0.12808928450831905,0,1,1,0,1,1,1
BF16,json,native-test-44,0,608.878820999962,False,0.8333333333333334,0,,,0,1,1,0,1,1,1
BF16,natural_derive,native-test-44,0,79.58094899959178,False,0.8333333333333334,0,1.0691771658087355,0.3290865115545769,0,1,1,1,0,1,1
BF16,indexed,native-test-44,0,96.72710299992104,False,0.8333333333333334,0,0.6619380371607083,0.31747469513726645,0,1,1,0,1,1,1
BF16,indexed_offline_derive,native-test-44,0,,True,0.8333333333333334,0,0.6252025142371983,0.3049885537516343,0,1,1,0,1,1,1
BF16,indexed_derive,native-test-44,0,93.08858899976258,False,0.8333333333333334,0,0.6525884224186128,0.2956077937148977,0,1,1,0,1,1,1
BF16,natural,native-test-44,0,81.51802300017152,False,0.8333333333333334,0,1.0936788363515977,0.33632953912632574,0,1,1,1,0,1,1
BF16,natural_offline_derive,native-test-44,0,,True,0.8333333333333334,0,1.0867226096787317,0.3355875138888118,0,1,1,1,0,1,1
BF16,aliases,native-test-44,0,90.32314800015229,False,0.8333333333333334,0,0.6291194058734826,0.32843058047352197,0,1,1,0,1,1,1
BF16,indexed_derive,native-test-22,0,90.51240500002677,False,1.0,1,0.09814537635633334,0.016045770288610806,0,1,1,1,1,1,1
BF16,json,native-test-22,0,580.9963449996758,False,1.0,1,,,0,1,1,1,1,1,1
BF16,natural,native-test-22,0,79.35952399975577,False,0.8333333333333334,0,0.9516569407944143,0.3373819683426273,0,1,1,0,1,1,1
BF16,natural_offline_derive,native-test-22,0,,True,0.8333333333333334,0,0.959481124494519,0.3418575118533649,0,1,1,0,1,1,1
BF16,indexed,native-test-22,0,93.11313499983953,False,1.0,1,0.12811275454085316,0.030189378601833978,0,1,1,1,1,1,1
BF16,indexed_offline_derive,native-test-22,0,,True,1.0,1,0.09865658261832526,0.021739511256448973,0,1,1,1,1,1,1
BF16,aliases,native-test-22,0,94.53387200028374,False,0.8333333333333334,0,0.2442995274447616,0.17006595004202332,0,1,1,0,1,1,1
BF16,natural_derive,native-test-22,0,75.70043700025053,False,0.8333333333333334,0,1.1002302604783767,0.33301007349481054,0,1,1,0,1,1,1
BF16,natural_derive,native-test-18,0,77.56881800014526,False,1.0,1,0.0315384697375074,0.0029170427355906,0,1,1,1,1,1,1
BF16,json,native-test-18,0,568.5904369997843,False,1.0,1,,,0,1,1,1,1,1,1
BF16,aliases,native-test-18,0,90.04953300018315,False,0.8333333333333334,0,0.31891447789390504,0.15417676588957988,0,1,1,0,1,1,1
BF16,indexed,native-test-18,0,95.01271399994948,False,0.8333333333333334,0,0.45373393148775865,0.23545352498289188,0,1,1,0,1,1,1
BF16,indexed_offline_derive,native-test-18,0,,True,0.8333333333333334,0,0.4073206194521082,0.21856574166040102,0,1,1,0,1,1,1
BF16,natural,native-test-18,0,80.25371400026415,False,1.0,1,0.05785959600311354,0.007313893641988071,0,1,1,1,1,1,1
BF16,natural_offline_derive,native-test-18,0,,True,1.0,1,0.03758732877810238,0.0038730926548525787,0,1,1,1,1,1,1
BF16,indexed_derive,native-test-18,0,91.39411000023756,False,0.8333333333333334,0,0.5099766772575401,0.29454864599575487,0,1,1,0,1,1,1
Q4_K_M,indexed_derive,native-test-33,0,127.14481299985891,False,0.5,0,0.6136917456246488,0.3688523014848764,0,0,0,1,1,0,1
Q4_K_M,indexed,native-test-33,0,131.26797499990062,False,0.6666666666666666,0,0.6761109316168575,0.43887460808999834,1,1,0,1,1,0,1
Q4_K_M,indexed_offline_derive,native-test-33,0,,True,0.8333333333333334,0,0.4819371994858634,0.2827727002781102,0,1,1,1,1,0,1
Q4_K_M,natural_derive,native-test-33,0,107.90901900008976,False,0.8333333333333334,0,1.326959450708097,0.319040712753522,0,1,1,0,1,1,1
Q4_K_M,aliases,native-test-33,0,119.94602799995846,False,0.6666666666666666,0,0.7330362263884913,0.45309856592504555,1,1,0,0,1,1,1
Q4_K_M,json,native-test-33,0,496.4983220002068,False,0.6666666666666666,0,,,0,0,0,1,1,1,1
Q4_K_M,natural,native-test-33,0,112.12828499992611,False,0.6666666666666666,0,1.4355320647315308,0.5473565137304325,1,1,0,0,1,1,1
Q4_K_M,natural_offline_derive,native-test-33,0,,True,0.8333333333333334,0,1.1377432759539543,0.3240106440172877,0,1,1,0,1,1,1
Q4_K_M,indexed_derive,native-test-19,0,128.01476399999956,False,0.8333333333333334,0,0.5903829906660855,0.30250730713891877,0,1,1,0,1,1,1
Q4_K_M,aliases,native-test-19,0,120.4963319999024,False,0.6666666666666666,0,0.5003232966487426,0.3040738248511172,0,1,1,0,0,1,1
Q4_K_M,natural,native-test-19,0,111.16757700006019,False,0.8333333333333334,0,0.945927685346598,0.366521494671171,0,1,1,1,0,1,1
Q4_K_M,natural_offline_derive,native-test-19,0,,True,0.8333333333333334,0,0.9222521269385323,0.3565933525210081,0,1,1,1,0,1,1
Q4_K_M,indexed,native-test-19,0,131.2438499999189,False,0.5,0,0.68693225909431,0.40450952659743167,0,1,1,0,0,1,0
Q4_K_M,indexed_offline_derive,native-test-19,0,,True,0.5,0,0.621097944978153,0.37446029834495215,0,1,1,0,0,1,0
Q4_K_M,json,native-test-19,0,498.34363499985557,False,1.0,1,,,0,1,1,1,1,1,1
Q4_K_M,natural_derive,native-test-19,0,109.17775000007168,False,0.8333333333333334,0,0.9972456845144407,0.356974415503206,0,1,1,1,0,1,1
Q4_K_M,aliases,native-test-16,0,120.70500400000128,False,0.8333333333333334,0,0.6482210663889322,0.3136985039957832,0,1,1,0,1,1,1
Q4_K_M,indexed,native-test-16,0,131.01844099992377,False,0.5,0,0.7492989208777908,0.427711491792733,1,0,1,0,1,1,0
Q4_K_M,indexed_offline_derive,native-test-16,0,,True,0.3333333333333333,0,0.8275060887887696,0.498281754435345,0,0,0,0,1,1,0
Q4_K_M,natural,native-test-16,0,111.57824499991875,False,0.6666666666666666,0,0.3876318816690616,0.260588197786339,1,0,1,0,1,1,1
Q4_K_M,natural_offline_derive,native-test-16,0,,True,0.5,0,0.5006253416421992,0.3506528711075334,0,0,0,0,1,1,1
Q4_K_M,indexed_derive,native-test-16,0,127.53958199982662,False,0.5,0,0.9631717792148123,0.5784529544648536,0,0,0,0,1,1,1
Q4_K_M,json,native-test-16,0,500.03231899995626,False,0.6666666666666666,0,,,0,1,1,0,1,1,0
Q4_K_M,natural_derive,native-test-16,0,109.16335899992191,False,0.5,0,0.5806614478606057,0.43606063004438683,0,0,0,0,1,1,1
BF16,indexed,native-test-11,0,93.96724399994127,False,1.0,1,0.3231320721389959,0.1593437771331296,0,1,1,1,1,1,1
BF16,indexed_offline_derive,native-test-11,0,,True,1.0,1,0.21918699220999718,0.0876792692467591,0,1,1,1,1,1,1
BF16,natural_derive,native-test-11,0,75.55738700011716,False,0.8333333333333334,0,1.049973977374434,0.32551823685759146,0,1,1,0,1,1,1
BF16,aliases,native-test-11,0,89.08016599980328,False,0.6666666666666666,0,0.4708089241945792,0.33123039373570407,1,0,1,0,1,1,1
BF16,json,native-test-11,0,622.5244229999589,False,1.0,1,,,0,1,1,1,1,1,1
BF16,indexed_derive,native-test-11,0,90.82216100023288,False,1.0,1,0.22763976306729525,0.09909732858840788,0,1,1,1,1,1,1
BF16,natural,native-test-11,0,79.07929700013483,False,0.6666666666666666,0,1.1081858466101489,0.42347000234274595,1,1,0,0,1,1,1
BF16,natural_offline_derive,native-test-11,0,,True,0.8333333333333334,0,0.9751988044350987,0.32702072538323995,0,1,1,0,1,1,1
Q4_K_M,json,native-test-18,1,487.21485500004746,False,1.0,1,,,0,1,1,1,1,1,1
Q4_K_M,natural_derive,native-test-18,1,108.43249899994589,False,1.0,1,0.038023005665491987,0.005077051039668768,0,1,1,1,1,1,1
Q4_K_M,natural,native-test-18,1,111.6163310000502,False,1.0,1,0.06893887423549293,0.010137343289545771,0,1,1,1,1,1,1
Q4_K_M,natural_offline_derive,native-test-18,1,,True,1.0,1,0.051042789027407005,0.007322612863906813,0,1,1,1,1,1,1
Q4_K_M,indexed,native-test-18,1,131.57403799982603,False,0.8333333333333334,0,0.3804217601526463,0.1872250684344264,0,1,1,0,1,1,1
Q4_K_M,indexed_offline_derive,native-test-18,1,,True,0.8333333333333334,0,0.3343282723627176,0.17082689838089848,0,1,1,0,1,1,1
Q4_K_M,indexed_derive,native-test-18,1,126.87272099992697,False,0.8333333333333334,0,0.41845210361166907,0.23101003747373436,0,1,1,0,1,1,1
Q4_K_M,aliases,native-test-18,1,119.57792899988817,False,1.0,1,0.25606855419334956,0.11389331092049948,0,1,1,1,1,1,1
Q4_K_M,indexed_derive,native-test-72,1,127.19772400009788,False,0.8333333333333334,0,0.3382374138688582,0.18378074022051305,0,1,1,0,1,1,1
Q4_K_M,natural,native-test-72,1,111.04710499989778,False,0.6666666666666666,0,0.7743521560265799,0.4682739630121824,1,1,0,1,0,1,1
Q4_K_M,natural_offline_derive,native-test-72,1,,True,0.8333333333333334,0,0.5730897407718718,0.31341038781262837,0,1,1,1,0,1,1
Q4_K_M,indexed,native-test-72,1,130.87116599990622,False,1.0,1,0.39968040898676976,0.2129177219762313,0,1,1,1,1,1,1
Q4_K_M,indexed_offline_derive,native-test-72,1,,True,1.0,1,0.34186219419241604,0.18770530632382187,0,1,1,1,1,1,1
Q4_K_M,natural_derive,native-test-72,1,107.77196200001526,False,0.8333333333333334,0,0.6495879633940861,0.31821098539640635,0,1,1,1,0,1,1
Q4_K_M,json,native-test-72,1,483.85746399981144,False,1.0,1,,,0,1,1,1,1,1,1
Q4_K_M,aliases,native-test-72,1,120.74923399995896,False,0.8333333333333334,0,0.34530833759671326,0.22956908442092203,0,1,1,0,1,1,1
Q4_K_M,indexed_derive,native-test-29,0,129.00864599987472,False,0.6666666666666666,0,0.7915345207451665,0.3728607414624759,0,1,1,0,0,1,1
Q4_K_M,json,native-test-29,0,497.74539300005927,False,1.0,1,,,0,1,1,1,1,1,1
Q4_K_M,natural_derive,native-test-29,0,110.73342300005606,False,0.8333333333333334,0,1.0152111424816177,0.32673399442184964,0,1,1,1,0,1,1
Q4_K_M,aliases,native-test-29,0,122.44541099994422,False,0.6666666666666666,0,0.6606824255266887,0.35299638146249795,0,1,1,0,0,1,1
Q4_K_M,indexed,native-test-29,0,133.51330800014694,False,0.5,0,0.848805031332804,0.4835540958297997,0,1,1,0,0,1,0
Q4_K_M,indexed_offline_derive,native-test-29,0,,True,0.5,0,0.7934124796741547,0.45496071839489627,0,1,1,0,0,1,0
Q4_K_M,natural,native-test-29,0,113.21178200000759,False,0.8333333333333334,0,1.099708795652592,0.3921905814947311,0,1,1,1,0,1,1
Q4_K_M,natural_offline_derive,native-test-29,0,,True,0.8333333333333334,0,1.0936728534560687,0.3916704319029069,0,1,1,1,0,1,1
BF16,natural,native-test-75,0,82.23302399983368,False,0.6666666666666666,0,1.6792289959380389,0.6074991192704357,1,1,0,0,1,1,1
BF16,natural_offline_derive,native-test-75,0,,True,0.8333333333333334,0,1.2976839747415416,0.3554394750397891,0,1,1,0,1,1,1
BF16,json,native-test-75,0,617.4373789999663,False,0.6666666666666666,0,,,0,0,0,1,1,1,1
BF16,natural_derive,native-test-75,0,76.21578699991005,False,0.8333333333333334,0,1.401668704228607,0.3856531748706958,0,1,1,0,1,1,1
BF16,indexed,native-test-75,0,92.7084080003624,False,0.8333333333333334,0,0.39874079564383796,0.23484328477156288,1,1,0,1,1,1,1
BF16,indexed_offline_derive,native-test-75,0,,True,1.0,1,0.18249205248949382,0.06926880698372669,0,1,1,1,1,1,1
BF16,indexed_derive,native-test-75,0,89.23107100008565,False,1.0,1,0.1915091958447294,0.054924528985234235,0,1,1,1,1,1,1
BF16,aliases,native-test-75,0,87.30204099992989,False,0.6666666666666666,0,0.7791299933922713,0.44492362066682145,1,1,0,0,1,1,1
Q4_K_M,indexed,native-test-24,0,133.31686700007594,False,0.8333333333333334,0,0.380590840991667,0.2117068562174463,0,1,1,0,1,1,1
Q4_K_M,indexed_offline_derive,native-test-24,0,,True,0.8333333333333334,0,0.3636275811491882,0.2091514602437515,0,1,1,0,1,1,1
Q4_K_M,natural_derive,native-test-24,0,110.20005899990792,False,1.0,1,0.04896296344494688,0.008306263114773229,0,1,1,1,1,1,1
Q4_K_M,json,native-test-24,0,482.9547310000635,False,1.0,1,,,0,1,1,1,1,1,1
Q4_K_M,aliases,native-test-24,0,122.87059000004774,False,0.8333333333333334,0,0.29582475648408396,0.18914368913420168,0,1,1,0,1,1,1
Q4_K_M,natural,native-test-24,0,113.50986799993734,False,1.0,1,0.0731425345238213,0.014890553208987004,0,1,1,1,1,1,1
Q4_K_M,natural_offline_derive,native-test-24,0,,True,1.0,1,0.06400526718351596,0.014154795495878307,0,1,1,1,1,1,1
Q4_K_M,indexed_derive,native-test-24,0,128.9463699999942,False,0.8333333333333334,0,0.43325337560372074,0.2584286810139457,0,1,1,0,1,1,1
Q4_K_M,aliases,native-test-47,1,119.41896799999085,False,1.0,1,0.2947972707766861,0.1711680119330825,0,1,1,1,1,1,1
Q4_K_M,indexed,native-test-47,1,134.19186500004798,False,0.8333333333333334,0,0.3843736735467813,0.19327296999168306,0,1,1,1,0,1,1
Q4_K_M,indexed_offline_derive,native-test-47,1,,True,0.8333333333333334,0,0.3478087506808356,0.1806225195376003,0,1,1,1,0,1,1
Q4_K_M,indexed_derive,native-test-47,1,127.21063299977686,False,0.8333333333333334,0,0.32228771913070936,0.1635464997113508,0,1,1,1,0,1,1
Q4_K_M,natural_derive,native-test-47,1,107.57912000008218,False,0.8333333333333334,0,0.8789878932451077,0.38195110066647125,0,1,1,0,1,1,1
Q4_K_M,natural,native-test-47,1,110.70532400003685,False,0.8333333333333334,0,0.6465380157301602,0.37171537443724234,0,1,1,0,1,1,1
Q4_K_M,natural_offline_derive,native-test-47,1,,True,0.8333333333333334,0,0.6448562377193846,0.3716705373707145,0,1,1,0,1,1,1
Q4_K_M,json,native-test-47,1,494.4818100000248,False,1.0,1,,,0,1,1,1,1,1,1
BF16,aliases,native-test-17,1,97.4843110002439,False,0.8333333333333334,0,0.45524058392824635,0.28602447146362203,0,1,1,0,1,1,1
BF16,natural,native-test-17,1,80.35298300001159,False,1.0,1,0.11341983766275505,0.04617771143578795,0,1,1,1,1,1,1
BF16,natural_offline_derive,native-test-17,1,,True,1.0,1,0.11337840580180637,0.046197619844868455,0,1,1,1,1,1,1
BF16,indexed,native-test-17,1,94.81588200014812,False,0.8333333333333334,0,0.6626541641942421,0.3608902014821113,0,1,1,0,1,1,1
BF16,indexed_offline_derive,native-test-17,1,,True,0.8333333333333334,0,0.6048265194857202,0.3314765195375248,0,1,1,0,1,1,1
BF16,indexed_derive,native-test-17,1,91.67099499973119,False,0.8333333333333334,0,0.649947367523263,0.3340063131068807,0,1,1,0,1,1,1
BF16,json,native-test-17,1,572.2365070000706,False,0.8333333333333334,0,,,0,1,1,0,1,1,1
BF16,natural_derive,native-test-17,1,78.1352050003079,False,1.0,1,0.09911916131264635,0.04405565210875939,0,1,1,1,1,1,1
BF16,indexed,native-test-12,1,96.71292799976072,False,1.0,1,0.3406852981258761,0.17721264623378516,0,1,1,1,1,1,1
BF16,indexed_offline_derive,native-test-12,1,,True,1.0,1,0.2923158806925628,0.15839286134403097,0,1,1,1,1,1,1
BF16,natural,native-test-12,1,81.05921300011687,False,0.6666666666666666,0,1.0245637860093348,0.4481475104890527,1,1,0,1,0,1,1
BF16,natural_offline_derive,native-test-12,1,,True,0.8333333333333334,0,0.8501948874401712,0.3190447908763389,0,1,1,1,0,1,1
BF16,indexed_derive,native-test-12,1,91.82831600037389,False,0.8333333333333334,0,0.3926454430624408,0.22852300981720144,0,1,1,0,1,1,1
BF16,natural_derive,native-test-12,1,77.7498369998284,False,0.8333333333333334,0,0.9490165243894862,0.3238636901489186,0,1,1,1,0,1,1
BF16,aliases,native-test-12,1,89.61533899991991,False,0.8333333333333334,0,0.31930423598923435,0.20830529851100824,0,1,1,0,1,1,1
BF16,json,native-test-12,1,563.85563799995,False,1.0,1,,,0,1,1,1,1,1,1
Q4_K_M,json,native-test-19,1,497.4578559999827,False,1.0,1,,,0,1,1,1,1,1,1
Q4_K_M,natural,native-test-19,1,112.34567099995729,False,0.8333333333333334,0,0.8968430505399775,0.357656211848359,0,1,1,1,0,1,1
Q4_K_M,natural_offline_derive,native-test-19,1,,True,0.8333333333333334,0,0.8683446405993074,0.3458248022760346,0,1,1,1,0,1,1
Q4_K_M,aliases,native-test-19,1,120.647469000005,False,0.6666666666666666,0,0.47642647570248764,0.29561184668878165,0,1,1,0,0,1,1
Q4_K_M,indexed,native-test-19,1,131.44355500003257,False,0.5,0,0.6504398607112438,0.38488341355405414,0,1,1,0,0,1,0
Q4_K_M,indexed_offline_derive,native-test-19,1,,True,0.5,0,0.5840597392655841,0.35496724096803006,0,1,1,0,0,1,0
Q4_K_M,indexed_derive,native-test-19,1,127.11375499998212,False,0.8333333333333334,0,0.5943041806578853,0.30583025271333325,0,1,1,0,1,1,1
Q4_K_M,natural_derive,native-test-19,1,108.229835000202,False,0.8333333333333334,0,0.9361654044528062,0.35465950117148765,0,1,1,1,0,1,1
BF16,indexed,native-test-52,1,95.28463400010878,False,0.8333333333333334,0,0.5410523633052735,0.2892633826511097,0,1,1,0,1,1,1
BF16,indexed_offline_derive,native-test-52,1,,True,0.8333333333333334,0,0.49571281482934415,0.2742620059366563,0,1,1,0,1,1,1
BF16,natural_derive,native-test-52,1,77.10912199991071,False,0.8333333333333334,0,1.0742130012476812,0.3532764182564696,0,1,1,1,0,1,1
BF16,json,native-test-52,1,568.3119440000155,False,0.8333333333333334,0,,,0,1,1,0,1,1,1
BF16,indexed_derive,native-test-52,1,92.90708300022743,False,0.8333333333333334,0,0.5015238814037098,0.2561110719696762,0,1,1,0,1,1,1
BF16,aliases,native-test-52,1,89.41367200031891,False,0.8333333333333334,0,0.3583519440085803,0.23517054677782,0,1,1,0,1,1,1
BF16,natural,native-test-52,1,80.36605199959013,False,0.8333333333333334,0,1.0587556843663808,0.34111510185913135,0,1,1,1,0,1,1
BF16,natural_offline_derive,native-test-52,1,,True,0.8333333333333334,0,1.042662501778144,0.3378379074012055,0,1,1,1,0,1,1
Q4_K_M,indexed,native-test-64,1,134.07103700001244,False,0.6666666666666666,0,0.6638643273791464,0.33453231085960294,0,1,1,0,1,1,0
Q4_K_M,indexed_offline_derive,native-test-64,1,,True,0.6666666666666666,0,0.611011561153427,0.31373143145646254,0,1,1,0,1,1,0
Q4_K_M,natural_derive,native-test-64,1,110.68307199980154,False,0.8333333333333334,0,0.29811705817255474,0.20483614385718885,0,1,1,0,1,1,1
Q4_K_M,indexed_derive,native-test-64,1,129.31215999992673,False,0.6666666666666666,0,0.7163857480384256,0.35087124514076135,0,1,1,0,1,1,0
Q4_K_M,aliases,native-test-64,1,122.14551600004597,False,0.8333333333333334,0,0.6755817941540073,0.29784859263714714,0,1,1,0,1,1,1
Q4_K_M,json,native-test-64,1,502.86722999999256,False,1.0,1,,,0,1,1,1,1,1,1
Q4_K_M,natural,native-test-64,1,114.3075840000165,False,0.8333333333333334,0,0.25502664036482864,0.15560668998308297,0,1,1,0,1,1,1
Q4_K_M,natural_offline_derive,native-test-64,1,,True,0.8333333333333334,0,0.24378808257451026,0.15290111599530357,0,1,1,0,1,1,1
BF16,aliases,native-test-30,0,93.6117109999941,False,0.8333333333333334,0,0.2182321734301712,0.1544147925679432,0,1,1,0,1,1,1
BF16,indexed_derive,native-test-30,0,88.53403900002377,False,0.6666666666666666,0,0.5351453661706688,0.3433620406282634,0,1,1,0,1,0,1
BF16,json,native-test-30,0,563.489507000213,False,1.0,1,,,0,1,1,1,1,1,1
BF16,indexed,native-test-30,0,92.86576700014848,False,1.0,1,0.2865796419469126,0.16676670510799688,0,1,1,1,1,1,1
BF16,indexed_offline_derive,native-test-30,0,,True,1.0,1,0.27868698306307643,0.16616847387933426,0,1,1,1,1,1,1
BF16,natural,native-test-30,0,77.50617900001089,False,1.0,1,0.01621605505259639,0.0006548426565930815,0,1,1,1,1,1,1
BF16,natural_offline_derive,native-test-30,0,,True,1.0,1,0.012338018314040097,0.0005222140049618645,0,1,1,1,1,1,1
BF16,natural_derive,native-test-30,0,74.1177139998399,False,1.0,1,0.013050947907445152,0.0007136960226043933,0,1,1,1,1,1,1
Q4_K_M,aliases,native-test-34,1,121.02103100005479,False,1.0,1,0.18353528255564222,0.07183813255782506,0,1,1,1,1,1,1
Q4_K_M,json,native-test-34,1,492.640763000054,False,0.8333333333333334,0,,,0,1,1,0,1,1,1
Q4_K_M,indexed_derive,native-test-34,1,128.00838099997236,False,0.6666666666666666,0,0.5969925195179172,0.3733842399946717,0,1,1,0,1,1,0
Q4_K_M,indexed,native-test-34,1,131.23044500002834,False,0.6666666666666666,0,0.5542683539688157,0.36383581360741485,0,1,1,0,1,1,0
Q4_K_M,indexed_offline_derive,native-test-34,1,,True,0.6666666666666666,0,0.521404576574669,0.3545668098390582,0,1,1,0,1,1,0
Q4_K_M,natural_derive,native-test-34,1,108.12250900016807,False,0.8333333333333334,0,0.8076411323772742,0.35042030193781476,0,1,1,1,0,1,1
Q4_K_M,natural,native-test-34,1,111.77188300007401,False,0.8333333333333334,0,0.7889978512912053,0.3437397659955545,0,1,1,1,0,1,1
Q4_K_M,natural_offline_derive,native-test-34,1,,True,0.8333333333333334,0,0.7910793721772849,0.34542151818649475,0,1,1,1,0,1,1
Q4_K_M,aliases,native-test-14,1,120.84290500001771,False,1.0,1,0.15007764811072347,0.06725108046318223,0,1,1,1,1,1,1
Q4_K_M,natural_derive,native-test-14,1,107.81161199997769,False,1.0,1,0.026776759108650752,0.002450995075488534,0,1,1,1,1,1,1
Q4_K_M,json,native-test-14,1,492.375691999996,False,0.8333333333333334,0,,,0,1,1,0,1,1,1
Q4_K_M,indexed_derive,native-test-14,1,127.61682200016367,False,0.8333333333333334,0,0.46657504123979326,0.2937759590869972,0,1,1,0,1,1,1
Q4_K_M,indexed,native-test-14,1,131.1609019999196,False,0.8333333333333334,0,0.44379667582950577,0.27032621953175984,0,1,1,0,1,1,1
Q4_K_M,indexed_offline_derive,native-test-14,1,,True,0.8333333333333334,0,0.42083800610101235,0.26460769224425107,0,1,1,0,1,1,1
Q4_K_M,natural,native-test-14,1,111.24628799984748,False,1.0,1,0.02180642312357467,0.001306041479769644,0,1,1,1,1,1,1
Q4_K_M,natural_offline_derive,native-test-14,1,,True,1.0,1,0.022467178299752602,0.0013275849329038632,0,1,1,1,1,1,1
BF16,json,native-test-6,0,562.0220529999642,False,1.0,1,,,0,1,1,1,1,1,1
BF16,natural_derive,native-test-6,0,76.17781999988438,False,1.0,1,0.02372519931512014,0.0022541723427077737,0,1,1,1,1,1,1
BF16,indexed,native-test-6,0,92.38317300014387,False,0.8333333333333334,0,0.29529280644009687,0.16327165267518126,0,1,1,1,1,0,1
BF16,indexed_offline_derive,native-test-6,0,,True,0.8333333333333334,0,0.28446259765195253,0.1621830762908524,0,1,1,1,1,0,1
BF16,indexed_derive,native-test-6,0,89.06479600000239,False,0.6666666666666666,0,0.48847425641346126,0.3183681269942458,0,1,1,0,1,0,1
BF16,aliases,native-test-6,0,86.81306800008315,False,0.8333333333333334,0,0.24622773932776668,0.170536370798914,0,1,1,0,1,1,1
BF16,natural,native-test-6,0,77.9207860000497,False,1.0,1,0.030257468242524514,0.00280596668732425,0,1,1,1,1,1,1
BF16,natural_offline_derive,native-test-6,0,,True,1.0,1,0.025936887971302353,0.0026413541513563444,0,1,1,1,1,1,1
Q4_K_M,natural_derive,native-test-93,0,108.10525800002324,False,1.0,1,0.05216089171868308,0.006454538870143557,0,1,1,1,1,1,1
Q4_K_M,indexed_derive,native-test-93,0,127.04254499999479,False,0.8333333333333334,0,0.6105091579613513,0.3604500047174934,0,1,1,0,1,1,1
Q4_K_M,indexed,native-test-93,0,131.02046399990286,False,0.5,0,0.8045156369346816,0.5366149085397973,1,1,0,0,1,1,0
Q4_K_M,indexed_offline_derive,native-test-93,0,,True,0.6666666666666666,0,0.6194802701715977,0.3952334768500658,0,1,1,0,1,1,0
Q4_K_M,aliases,native-test-93,0,120.00910899996597,False,0.8333333333333334,0,0.6345606207683842,0.32322244048525045,1,1,0,1,1,1,1
Q4_K_M,natural,native-test-93,0,111.36825100015812,False,0.8333333333333334,0,0.3724833643604386,0.24126301921290452,1,1,0,1,1,1,1
Q4_K_M,natural_offline_derive,native-test-93,0,,True,1.0,1,0.04218501766254856,0.0060937927525373655,0,1,1,1,1,1,1
Q4_K_M,json,native-test-93,0,496.05805600003805,False,0.5,0,,,0,0,0,0,1,1,1
BF16,natural,native-test-65,1,86.07611399975212,False,0.6666666666666666,0,1.1619337147525053,0.45990077913762684,1,1,0,0,1,1,1
BF16,natural_offline_derive,native-test-65,1,,True,0.8333333333333334,0,0.988241892420719,0.3266550412836464,0,1,1,0,1,1,1
BF16,indexed_derive,native-test-65,1,91.01864800004478,False,1.0,1,0.09344866533564018,0.015709040805466475,0,1,1,1,1,1,1
BF16,aliases,native-test-65,1,88.104022999687,False,0.5,0,0.5090063978473681,0.3786987494525414,0,0,0,0,1,1,1
BF16,json,native-test-65,1,624.214246000065,False,1.0,1,,,0,1,1,1,1,1,1
BF16,natural_derive,native-test-65,1,76.14329899979566,False,0.8333333333333334,0,1.0877470235650324,0.32608514299480273,0,1,1,0,1,1,1
BF16,indexed,native-test-65,1,92.6740139998401,False,1.0,1,0.1902064426189025,0.0718052625092731,0,1,1,1,1,1,1
BF16,indexed_offline_derive,native-test-65,1,,True,1.0,1,0.11674320246343395,0.029391480241025753,0,1,1,1,1,1,1
BF16,aliases,native-test-5,0,86.8741190001856,False,1.0,1,0.2491600473473883,0.12619192264688395,0,1,1,1,1,1,1
BF16,natural,native-test-5,0,77.73950499995408,False,1.0,1,0.06472979139200899,0.02375744767220797,0,1,1,1,1,1,1
BF16,natural_offline_derive,native-test-5,0,,True,1.0,1,0.06357857325462958,0.023735308438189755,0,1,1,1,1,1,1
BF16,json,native-test-5,0,578.8054620002185,False,1.0,1,,,0,1,1,1,1,1,1
BF16,indexed_derive,native-test-5,0,90.05175800029974,False,0.8333333333333334,0,0.5399250774036544,0.3347254840548423,0,1,1,0,1,1,1
BF16,natural_derive,native-test-5,0,74.76287500003309,False,1.0,1,0.07295945442009087,0.029649490109264737,0,1,1,1,1,1,1
BF16,indexed,native-test-5,0,92.18817500004661,False,0.8333333333333334,0,0.5164231131956262,0.31092849648518395,0,1,1,0,1,1,1
BF16,indexed_offline_derive,native-test-5,0,,True,0.8333333333333334,0,0.4788482318502006,0.2981287224042516,0,1,1,0,1,1,1
BF16,indexed,native-test-24,0,96.19827699998496,False,0.8333333333333334,0,0.3690371022765,0.2089129054036637,0,1,1,1,1,0,1
BF16,indexed_offline_derive,native-test-24,0,,True,0.8333333333333334,0,0.3556725830385328,0.20728376775109747,0,1,1,1,1,0,1
BF16,natural_derive,native-test-24,0,78.32735099964339,False,1.0,1,0.04316803270265027,0.006729686472681775,0,1,1,1,1,1,1
BF16,json,native-test-24,0,561.5359799999169,False,1.0,1,,,0,1,1,1,1,1,1
BF16,aliases,native-test-24,0,92.63942500001576,False,0.8333333333333334,0,0.2825954264503939,0.17916696246048922,0,1,1,0,1,1,1
BF16,natural,native-test-24,0,81.4337740002884,False,1.0,1,0.06001144375821352,0.010625164346835081,0,1,1,1,1,1,1
BF16,natural_offline_derive,native-test-24,0,,True,1.0,1,0.052318461626526286,0.01011344643368504,0,1,1,1,1,1,1
BF16,indexed_derive,native-test-24,0,93.06608299993968,False,0.6666666666666666,0,0.550665136033696,0.3543474748914264,0,1,1,0,1,0,1
Q4_K_M,indexed,native-test-15,1,127.32289099994887,False,0.8333333333333334,0,0.303303135087275,0.14585420069795238,0,1,1,1,0,1,1
Q4_K_M,indexed_offline_derive,native-test-15,1,,True,0.8333333333333334,0,0.28058896621113166,0.14094561643493947,0,1,1,1,0,1,1
Q4_K_M,aliases,native-test-15,1,123.59709800011842,False,0.8333333333333334,0,0.29656803750738897,0.1743544581631283,0,1,1,1,0,1,1
Q4_K_M,json,native-test-15,1,487.88872399995853,False,1.0,1,,,0,1,1,1,1,1,1
Q4_K_M,natural_derive,native-test-15,1,104.04163800012611,False,0.6666666666666666,0,1.4906447121786546,0.47986386228749955,0,1,1,0,0,1,1
Q4_K_M,indexed_derive,native-test-15,1,122.79192900018643,False,0.8333333333333334,0,0.3015693796588797,0.1586836963180128,0,1,1,1,0,1,1
Q4_K_M,natural,native-test-15,1,106.89826499992705,False,0.8333333333333334,0,1.2442293516907068,0.36554066095608717,0,1,1,0,1,1,1
Q4_K_M,natural_offline_derive,native-test-15,1,,True,0.8333333333333334,0,1.229537208779145,0.36351847868029635,0,1,1,0,1,1,1
BF16,json,native-test-7,1,574.3550219999634,False,0.8333333333333334,0,,,0,1,1,0,1,1,1
BF16,indexed,native-test-7,1,94.33221000017511,False,0.6666666666666666,0,0.6895853505782971,0.46026724526186946,0,1,1,0,1,1,0
BF16,indexed_offline_derive,native-test-7,1,,True,0.6666666666666666,0,0.655364275448396,0.4497735873595428,0,1,1,0,1,1,0
BF16,indexed_derive,native-test-7,1,90.27285600041068,False,0.6666666666666666,0,0.7086112225984218,0.46783535257836467,0,1,1,0,1,1,0
BF16,aliases,native-test-7,1,87.83986500020546,False,0.8333333333333334,0,0.31311019430231896,0.1815818389523959,0,1,1,1,0,1,1
BF16,natural,native-test-7,1,79.21836999958032,False,0.8333333333333334,0,1.2989453942193026,0.35589316872952165,0,1,1,1,0,1,1
BF16,natural_offline_derive,native-test-7,1,,True,0.8333333333333334,0,1.2892828578014985,0.35253917401488727,0,1,1,1,0,1,1
BF16,natural_derive,native-test-7,1,75.96118000037677,False,0.8333333333333334,0,1.2790676209511809,0.3549631621253145,0,1,1,1,0,1,1
BF16,json,native-test-76,0,617.035470999781,False,0.6666666666666666,0,,,0,1,1,0,1,1,0
BF16,natural,native-test-76,0,81.16639699983352,False,1.0,1,0.13265897794521628,0.04696488897757783,0,1,1,1,1,1,1
BF16,natural_offline_derive,native-test-76,0,,True,1.0,1,0.17510429903262756,0.0715560377404884,0,1,1,1,1,1,1
BF16,natural_derive,native-test-76,0,77.20822200008115,False,1.0,1,0.12527436571385503,0.03896380673092435,0,1,1,1,1,1,1
BF16,indexed,native-test-76,0,94.48134100011885,False,0.8333333333333334,0,0.4201736009623073,0.2552438393346785,0,1,1,0,1,1,1
BF16,indexed_offline_derive,native-test-76,0,,True,0.8333333333333334,0,0.3882111587578107,0.24447743133475205,0,1,1,0,1,1,1
BF16,aliases,native-test-76,0,88.50059999986115,False,1.0,1,0.12296675501488086,0.03402652004150714,0,1,1,1,1,1,1
BF16,indexed_derive,native-test-76,0,91.06013900009202,False,0.8333333333333334,0,0.44627404623767597,0.2630626872855479,0,1,1,0,1,1,1
BF16,indexed,native-test-50,0,92.06078999977763,False,0.6666666666666666,0,0.5310497836252465,0.36216948477353944,0,1,1,0,1,1,0
BF16,indexed_offline_derive,native-test-50,0,,True,0.6666666666666666,0,0.44805509667615456,0.3109198105999183,0,1,1,0,1,1,0
BF16,natural_derive,native-test-50,0,74.54691299972183,False,1.0,1,0.02816831345165839,0.00414420869578539,0,1,1,1,1,1,1
BF16,aliases,native-test-50,0,86.09845299997687,False,0.6666666666666666,0,0.5026910747050736,0.34863576079978364,0,0,0,1,1,1,1
BF16,json,native-test-50,0,613.7015829999655,False,0.8333333333333334,0,,,0,1,1,0,1,1,1
BF16,indexed_derive,native-test-50,0,90.04091499991773,False,0.8333333333333334,0,0.46323783547865954,0.29668723990853024,0,1,1,0,1,1,1
BF16,natural,native-test-50,0,77.65813099968,False,0.8333333333333334,0,0.2804053502602134,0.19296075914943903,1,1,0,1,1,1,1
BF16,natural_offline_derive,native-test-50,0,,True,1.0,1,0.030478443404605222,0.004291473338791576,0,1,1,1,1,1,1
BF16,json,native-test-55,0,585.6858060001287,False,1.0,1,,,0,1,1,1,1,1,1
BF16,indexed_derive,native-test-55,0,90.21164599971598,False,1.0,1,0.10599686398337767,0.022071003682911178,0,1,1,1,1,1,1
BF16,natural,native-test-55,0,77.79409899967504,False,0.8333333333333334,0,1.10214634907178,0.33398798529742457,0,1,1,0,1,1,1
BF16,natural_offline_derive,native-test-55,0,,True,0.8333333333333334,0,1.1012243131084436,0.3343930863229747,0,1,1,0,1,1,1
BF16,indexed,native-test-55,0,92.35378700032015,False,1.0,1,0.16549272692431335,0.0496714358594244,0,1,1,1,1,1,1
BF16,indexed_offline_derive,native-test-55,0,,True,1.0,1,0.1381528573868979,0.04291721684185918,0,1,1,1,1,1,1
BF16,natural_derive,native-test-55,0,74.36009200000626,False,0.8333333333333334,0,1.1712887177428275,0.33069062524302234,0,1,1,0,1,1,1
BF16,aliases,native-test-55,0,86.16992299994308,False,0.8333333333333334,0,0.2430109215201659,0.16744291453889915,0,1,1,0,1,1,1
BF16,json,native-test-53,0,611.29104299971,False,0.8333333333333334,0,,,0,1,1,0,1,1,1
BF16,natural,native-test-53,0,81.21468399986043,False,0.8333333333333334,0,1.1427455088289264,0.33202173356409664,0,1,1,1,0,1,1
BF16,natural_offline_derive,native-test-53,0,,True,0.8333333333333334,0,1.112918165195553,0.3216200731266418,0,1,1,1,0,1,1
BF16,natural_derive,native-test-53,0,77.44117999982336,False,0.8333333333333334,0,1.0491054814446708,0.31571214725648206,0,1,1,1,0,1,1
BF16,indexed,native-test-53,0,95.34080000003087,False,0.8333333333333334,0,0.6124979601420019,0.3713512931269028,0,1,1,0,1,1,1
BF16,indexed_offline_derive,native-test-53,0,,True,0.8333333333333334,0,0.5343602284401401,0.31574026466202587,0,1,1,0,1,1,1
BF16,aliases,native-test-53,0,89.94973400012896,False,1.0,1,0.39364364160867077,0.23024580691258925,0,1,1,1,1,1,1
BF16,indexed_derive,native-test-53,0,92.62244299998201,False,0.8333333333333334,0,0.5310800044921121,0.2946545031599024,0,1,1,0,1,1,1
BF16,aliases,native-test-0,1,95.50069599981725,False,1.0,1,0.06431391864264432,0.010782091545416357,0,1,1,1,1,1,1
BF16,indexed,native-test-0,1,93.99784100014585,False,1.0,1,0.25965133013196523,0.13814598124469593,0,1,1,1,1,1,1
BF16,indexed_offline_derive,native-test-0,1,,True,1.0,1,0.251912631417653,0.13752396947680434,0,1,1,1,1,1,1
BF16,indexed_derive,native-test-0,1,90.4199360002167,False,0.8333333333333334,0,0.2940740020827311,0.16436954815022317,0,1,1,1,1,0,1
BF16,json,native-test-0,1,567.1656009999424,False,1.0,1,,,0,1,1,1,1,1,1
BF16,natural,native-test-0,1,79.4881599999826,False,0.8333333333333334,0,0.7554518425265423,0.3277478536623802,0,1,1,0,1,1,1
BF16,natural_offline_derive,native-test-0,1,,True,0.8333333333333334,0,0.7520515484312401,0.32764305706311786,0,1,1,0,1,1,1
BF16,natural_derive,native-test-0,1,75.35850300018865,False,0.8333333333333334,0,0.9435126899940091,0.33134384900361863,0,1,1,0,1,1,1
BF16,indexed,native-test-91,0,101.63753200004066,False,0.8333333333333334,0,0.3538298971564163,0.18054592320317406,0,1,1,1,0,1,1
BF16,indexed_offline_derive,native-test-91,0,,True,0.8333333333333334,0,0.3225525978359763,0.17157145436731377,0,1,1,1,0,1,1
BF16,natural,native-test-91,0,79.05002899997271,False,0.6666666666666666,0,2.2544489010286477,0.6675870671182104,0,1,1,0,0,1,1
BF16,natural_offline_derive,native-test-91,0,,True,0.6666666666666666,0,2.233654412521274,0.6584874704676538,0,1,1,0,0,1,1
BF16,natural_derive,native-test-91,0,75.32575599998381,False,0.6666666666666666,0,2.398760004632593,0.6628242048801033,0,1,1,0,0,1,1
BF16,indexed_derive,native-test-91,0,89.5526310000605,False,1.0,1,0.357016744050524,0.18260491777246135,0,1,1,1,1,1,1
BF16,json,native-test-91,0,572.7516679999098,False,1.0,1,,,0,1,1,1,1,1,1
BF16,aliases,native-test-91,0,87.97039499995662,False,0.6666666666666666,0,0.35913446061328397,0.24631684038333948,0,1,1,0,0,1,1
Q4_K_M,aliases,native-test-30,0,123.41719200003354,False,0.8333333333333334,0,0.2294254754686609,0.16059848200434446,0,1,1,0,1,1,1
Q4_K_M,indexed_derive,native-test-30,0,123.1191399999716,False,0.8333333333333334,0,0.3817465755859719,0.23395985593062107,0,1,1,0,1,1,1
Q4_K_M,json,native-test-30,0,490.41420699995797,False,1.0,1,,,0,1,1,1,1,1,1
Q4_K_M,indexed,native-test-30,0,126.59892000010586,False,0.8333333333333334,0,0.25029919333017453,0.13396028833780302,0,1,1,0,1,1,1
Q4_K_M,indexed_offline_derive,native-test-30,0,,True,0.8333333333333334,0,0.2427429163516738,0.13340976800049328,0,1,1,0,1,1,1
Q4_K_M,natural,native-test-30,0,106.02646500001356,False,1.0,1,0.01815143294675857,0.0007562558530914534,0,1,1,1,1,1,1
Q4_K_M,natural_offline_derive,native-test-30,0,,True,1.0,1,0.014231353080920078,0.0006199885897088613,0,1,1,1,1,1,1
Q4_K_M,natural_derive,native-test-30,0,102.58547900002668,False,1.0,1,0.02224850774847564,0.0029696295451379254,0,1,1,1,1,1,1
BF16,aliases,native-test-7,0,87.439416000052,False,0.8333333333333334,0,0.31397984678582214,0.1824099390183831,0,1,1,1,0,1,1
BF16,natural,native-test-7,0,78.88861299989003,False,0.8333333333333334,0,1.3082516977753202,0.3563568025286055,0,1,1,1,0,1,1
BF16,natural_offline_derive,native-test-7,0,,True,0.8333333333333334,0,1.2989422234214794,0.3531318897312521,0,1,1,1,0,1,1
BF16,indexed,native-test-7,0,93.36393399962617,False,0.6666666666666666,0,0.691683753850446,0.46216386501332724,0,1,1,0,1,1,0
BF16,indexed_offline_derive,native-test-7,0,,True,0.6666666666666666,0,0.6578530369698922,0.45189372419276047,0,1,1,0,1,1,0
BF16,indexed_derive,native-test-7,0,89.97296500001539,False,0.6666666666666666,0,0.7103761942510801,0.46941471864547485,0,1,1,0,1,1,0
BF16,natural_derive,native-test-7,0,75.57966600006694,False,0.8333333333333334,0,1.2829355084237115,0.35541133052453217,0,1,1,1,0,1,1
BF16,json,native-test-7,0,568.5981719998381,False,0.8333333333333334,0,,,0,1,1,0,1,1,1
Q4_K_M,natural_derive,native-test-76,1,108.24490400000286,False,1.0,1,0.13584653679779737,0.043935885738423525,0,1,1,1,1,1,1
Q4_K_M,natural,native-test-76,1,111.23572600013176,False,1.0,1,0.141774681534228,0.05084664481398715,0,1,1,1,1,1,1
Q4_K_M,natural_offline_derive,native-test-76,1,,True,1.0,1,0.17327899700324365,0.06414346887174653,0,1,1,1,1,1,1
Q4_K_M,indexed,native-test-76,1,131.13750000002256,False,0.6666666666666666,0,0.4330812087579381,0.2746229421695311,0,1,1,0,1,1,0
Q4_K_M,indexed_offline_derive,native-test-76,1,,True,0.6666666666666666,0,0.3888823711475545,0.2572267938696001,0,1,1,0,1,1,0
Q4_K_M,aliases,native-test-76,1,119.8140980000062,False,1.0,1,0.11678856077865983,0.04328331357538003,0,1,1,1,1,1,1
Q4_K_M,indexed_derive,native-test-76,1,126.40259699992384,False,0.8333333333333334,0,0.4625249749146431,0.27678780526451013,0,1,1,0,1,1,1
Q4_K_M,json,native-test-76,1,495.24434299996756,False,0.6666666666666666,0,,,0,1,1,0,1,1,0
BF16,indexed,native-test-57,1,95.10640600001352,False,0.6666666666666666,0,0.6973251167983908,0.43629418368792056,1,1,0,0,1,1,1
BF16,indexed_offline_derive,native-test-57,1,,True,0.8333333333333334,0,0.5068746605942781,0.28005234018391567,0,1,1,0,1,1,1
BF16,natural_derive,native-test-57,1,77.23793700006354,False,1.0,1,0.15603590971436537,0.06299697784412557,0,1,1,1,1,1,1
BF16,indexed_derive,native-test-57,1,91.50125599990133,False,0.6666666666666666,0,0.7550488629745115,0.4721923244265122,0,1,1,0,1,0,1
BF16,json,native-test-57,1,615.199665000091,False,0.3333333333333333,0,,,0,0,0,0,1,1,0
BF16,aliases,native-test-57,1,89.63687699997536,False,0.8333333333333334,0,0.6701088588552736,0.3373698665546607,1,1,0,1,1,1,1
BF16,natural,native-test-57,1,80.09980500037273,False,0.8333333333333334,0,0.46613710475836645,0.28356784043478656,1,1,0,1,1,1,1
BF16,natural_offline_derive,native-test-57,1,,True,1.0,1,0.14318770925499935,0.049410505203251666,0,1,1,1,1,1,1
BF16,natural,native-test-51,0,78.01654700006111,False,1.0,1,0.15882752284080887,0.07423821388231776,0,1,1,1,1,1,1
BF16,natural_offline_derive,native-test-51,0,,True,1.0,1,0.10846565437029392,0.05447577385096166,0,1,1,1,1,1,1
BF16,indexed_derive,native-test-51,0,89.69834299978174,False,0.6666666666666666,0,0.5090007211262698,0.2995971804372172,0,1,1,0,0,1,1
BF16,aliases,native-test-51,0,86.93985299987617,False,0.8333333333333334,0,0.4800089086325336,0.2864107649288639,0,1,1,1,0,1,1
BF16,natural_derive,native-test-51,0,74.79831999989983,False,0.8333333333333334,0,0.15967857535811536,0.1057661415780682,0,1,1,1,0,1,1
BF16,json,native-test-51,0,559.1543599998658,False,1.0,1,,,0,1,1,1,1,1,1
BF16,indexed,native-test-51,0,93.46447600000829,False,0.6666666666666666,0,0.5375176469992393,0.30427291026183706,0,1,1,0,0,1,1
BF16,indexed_offline_derive,native-test-51,0,,True,0.6666666666666666,0,0.457947304364639,0.2594143560903868,0,1,1,0,0,1,1
BF16,json,native-test-19,1,579.0497060002053,False,1.0,1,,,0,1,1,1,1,1,1
BF16,natural,native-test-19,1,82.07445999960328,False,0.8333333333333334,0,1.0277742917401984,0.3494257528718984,0,1,1,1,0,1,1
BF16,natural_offline_derive,native-test-19,1,,True,0.8333333333333334,0,1.000881347863712,0.33776404156865,0,1,1,1,0,1,1
BF16,aliases,native-test-19,1,90.60525499990035,False,0.6666666666666666,0,0.4256293579837729,0.2917783473207213,0,1,1,0,0,1,1
BF16,indexed,native-test-19,1,95.9618510000837,False,0.8333333333333334,0,0.5856856476100694,0.3274099765904563,0,1,1,0,1,1,1
BF16,indexed_offline_derive,native-test-19,1,,True,0.8333333333333334,0,0.5347894829540081,0.3074147505009453,0,1,1,0,1,1,1
BF16,indexed_derive,native-test-19,1,92.98015499962275,False,0.8333333333333334,0,0.5518690090442994,0.28570191832582803,0,1,1,0,1,1,1
BF16,natural_derive,native-test-19,1,78.24573500010956,False,0.8333333333333334,0,1.1560026767204319,0.3509309218965639,0,1,1,1,0,1,1
Q4_K_M,natural,native-test-38,0,111.81626400002642,False,0.8333333333333334,0,0.6779724867977239,0.3679557805199141,0,1,1,1,0,1,1
Q4_K_M,natural_offline_derive,native-test-38,0,,True,0.8333333333333334,0,0.6053295110639163,0.3272330874007821,0,1,1,1,0,1,1
Q4_K_M,indexed,native-test-38,0,131.96849099995234,False,0.8333333333333334,0,0.7000066350686689,0.36832288420766784,0,1,1,0,1,1,1
Q4_K_M,indexed_offline_derive,native-test-38,0,,True,0.8333333333333334,0,0.6697072077635843,0.3560787856765117,0,1,1,0,1,1,1
Q4_K_M,natural_derive,native-test-38,0,108.43977600006838,False,0.8333333333333334,0,0.5898124371433585,0.30998424192358576,0,1,1,1,0,1,1
Q4_K_M,aliases,native-test-38,0,120.55989899999986,False,0.8333333333333334,0,0.5576741047383644,0.3068181602608083,0,1,1,0,1,1,1
Q4_K_M,json,native-test-38,0,502.9931480000869,False,1.0,1,,,0,1,1,1,1,1,1
Q4_K_M,indexed_derive,native-test-38,0,127.5437920000968,False,0.8333333333333334,0,0.6958703508926963,0.3443778580961725,0,1,1,0,1,1,1
BF16,indexed,native-test-4,1,96.34178899977996,False,0.5,0,1.7614419804397796,0.7731194923733075,0,0,0,0,1,1,1
BF16,indexed_offline_derive,native-test-4,1,,True,0.5,0,2.329727457565109,0.8275219678811773,0,0,0,0,1,1,1
BF16,json,native-test-4,1,557.2751299996526,False,0.6666666666666666,0,,,0,0,0,1,1,1,1
BF16,natural_derive,native-test-4,1,79.66040199971758,False,0.6666666666666666,0,2.90466459234937,0.6739174639564137,0,0,0,1,1,1,1
BF16,aliases,native-test-4,1,90.96502900001724,False,0.5,0,2.0398337080082967,0.7108649167420668,0,0,0,0,1,1,1
BF16,natural,native-test-4,1,81.79984099979265,False,0.6666666666666666,0,2.1027408821212403,0.6435396193330315,0,0,0,1,1,1,1
BF16,natural_offline_derive,native-test-4,1,,True,0.6666666666666666,0,3.0333749626766395,0.6713134344692026,0,0,0,1,1,1,1
BF16,indexed_derive,native-test-4,1,93.37861099993461,False,0.5,0,2.3054260007989114,0.870451803406826,0,0,0,0,1,1,1
BF16,indexed_derive,native-test-90,1,89.77774499999214,False,0.8333333333333334,0,0.29815383753543107,0.14676443203596098,0,1,1,1,1,0,1
BF16,indexed,native-test-90,1,92.87597599995934,False,0.8333333333333334,0,0.30595090949394543,0.14733317829618411,0,1,1,1,1,0,1
BF16,indexed_offline_derive,native-test-90,1,,True,0.8333333333333334,0,0.2741821262226103,0.13859850101893836,0,1,1,1,1,0,1
BF16,json,native-test-90,1,559.9843080003666,False,1.0,1,,,0,1,1,1,1,1,1
BF16,aliases,native-test-90,1,87.95658999997613,False,1.0,1,0.15603825046810613,0.05594745200984033,0,1,1,1,1,1,1
BF16,natural_derive,native-test-90,1,75.04389800033096,False,0.8333333333333334,0,1.0331021659490967,0.32073060285298954,0,1,1,0,1,1,1
BF16,natural,native-test-90,1,78.1533379999928,False,0.8333333333333334,0,0.8589478232890392,0.3207508870415079,0,1,1,0,1,1,1
BF16,natural_offline_derive,native-test-90,1,,True,0.8333333333333334,0,0.8493534317368807,0.31994191894191615,0,1,1,0,1,1,1
BF16,indexed,native-test-32,1,96.04791600031604,False,0.6666666666666666,0,0.5709308827337309,0.3640380965050702,0,1,1,0,1,0,1
BF16,indexed_offline_derive,native-test-32,1,,True,0.6666666666666666,0,0.5446878604948068,0.35724556010586045,0,1,1,0,1,0,1
BF16,indexed_derive,native-test-32,1,91.66114900017419,False,0.6666666666666666,0,0.628385112055649,0.4011894668004829,0,1,1,0,1,0,1
BF16,json,native-test-32,1,578.9008960000501,False,1.0,1,,,0,1,1,1,1,1,1
BF16,natural_derive,native-test-32,1,78.72993899991343,False,1.0,1,0.03840128479093574,0.004064005690519799,0,1,1,1,1,1,1
BF16,natural,native-test-32,1,80.49290799999653,False,1.0,1,0.05174922640636855,0.007925224530826348,0,1,1,1,1,1,1
BF16,natural_offline_derive,native-test-32,1,,True,1.0,1,0.05322319604106605,0.007989417619819394,0,1,1,1,1,1,1
BF16,aliases,native-test-32,1,89.38131800005067,False,1.0,1,0.2300331687020011,0.11664070182316327,0,1,1,1,1,1,1
Q4_K_M,natural,native-test-26,0,109.14805599986721,False,0.6666666666666666,0,1.3517156534107446,0.5319933423982601,0,1,1,0,0,1,1
Q4_K_M,natural_offline_derive,native-test-26,0,,True,0.6666666666666666,0,1.3258192396667328,0.5237695817921338,0,1,1,0,0,1,1
Q4_K_M,aliases,native-test-26,0,117.24770899991199,False,1.0,1,0.23563005528218575,0.09463138142562165,0,1,1,1,1,1,1
Q4_K_M,indexed,native-test-26,0,135.35392699986915,False,1.0,1,0.34165506191464745,0.1602846635669851,0,1,1,1,1,1,1
Q4_K_M,indexed_offline_derive,native-test-26,0,,True,1.0,1,0.31555296319438075,0.1509571500782506,0,1,1,1,1,1,1
Q4_K_M,json,native-test-26,0,495.0004170000284,False,1.0,1,,,0,1,1,1,1,1,1
Q4_K_M,natural_derive,native-test-26,0,105.79803300015556,False,0.6666666666666666,0,1.4374898174248456,0.49536513336089133,0,1,1,0,0,1,1
Q4_K_M,indexed_derive,native-test-26,0,124.2960930001118,False,1.0,1,0.2831685530678666,0.12800472480885855,0,1,1,1,1,1,1
Q4_K_M,indexed_derive,native-test-54,0,127.34990400008428,False,1.0,1,0.28907309780557366,0.1302806300296221,0,1,1,1,1,1,1
Q4_K_M,natural,native-test-54,0,111.36482200004139,False,0.5,0,2.0063986244379373,0.6841586708164645,0,0,0,0,1,1,1
Q4_K_M,natural_offline_derive,native-test-54,0,,True,0.5,0,1.7769529962780632,0.5697823347943979,0,0,0,0,1,1,1
Q4_K_M,json,native-test-54,0,495.5227240000113,False,0.5,0,,,0,0,0,0,1,1,1
Q4_K_M,natural_derive,native-test-54,0,108.79594600010023,False,0.8333333333333334,0,1.7572246806311715,0.39067688479807045,0,1,1,0,1,1,1
Q4_K_M,indexed,native-test-54,0,131.52689599996847,False,0.8333333333333334,0,0.5363024383237641,0.31753241453583775,1,1,0,1,1,1,1
Q4_K_M,indexed_offline_derive,native-test-54,0,,True,1.0,1,0.23110437441465406,0.10253258684178625,0,1,1,1,1,1,1
Q4_K_M,aliases,native-test-54,0,120.29435199997351,False,0.5,0,1.0194271969029363,0.6016212282784142,0,0,0,0,1,1,1
Q4_K_M,indexed,native-test-11,0,128.99208999988332,False,1.0,1,0.28401750786557095,0.13314525695177357,0,1,1,1,1,1,1
Q4_K_M,indexed_offline_derive,native-test-11,0,,True,1.0,1,0.20605645467182857,0.08375164622010313,0,1,1,1,1,1,1
Q4_K_M,natural_derive,native-test-11,0,105.3786059999311,False,0.8333333333333334,0,1.0911543440181117,0.32355673070868,0,1,1,0,1,1,1
Q4_K_M,aliases,native-test-11,0,117.58051600008912,False,0.8333333333333334,0,0.4383773580081263,0.2977407109882471,0,1,1,0,1,1,1
Q4_K_M,json,native-test-11,0,499.08351700014464,False,1.0,1,,,0,1,1,1,1,1,1
Q4_K_M,indexed_derive,native-test-11,0,125.35365100006857,False,1.0,1,0.20431932470888822,0.08069284638065445,0,1,1,1,1,1,1
Q4_K_M,natural,native-test-11,0,109.0926849999505,False,0.6666666666666666,0,1.1191143434223514,0.42209823380774947,1,1,0,0,1,1,1
Q4_K_M,natural_offline_derive,native-test-11,0,,True,0.8333333333333334,0,0.9826853183095321,0.32376709691968114,0,1,1,0,1,1,1
Q4_K_M,indexed,native-test-88,0,132.99182700006895,False,0.6666666666666666,0,0.5728365422369953,0.38573002070209667,0,1,1,0,1,1,0
Q4_K_M,indexed_offline_derive,native-test-88,0,,True,0.6666666666666666,0,0.5123581471554255,0.3587435650772091,0,1,1,0,1,1,0
Q4_K_M,natural,native-test-88,0,113.15433100003247,False,1.0,1,0.17076378866063388,0.07605568672580697,0,1,1,1,1,1,1
Q4_K_M,natural_offline_derive,native-test-88,0,,True,1.0,1,0.09139895759246514,0.025098034650424605,0,1,1,1,1,1,1
Q4_K_M,json,native-test-88,0,490.5009130000053,False,0.8333333333333334,0,,,0,1,1,0,1,1,1
Q4_K_M,indexed_derive,native-test-88,0,129.23523599988584,False,0.6666666666666666,0,0.6116527932186439,0.39521830996140056,0,1,1,0,1,1,0
Q4_K_M,natural_derive,native-test-88,0,109.75788000018838,False,1.0,1,0.15251647652468028,0.06917461104224229,0,1,1,1,1,1,1
Q4_K_M,aliases,native-test-88,0,121.6433690001395,False,1.0,1,0.21363245307515025,0.09048185349144543,0,1,1,1,1,1,1
BF16,aliases,native-test-28,0,90.58137400006672,False,1.0,1,0.1904942442771076,0.0860852722979653,0,1,1,1,1,1,1
BF16,natural_derive,native-test-28,0,78.38526400018964,False,0.8333333333333334,0,0.8471593794424307,0.32924492148997636,0,1,1,0,1,1,1
BF16,natural,native-test-28,0,81.07649299972763,False,0.6666666666666666,0,0.5530642170185078,0.3659142341813744,1,1,0,0,1,1,1
BF16,natural_offline_derive,native-test-28,0,,True,0.8333333333333334,0,0.42279896456452654,0.27048036999131536,0,1,1,0,1,1,1
BF16,indexed_derive,native-test-28,0,93.02950099981899,False,1.0,1,0.09942722883008244,0.015367365872138163,0,1,1,1,1,1,1
BF16,json,native-test-28,0,574.3247190002876,False,1.0,1,,,0,1,1,1,1,1,1
BF16,indexed,native-test-28,0,96.91263900003833,False,1.0,1,0.1395134590999013,0.03652082582678621,0,1,1,1,1,1,1
BF16,indexed_offline_derive,native-test-28,0,,True,1.0,1,0.08809466672595874,0.0180048981071395,0,1,1,1,1,1,1
Q4_K_M,natural,native-test-51,1,109.21244199994362,False,0.8333333333333334,0,0.22738378262778078,0.13798809903014264,0,1,1,1,0,1,1
Q4_K_M,natural_offline_derive,native-test-51,1,,True,0.8333333333333334,0,0.15115565034344827,0.09643535689272013,0,1,1,1,0,1,1
Q4_K_M,indexed,native-test-51,1,129.0813949999574,False,0.6666666666666666,0,0.5286441998260049,0.29692093688040255,0,1,1,0,0,1,1
Q4_K_M,indexed_offline_derive,native-test-51,1,,True,0.6666666666666666,0,0.4526981071614751,0.25644997140770204,0,1,1,0,0,1,1
Q4_K_M,json,native-test-51,1,483.66904099998465,False,1.0,1,,,0,1,1,1,1,1,1
Q4_K_M,natural_derive,native-test-51,1,105.91096099983588,False,0.8333333333333334,0,0.2937277208553178,0.21558147104576245,0,1,1,1,0,1,1
Q4_K_M,indexed_derive,native-test-51,1,124.22959200011974,False,0.6666666666666666,0,0.5058062150561774,0.30019612729087153,0,1,1,0,0,1,1
Q4_K_M,aliases,native-test-51,1,121.23171899997942,False,0.8333333333333334,0,0.49232452106543817,0.2999425614553714,0,1,1,1,0,1,1
BF16,aliases,native-test-60,0,87.61929799993595,False,1.0,1,0.17251495848476953,0.06590582784731051,0,1,1,1,1,1,1
BF16,json,native-test-60,0,547.9059879999113,False,0.8333333333333334,0,,,1,1,0,1,1,1,1
BF16,natural_derive,native-test-60,0,76.54726999999184,False,0.6666666666666666,0,2.024432330460067,0.6580864629911553,0,1,1,0,0,1,1
BF16,indexed,native-test-60,0,92.89892800006783,False,1.0,1,0.3899252298561999,0.21317799310451593,0,1,1,1,1,1,1
BF16,indexed_offline_derive,native-test-60,0,,True,1.0,1,0.29084469461547524,0.14839089079340995,0,1,1,1,1,1,1
BF16,indexed_derive,native-test-60,0,89.6072569998978,False,1.0,1,0.27251167364524914,0.13217095531549053,0,1,1,1,1,1,1
BF16,natural,native-test-60,0,77.98019299980297,False,0.5,0,1.9982270074020934,0.860816788947878,1,1,0,0,0,1,1
BF16,natural_offline_derive,native-test-60,0,,True,0.6666666666666666,0,1.7403758712114656,0.6603209290284897,0,1,1,0,0,1,1
Q4_K_M,natural,native-test-68,0,113.19014700006846,False,1.0,1,0.07791792774631427,0.017662404188774766,0,1,1,1,1,1,1
Q4_K_M,natural_offline_derive,native-test-68,0,,True,1.0,1,0.08229894137659258,0.018155259172036933,0,1,1,1,1,1,1
Q4_K_M,json,native-test-68,0,489.06733400008306,False,0.8333333333333334,0,,,0,1,1,0,1,1,1
Q4_K_M,indexed_derive,native-test-68,0,129.53403100004834,False,0.8333333333333334,0,0.5984666898253636,0.29327099590904787,0,1,1,0,1,1,1
Q4_K_M,aliases,native-test-68,0,122.19074799986629,False,0.8333333333333334,0,0.41513711669260783,0.24821849470484433,0,1,1,0,1,1,1
Q4_K_M,indexed,native-test-68,0,133.29065799985074,False,0.8333333333333334,0,0.6091184587099289,0.3208909993407818,0,1,1,0,1,1,1
Q4_K_M,indexed_offline_derive,native-test-68,0,,True,0.8333333333333334,0,0.5646341581531161,0.3039234168682123,0,1,1,0,1,1,1
Q4_K_M,natural_derive,native-test-68,0,109.92579300000216,False,1.0,1,0.059628848328015314,0.009595751469027117,0,1,1,1,1,1,1
BF16,json,native-test-45,0,551.7271539997637,False,1.0,1,,,0,1,1,1,1,1,1
BF16,natural_derive,native-test-45,0,75.75339400000303,False,0.8333333333333334,0,1.1759193610023664,0.36772560172224295,0,1,1,0,1,1,1
BF16,natural,native-test-45,0,77.78084599976864,False,0.8333333333333334,0,1.0315465589785688,0.34004262364146776,0,1,1,0,1,1,1
BF16,natural_offline_derive,native-test-45,0,,True,0.8333333333333334,0,1.0121816858103834,0.33673258373335146,0,1,1,0,1,1,1
BF16,indexed,native-test-45,0,92.30920100026196,False,0.8333333333333334,0,0.35821764144919427,0.18603595830227782,0,1,1,1,0,1,1
BF16,indexed_offline_derive,native-test-45,0,,True,0.8333333333333334,0,0.28902592420830203,0.14984847212646382,0,1,1,1,0,1,1
BF16,indexed_derive,native-test-45,0,89.03284400003031,False,0.8333333333333334,0,0.2757138893555864,0.14081752830135966,0,1,1,1,0,1,1
BF16,aliases,native-test-45,0,86.68472499994095,False,1.0,1,0.30422709746480847,0.15685494541834896,0,1,1,1,1,1,1
BF16,natural,native-test-26,0,78.44330600028115,False,0.6666666666666666,0,1.4306808922310583,0.5306161040379892,0,1,1,0,0,1,1
BF16,natural_offline_derive,native-test-26,0,,True,0.6666666666666666,0,1.4194597499621402,0.5284790416428681,0,1,1,0,0,1,1
BF16,aliases,native-test-26,0,86.51597400012179,False,1.0,1,0.2459593946556642,0.11611983302757418,0,1,1,1,1,1,1
BF16,indexed,native-test-26,0,100.27225800013184,False,1.0,1,0.333800813251887,0.15182737914614042,0,1,1,1,1,1,1
BF16,indexed_offline_derive,native-test-26,0,,True,1.0,1,0.3009039938510002,0.1391693168637191,0,1,1,1,1,1,1
BF16,json,native-test-26,0,608.2566610002687,False,1.0,1,,,0,1,1,1,1,1,1
BF16,natural_derive,native-test-26,0,75.85779999999431,False,0.6666666666666666,0,1.5466170000271473,0.5442392674470744,0,1,1,0,0,1,1
BF16,indexed_derive,native-test-26,0,89.32371099990633,False,1.0,1,0.2635072334226476,0.12017264044579744,0,1,1,1,1,1,1
Q4_K_M,natural,native-test-45,1,106.77365700007613,False,0.8333333333333334,0,1.0733129520880533,0.3561341850841114,0,1,1,0,1,1,1
Q4_K_M,natural_offline_derive,native-test-45,1,,True,0.8333333333333334,0,1.0500329683600853,0.3512122839632746,0,1,1,0,1,1,1
Q4_K_M,indexed_derive,native-test-45,1,121.98966900018604,False,0.8333333333333334,0,0.3299941318478133,0.17723940226535917,0,1,1,1,0,1,1
Q4_K_M,json,native-test-45,1,475.4975140001534,False,1.0,1,,,0,1,1,1,1,1,1
Q4_K_M,natural_derive,native-test-45,1,103.57059599982676,False,0.6666666666666666,0,1.2527041782499646,0.42691112703435574,0,1,1,0,0,1,1
Q4_K_M,indexed,native-test-45,1,125.95561900002394,False,0.8333333333333334,0,0.39987907285203894,0.2185537728168027,0,1,1,1,0,1,1
Q4_K_M,indexed_offline_derive,native-test-45,1,,True,0.8333333333333334,0,0.3146952478892269,0.16927395241243395,0,1,1,1,0,1,1
Q4_K_M,aliases,native-test-45,1,122.32562300005156,False,0.8333333333333334,0,0.4198486477091232,0.237583077130592,0,1,1,1,0,1,1
Q4_K_M,natural_derive,native-test-38,1,108.76741599986417,False,0.8333333333333334,0,0.5049229305831279,0.29407212465109633,0,1,1,1,0,1,1
Q4_K_M,json,native-test-38,1,503.7017140000444,False,1.0,1,,,0,1,1,1,1,1,1
Q4_K_M,natural,native-test-38,1,111.79247099994427,False,0.8333333333333334,0,0.6981173246321734,0.3664425278632722,0,1,1,1,0,1,1
Q4_K_M,natural_offline_derive,native-test-38,1,,True,0.8333333333333334,0,0.6224232626936604,0.3249126067408103,0,1,1,1,0,1,1
Q4_K_M,indexed_derive,native-test-38,1,126.66287199999715,False,0.8333333333333334,0,0.671885675316425,0.327735313309177,0,1,1,0,1,1,1
Q4_K_M,indexed,native-test-38,1,130.599071000006,False,0.8333333333333334,0,0.6942169631950826,0.3596765195428868,0,1,1,0,1,1,1
Q4_K_M,indexed_offline_derive,native-test-38,1,,True,0.8333333333333334,0,0.6547154276760342,0.34027605406132416,0,1,1,0,1,1,1
Q4_K_M,aliases,native-test-38,1,119.80595399995764,False,0.8333333333333334,0,0.5449030883879795,0.29835827539228094,0,1,1,0,1,1,1
BF16,aliases,native-test-48,0,89.94405299972641,False,1.0,1,0.0968529765148831,0.02934200763252047,0,1,1,1,1,1,1
BF16,indexed_derive,native-test-48,0,92.22032499974375,False,1.0,1,0.1566382372861271,0.05134477826147785,0,1,1,1,1,1,1
BF16,indexed,native-test-48,0,95.48010700018494,False,1.0,1,0.2180924403764407,0.08164512520653058,0,1,1,1,1,1,1
BF16,indexed_offline_derive,native-test-48,0,,True,1.0,1,0.16513835884294703,0.05897325458580222,0,1,1,1,1,1,1
BF16,json,native-test-48,0,546.107265000046,False,1.0,1,,,0,1,1,1,1,1,1
BF16,natural_derive,native-test-48,0,78.86791300006735,False,0.6666666666666666,0,1.9066428790568615,0.6465683791992082,0,1,1,0,0,1,1
BF16,natural,native-test-48,0,80.83612199970958,False,0.5,0,1.747063491767103,0.8118284486343502,1,1,0,0,0,1,1
BF16,natural_offline_derive,native-test-48,0,,True,0.6666666666666666,0,1.527820439165984,0.6396700272656087,0,1,1,0,0,1,1
Q4_K_M,json,native-test-53,0,490.58520700009467,False,0.8333333333333334,0,,,0,1,1,0,1,1,1
Q4_K_M,natural,native-test-53,0,111.95711599998504,False,0.8333333333333334,0,1.0065937611939706,0.3463078571802222,0,1,1,1,0,1,1
Q4_K_M,natural_offline_derive,native-test-53,0,,True,0.8333333333333334,0,0.9643796866128174,0.3255195878594465,0,1,1,1,0,1,1
Q4_K_M,natural_derive,native-test-53,0,107.81839500009482,False,0.8333333333333334,0,0.8085393713656638,0.29991077269324096,0,1,1,1,0,1,1
Q4_K_M,indexed,native-test-53,0,131.07407699999385,False,0.6666666666666666,0,0.6406229418999548,0.3919163241617702,0,1,1,0,0,1,1
Q4_K_M,indexed_offline_derive,native-test-53,0,,True,0.6666666666666666,0,0.573815862996432,0.3417636636921519,0,1,1,0,0,1,1
Q4_K_M,aliases,native-test-53,0,119.75516600000446,False,0.8333333333333334,0,0.3665628089318327,0.19630684815313315,0,1,1,1,0,1,1
Q4_K_M,indexed_derive,native-test-53,0,127.33506500012481,False,0.8333333333333334,0,0.5689439911642508,0.31610827288095383,0,1,1,0,1,1,1
Q4_K_M,indexed,native-test-10,0,134.5234350001192,False,0.6666666666666666,0,0.4947502092024661,0.3149754862509226,0,1,1,0,1,1,0
Q4_K_M,indexed_offline_derive,native-test-10,0,,True,0.6666666666666666,0,0.4588957103566269,0.30450137215133616,0,1,1,0,1,1,0
Q4_K_M,aliases,native-test-10,0,113.83327800012921,False,1.0,1,0.17239231617269793,0.06473759963912463,0,1,1,1,1,1,1
Q4_K_M,natural_derive,native-test-10,0,103.14084999981787,False,0.8333333333333334,0,0.5540616873683811,0.30866844828933704,0,1,1,1,0,1,1
Q4_K_M,natural,native-test-10,0,106.68672299993887,False,0.8333333333333334,0,0.5289790595221873,0.30894274163970165,0,1,1,1,0,1,1
Q4_K_M,natural_offline_derive,native-test-10,0,,True,0.8333333333333334,0,0.5440149658381436,0.31697832793895314,0,1,1,1,0,1,1
Q4_K_M,json,native-test-10,0,494.9854009998944,False,0.8333333333333334,0,,,0,1,1,0,1,1,1
Q4_K_M,indexed_derive,native-test-10,0,122.32218099984493,False,0.6666666666666666,0,0.5410755895844342,0.3531987655161821,0,1,1,0,1,1,0
Q4_K_M,natural_derive,native-test-77,0,107.70903899992845,False,0.8333333333333334,0,1.4007598363055287,0.2734538288719192,0,1,1,0,1,1,1
Q4_K_M,indexed_derive,native-test-77,0,126.17103299999144,False,0.8333333333333334,0,0.25125111900277486,0.13071285169391636,0,1,1,0,1,1,1
Q4_K_M,natural,native-test-77,0,110.49886500018147,False,0.6666666666666666,0,1.493641390244866,0.48148957937283027,1,1,0,0,1,1,1
Q4_K_M,natural_offline_derive,native-test-77,0,,True,0.8333333333333334,0,1.2258663106351073,0.2775450044333301,0,1,1,0,1,1,1
Q4_K_M,aliases,native-test-77,0,119.3023319999611,False,0.6666666666666666,0,0.5572946088171953,0.3796313159078311,1,1,0,0,1,1,1
Q4_K_M,indexed,native-test-77,0,138.03070700009812,False,0.8333333333333334,0,0.34600872638425506,0.183960826037048,0,1,1,0,1,1,1
Q4_K_M,indexed_offline_derive,native-test-77,0,,True,0.8333333333333334,0,0.23399289331126227,0.10623088325032444,0,1,1,0,1,1,1
Q4_K_M,json,native-test-77,0,500.65762999997787,False,1.0,1,,,0,1,1,1,1,1,1
BF16,indexed,native-test-88,0,95.81643999990774,False,0.6666666666666666,0,0.522385511450251,0.34692108960476453,0,1,1,0,1,1,0
BF16,indexed_offline_derive,native-test-88,0,,True,0.6666666666666666,0,0.4811357457271117,0.33335636055569084,0,1,1,0,1,1,0
BF16,natural,native-test-88,0,80.8089869997275,False,1.0,1,0.1409813886809951,0.06460512308895482,0,1,1,1,1,1,1
BF16,natural_offline_derive,native-test-88,0,,True,1.0,1,0.05510915180001577,0.008983311919263508,0,1,1,1,1,1,1
BF16,json,native-test-88,0,566.5136339998753,False,0.8333333333333334,0,,,0,1,1,0,1,1,1
BF16,indexed_derive,native-test-88,0,93.2134589997986,False,0.6666666666666666,0,0.541475413008201,0.3391258589683255,0,1,1,0,1,1,0
BF16,natural_derive,native-test-88,0,77.91684400035592,False,1.0,1,0.08590253419159666,0.020064604213879327,0,1,1,1,1,1,1
BF16,aliases,native-test-88,0,89.93425099970409,False,1.0,1,0.22840820395607309,0.10894831698404052,0,1,1,1,1,1,1
BF16,natural_derive,native-test-20,1,84.02051199982452,False,0.6666666666666666,0,1.735816824423747,0.5662717444638795,0,1,1,0,0,1,1
BF16,natural,native-test-20,1,79.4576049997886,False,0.6666666666666666,0,1.7793241209841257,0.5750193205534327,0,1,1,0,0,1,1
BF16,natural_offline_derive,native-test-20,1,,True,0.6666666666666666,0,1.7790095654859153,0.5750176448847243,0,1,1,0,0,1,1
BF16,indexed_derive,native-test-20,1,90.47770400002264,False,0.8333333333333334,0,0.4381860648990827,0.24677899422124647,0,1,1,1,1,0,1
BF16,json,native-test-20,1,578.4479369999644,False,1.0,1,,,0,1,1,1,1,1,1
BF16,aliases,native-test-20,1,88.57585000032486,False,1.0,1,0.22522830499506377,0.09208032443378718,0,1,1,1,1,1,1
BF16,indexed,native-test-20,1,101.33181899982446,False,0.8333333333333334,0,0.3928908500768249,0.1962058742805225,0,1,1,1,1,0,1
BF16,indexed_offline_derive,native-test-20,1,,True,0.8333333333333334,0,0.36593477143748543,0.1882273964773807,0,1,1,1,1,0,1
Q4_K_M,json,native-test-37,0,487.5852410000334,False,1.0,1,,,0,1,1,1,1,1,1
Q4_K_M,natural,native-test-37,0,109.65938900017136,False,0.6666666666666666,0,1.7802074109767447,0.6553085832281259,0,1,1,0,0,1,1
Q4_K_M,natural_offline_derive,native-test-37,0,,True,0.6666666666666666,0,1.764581811123955,0.6503185191768805,0,1,1,0,0,1,1
Q4_K_M,aliases,native-test-37,0,117.8520880000633,False,0.6666666666666666,0,0.37210866672564197,0.266836297569684,0,1,1,0,0,1,1
Q4_K_M,indexed,native-test-37,0,136.35050800007775,False,0.8333333333333334,0,0.3600343689294643,0.2028915138324704,0,1,1,1,0,1,1
Q4_K_M,indexed_offline_derive,native-test-37,0,,True,0.8333333333333334,0,0.32581035195003377,0.1924447846031192,0,1,1,1,0,1,1
Q4_K_M,indexed_derive,native-test-37,0,124.80543100014074,False,0.8333333333333334,0,0.27732968750196413,0.1354864015890144,0,1,1,1,0,1,1
Q4_K_M,natural_derive,native-test-37,0,105.64614800000527,False,0.6666666666666666,0,2.0729209591645708,0.6507710719624165,0,1,1,0,0,1,1
BF16,indexed_derive,native-test-5,1,90.09366800000862,False,0.8333333333333334,0,0.5408413549155824,0.3353841956208221,0,1,1,0,1,1,1
BF16,indexed,native-test-5,1,92.95163500019044,False,0.8333333333333334,0,0.5158600547448284,0.31046279818714434,0,1,1,0,1,1,1
BF16,indexed_offline_derive,native-test-5,1,,True,0.8333333333333334,0,0.47820831600581215,0.2976171877619198,0,1,1,0,1,1,1
BF16,json,native-test-5,1,579.2732050003906,False,1.0,1,,,0,1,1,1,1,1,1
BF16,aliases,native-test-5,1,87.69496900004015,False,1.0,1,0.24805926648481832,0.12522528095896002,0,1,1,1,1,1,1
BF16,natural_derive,native-test-5,1,74.9693819998356,False,1.0,1,0.07364937282095131,0.03007271216303814,0,1,1,1,1,1,1
BF16,natural,native-test-5,1,77.68984399990586,False,1.0,1,0.06476032898653075,0.023696631347656382,0,1,1,1,1,1,1
BF16,natural_offline_derive,native-test-5,1,,True,1.0,1,0.06363133403518122,0.023675298836416104,0,1,1,1,1,1,1
Q4_K_M,natural_derive,native-test-48,1,117.22423799983517,False,0.6666666666666666,0,1.5092892938572982,0.5728239041738745,0,1,1,0,0,1,1
Q4_K_M,indexed_derive,native-test-48,1,128.7108450001142,False,1.0,1,0.16238898593671858,0.05199132948744501,0,1,1,1,1,1,1
Q4_K_M,natural,native-test-48,1,112.8891759999533,False,0.5,0,1.5176692154313773,0.7308596739585488,1,1,0,0,0,1,1
Q4_K_M,natural_offline_derive,native-test-48,1,,True,0.6666666666666666,0,1.3399612951268818,0.5921255845519733,0,1,1,0,0,1,1
Q4_K_M,json,native-test-48,1,479.7475069999564,False,1.0,1,,,0,1,1,1,1,1,1
Q4_K_M,aliases,native-test-48,1,122.41631500000949,False,1.0,1,0.1288296226442841,0.05211937276067963,0,1,1,1,1,1,1
Q4_K_M,indexed,native-test-48,1,132.6956440000231,False,1.0,1,0.230825087702918,0.08518957077738938,0,1,1,1,1,1,1
Q4_K_M,indexed_offline_derive,native-test-48,1,,True,1.0,1,0.1698353051987924,0.05676596208929477,0,1,1,1,1,1,1
BF16,json,native-test-43,1,568.7402880002992,False,0.8333333333333334,0,,,0,1,1,0,1,1,1
BF16,natural,native-test-43,1,81.2180959997022,False,0.6666666666666666,0,1.303599903342709,0.42529111697657207,0,1,1,0,0,1,1
BF16,natural_offline_derive,native-test-43,1,,True,0.6666666666666666,0,1.2842335170974073,0.41835227605432096,0,1,1,0,0,1,1
BF16,indexed,native-test-43,1,94.72471400022187,False,0.6666666666666666,0,0.6943488251326331,0.4089632257470086,0,1,1,0,1,1,0
BF16,indexed_offline_derive,native-test-43,1,,True,0.6666666666666666,0,0.6623601642404896,0.40069994596463704,0,1,1,0,1,1,0
BF16,indexed_derive,native-test-43,1,91.22761200023888,False,0.6666666666666666,0,0.7031283238692461,0.38381993786314195,0,1,1,0,1,1,0
BF16,natural_derive,native-test-43,1,77.23390299997845,False,0.6666666666666666,0,1.352352299881458,0.4323935974214553,0,1,1,0,0,1,1
BF16,aliases,native-test-43,1,89.39897999971436,False,0.6666666666666666,0,0.5402123936217137,0.29973057819351206,0,1,1,0,0,1,1
BF16,natural,native-test-1,0,78.68766100000357,False,0.8333333333333334,0,0.2207348439564828,0.11580737865186043,0,1,1,1,0,1,1
BF16,natural_offline_derive,native-test-1,0,,True,0.8333333333333334,0,0.17621953028556922,0.09426557948995906,0,1,1,1,0,1,1
BF16,natural_derive,native-test-1,0,75.3486490002615,False,0.8333333333333334,0,0.2137147626541939,0.13594020981134744,0,1,1,1,0,1,1
BF16,json,native-test-1,0,565.8273539997936,False,0.8333333333333334,0,,,0,1,1,0,1,1,1
BF16,aliases,native-test-1,0,88.04833400017742,False,0.8333333333333334,0,0.38433950136159534,0.21061784710140755,0,1,1,1,0,1,1
BF16,indexed,native-test-1,0,100.69295599987527,False,0.6666666666666666,0,0.6400553283761347,0.3751446403023439,0,1,1,0,0,1,1
BF16,indexed_offline_derive,native-test-1,0,,True,0.6666666666666666,0,0.5907521090741822,0.3570993584551208,0,1,1,0,0,1,1
BF16,indexed_derive,native-test-1,0,89.65125300028376,False,0.6666666666666666,0,0.640374041398305,0.37725601594912983,0,1,1,0,0,1,1
BF16,json,native-test-75,1,616.9473659997493,False,0.6666666666666666,0,,,0,0,0,1,1,1,1
BF16,aliases,native-test-75,1,87.78341700008241,False,0.6666666666666666,0,0.7769289547865458,0.44416093084045255,1,1,0,0,1,1,1
BF16,natural,native-test-75,1,77.90359000000535,False,0.6666666666666666,0,1.6843585916208166,0.6104800370868665,1,1,0,0,1,1,1
BF16,natural_offline_derive,native-test-75,1,,True,0.8333333333333334,0,1.3086768026069022,0.36209831826296496,0,1,1,0,1,1,1
BF16,natural_derive,native-test-75,1,74.81088599979557,False,0.8333333333333334,0,1.4116320634629032,0.3905844639426761,0,1,1,0,1,1,1
BF16,indexed_derive,native-test-75,1,89.42570299996078,False,1.0,1,0.18747591002743003,0.052642303277720015,0,1,1,1,1,1,1
BF16,indexed,native-test-75,1,93.45806099963738,False,0.8333333333333334,0,0.39789359718868256,0.23419831889369166,1,1,0,1,1,1,1
BF16,indexed_offline_derive,native-test-75,1,,True,1.0,1,0.1826383549625693,0.06927378888706807,0,1,1,1,1,1,1
Q4_K_M,indexed_derive,native-test-95,1,131.7285410000295,False,0.8333333333333334,0,0.4895868213855983,0.25242385862731836,0,1,1,1,0,1,1
Q4_K_M,natural,native-test-95,1,108.19548700010273,False,0.8333333333333334,0,1.1287843497127208,0.3215533794686764,0,1,1,0,1,1,1
Q4_K_M,natural_offline_derive,native-test-95,1,,True,0.8333333333333334,0,1.1314807317873228,0.3219225434354465,0,1,1,0,1,1,1
Q4_K_M,aliases,native-test-95,1,117.20850500000779,False,0.8333333333333334,0,0.3516772130282131,0.17462462557630767,0,1,1,1,0,1,1
Q4_K_M,natural_derive,native-test-95,1,104.78904399997191,False,0.8333333333333334,0,1.3228255320963476,0.3374986574878179,0,1,1,0,1,1,1
Q4_K_M,json,native-test-95,1,496.412588000112,False,1.0,1,,,0,1,1,1,1,1,1
Q4_K_M,indexed,native-test-95,1,128.7243720000788,False,0.8333333333333334,0,0.4643777792119859,0.2273416587426754,0,1,1,1,0,1,1
Q4_K_M,indexed_offline_derive,native-test-95,1,,True,0.8333333333333334,0,0.42800858798171576,0.2071304408334694,0,1,1,1,0,1,1
Q4_K_M,indexed,native-test-10,1,125.77030800002831,False,0.6666666666666666,0,0.512072350355483,0.3331760745665692,0,1,1,0,1,1,0
Q4_K_M,indexed_offline_derive,native-test-10,1,,True,0.6666666666666666,0,0.4761639463141367,0.3226558279203793,0,1,1,0,1,1,0
Q4_K_M,natural_derive,native-test-10,1,102.64137900003334,False,0.8333333333333334,0,0.5484564445011738,0.30706440828132997,0,1,1,1,0,1,1
Q4_K_M,indexed_derive,native-test-10,1,122.01998000000458,False,0.6666666666666666,0,0.5437489479237599,0.35838132126472194,0,1,1,0,1,1,0
Q4_K_M,aliases,native-test-10,1,114.95861999992485,False,1.0,1,0.18968779655428744,0.07655759246079022,0,1,1,1,1,1,1
Q4_K_M,natural,native-test-10,1,106.20074000007662,False,0.8333333333333334,0,0.5030555564767782,0.29797500614906,0,1,1,1,0,1,1
Q4_K_M,natural_offline_derive,native-test-10,1,,True,0.8333333333333334,0,0.5098167694958168,0.30152796145622246,0,1,1,1,0,1,1
Q4_K_M,json,native-test-10,1,491.94730499993966,False,0.8333333333333334,0,,,0,1,1,0,1,1,1
Q4_K_M,json,native-test-27,0,494.60014500004945,False,0.5,0,,,0,0,0,0,1,1,1
Q4_K_M,natural_derive,native-test-27,0,108.95665099997132,False,1.0,1,0.11029346571481084,0.030163641027867703,0,1,1,1,1,1,1
Q4_K_M,indexed,native-test-27,0,132.26033800015102,False,0.5,0,0.7313162958046711,0.4677464461730392,1,1,0,0,1,1,0
Q4_K_M,indexed_offline_derive,native-test-27,0,,True,0.6666666666666666,0,0.5734310423316318,0.3329903412092939,0,1,1,0,1,1,0
Q4_K_M,natural,native-test-27,0,111.92850799989174,False,0.8333333333333334,0,0.49914262074329924,0.3078462787401491,1,1,0,1,1,1,1
Q4_K_M,natural_offline_derive,native-test-27,0,,True,1.0,1,0.1931928496742641,0.08706897198596535,0,1,1,1,1,1,1
Q4_K_M,aliases,native-test-27,0,119.81050500003221,False,0.8333333333333334,0,0.6065695833635408,0.32591660867438926,1,1,0,1,1,1,1
Q4_K_M,indexed_derive,native-test-27,0,127.01553700003387,False,0.5,0,0.7884905439484166,0.48436822088883197,0,0,0,0,1,1,1
BF16,natural,native-test-25,1,78.33870500007833,False,0.8333333333333334,0,1.3188124693119765,0.4508733812042746,0,1,1,1,0,1,1
BF16,natural_offline_derive,native-test-25,1,,True,0.8333333333333334,0,1.2962681908793805,0.4373704816101786,0,1,1,1,0,1,1
BF16,indexed,native-test-25,1,92.68972800009578,False,0.5,0,0.9026143666624294,0.5445318969121411,0,1,1,0,1,0,0
BF16,indexed_offline_derive,native-test-25,1,,True,0.5,0,0.8650173393402455,0.5328227031213271,0,1,1,0,1,0,0
BF16,natural_derive,native-test-25,1,74.78442499996163,False,0.8333333333333334,0,1.3151917191463716,0.42656243975634345,0,1,1,1,0,1,1
BF16,indexed_derive,native-test-25,1,88.91108999978314,False,0.5,0,0.9452234899850606,0.5514063069384665,0,1,1,0,1,0,0
BF16,json,native-test-25,1,570.3314619995581,False,0.8333333333333334,0,,,0,1,1,0,1,1,1
BF16,aliases,native-test-25,1,87.793973999851,False,0.6666666666666666,0,0.5627832003505902,0.3396352722747134,0,1,1,0,0,1,1
Q4_K_M,natural,native-test-34,0,119.08524599994053,False,0.8333333333333334,0,0.7359069539077286,0.3423444511927876,0,1,1,1,0,1,1
Q4_K_M,natural_offline_derive,native-test-34,0,,True,0.8333333333333334,0,0.7343754179281285,0.3421149347580832,0,1,1,1,0,1,1
Q4_K_M,json,native-test-34,0,493.9510930000779,False,0.8333333333333334,0,,,0,1,1,0,1,1,1
Q4_K_M,indexed_derive,native-test-34,0,127.53589199996895,False,0.6666666666666666,0,0.6144978056309099,0.3799836461116796,0,1,1,0,1,1,0
Q4_K_M,natural_derive,native-test-34,0,107.85433499995634,False,0.8333333333333334,0,0.8222367529116931,0.346935840509396,0,1,1,1,0,1,1
Q4_K_M,aliases,native-test-34,0,120.04426999988027,False,1.0,1,0.18739419002221558,0.07400337749661948,0,1,1,1,1,1,1
Q4_K_M,indexed,native-test-34,0,130.7639520000521,False,0.6666666666666666,0,0.5635707960867768,0.3700465092923267,0,1,1,0,1,1,0
Q4_K_M,indexed_offline_derive,native-test-34,0,,True,0.6666666666666666,0,0.5263824908219873,0.35853400838119764,0,1,1,0,1,1,0
BF16,indexed_derive,native-test-59,0,92.5050559999363,False,0.8333333333333334,0,0.7378337840704968,0.3213023389382645,0,1,1,0,1,1,1
BF16,aliases,native-test-59,0,89.50565200029814,False,0.5,0,0.8870461357945748,0.5175810797428603,0,0,0,0,1,1,1
BF16,indexed,native-test-59,0,96.00741599979301,False,0.6666666666666666,0,0.7838624027631824,0.4124118087901105,0,1,1,0,1,1,0
BF16,indexed_offline_derive,native-test-59,0,,True,0.6666666666666666,0,0.6700267792088388,0.3325720142294766,0,1,1,0,1,1,0
BF16,natural,native-test-59,0,81.46374500029196,False,0.6666666666666666,0,0.35782540463005047,0.24929747202872776,1,1,0,0,1,1,1
BF16,natural_offline_derive,native-test-59,0,,True,0.8333333333333334,0,0.23712990982780138,0.160301391180512,0,1,1,0,1,1,1
BF16,json,native-test-59,0,613.5419619999993,False,0.8333333333333334,0,,,0,1,1,0,1,1,1
BF16,natural_derive,native-test-59,0,79.0051629996924,False,0.8333333333333334,0,0.23666920927926963,0.17204026594815747,0,1,1,0,1,1,1
BF16,indexed,native-test-3,1,95.38202799967621,False,1.0,1,0.4396580531943541,0.22876847701750505,0,1,1,1,1,1,1
BF16,indexed_offline_derive,native-test-3,1,,True,1.0,1,0.3849779185755149,0.20452704895073026,0,1,1,1,1,1,1
BF16,aliases,native-test-3,1,89.70142099997247,False,0.8333333333333334,0,0.36947304804910663,0.2442587993691849,0,1,1,0,1,1,1
BF16,natural,native-test-3,1,81.30197999980737,False,0.8333333333333334,0,0.9832964162872356,0.38350606399576415,0,1,1,1,0,1,1
BF16,natural_offline_derive,native-test-3,1,,True,0.8333333333333334,0,0.8929133257012261,0.32846501451671556,0,1,1,1,0,1,1
BF16,natural_derive,native-test-3,1,77.94267400004173,False,0.8333333333333334,0,0.9752869101714405,0.3289675026739273,0,1,1,1,0,1,1
BF16,indexed_derive,native-test-3,1,92.3334470003283,False,0.8333333333333334,0,0.5403355014971335,0.3204441111112892,0,1,1,0,1,1,1
BF16,json,native-test-3,1,563.4781200001271,False,1.0,1,,,0,1,1,1,1,1,1
BF16,aliases,native-test-20,0,87.3972379999941,False,1.0,1,0.22099688165184217,0.08925354090257615,0,1,1,1,1,1,1
BF16,natural,native-test-20,0,78.84065300004295,False,0.6666666666666666,0,1.7762224576875238,0.575061194410726,0,1,1,0,0,1,1
BF16,natural_offline_derive,native-test-20,0,,True,0.6666666666666666,0,1.7759102191247509,0.575059901063653,0,1,1,0,0,1,1
BF16,indexed,native-test-20,0,93.20814199963934,False,0.8333333333333334,0,0.393121784133422,0.19633143211415263,0,1,1,1,1,0,1
BF16,indexed_offline_derive,native-test-20,0,,True,0.8333333333333334,0,0.3659950254997381,0.18829072961740126,0,1,1,1,1,0,1
BF16,json,native-test-20,0,570.1714050001101,False,1.0,1,,,0,1,1,1,1,1,1
BF16,natural_derive,native-test-20,0,76.56241699987731,False,0.6666666666666666,0,1.7346451714966715,0.5657204049644969,0,1,1,0,0,1,1
BF16,indexed_derive,native-test-20,0,89.82186899993394,False,0.8333333333333334,0,0.4410286801987055,0.24864534555584691,0,1,1,1,1,0,1
Q4_K_M,natural_derive,native-test-17,0,107.89033200012454,False,1.0,1,0.1502765890625922,0.0834040105837196,0,1,1,1,1,1,1
Q4_K_M,aliases,native-test-17,0,120.14974399994571,False,0.8333333333333334,0,0.5158031541913813,0.2928620142160025,0,1,1,0,1,1,1
Q4_K_M,json,native-test-17,0,504.34587599988845,False,1.0,1,,,0,1,1,1,1,1,1
Q4_K_M,natural,native-test-17,0,111.9595620000382,False,1.0,1,0.15355799950889357,0.07259554329371783,0,1,1,1,1,1,1
Q4_K_M,natural_offline_derive,native-test-17,0,,True,1.0,1,0.15250128301906138,0.07252075724744729,0,1,1,1,1,1,1
Q4_K_M,indexed_derive,native-test-17,0,127.3464570001579,False,0.6666666666666666,0,0.7187318769934844,0.3624164406675054,0,1,1,0,0,1,1
Q4_K_M,indexed,native-test-17,0,130.97737599991888,False,0.6666666666666666,0,0.7494673054362845,0.40803025833628875,0,1,1,0,0,1,1
Q4_K_M,indexed_offline_derive,native-test-17,0,,True,0.6666666666666666,0,0.6907005360009922,0.3742976793137846,0,1,1,0,0,1,1
Q4_K_M,indexed_derive,native-test-59,0,129.05444800003352,False,0.8333333333333334,0,0.7008208488269988,0.2830884933817755,0,1,1,0,1,1,1
Q4_K_M,aliases,native-test-59,0,121.45328699989477,False,0.5,0,0.8336061471957928,0.45912840462802856,0,0,0,0,1,1,1
Q4_K_M,indexed,native-test-59,0,132.76306500006285,False,0.6666666666666666,0,0.8012669176190196,0.4185930629789758,0,1,1,0,1,1,0
Q4_K_M,indexed_offline_derive,native-test-59,0,,True,0.6666666666666666,0,0.6921727259259672,0.34032093465671015,0,1,1,0,1,1,0
Q4_K_M,natural,native-test-59,0,112.57021999995231,False,0.6666666666666666,0,0.4489795902860771,0.33321713510494627,1,1,0,0,1,1,1
Q4_K_M,natural_offline_derive,native-test-59,0,,True,0.8333333333333334,0,0.2609982797538722,0.1841470188388646,0,1,1,0,1,1,1
Q4_K_M,json,native-test-59,0,504.1706420001901,False,1.0,1,,,0,1,1,1,1,1,1
Q4_K_M,natural_derive,native-test-59,0,110.62381099986851,False,0.8333333333333334,0,0.2668592128385164,0.1976121513141426,0,1,1,0,1,1,1
BF16,natural_derive,native-test-94,0,77.69474299993817,False,0.8333333333333334,0,1.5629374724738412,0.29373399894353597,0,1,1,0,1,1,1
BF16,natural,native-test-94,0,80.55204200036314,False,0.8333333333333334,0,1.3933058095073398,0.2999421745706356,0,1,1,0,1,1,1
BF16,natural_offline_derive,native-test-94,0,,True,0.8333333333333334,0,1.4475691609544084,0.33589952711899845,0,1,1,0,1,1,1
BF16,indexed,native-test-94,0,95.02396500010946,False,0.8333333333333334,0,0.2756161115118932,0.13290663920600657,0,1,1,0,1,1,1
BF16,indexed_offline_derive,native-test-94,0,,True,0.8333333333333334,0,0.24020583155780442,0.1220464272613097,0,1,1,0,1,1,1
BF16,aliases,native-test-94,0,89.12150900005145,False,0.8333333333333334,0,0.23543862478056146,0.133280558331873,0,1,1,0,1,1,1
BF16,json,native-test-94,0,618.7240009999186,False,0.8333333333333334,0,,,0,1,1,0,1,1,1
BF16,indexed_derive,native-test-94,0,92.85037000017837,False,0.8333333333333334,0,0.27731557068808255,0.15230734256079426,0,1,1,0,1,1,1
BF16,indexed,native-test-69,1,95.2087149998988,False,1.0,1,0.36512625410437555,0.17718537765174092,0,1,1,1,1,1,1
BF16,indexed_offline_derive,native-test-69,1,,True,1.0,1,0.2786769374603418,0.12166884952486702,0,1,1,1,1,1,1
BF16,json,native-test-69,1,547.4181140002656,False,1.0,1,,,0,1,1,1,1,1,1
BF16,natural_derive,native-test-69,1,78.28888200037909,False,0.6666666666666666,0,2.0488531921386643,0.6384527694680591,0,1,1,0,0,1,1
BF16,aliases,native-test-69,1,88.7938729997586,False,1.0,1,0.2630840115871765,0.15918255698339648,0,1,1,1,1,1,1
BF16,indexed_derive,native-test-69,1,91.41203900026085,False,1.0,1,0.23454432719994833,0.08847616162166404,0,1,1,1,1,1,1
BF16,natural,native-test-69,1,79.9953769997046,False,0.6666666666666666,0,1.8598567526734835,0.7096211322701174,0,1,1,0,0,1,1
BF16,natural_offline_derive,native-test-69,1,,True,0.6666666666666666,0,1.7386240075033703,0.6286346043437039,0,1,1,0,0,1,1
BF16,json,native-test-27,1,613.0072000000837,False,0.3333333333333333,0,,,0,0,0,0,1,1,0
BF16,natural_derive,native-test-27,1,78.30265900020095,False,1.0,1,0.17043062998855774,0.07487047728610625,0,1,1,1,1,1,1
BF16,indexed_derive,native-test-27,1,91.72102499996981,False,0.6666666666666666,0,0.7682701086927404,0.48164367709852973,0,1,1,0,1,0,1
BF16,natural,native-test-27,1,79.69431399988025,False,0.8333333333333334,0,0.4888838870344538,0.2959814888562741,1,1,0,1,1,1,1
BF16,natural_offline_derive,native-test-27,1,,True,1.0,1,0.1623003844825294,0.0642267673983261,0,1,1,1,1,1,1
BF16,indexed,native-test-27,1,94.51024700001653,False,0.6666666666666666,0,0.720009814595305,0.45365470503570626,1,1,0,0,1,1,1
BF16,indexed_offline_derive,native-test-27,1,,True,0.8333333333333334,0,0.5210288899922254,0.29053656878601336,0,1,1,0,1,1,1
BF16,aliases,native-test-27,1,88.97188099990672,False,0.8333333333333334,0,0.6755326756562656,0.3378807123264664,1,1,0,1,1,1,1
Q4_K_M,indexed,native-test-80,0,129.30007999989357,False,1.0,1,0.2659674674250589,0.10235896404621875,0,1,1,1,1,1,1
Q4_K_M,indexed_offline_derive,native-test-80,0,,True,1.0,1,0.24238167505133393,0.09571741198726823,0,1,1,1,1,1,1
Q4_K_M,natural_derive,native-test-80,0,105.79974999996011,False,0.6666666666666666,0,1.732606454642786,0.5550790108584277,0,1,1,0,0,1,1
Q4_K_M,natural,native-test-80,0,108.6584900001526,False,0.6666666666666666,0,1.7930975330081724,0.5715318290447006,0,1,1,0,0,1,1
Q4_K_M,natural_offline_derive,native-test-80,0,,True,0.6666666666666666,0,1.7907861791611663,0.5713795325422782,0,1,1,0,0,1,1
Q4_K_M,aliases,native-test-80,0,117.58263600017926,False,1.0,1,0.21860331509553874,0.09915664643917742,0,1,1,1,1,1,1
Q4_K_M,json,native-test-80,0,489.6503009999833,False,1.0,1,,,0,1,1,1,1,1,1
Q4_K_M,indexed_derive,native-test-80,0,125.03208999987692,False,1.0,1,0.25705990049203487,0.11695915857327928,0,1,1,1,1,1,1
Q4_K_M,aliases,native-test-79,0,123.11120699996536,False,0.8333333333333334,0,0.26337143457226203,0.1816083868371947,0,1,1,0,1,1,1
Q4_K_M,natural_derive,native-test-79,0,110.26550999986284,False,0.8333333333333334,0,1.1959956301442627,0.32324715251919156,0,1,1,0,1,1,1
Q4_K_M,natural,native-test-79,0,113.64933300001212,False,0.8333333333333334,0,1.0255510138397337,0.3253943950391808,0,1,1,0,1,1,1
Q4_K_M,natural_offline_derive,native-test-79,0,,True,0.8333333333333334,0,1.0124715362056695,0.3221803441790573,0,1,1,0,1,1,1
Q4_K_M,indexed_derive,native-test-79,0,129.1922349998913,False,1.0,1,0.11045552706192013,0.020950316487788986,0,1,1,1,1,1,1
Q4_K_M,json,native-test-79,0,498.4351760001573,False,1.0,1,,,0,1,1,1,1,1,1
Q4_K_M,indexed,native-test-79,0,133.7221139999656,False,1.0,1,0.16746057406173345,0.057709646066372744,0,1,1,1,1,1,1
Q4_K_M,indexed_offline_derive,native-test-79,0,,True,1.0,1,0.13338606839650918,0.04743155001255258,0,1,1,1,1,1,1
BF16,indexed_derive,native-test-9,1,92.11176999997406,False,0.8333333333333334,0,0.3956093506966099,0.2205073143955959,0,1,1,0,1,1,1
BF16,indexed,native-test-9,1,95.20755899984579,False,0.8333333333333334,0,0.4785315575299515,0.27224632750103395,0,1,1,0,1,1,1
BF16,indexed_offline_derive,native-test-9,1,,True,0.8333333333333334,0,0.37767479081749605,0.20751135298183998,0,1,1,0,1,1,1
BF16,natural,native-test-9,1,80.15463099991393,False,0.6666666666666666,0,1.079757677339588,0.41442440482807813,1,1,0,1,0,1,1
BF16,natural_offline_derive,native-test-9,1,,True,0.8333333333333334,0,0.9522679259625705,0.326629348046638,0,1,1,1,0,1,1
BF16,json,native-test-9,1,568.468312999812,False,0.8333333333333334,0,,,0,1,1,1,0,1,1
BF16,aliases,native-test-9,1,90.73217000013756,False,0.8333333333333334,0,0.45067036112286846,0.2887807323490888,1,1,0,1,1,1,1
BF16,natural_derive,native-test-9,1,78.41537500007689,False,0.8333333333333334,0,1.0899795025518717,0.3270791816581887,0,1,1,1,0,1,1
BF16,aliases,native-test-47,0,88.79903200022454,False,1.0,1,0.26992363664762137,0.14037958494312813,0,1,1,1,1,1,1
BF16,natural_derive,native-test-47,0,76.69788599969252,False,0.8333333333333334,0,0.8769956598984027,0.37841415113656446,0,1,1,0,1,1,1
BF16,natural,native-test-47,0,79.39870800009885,False,0.8333333333333334,0,0.7029994597516698,0.3672942369850421,0,1,1,0,1,1,1
BF16,natural_offline_derive,native-test-47,0,,True,0.8333333333333334,0,0.7011008492822475,0.3672330182385102,0,1,1,0,1,1,1
BF16,indexed_derive,native-test-47,0,91.4336649998404,False,0.8333333333333334,0,0.2629953272293643,0.12947375188978327,0,1,1,1,0,1,1
BF16,indexed,native-test-47,0,94.60615599982702,False,1.0,1,0.3232318069444759,0.1518344413692226,0,1,1,1,1,1,1
BF16,indexed_offline_derive,native-test-47,0,,True,1.0,1,0.2729426540643504,0.13085222014814568,0,1,1,1,1,1,1
BF16,json,native-test-47,0,601.6294750002089,False,1.0,1,,,0,1,1,1,1,1,1
Q4_K_M,natural_derive,native-test-94,0,108.38833000002523,False,0.8333333333333334,0,1.5967415674654435,0.2915552032076777,0,1,1,0,1,1,1
Q4_K_M,natural,native-test-94,0,111.34950800010301,False,0.8333333333333334,0,1.4424947584138392,0.2961038657035923,0,1,1,0,1,1,1
Q4_K_M,natural_offline_derive,native-test-94,0,,True,0.8333333333333334,0,1.4713790774243962,0.3103133545507812,0,1,1,0,1,1,1
Q4_K_M,indexed,native-test-94,0,131.12046800006283,False,0.8333333333333334,0,0.36952528790097094,0.18505361769742226,0,1,1,0,1,1,1
Q4_K_M,indexed_offline_derive,native-test-94,0,,True,0.8333333333333334,0,0.3271952047705175,0.16859764721899947,0,1,1,0,1,1,1
Q4_K_M,aliases,native-test-94,0,119.89665700002661,False,0.8333333333333334,0,0.3193645844704771,0.18864111280821716,0,1,1,0,1,1,1
Q4_K_M,json,native-test-94,0,496.8814100000145,False,0.8333333333333334,0,,,0,1,1,0,1,1,1
Q4_K_M,indexed_derive,native-test-94,0,127.76819099985914,False,0.8333333333333334,0,0.29294660120331095,0.161460731997204,0,1,1,0,1,1,1
Q4_K_M,natural,native-test-51,0,109.32333899995683,False,1.0,1,0.2265648086409693,0.13124730822060038,0,1,1,1,1,1,1
Q4_K_M,natural_offline_derive,native-test-51,0,,True,1.0,1,0.14533053658723818,0.08588686464538353,0,1,1,1,1,1,1
Q4_K_M,indexed_derive,native-test-51,0,124.61426100003337,False,0.6666666666666666,0,0.5137215744901616,0.30162953319385427,0,1,1,0,0,1,1
Q4_K_M,aliases,native-test-51,0,117.4802410000666,False,0.8333333333333334,0,0.4943771112308522,0.2946051847193813,0,1,1,1,0,1,1
Q4_K_M,natural_derive,native-test-51,0,105.19939699997849,False,0.8333333333333334,0,0.2866843935660471,0.2120468011860923,0,1,1,1,0,1,1
Q4_K_M,json,native-test-51,0,481.27317199987374,False,1.0,1,,,0,1,1,1,1,1,1
Q4_K_M,indexed,native-test-51,0,129.6463449998555,False,0.6666666666666666,0,0.502123287468143,0.28310115425694277,0,1,1,0,0,1,1
Q4_K_M,indexed_offline_derive,native-test-51,0,,True,0.6666666666666666,0,0.42780741742286765,0.24346685610502947,0,1,1,0,0,1,1
Q4_K_M,indexed_derive,native-test-87,1,127.42916399997739,False,0.8333333333333334,0,0.5947709383616285,0.34572038863228477,0,1,1,0,1,1,1
Q4_K_M,indexed,native-test-87,1,131.69006499992975,False,0.6666666666666666,0,0.6155973102794243,0.38243869147513837,1,1,0,0,1,1,1
Q4_K_M,indexed_offline_derive,native-test-87,1,,True,0.8333333333333334,0,0.4405553958447134,0.23845901278117998,0,1,1,0,1,1,1
Q4_K_M,natural_derive,native-test-87,1,107.99685899996803,False,1.0,1,0.09544964197705928,0.027128073976448532,0,1,1,1,1,1,1
Q4_K_M,json,native-test-87,1,501.1813749999874,False,0.5,0,,,0,0,0,0,1,1,1
Q4_K_M,natural,native-test-87,1,111.66032799997083,False,0.8333333333333334,0,0.4267985420724352,0.26403314872553046,1,1,0,1,1,1,1
Q4_K_M,natural_offline_derive,native-test-87,1,,True,1.0,1,0.07209733108912635,0.013431626936113078,0,1,1,1,1,1,1
Q4_K_M,aliases,native-test-87,1,120.7793200001106,False,0.8333333333333334,0,0.6781762376248737,0.3344455058092925,1,1,0,1,1,1,1
Q4_K_M,aliases,native-test-5,0,116.98430999990705,False,1.0,1,0.20907921733170706,0.09641513994812496,0,1,1,1,1,1,1
Q4_K_M,natural,native-test-5,0,107.86272799987273,False,1.0,1,0.09815623721227766,0.04551126841656563,0,1,1,1,1,1,1
Q4_K_M,natural_offline_derive,native-test-5,0,,True,1.0,1,0.09716840643421108,0.04549339474027814,0,1,1,1,1,1,1
Q4_K_M,json,native-test-5,0,497.56932000013876,False,1.0,1,,,0,1,1,1,1,1,1
Q4_K_M,indexed_derive,native-test-5,0,124.45912299995143,False,0.6666666666666666,0,0.5529398732883081,0.3363206949387531,0,1,1,0,0,1,1
Q4_K_M,natural_derive,native-test-5,0,104.45525600016481,False,1.0,1,0.10595658535132302,0.05285577274766728,0,1,1,1,1,1,1
Q4_K_M,indexed,native-test-5,0,127.64132399979644,False,0.6666666666666666,0,0.5529012154785898,0.3346920270859583,0,1,1,0,0,1,1
Q4_K_M,indexed_offline_derive,native-test-5,0,,True,0.6666666666666666,0,0.5236539959813877,0.3251212448501761,0,1,1,0,0,1,1
Q4_K_M,natural,native-test-74,1,112.38544400021055,False,0.8333333333333334,0,0.7505017758111289,0.31918142443366376,0,1,1,1,0,1,1
Q4_K_M,natural_offline_derive,native-test-74,1,,True,0.8333333333333334,0,0.7195080392129091,0.30878035415277744,0,1,1,1,0,1,1
Q4_K_M,json,native-test-74,1,489.58825900012926,False,0.8333333333333334,0,,,0,1,1,0,1,1,1
Q4_K_M,indexed_derive,native-test-74,1,127.60175399989748,False,0.8333333333333334,0,0.5130424267832623,0.29904991877644066,0,1,1,0,1,1,1
Q4_K_M,aliases,native-test-74,1,120.1789199999439,False,1.0,1,0.28536713598038815,0.12672596966154048,0,1,1,1,1,1,1
Q4_K_M,indexed,native-test-74,1,131.11798799991448,False,0.8333333333333334,0,0.535654760576361,0.3224013406317579,0,1,1,0,1,1,1
Q4_K_M,indexed_offline_derive,native-test-74,1,,True,0.8333333333333334,0,0.4986236843950153,0.3059866155203499,0,1,1,0,1,1,1
Q4_K_M,natural_derive,native-test-74,1,108.15988300009849,False,0.8333333333333334,0,0.48801313465734775,0.2767907544959981,0,1,1,1,0,1,1
Q4_K_M,natural_derive,native-test-54,1,108.28806900008203,False,0.8333333333333334,0,1.750859334001931,0.3702254365087547,0,1,1,0,1,1,1
Q4_K_M,json,native-test-54,1,501.5416900000673,False,0.5,0,,,0,0,0,0,1,1,1
Q4_K_M,natural,native-test-54,1,112.02617200001441,False,0.5,0,2.016659057957442,0.6957687368051216,0,0,0,0,1,1,1
Q4_K_M,natural_offline_derive,native-test-54,1,,True,0.5,0,1.8043456816575105,0.5970037937138063,0,0,0,0,1,1,1
Q4_K_M,indexed,native-test-54,1,131.12045600018973,False,0.8333333333333334,0,0.4981356948070335,0.2940918054917653,1,1,0,1,1,1,1
Q4_K_M,indexed_offline_derive,native-test-54,1,,True,1.0,1,0.19658841050808373,0.08092485579817078,0,1,1,1,1,1,1
Q4_K_M,indexed_derive,native-test-54,1,127.13593500006937,False,1.0,1,0.3025220119889359,0.14188044337932756,0,1,1,1,1,1,1
Q4_K_M,aliases,native-test-54,1,120.17568699980075,False,0.5,0,0.9784440547988621,0.5718178509591226,0,0,0,0,1,1,1
Q4_K_M,natural_derive,native-test-42,1,106.3882820001254,False,1.0,1,0.048915423137370025,0.007030715346472864,0,1,1,1,1,1,1
Q4_K_M,aliases,native-test-42,1,118.66628100005983,False,1.0,1,0.26316756493025806,0.11708608365404605,0,1,1,1,1,1,1
Q4_K_M,natural,native-test-42,1,109.79845199994998,False,1.0,1,0.08057959060661547,0.013645720289123647,0,1,1,1,1,1,1
Q4_K_M,natural_offline_derive,native-test-42,1,,True,1.0,1,0.060918609780156764,0.010186123111151423,0,1,1,1,1,1,1
Q4_K_M,json,native-test-42,1,492.99247399994783,False,1.0,1,,,0,1,1,1,1,1,1
Q4_K_M,indexed_derive,native-test-42,1,125.15191800002867,False,0.8333333333333334,0,0.4286814872112608,0.23821583178857117,0,1,1,0,1,1,1
Q4_K_M,indexed,native-test-42,1,129.3854549999196,False,0.8333333333333334,0,0.3975175454953314,0.20137282678652102,0,1,1,0,1,1,1
Q4_K_M,indexed_offline_derive,native-test-42,1,,True,0.8333333333333334,0,0.34851945288693326,0.18285239140933562,0,1,1,0,1,1,1
BF16,indexed_derive,native-test-73,1,92.61808499968538,False,0.8333333333333334,0,0.5609134790602818,0.29441493847836936,0,1,1,0,1,1,1
BF16,indexed,native-test-73,1,95.55791699995098,False,0.8333333333333334,0,0.6018479887139959,0.35056645466681546,0,1,1,0,1,1,1
BF16,indexed_offline_derive,native-test-73,1,,True,0.8333333333333334,0,0.5608457994115125,0.3374230875032925,0,1,1,0,1,1,1
BF16,natural_derive,native-test-73,1,77.73005999979432,False,0.8333333333333334,0,1.1693650996865288,0.351673428451786,0,1,1,1,0,1,1
BF16,json,native-test-73,1,584.6666649999861,False,1.0,1,,,0,1,1,1,1,1,1
BF16,aliases,native-test-73,1,89.8409989999891,False,0.6666666666666666,0,0.41681331564194807,0.29490554645633754,0,1,1,0,0,1,1
BF16,natural,native-test-73,1,80.6664069996259,False,0.8333333333333334,0,1.1503090477827997,0.34984730886616355,0,1,1,1,0,1,1
BF16,natural_offline_derive,native-test-73,1,,True,0.8333333333333334,0,1.1254615583952179,0.3402759099523618,0,1,1,1,0,1,1
BF16,json,native-test-82,1,568.8374320002367,False,0.8333333333333334,0,,,0,1,1,0,1,1,1
BF16,aliases,native-test-82,1,88.15231900007348,False,0.8333333333333334,0,0.49066885546768746,0.2827011950832908,0,1,1,0,1,1,1
BF16,natural,native-test-82,1,79.06018799985759,False,0.8333333333333334,0,0.386278165018115,0.23609701712290898,1,1,0,1,1,1,1
BF16,natural_offline_derive,native-test-82,1,,True,1.0,1,0.1692497562456647,0.05618286477850656,0,1,1,1,1,1,1
BF16,indexed_derive,native-test-82,1,91.10901599979115,False,0.5,0,0.9166649307989986,0.5165311210399453,0,1,1,0,1,0,0
BF16,indexed,native-test-82,1,93.66215099998954,False,0.5,0,0.8564838944951133,0.505986549867348,0,1,1,0,1,0,0
BF16,indexed_offline_derive,native-test-82,1,,True,0.5,0,0.8018026240570993,0.4841705318152352,0,1,1,0,1,0,0
BF16,natural_derive,native-test-82,1,75.98602500002016,False,1.0,1,0.1758127170023315,0.05460970134299129,0,1,1,1,1,1,1
Q4_K_M,indexed,native-test-89,0,131.90454599998702,False,0.8333333333333334,0,0.4722524459321518,0.2655704222284572,0,1,1,1,0,1,1
Q4_K_M,indexed_offline_derive,native-test-89,0,,True,0.8333333333333334,0,0.4081784250578569,0.2168559462656542,0,1,1,1,0,1,1
Q4_K_M,natural,native-test-89,0,111.29462799999601,False,0.6666666666666666,0,1.8522452243097611,0.6488901312001844,0,1,1,0,0,1,1
Q4_K_M,natural_offline_derive,native-test-89,0,,True,0.6666666666666666,0,1.8366425840074452,0.6455339400585475,0,1,1,0,0,1,1
Q4_K_M,natural_derive,native-test-89,0,107.75519100002384,False,0.6666666666666666,0,1.8882412443421126,0.6179350140796852,0,1,1,0,0,1,1
Q4_K_M,aliases,native-test-89,0,120.71575600020878,False,0.6666666666666666,0,0.42519375434433604,0.2791256920555459,0,1,1,0,0,1,1
Q4_K_M,json,native-test-89,0,495.0142570000935,False,1.0,1,,,0,1,1,1,1,1,1
Q4_K_M,indexed_derive,native-test-89,0,128.08627699996578,False,0.8333333333333334,0,0.3808540802530347,0.19498301484423108,0,1,1,1,0,1,1
BF16,aliases,native-test-30,1,86.75828200011892,False,0.8333333333333334,0,0.21567533342040737,0.1523269032279171,0,1,1,0,1,1,1
BF16,natural_derive,native-test-30,1,74.37153099999705,False,1.0,1,0.01298073264409355,0.0007080576925630067,0,1,1,1,1,1,1
BF16,indexed,native-test-30,1,92.33904300026552,False,1.0,1,0.28488085745761466,0.16551160742509982,0,1,1,1,1,1,1
BF16,indexed_offline_derive,native-test-30,1,,True,1.0,1,0.2770291621844575,0.16491958779946522,0,1,1,1,1,1,1
BF16,json,native-test-30,1,559.1588140000567,False,1.0,1,,,0,1,1,1,1,1,1
BF16,indexed_derive,native-test-30,1,89.7608020000007,False,0.6666666666666666,0,0.5357288932681992,0.3439372957668118,0,1,1,0,1,0,1
BF16,natural,native-test-30,1,77.2854400001961,False,1.0,1,0.01621605505259639,0.0006548426565930815,0,1,1,1,1,1,1
BF16,natural_offline_derive,native-test-30,1,,True,1.0,1,0.012338018314040097,0.0005222140049618645,0,1,1,1,1,1,1
BF16,aliases,native-test-67,0,96.39409500005058,False,0.8333333333333334,0,0.27717382489465076,0.17101652370891726,0,1,1,0,1,1,1
BF16,json,native-test-67,0,582.8284750000421,False,1.0,1,,,0,1,1,1,1,1,1
BF16,indexed,native-test-67,0,95.34719200019026,False,1.0,1,0.2698665816209263,0.11430907158205768,0,1,1,1,1,1,1
BF16,indexed_offline_derive,native-test-67,0,,True,1.0,1,0.24176504171713867,0.10719804187656566,0,1,1,1,1,1,1
BF16,natural_derive,native-test-67,0,77.41800800022247,False,0.8333333333333334,0,1.2595790376426952,0.3524694970925257,0,1,1,0,1,1,1
BF16,natural,native-test-67,0,79.69314500041946,False,0.8333333333333334,0,1.155629723684165,0.34538543944530997,0,1,1,0,1,1,1
BF16,natural_offline_derive,native-test-67,0,,True,0.8333333333333334,0,1.1802228358308038,0.3567034093993962,0,1,1,0,1,1,1
BF16,indexed_derive,native-test-67,0,90.96984799998609,False,1.0,1,0.2886731417642894,0.13104712265035687,0,1,1,1,1,1,1
Q4_K_M,json,native-test-76,0,501.2997510000332,False,0.6666666666666666,0,,,0,1,1,0,1,1,0
Q4_K_M,natural,native-test-76,0,113.24283399994783,False,1.0,1,0.13717039005197718,0.046804009223379094,0,1,1,1,1,1,1
Q4_K_M,natural_offline_derive,native-test-76,0,,True,1.0,1,0.16368994347962698,0.057961949577561934,0,1,1,1,1,1,1
Q4_K_M,natural_derive,native-test-76,0,107.64289300004748,False,1.0,1,0.12477112628808862,0.03823510019929916,0,1,1,1,1,1,1
Q4_K_M,indexed,native-test-76,0,130.6820949998837,False,0.6666666666666666,0,0.4313147361150369,0.2715837024688245,0,1,1,0,1,1,0
Q4_K_M,indexed_offline_derive,native-test-76,0,,True,0.6666666666666666,0,0.38876473894614766,0.25484952374618336,0,1,1,0,1,1,0
Q4_K_M,aliases,native-test-76,0,119.7278299998743,False,1.0,1,0.12848163828026057,0.05359874676025659,0,1,1,1,1,1,1
Q4_K_M,indexed_derive,native-test-76,0,126.45643699988796,False,0.8333333333333334,0,0.4528789953028995,0.27314288852650614,0,1,1,0,1,1,1
BF16,json,native-test-87,0,615.8269259999543,False,0.5,0,,,0,0,0,0,1,1,1
BF16,natural_derive,native-test-87,0,78.09401800022897,False,1.0,1,0.09429399594852267,0.024792127303122014,0,1,1,1,1,1,1
BF16,natural,native-test-87,0,79.95965700001761,False,0.8333333333333334,0,0.44108030838890566,0.26959363504484213,1,1,0,1,1,1,1
BF16,natural_offline_derive,native-test-87,0,,True,1.0,1,0.10478839022060431,0.03217490978601873,0,1,1,1,1,1,1
BF16,aliases,native-test-87,0,91.8317560003743,False,0.8333333333333334,0,0.6701188558110762,0.33105037747680127,1,1,0,1,1,1,1
BF16,indexed,native-test-87,0,95.67851100018743,False,0.6666666666666666,0,0.6189495659853297,0.3838443038549342,1,1,0,0,1,1,1
BF16,indexed_offline_derive,native-test-87,0,,True,0.8333333333333334,0,0.4015541682640143,0.21162965367952083,0,1,1,0,1,1,1
BF16,indexed_derive,native-test-87,0,91.10185999998066,False,0.8333333333333334,0,0.5623315172246163,0.32241508540945735,0,1,1,0,1,1,1
BF16,natural,native-test-2,1,79.46482199986349,False,0.8333333333333334,0,0.4101497177264832,0.2538698132988884,1,1,0,1,1,1,1
BF16,natural_offline_derive,native-test-2,1,,True,1.0,1,0.08363536113632164,0.020502086863069296,0,1,1,1,1,1,1
BF16,json,native-test-2,1,612.8005049999956,False,0.8333333333333334,0,,,0,1,1,0,1,1,1
BF16,aliases,native-test-2,1,88.3648640001411,False,0.6666666666666666,0,0.889523692314062,0.5592142222938831,0,0,0,1,1,1,1
BF16,indexed,native-test-2,1,100.5061860000751,False,0.5,0,0.6723466253425272,0.45069531696541354,1,1,0,0,1,1,0
BF16,indexed_offline_derive,native-test-2,1,,True,0.6666666666666666,0,0.5723578054488426,0.372689137648157,0,1,1,0,1,1,0
BF16,indexed_derive,native-test-2,1,90.01993899983063,False,0.6666666666666666,0,0.6077779740744975,0.4017425938621208,0,1,1,0,1,1,0
BF16,natural_derive,native-test-2,1,75.4788889998963,False,1.0,1,0.07591654562154027,0.0216264426963353,0,1,1,1,1,1,1
BF16,aliases,native-test-82,0,87.66434199969808,False,0.8333333333333334,0,0.4890312057166808,0.2824178442513537,0,1,1,0,1,1,1
BF16,json,native-test-82,0,570.9111119999761,False,0.8333333333333334,0,,,0,1,1,0,1,1,1
BF16,indexed,native-test-82,0,93.7119100003656,False,0.5,0,0.8518459652998235,0.50331224912124,0,1,1,0,1,0,0
BF16,indexed_offline_derive,native-test-82,0,,True,0.5,0,0.7974113048922709,0.48164788829692945,0,1,1,0,1,0,0
BF16,indexed_derive,native-test-82,0,89.77963600000294,False,0.5,0,0.9161105826100099,0.5151053533616552,0,1,1,0,1,0,0
BF16,natural_derive,native-test-82,0,75.09039899969139,False,1.0,1,0.1755022415229164,0.0545668769778724,0,1,1,1,1,1,1
BF16,natural,native-test-82,0,78.04661499994836,False,0.8333333333333334,0,0.3873318179641608,0.23647382716940632,1,1,0,1,1,1,1
BF16,natural_offline_derive,native-test-82,0,,True,1.0,1,0.17196409857313424,0.057930891538045065,0,1,1,1,1,1,1
Q4_K_M,natural_derive,native-test-41,0,105.12114000016481,False,0.6666666666666666,0,1.9953020005314699,0.6370311881583246,0,1,1,0,0,1,1
Q4_K_M,natural,native-test-41,0,108.14192899988484,False,0.6666666666666666,0,1.9690059710093075,0.6486917551753724,0,1,1,0,0,1,1
Q4_K_M,natural_offline_derive,native-test-41,0,,True,0.6666666666666666,0,1.9634375931102364,0.6482426432690712,0,1,1,0,0,1,1
Q4_K_M,json,native-test-41,0,488.47782500001813,False,1.0,1,,,0,1,1,1,1,1,1
Q4_K_M,aliases,native-test-41,0,117.97156400007225,False,0.6666666666666666,0,0.44464569806716175,0.30024271297739386,0,1,1,0,0,1,1
Q4_K_M,indexed,native-test-41,0,136.03612500014606,False,0.6666666666666666,0,0.5312955020206419,0.32759084153812734,0,1,1,1,0,0,1
Q4_K_M,indexed_offline_derive,native-test-41,0,,True,0.6666666666666666,0,0.4707232134603975,0.294067431812754,0,1,1,1,0,0,1
Q4_K_M,indexed_derive,native-test-41,0,124.60961900001166,False,0.6666666666666666,0,0.4358153398989608,0.2653177986935203,0,1,1,1,0,0,1
Q4_K_M,json,native-test-82,1,501.92164000009143,False,1.0,1,,,0,1,1,1,1,1,1
Q4_K_M,aliases,native-test-82,1,118.5268740000538,False,0.8333333333333334,0,0.5688344848390384,0.2613625531762694,0,1,1,0,1,1,1
Q4_K_M,natural,native-test-82,1,109.37002099990423,False,0.8333333333333334,0,0.4361309730235257,0.2769462951070067,1,1,0,1,1,1,1
Q4_K_M,natural_offline_derive,native-test-82,1,,True,1.0,1,0.2520934082588491,0.12708426780631996,0,1,1,1,1,1,1
Q4_K_M,indexed_derive,native-test-82,1,125.38238399997681,False,0.5,0,0.9493957792620104,0.5443840057453121,0,1,1,0,1,0,0
Q4_K_M,indexed,native-test-82,1,136.2773070000003,False,0.5,0,0.9120940170175835,0.5538575968954057,0,1,1,0,1,0,0
Q4_K_M,indexed_offline_derive,native-test-82,1,,True,0.5,0,0.8669230447279624,0.5374347009668852,0,1,1,0,1,0,0
Q4_K_M,natural_derive,native-test-82,1,106.18738600010147,False,1.0,1,0.24691866767519696,0.11534483604231843,0,1,1,1,1,1,1
BF16,natural_derive,native-test-62,1,75.53030600001875,False,0.8333333333333334,0,1.4041778651435026,0.2887044574930611,0,1,1,0,1,1,1
BF16,json,native-test-62,1,616.0684860001311,False,1.0,1,,,0,1,1,1,1,1,1
BF16,natural,native-test-62,1,79.47898200018244,False,0.6666666666666666,0,1.4795727725245094,0.4939959620118219,1,1,0,0,1,1,1
BF16,natural_offline_derive,native-test-62,1,,True,0.8333333333333334,0,1.172104912021037,0.270666010153685,0,1,1,0,1,1,1
BF16,indexed_derive,native-test-62,1,90.08590400026151,False,0.8333333333333334,0,0.4306420693470956,0.24533523116645092,0,1,1,0,1,1,1
BF16,aliases,native-test-62,1,87.30176600010964,False,0.5,0,0.8830371619783369,0.5925761265200861,0,0,0,0,1,1,1
BF16,indexed,native-test-62,1,100.55578999981662,False,1.0,1,0.40465178549100006,0.2108591634840176,0,1,1,1,1,1,1
BF16,indexed_offline_derive,native-test-62,1,,True,1.0,1,0.32176470836776083,0.15251923088389638,0,1,1,1,1,1,1
Q4_K_M,natural_derive,native-test-86,1,104.89328399989972,False,0.6666666666666666,0,1.3832388221112935,0.5736809791125008,0,1,1,0,0,1,1
Q4_K_M,json,native-test-86,1,487.2140229999786,False,1.0,1,,,0,1,1,1,1,1,1
Q4_K_M,indexed_derive,native-test-86,1,124.46252399990954,False,1.0,1,0.25385309411452167,0.11224461432903114,0,1,1,1,1,1,1
Q4_K_M,aliases,native-test-86,1,116.57912900000156,False,1.0,1,0.280127045899976,0.1495103816868715,0,1,1,1,1,1,1
Q4_K_M,indexed,native-test-86,1,135.39669900001172,False,1.0,1,0.31011648510467466,0.13945702684541497,0,1,1,1,1,1,1
Q4_K_M,indexed_offline_derive,native-test-86,1,,True,1.0,1,0.27613741409993475,0.1232251611172046,0,1,1,1,1,1,1
Q4_K_M,natural,native-test-86,1,108.08589499993104,False,0.6666666666666666,0,1.2801489791860392,0.6203901389708516,0,1,1,0,0,1,1
Q4_K_M,natural_offline_derive,native-test-86,1,,True,0.6666666666666666,0,1.2635278681756377,0.617222211760824,0,1,1,0,0,1,1
BF16,indexed_derive,native-test-95,0,89.09704400002738,False,1.0,1,0.44731109477956427,0.23305898401982683,0,1,1,1,1,1,1
BF16,aliases,native-test-95,0,86.52989400025035,False,1.0,1,0.30531653049276,0.15030151275149087,0,1,1,1,1,1,1
BF16,indexed,native-test-95,0,99.45816800018292,False,1.0,1,0.4437550691931158,0.2171648175155849,0,1,1,1,1,1,1
BF16,indexed_offline_derive,native-test-95,0,,True,1.0,1,0.4095369606650155,0.2002038112818554,0,1,1,1,1,1,1
BF16,natural_derive,native-test-95,0,74.65435399990383,False,0.8333333333333334,0,1.1352801331889462,0.3331289219151526,0,1,1,0,1,1,1
BF16,json,native-test-95,0,609.0207719998944,False,1.0,1,,,0,1,1,1,1,1,1
BF16,natural,native-test-95,0,78.46222300031513,False,0.8333333333333334,0,0.9671879655679193,0.2975277969066613,0,1,1,0,1,1,1
BF16,natural_offline_derive,native-test-95,0,,True,0.8333333333333334,0,0.9704371495323375,0.29783463616802863,0,1,1,0,1,1,1
Q4_K_M,indexed_derive,native-test-46,1,124.47471800010135,False,1.0,1,0.34368185857435907,0.16983276035101733,0,1,1,1,1,1,1
Q4_K_M,natural,native-test-46,1,108.41125499996451,False,0.6666666666666666,0,1.0669139893723518,0.3812189239006883,1,1,0,0,1,1,1
Q4_K_M,natural_offline_derive,native-test-46,1,,True,0.8333333333333334,0,0.9056779397263034,0.2582901984280103,0,1,1,0,1,1,1
Q4_K_M,indexed,native-test-46,1,128.9623699999538,False,1.0,1,0.3503051172299119,0.1584511455158409,0,1,1,1,1,1,1
Q4_K_M,indexed_offline_derive,native-test-46,1,,True,1.0,1,0.30702753507125136,0.14386184462355808,0,1,1,1,1,1,1
Q4_K_M,natural_derive,native-test-46,1,104.93238300000485,False,0.8333333333333334,0,1.1518212084210044,0.30656006212571224,0,1,1,0,1,1,1
Q4_K_M,json,native-test-46,1,499.80809199996656,False,1.0,1,,,0,1,1,1,1,1,1
Q4_K_M,aliases,native-test-46,1,118.01286199988681,False,1.0,1,0.15756594528036014,0.05024452586452779,0,1,1,1,1,1,1
BF16,json,native-test-1,1,570.2309379998951,False,0.8333333333333334,0,,,0,1,1,0,1,1,1
BF16,indexed_derive,native-test-1,1,90.80786999993506,False,0.6666666666666666,0,0.640374041398305,0.37725601594912983,0,1,1,0,0,1,1
BF16,aliases,native-test-1,1,87.25727000000916,False,0.8333333333333334,0,0.38433950136159534,0.21061784710140755,0,1,1,1,0,1,1
BF16,indexed,native-test-1,1,101.2237869999808,False,0.6666666666666666,0,0.6400553283761347,0.3751446403023439,0,1,1,0,0,1,1
BF16,indexed_offline_derive,native-test-1,1,,True,0.6666666666666666,0,0.5907521090741822,0.3570993584551208,0,1,1,0,0,1,1
BF16,natural,native-test-1,1,78.56470299975626,False,0.8333333333333334,0,0.22102276350237982,0.11633248494452615,0,1,1,1,0,1,1
BF16,natural_offline_derive,native-test-1,1,,True,0.8333333333333334,0,0.1759590613179963,0.09460351407164247,0,1,1,1,0,1,1
BF16,natural_derive,native-test-1,1,75.64609799965183,False,0.8333333333333334,0,0.21292650775226904,0.1350234049129965,0,1,1,1,0,1,1
Q4_K_M,natural,native-test-1,0,108.63663500003895,False,0.8333333333333334,0,0.26064683048241594,0.14506170631582496,0,1,1,1,0,1,1
Q4_K_M,natural_offline_derive,native-test-1,0,,True,0.8333333333333334,0,0.22151352842330774,0.1256048433257446,0,1,1,1,0,1,1
Q4_K_M,natural_derive,native-test-1,0,104.90852499992798,False,0.8333333333333334,0,0.31934034817827506,0.21206249464150675,0,1,1,1,0,1,1
Q4_K_M,json,native-test-1,0,488.20960199986985,False,0.8333333333333334,0,,,0,1,1,0,1,1,1
Q4_K_M,aliases,native-test-1,0,117.93610600011561,False,0.8333333333333334,0,0.39546323723879223,0.20514932771271113,0,1,1,1,0,1,1
Q4_K_M,indexed,native-test-1,0,135.7753340000727,False,0.5,0,0.7508869281858214,0.44956707069548035,0,1,1,0,0,1,0
Q4_K_M,indexed_offline_derive,native-test-1,0,,True,0.5,0,0.6921268499269758,0.42533210323034804,0,1,1,0,0,1,0
Q4_K_M,indexed_derive,native-test-1,0,124.53026100001807,False,0.6666666666666666,0,0.6811758420424113,0.3846289981031085,0,1,1,0,0,1,1
BF16,natural_derive,native-test-23,1,84.53686800021387,False,1.0,1,0.12824889192467898,0.06892890867985164,0,1,1,1,1,1,1
BF16,json,native-test-23,1,608.3935880001263,False,0.8333333333333334,0,,,0,1,1,0,1,1,1
BF16,natural,native-test-23,1,80.95510100019965,False,1.0,1,0.14448908408247157,0.07665527687082972,0,1,1,1,1,1,1
BF16,natural_offline_derive,native-test-23,1,,True,1.0,1,0.14335036210541344,0.07662252926433574,0,1,1,1,1,1,1
BF16,indexed_derive,native-test-23,1,91.64614199971766,False,0.6666666666666666,0,0.7020980879973671,0.43657839043698043,0,1,1,0,0,1,1
BF16,aliases,native-test-23,1,88.86031100018954,False,1.0,1,0.31437981425662165,0.1556503013677142,0,1,1,1,1,1,1
BF16,indexed,native-test-23,1,94.52331600004982,False,0.6666666666666666,0,0.693298700512884,0.43529004928399456,0,1,1,0,0,1,1
BF16,indexed_offline_derive,native-test-23,1,,True,0.6666666666666666,0,0.6468785454683214,0.41564123377026524,0,1,1,0,0,1,1
BF16,indexed,native-test-15,1,92.65368099977422,False,0.8333333333333334,0,0.3059870627831798,0.14894180305709617,0,1,1,1,0,1,1
BF16,indexed_offline_derive,native-test-15,1,,True,0.8333333333333334,0,0.2831532650561416,0.14398976140782163,0,1,1,1,0,1,1
BF16,aliases,native-test-15,1,94.33339999986856,False,0.8333333333333334,0,0.22234550278945378,0.11974409020681274,0,1,1,1,0,1,1
BF16,json,native-test-15,1,552.5216199998795,False,1.0,1,,,0,1,1,1,1,1,1
BF16,natural_derive,native-test-15,1,75.70396700020865,False,0.8333333333333334,0,1.238246093070116,0.4000394284055635,0,1,1,0,1,1,1
BF16,indexed_derive,native-test-15,1,89.60242600005586,False,0.8333333333333334,0,0.28221525734735575,0.14653622352391663,0,1,1,1,0,1,1
BF16,natural,native-test-15,1,77.74996999978612,False,0.8333333333333334,0,1.0918172079445905,0.34989238853899396,0,1,1,0,1,1,1
BF16,natural_offline_derive,native-test-15,1,,True,0.8333333333333334,0,1.080514328970223,0.348736211415495,0,1,1,0,1,1,1
BF16,natural_derive,native-test-86,1,75.180213999829,False,0.6666666666666666,0,1.5611712421367485,0.6154759632752138,0,1,1,0,0,1,1
BF16,json,native-test-86,1,602.8342509998765,False,1.0,1,,,0,1,1,1,1,1,1
BF16,indexed_derive,native-test-86,1,90.16073699967819,False,1.0,1,0.2529726160659242,0.11193465717632571,0,1,1,1,1,1,1
BF16,aliases,native-test-86,1,86.70219400028145,False,1.0,1,0.254983799381471,0.1302818007217535,0,1,1,1,1,1,1
BF16,indexed,native-test-86,1,99.90403999972841,False,1.0,1,0.3125183312761736,0.13549202753889983,0,1,1,1,1,1,1
BF16,indexed_offline_derive,native-test-86,1,,True,1.0,1,0.2663470287365722,0.11136565913412262,0,1,1,1,1,1,1
BF16,natural,native-test-86,1,77.99473200020657,False,0.6666666666666666,0,1.547552824898727,0.6433475220154538,0,1,1,0,0,1,1
BF16,natural_offline_derive,native-test-86,1,,True,0.6666666666666666,0,1.5246444235862098,0.6378601759994358,0,1,1,0,0,1,1
Q4_K_M,natural,native-test-65,1,116.33715399989342,False,0.6666666666666666,0,1.1780076979614997,0.4925058262241406,1,1,0,0,1,1,1
Q4_K_M,natural_offline_derive,native-test-65,1,,True,0.8333333333333334,0,0.9612907285031894,0.32432789310302695,0,1,1,0,1,1,1
Q4_K_M,indexed_derive,native-test-65,1,125.05162100001144,False,1.0,1,0.09634696915683373,0.01728279214214554,0,1,1,1,1,1,1
Q4_K_M,aliases,native-test-65,1,117.9103510000914,False,0.6666666666666666,0,0.5201121128307054,0.3813557704093142,1,1,0,0,1,1,1
Q4_K_M,json,native-test-65,1,526.5542419999747,False,1.0,1,,,0,1,1,1,1,1,1
Q4_K_M,natural_derive,native-test-65,1,106.1492950000229,False,0.8333333333333334,0,1.1091450290386278,0.32227936253563266,0,1,1,0,1,1,1
Q4_K_M,indexed,native-test-65,1,129.00621599987971,False,1.0,1,0.2106958567973466,0.0915706054834355,0,1,1,1,1,1,1
Q4_K_M,indexed_offline_derive,native-test-65,1,,True,1.0,1,0.14969966034870724,0.05856311929404271,0,1,1,1,1,1,1
Q4_K_M,json,native-test-55,0,502.48391299987816,False,1.0,1,,,0,1,1,1,1,1,1
Q4_K_M,indexed_derive,native-test-55,0,124.35868900001879,False,1.0,1,0.10312613469423065,0.019088213265205208,0,1,1,1,1,1,1
Q4_K_M,natural,native-test-55,0,107.72531399993568,False,0.8333333333333334,0,1.0354924778597718,0.32922803233004,0,1,1,0,1,1,1
Q4_K_M,natural_offline_derive,native-test-55,0,,True,0.8333333333333334,0,1.0272709487571146,0.32705722302602674,0,1,1,0,1,1,1
Q4_K_M,indexed,native-test-55,0,128.33514499993726,False,1.0,1,0.18706519864396057,0.07038337329348678,0,1,1,1,1,1,1
Q4_K_M,indexed_offline_derive,native-test-55,0,,True,1.0,1,0.1514928877953816,0.05917447075929702,0,1,1,1,1,1,1
Q4_K_M,natural_derive,native-test-55,0,105.73494699997354,False,0.8333333333333334,0,1.2390882422300564,0.3249371492113576,0,1,1,0,1,1,1
Q4_K_M,aliases,native-test-55,0,117.46528000003309,False,0.8333333333333334,0,0.24604046504878588,0.1709953600108146,0,1,1,0,1,1,1
BF16,indexed,native-test-65,0,92.595688000074,False,1.0,1,0.18803568971606657,0.07069045286021133,0,1,1,1,1,1,1
BF16,indexed_offline_derive,native-test-65,0,,True,1.0,1,0.1152824564182172,0.028945036701837096,0,1,1,1,1,1,1
BF16,aliases,native-test-65,0,89.83576599985099,False,0.5,0,0.5061109238756557,0.37609435900469496,0,0,0,0,1,1,1
BF16,indexed_derive,native-test-65,0,89.33871299996099,False,1.0,1,0.09326226855520649,0.015670774368956794,0,1,1,1,1,1,1
BF16,natural,native-test-65,0,77.6964169999701,False,0.6666666666666666,0,1.1647486013795223,0.4587785228937819,1,1,0,0,1,1,1
BF16,natural_offline_derive,native-test-65,0,,True,0.8333333333333334,0,0.9925049666075846,0.3267651849840631,0,1,1,0,1,1,1
BF16,natural_derive,native-test-65,0,75.57690599969646,False,0.8333333333333334,0,1.083474272058956,0.3261688914130142,0,1,1,0,1,1,1
BF16,json,native-test-65,0,611.227601000337,False,1.0,1,,,0,1,1,1,1,1,1
BF16,natural,native-test-50,1,80.61365599996861,False,0.8333333333333334,0,0.2805267035918417,0.19296412066602064,1,1,0,1,1,1,1
BF16,natural_offline_derive,native-test-50,1,,True,1.0,1,0.030526774073970548,0.004302147826353436,0,1,1,1,1,1,1
BF16,natural_derive,native-test-50,1,75.47317799981101,False,1.0,1,0.02741964118563597,0.003908982816197524,0,1,1,1,1,1,1
BF16,aliases,native-test-50,1,87.41620099999636,False,0.6666666666666666,0,0.4986039124713845,0.34564147266190015,0,0,0,1,1,1,1
BF16,indexed_derive,native-test-50,1,89.66019299987238,False,0.8333333333333334,0,0.46315881205932374,0.2966681557312158,0,1,1,0,1,1,1
BF16,indexed,native-test-50,1,92.36703099986698,False,0.6666666666666666,0,0.532726637751893,0.36332254478531434,0,1,1,0,1,1,0
BF16,indexed_offline_derive,native-test-50,1,,True,0.6666666666666666,0,0.44931070232275355,0.31163111525315407,0,1,1,0,1,1,0
BF16,json,native-test-50,1,612.8543919999174,False,0.8333333333333334,0,,,0,1,1,0,1,1,1
Q4_K_M,indexed,native-test-69,1,132.89853900005255,False,1.0,1,0.3364110790363626,0.1546317767769577,0,1,1,1,1,1,1
Q4_K_M,indexed_offline_derive,native-test-69,1,,True,1.0,1,0.28252654873334787,0.1291105102781712,0,1,1,1,1,1,1
Q4_K_M,json,native-test-69,1,475.5946779998794,False,1.0,1,,,0,1,1,1,1,1,1
Q4_K_M,natural_derive,native-test-69,1,110.59705499997108,False,0.6666666666666666,0,1.9158369514593396,0.6215470216084603,0,1,1,0,0,1,1
Q4_K_M,aliases,native-test-69,1,121.68426900007034,False,1.0,1,0.19397780879481885,0.0952482064270061,0,1,1,1,1,1,1
Q4_K_M,indexed_derive,native-test-69,1,128.74296800009688,False,1.0,1,0.21636702898372398,0.08188620944672834,0,1,1,1,1,1,1
Q4_K_M,natural,native-test-69,1,112.68037600007119,False,0.6666666666666666,0,1.7631963443636536,0.6623120627207625,0,1,1,0,0,1,1
Q4_K_M,natural_offline_derive,native-test-69,1,,True,0.6666666666666666,0,1.6874815432870809,0.6205042955220118,0,1,1,0,0,1,1
BF16,indexed,native-test-29,1,97.5809050000862,False,0.6666666666666666,0,0.8008908946139565,0.4291523563993042,0,1,1,0,0,1,1
BF16,indexed_offline_derive,native-test-29,1,,True,0.6666666666666666,0,0.7315432815538019,0.3908609715492389,0,1,1,0,0,1,1
BF16,indexed_derive,native-test-29,1,92.77705599970432,False,0.8333333333333334,0,0.8005719851968855,0.3886990286401624,0,1,1,0,1,1,1
BF16,aliases,native-test-29,1,89.81792199983829,False,0.6666666666666666,0,0.6378473471223659,0.3711444630040528,0,1,1,0,0,1,1
BF16,natural_derive,native-test-29,1,77.99527799988937,False,0.8333333333333334,0,1.2526815850788566,0.33872330491513886,0,1,1,1,0,1,1
BF16,natural,native-test-29,1,80.49561999996513,False,0.8333333333333334,0,1.2397579631934943,0.37385767755853266,0,1,1,1,0,1,1
BF16,natural_offline_derive,native-test-29,1,,True,0.8333333333333334,0,1.2354157647695276,0.3735072944716002,0,1,1,1,0,1,1
BF16,json,native-test-29,1,602.2596390002946,False,0.8333333333333334,0,,,0,1,1,0,1,1,1
BF16,aliases,native-test-83,1,90.30632800022431,False,0.5,0,0.5268382129130357,0.3830528149129408,0,0,0,0,1,1,1
BF16,natural_derive,native-test-83,1,77.26094400004513,False,0.8333333333333334,0,1.0914101160201577,0.3251950120043796,0,1,1,0,1,1,1
BF16,indexed,native-test-83,1,94.68324200042844,False,1.0,1,0.33638908251707117,0.17035058526291447,0,1,1,1,1,1,1
BF16,indexed_offline_derive,native-test-83,1,,True,1.0,1,0.22704681673177582,0.09110291040407631,0,1,1,1,1,1,1
BF16,json,native-test-83,1,611.8357549999018,False,1.0,1,,,0,1,1,1,1,1,1
BF16,natural,native-test-83,1,81.47385399979612,False,0.6666666666666666,0,1.1944699248572226,0.4724631522061263,1,1,0,0,1,1,1
BF16,natural_offline_derive,native-test-83,1,,True,0.8333333333333334,0,1.0099373154866187,0.32913474243728624,0,1,1,0,1,1,1
BF16,indexed_derive,native-test-83,1,91.73654000005627,False,1.0,1,0.25012541503020747,0.10213488874613098,0,1,1,1,1,1,1
BF16,indexed,native-test-46,0,90.25791800013394,False,1.0,1,0.31551358495624277,0.13529014824550956,0,1,1,1,1,1,1
BF16,indexed_offline_derive,native-test-46,0,,True,1.0,1,0.27387345894309856,0.12235034755147811,0,1,1,1,1,1,1
BF16,json,native-test-46,0,625.6922790003046,False,1.0,1,,,0,1,1,1,1,1,1
BF16,natural_derive,native-test-46,0,77.0780409998224,False,0.8333333333333334,0,1.0013126953107172,0.27568623049635155,0,1,1,0,1,1,1
BF16,aliases,native-test-46,0,86.7103059999863,False,1.0,1,0.11439602283929899,0.03370302935078851,0,1,1,1,1,1,1
BF16,natural,native-test-46,0,77.56476299982751,False,0.6666666666666666,0,0.9471504275979626,0.39344302161491923,1,1,0,0,1,1,1
BF16,natural_offline_derive,native-test-46,0,,True,0.8333333333333334,0,0.7891124040841562,0.2732778993522816,0,1,1,0,1,1,1
BF16,indexed_derive,native-test-46,0,89.5427750001545,False,0.8333333333333334,0,0.3264208101759644,0.16107944565515184,0,1,1,1,1,0,1
Q4_K_M,natural,native-test-60,1,109.42450900006406,False,0.5,0,1.8402545835717188,0.834718808456871,1,1,0,0,0,1,1
Q4_K_M,natural_offline_derive,native-test-60,1,,True,0.6666666666666666,0,1.6025411661106472,0.6475352504269464,0,1,1,0,0,1,1
Q4_K_M,indexed_derive,native-test-60,1,124.93567999990773,False,1.0,1,0.21025349593689313,0.08292201900396795,0,1,1,1,1,1,1
Q4_K_M,aliases,native-test-60,1,117.80479699996249,False,0.8333333333333334,0,0.24829965829134784,0.13055310135316547,0,1,1,0,1,1,1
Q4_K_M,json,native-test-60,1,476.75046299991664,False,1.0,1,,,0,1,1,1,1,1,1
Q4_K_M,natural_derive,native-test-60,1,106.08376999994107,False,0.6666666666666666,0,1.8403813816518035,0.6454474869261648,0,1,1,0,0,1,1
Q4_K_M,indexed,native-test-60,1,128.6433750001379,False,1.0,1,0.3665524112074627,0.19350317002005546,0,1,1,1,1,1,1
Q4_K_M,indexed_offline_derive,native-test-60,1,,True,1.0,1,0.267188153692155,0.12957934443496374,0,1,1,1,1,1,1
BF16,natural_derive,native-test-17,0,78.00916499991217,False,1.0,1,0.09715016927897845,0.04254190734590049,0,1,1,1,1,1,1
BF16,aliases,native-test-17,0,89.20090799983882,False,0.8333333333333334,0,0.45711612844713884,0.28774624636800866,0,1,1,0,1,1,1
BF16,json,native-test-17,0,575.6514680001601,False,0.8333333333333334,0,,,0,1,1,0,1,1,1
BF16,natural,native-test-17,0,81.31358700029523,False,1.0,1,0.11266171551692405,0.04559315117780808,0,1,1,1,1,1,1
BF16,natural_offline_derive,native-test-17,0,,True,1.0,1,0.11276159527419564,0.045623289051021365,0,1,1,1,1,1,1
BF16,indexed_derive,native-test-17,0,92.46763100009048,False,0.8333333333333334,0,0.6498693629995113,0.3340424492193515,0,1,1,0,1,1,1
BF16,indexed,native-test-17,0,95.76643000036711,False,0.8333333333333334,0,0.6637761173117208,0.3613343464312086,0,1,1,0,1,1,1
BF16,indexed_offline_derive,native-test-17,0,,True,0.8333333333333334,0,0.6061446411467407,0.33204944443629175,0,1,1,0,1,1,1
Q4_K_M,natural_derive,native-test-84,0,110.26619600011145,False,0.8333333333333334,0,1.1288145938277783,0.31639864062632367,0,1,1,0,1,1,1
Q4_K_M,indexed_derive,native-test-84,0,128.85089299993524,False,1.0,1,0.24177173701941249,0.10350403084117454,0,1,1,1,1,1,1
Q4_K_M,aliases,native-test-84,0,122.05367699993985,False,1.0,1,0.21954753257241708,0.0999605870637953,0,1,1,1,1,1,1
Q4_K_M,json,native-test-84,0,480.76097900002424,False,1.0,1,,,0,1,1,1,1,1,1
Q4_K_M,natural,native-test-84,0,114.12408199998936,False,0.8333333333333334,0,0.8026253545958254,0.31986549598060904,0,1,1,0,1,1,1
Q4_K_M,natural_offline_derive,native-test-84,0,,True,0.8333333333333334,0,0.7961623600957678,0.3194629437720617,0,1,1,0,1,1,1
Q4_K_M,indexed,native-test-84,0,133.16555599999447,False,1.0,1,0.2940925309929671,0.13738892971823863,0,1,1,1,1,1,1
Q4_K_M,indexed_offline_derive,native-test-84,0,,True,1.0,1,0.2597295130215153,0.1276117734127495,0,1,1,1,1,1,1
Q4_K_M,natural,native-test-71,1,109.28339399993092,False,0.6666666666666666,0,2.1936380751014855,0.5843662734640518,0,1,1,0,0,1,1
Q4_K_M,natural_offline_derive,native-test-71,1,,True,0.6666666666666666,0,2.1853956294106998,0.5816144752852975,0,1,1,0,0,1,1
Q4_K_M,json,native-test-71,1,495.2981809999528,False,1.0,1,,,0,1,1,1,1,1,1
Q4_K_M,natural_derive,native-test-71,1,106.14855899984832,False,0.6666666666666666,0,2.211397661570524,0.5670048148392531,0,1,1,0,0,1,1
Q4_K_M,indexed,native-test-71,1,128.54818200003137,False,0.6666666666666666,0,0.6566177488977656,0.38755717872617507,0,1,1,1,0,0,1
Q4_K_M,indexed_offline_derive,native-test-71,1,,True,0.6666666666666666,0,0.5906346223373496,0.33929364764806724,0,1,1,1,0,0,1
Q4_K_M,indexed_derive,native-test-71,1,124.36545600007776,False,0.6666666666666666,0,0.5855064779988881,0.3365725182488475,0,1,1,1,0,0,1
Q4_K_M,aliases,native-test-71,1,117.02233500000148,False,0.8333333333333334,0,0.4345259232597111,0.24320166958085265,0,1,1,1,0,1,1
BF16,natural_derive,native-test-69,0,77.7450420000605,False,0.6666666666666666,0,2.044445016762637,0.6384321022046573,0,1,1,0,0,1,1
BF16,json,native-test-69,0,553.2406140000603,False,1.0,1,,,0,1,1,1,1,1,1
BF16,indexed,native-test-69,0,96.1608550001074,False,1.0,1,0.36302418752796717,0.17532836027851303,0,1,1,1,1,1,1
BF16,indexed_offline_derive,native-test-69,0,,True,1.0,1,0.2775953678053041,0.12079572546168336,0,1,1,1,1,1,1
BF16,natural,native-test-69,0,80.73687700016308,False,0.6666666666666666,0,1.8654480356904537,0.7120125538299117,0,1,1,0,0,1,1
BF16,natural_offline_derive,native-test-69,0,,True,0.6666666666666666,0,1.7414978705713455,0.6285451440175588,0,1,1,0,0,1,1
BF16,indexed_derive,native-test-69,0,91.73196800020378,False,1.0,1,0.2334094075953759,0.08807132532145469,0,1,1,1,1,1,1
BF16,aliases,native-test-69,0,89.38468399992416,False,1.0,1,0.2657547877186749,0.16160576056354733,0,1,1,1,1,1,1
Q4_K_M,natural_derive,native-test-43,0,108.4616850000657,False,0.6666666666666666,0,1.0318493657268168,0.4271067954518694,0,1,1,0,0,1,1
Q4_K_M,indexed,native-test-43,0,131.25174200013134,False,0.5,0,0.7898450645471028,0.4816988927029191,0,1,1,0,0,1,0
Q4_K_M,indexed_offline_derive,native-test-43,0,,True,0.5,0,0.7525396817260207,0.47057071163243797,0,1,1,0,0,1,0
Q4_K_M,indexed_derive,native-test-43,0,126.62888999989264,False,0.6666666666666666,0,0.7394954556823891,0.4148269239673563,0,1,1,0,1,1,0
Q4_K_M,aliases,native-test-43,0,119.85458399999516,False,0.6666666666666666,0,0.6728510459237929,0.3472593082586406,0,1,1,0,0,1,1
Q4_K_M,natural,native-test-43,0,111.37806799979444,False,0.6666666666666666,0,1.0668561911624002,0.454270932621015,0,1,1,0,0,1,1
Q4_K_M,natural_offline_derive,native-test-43,0,,True,0.6666666666666666,0,1.0440147794918961,0.4464902419748798,0,1,1,0,0,1,1
Q4_K_M,json,native-test-43,0,488.42710500002795,False,0.8333333333333334,0,,,0,1,1,0,1,1,1
Q4_K_M,indexed,native-test-32,1,132.4421290000828,False,0.6666666666666666,0,0.5225740566874765,0.33144375235371265,0,1,1,0,1,0,1
Q4_K_M,indexed_offline_derive,native-test-32,1,,True,0.6666666666666666,0,0.4984843292387389,0.32541602071864467,0,1,1,0,1,0,1
Q4_K_M,indexed_derive,native-test-32,1,128.18845399988277,False,0.6666666666666666,0,0.5847576620062438,0.3668602351257005,0,1,1,0,1,0,1
Q4_K_M,json,native-test-32,1,496.22738700008995,False,0.8333333333333334,0,,,0,1,1,0,1,1,1
Q4_K_M,natural_derive,native-test-32,1,109.42339500002163,False,1.0,1,0.05302617129993325,0.007046984579009105,0,1,1,1,1,1,1
Q4_K_M,natural,native-test-32,1,112.10613399998692,False,1.0,1,0.0658240815723219,0.012113039726773226,0,1,1,1,1,1,1
Q4_K_M,natural_offline_derive,native-test-32,1,,True,1.0,1,0.06655218740335485,0.012140401522285819,0,1,1,1,1,1,1
Q4_K_M,aliases,native-test-32,1,121.08595299991975,False,1.0,1,0.19665193870483708,0.078904004646332,0,1,1,1,1,1,1
Q4_K_M,aliases,native-test-20,0,118.20241100008388,False,1.0,1,0.2989192225230553,0.14692171378621927,0,1,1,1,1,1,1
Q4_K_M,natural,native-test-20,0,109.2202150000503,False,0.6666666666666666,0,1.7047417205050504,0.5830573927432484,0,1,1,0,0,1,1
Q4_K_M,natural_offline_derive,native-test-20,0,,True,0.6666666666666666,0,1.7034397079364074,0.5830001634232148,0,1,1,0,0,1,1
Q4_K_M,indexed,native-test-20,0,129.87561399995684,False,0.8333333333333334,0,0.3534128324627313,0.17012047159691845,0,1,1,1,1,0,1
Q4_K_M,indexed_offline_derive,native-test-20,0,,True,0.8333333333333334,0,0.32804726839903353,0.16284403322455532,0,1,1,1,1,0,1
Q4_K_M,json,native-test-20,0,496.934667000005,False,1.0,1,,,0,1,1,1,1,1,1
Q4_K_M,natural_derive,native-test-20,0,106.47015400013515,False,0.6666666666666666,0,1.7401119975457997,0.5661685938453122,0,1,1,0,0,1,1
Q4_K_M,indexed_derive,native-test-20,0,125.03357299988238,False,0.8333333333333334,0,0.3934373047577278,0.2215626201431521,0,1,1,1,1,0,1
Q4_K_M,aliases,native-test-60,0,118.23856300020452,False,0.8333333333333334,0,0.23510152250248625,0.12186159930563135,0,1,1,0,1,1,1
Q4_K_M,json,native-test-60,0,473.774634999927,False,1.0,1,,,0,1,1,1,1,1,1
Q4_K_M,natural_derive,native-test-60,0,106.09914399992704,False,0.6666666666666666,0,1.7699087531733708,0.6411840526075053,0,1,1,0,0,1,1
Q4_K_M,indexed,native-test-60,0,129.51181600010386,False,1.0,1,0.3626265103111506,0.19022445148536646,0,1,1,1,1,1,1
Q4_K_M,indexed_offline_derive,native-test-60,0,,True,1.0,1,0.26536834014483807,0.1281430905003347,0,1,1,1,1,1,1
Q4_K_M,indexed_derive,native-test-60,0,126.05375400016783,False,1.0,1,0.21411863132039058,0.08735947505894419,0,1,1,1,1,1,1
Q4_K_M,natural,native-test-60,0,109.42681799997445,False,0.5,0,1.775227296242116,0.8415794911812554,1,1,0,0,0,1,1
Q4_K_M,natural_offline_derive,native-test-60,0,,True,0.6666666666666666,0,1.524294621680829,0.6451053085800471,0,1,1,0,0,1,1
Q4_K_M,aliases,native-test-30,1,115.50270700013243,False,0.8333333333333334,0,0.24413818634256543,0.1716159878044552,0,1,1,0,1,1,1
Q4_K_M,natural_derive,native-test-30,1,102.98397900010059,False,1.0,1,0.020658220614602804,0.0023275488377955266,0,1,1,1,1,1,1
Q4_K_M,indexed,native-test-30,1,126.70590700008688,False,1.0,1,0.2365174036346793,0.11932970375739045,0,1,1,1,1,1,1
Q4_K_M,indexed_offline_derive,native-test-30,1,,True,1.0,1,0.22857852773337517,0.11872674731299963,0,1,1,1,1,1,1
Q4_K_M,json,native-test-30,1,484.64484999999513,False,1.0,1,,,0,1,1,1,1,1,1
Q4_K_M,indexed_derive,native-test-30,1,122.89783099981832,False,0.8333333333333334,0,0.3921366213394606,0.24278953373136836,0,1,1,0,1,1,1
Q4_K_M,natural,native-test-30,1,106.15087399992262,False,1.0,1,0.01815143294675857,0.0007562558530914534,0,1,1,1,1,1,1
Q4_K_M,natural_offline_derive,native-test-30,1,,True,1.0,1,0.014231353080920078,0.0006199885897088613,0,1,1,1,1,1,1
Q4_K_M,json,native-test-37,1,489.62660600000163,False,1.0,1,,,0,1,1,1,1,1,1
Q4_K_M,natural_derive,native-test-37,1,106.3674170000013,False,0.6666666666666666,0,2.175962049740854,0.6537390940209526,0,1,1,0,0,1,1
Q4_K_M,aliases,native-test-37,1,117.86208499984241,False,0.6666666666666666,0,0.3604698520715565,0.25708089775680437,0,1,1,0,0,1,1
Q4_K_M,indexed,native-test-37,1,136.77822800013928,False,0.8333333333333334,0,0.36344967341010936,0.20491237245258184,0,1,1,1,0,1,1
Q4_K_M,indexed_offline_derive,native-test-37,1,,True,0.8333333333333334,0,0.3281908807438048,0.19413577671274884,0,1,1,1,0,1,1
Q4_K_M,indexed_derive,native-test-37,1,125.14177100001689,False,0.8333333333333334,0,0.27918525297951313,0.13514867167667494,0,1,1,1,0,1,1
Q4_K_M,natural,native-test-37,1,109.0077819999351,False,0.6666666666666666,0,1.819025839503791,0.6557370534830029,0,1,1,0,0,1,1
Q4_K_M,natural_offline_derive,native-test-37,1,,True,0.6666666666666666,0,1.8051414636969885,0.6512394081453601,0,1,1,0,0,1,1
BF16,aliases,native-test-12,0,90.35923500005083,False,0.8333333333333334,0,0.32252738491891325,0.2110215021444591,0,1,1,0,1,1,1
BF16,indexed,native-test-12,0,95.36412900024516,False,1.0,1,0.3431464020855352,0.17914736192416778,0,1,1,1,1,1,1
BF16,indexed_offline_derive,native-test-12,0,,True,1.0,1,0.29362023904327095,0.1595137312124874,0,1,1,1,1,1,1
BF16,natural,native-test-12,0,80.72329300011916,False,0.6666666666666666,0,1.026978284472799,0.44997695533536836,1,1,0,1,0,1,1
BF16,natural_offline_derive,native-test-12,0,,True,0.8333333333333334,0,0.850769691397236,0.31919616449775207,0,1,1,1,0,1,1
BF16,json,native-test-12,0,560.9634070001448,False,1.0,1,,,0,1,1,1,1,1,1
BF16,natural_derive,native-test-12,0,78.34864999995261,False,0.8333333333333334,0,0.9399708126682319,0.32380658907719356,0,1,1,1,0,1,1
BF16,indexed_derive,native-test-12,0,91.69566599985046,False,0.8333333333333334,0,0.3944437200636459,0.2298803697100057,0,1,1,0,1,1,1
Q4_K_M,json,native-test-59,1,504.98606099995413,False,1.0,1,,,0,1,1,1,1,1,1
Q4_K_M,indexed_derive,native-test-59,1,129.33753399988746,False,0.8333333333333334,0,0.7259428142995278,0.29199416969529485,0,1,1,0,1,1,1
Q4_K_M,aliases,native-test-59,1,122.25004200013245,False,0.5,0,0.8344229230697078,0.44569885830110323,0,0,0,0,1,1,1
Q4_K_M,natural_derive,native-test-59,1,109.99001000004682,False,0.8333333333333334,0,0.23109016135244842,0.17131594557441918,0,1,1,0,1,1,1
Q4_K_M,natural,native-test-59,1,113.37014700006876,False,0.6666666666666666,0,0.403953627011527,0.29377276161195287,1,1,0,0,1,1,1
Q4_K_M,natural_offline_derive,native-test-59,1,,True,0.8333333333333334,0,0.2541410774079263,0.17833357317220289,0,1,1,0,1,1,1
Q4_K_M,indexed,native-test-59,1,133.50088900006085,False,0.6666666666666666,0,0.8055160160312881,0.42228857533122643,0,1,1,0,1,1,0
Q4_K_M,indexed_offline_derive,native-test-59,1,,True,0.6666666666666666,0,0.697835750722987,0.3471549558060462,0,1,1,0,1,1,0
BF16,aliases,native-test-56,1,97.25528100034353,False,0.8333333333333334,0,0.3002373036492386,0.18567727272281884,0,1,1,0,1,1,1
BF16,json,native-test-56,1,587.3656710000432,False,1.0,1,,,0,1,1,1,1,1,1
BF16,natural,native-test-56,1,81.22462599976643,False,1.0,1,0.02501543638710441,0.0015628306103133809,0,1,1,1,1,1,1
BF16,natural_offline_derive,native-test-56,1,,True,1.0,1,0.029154114012901595,0.0019042065244170181,0,1,1,1,1,1,1
BF16,natural_derive,native-test-56,1,77.93269800004055,False,1.0,1,0.030247133405946165,0.0024231852069126463,0,1,1,1,1,1,1
BF16,indexed,native-test-56,1,95.57822900023893,False,0.8333333333333334,0,0.46514826513818924,0.2741547572917086,0,1,1,0,1,1,1
BF16,indexed_offline_derive,native-test-56,1,,True,0.8333333333333334,0,0.4316631355314984,0.26247681149339874,0,1,1,0,1,1,1
BF16,indexed_derive,native-test-56,1,92.02667699992162,False,0.8333333333333334,0,0.4698399894147213,0.27724265894151834,0,1,1,0,1,1,1
Q4_K_M,indexed,native-test-88,1,140.37750200009214,False,0.6666666666666666,0,0.5884155487301851,0.3965026380643793,0,1,1,0,1,1,0
Q4_K_M,indexed_offline_derive,native-test-88,1,,True,0.6666666666666666,0,0.5267562339383495,0.36828135007584556,0,1,1,0,1,1,0
Q4_K_M,indexed_derive,native-test-88,1,128.76562299993566,False,0.6666666666666666,0,0.626170743280898,0.4070029184152409,0,1,1,0,1,1,0
Q4_K_M,natural,native-test-88,1,112.5993359999029,False,1.0,1,0.16492472741675848,0.07050631781639356,0,1,1,1,1,1,1
Q4_K_M,natural_offline_derive,native-test-88,1,,True,1.0,1,0.09110760506345882,0.02541473750393716,0,1,1,1,1,1,1
Q4_K_M,json,native-test-88,1,495.3150880000976,False,0.8333333333333334,0,,,0,1,1,0,1,1,1
Q4_K_M,natural_derive,native-test-88,1,110.16120199997204,False,1.0,1,0.15221584902471239,0.06660855515495272,0,1,1,1,1,1,1
Q4_K_M,aliases,native-test-88,1,121.95172700012336,False,1.0,1,0.19936429029380465,0.08094486935913037,0,1,1,1,1,1,1
BF16,natural_derive,native-test-90,0,74.73336399971231,False,0.8333333333333334,0,1.0365110744127355,0.32066764519888996,0,1,1,0,1,1,1
BF16,indexed,native-test-90,0,91.71693700000105,False,0.8333333333333334,0,0.30578043919713144,0.1471808953642502,0,1,1,1,1,0,1
BF16,indexed_offline_derive,native-test-90,0,,True,0.8333333333333334,0,0.27427108724318916,0.13858792776362508,0,1,1,1,1,0,1
BF16,aliases,native-test-90,0,86.07763899999554,False,1.0,1,0.15661762916428484,0.05631526512256293,0,1,1,1,1,1,1
BF16,json,native-test-90,0,546.9323510001232,False,1.0,1,,,0,1,1,1,1,1,1
BF16,indexed_derive,native-test-90,0,89.49085299991566,False,0.8333333333333334,0,0.2977357180250766,0.1463105877773242,0,1,1,1,1,0,1
BF16,natural,native-test-90,0,77.06314799997926,False,0.8333333333333334,0,0.8589478232890392,0.3207508870415079,0,1,1,0,1,1,1
BF16,natural_offline_derive,native-test-90,0,,True,0.8333333333333334,0,0.8493534317368807,0.31994191894191615,0,1,1,0,1,1,1
Q4_K_M,natural,native-test-78,1,110.83187899998848,False,1.0,1,0.01636048418444528,0.0008388371557730372,0,1,1,1,1,1,1
Q4_K_M,natural_offline_derive,native-test-78,1,,True,1.0,1,0.011009525606058307,0.0005831620617752991,0,1,1,1,1,1,1
Q4_K_M,json,native-test-78,1,483.38313699991886,False,1.0,1,,,0,1,1,1,1,1,1
Q4_K_M,natural_derive,native-test-78,1,108.2474560000719,False,1.0,1,0.026379179885842857,0.00502581531173999,0,1,1,1,1,1,1
Q4_K_M,indexed,native-test-78,1,130.73272799988445,False,0.8333333333333334,0,0.2985651144497466,0.1887884075810077,0,1,1,1,1,0,1
Q4_K_M,indexed_offline_derive,native-test-78,1,,True,0.8333333333333334,0,0.2897524286242648,0.18807409152986135,0,1,1,1,1,0,1
Q4_K_M,indexed_derive,native-test-78,1,126.173708999886,False,0.8333333333333334,0,0.29415055300121623,0.18211319915785462,0,1,1,0,1,1,1
Q4_K_M,aliases,native-test-78,1,119.45109999987835,False,0.8333333333333334,0,0.21497031840346084,0.14573569259718833,0,1,1,0,1,1,1
BF16,json,native-test-80,1,570.2415340001608,False,1.0,1,,,0,1,1,1,1,1,1
BF16,indexed_derive,native-test-80,1,90.87081699999544,False,1.0,1,0.25354012210043647,0.11255443616366852,0,1,1,1,1,1,1
BF16,indexed,native-test-80,1,93.05438199999116,False,1.0,1,0.24614872623772585,0.08647542569314363,0,1,1,1,1,1,1
BF16,indexed_offline_derive,native-test-80,1,,True,1.0,1,0.2152845127672077,0.07679751105011429,0,1,1,1,1,1,1
BF16,natural_derive,native-test-80,1,75.48285500024576,False,0.6666666666666666,0,1.713097891380938,0.5640901660376785,0,1,1,0,0,1,1
BF16,natural,native-test-80,1,78.2985410000947,False,0.6666666666666666,0,1.7123039657034178,0.5635612777532449,0,1,1,0,0,1,1
BF16,natural_offline_derive,native-test-80,1,,True,0.6666666666666666,0,1.7114410280643193,0.5635259591469292,0,1,1,0,0,1,1
BF16,aliases,native-test-80,1,87.66102099980344,False,1.0,1,0.1627678621270744,0.05806720233371562,0,1,1,1,1,1,1
BF16,natural_derive,native-test-48,1,86.66860499988616,False,0.6666666666666666,0,1.9025593716389275,0.6462583300184929,0,1,1,0,0,1,1
BF16,indexed_derive,native-test-48,1,92.79826000010871,False,1.0,1,0.15610830762653807,0.051035002085588005,0,1,1,1,1,1,1
BF16,natural,native-test-48,1,81.23861900003249,False,0.5,0,1.7439029695716133,0.8114832632378933,1,1,0,0,0,1,1
BF16,natural_offline_derive,native-test-48,1,,True,0.6666666666666666,0,1.5248967442222747,0.6394857248399676,0,1,1,0,0,1,1
BF16,json,native-test-48,1,552.8468179995798,False,1.0,1,,,0,1,1,1,1,1,1
BF16,aliases,native-test-48,1,90.93917999962287,False,1.0,1,0.096464532100618,0.02921362588345383,0,1,1,1,1,1,1
BF16,indexed,native-test-48,1,96.22806100014714,False,1.0,1,0.2185624983328843,0.08228967085805007,0,1,1,1,1,1,1
BF16,indexed_offline_derive,native-test-48,1,,True,1.0,1,0.16441244253245826,0.05869606381081544,0,1,1,1,1,1,1
Q4_K_M,indexed_derive,native-test-5,1,124.19029299985596,False,0.6666666666666666,0,0.584750822060577,0.3591617251301115,0,1,1,0,0,1,1
Q4_K_M,indexed,native-test-5,1,127.87667900011002,False,0.6666666666666666,0,0.5404293374502315,0.32418530014027286,0,1,1,0,0,1,1
Q4_K_M,indexed_offline_derive,native-test-5,1,,True,0.6666666666666666,0,0.5088680793632481,0.3138825350565954,0,1,1,0,0,1,1
Q4_K_M,json,native-test-5,1,500.83713500021076,False,1.0,1,,,0,1,1,1,1,1,1
Q4_K_M,aliases,native-test-5,1,118.54250299984415,False,1.0,1,0.24991694117115645,0.12571475892419978,0,1,1,1,1,1,1
Q4_K_M,natural_derive,native-test-5,1,105.44085900005484,False,1.0,1,0.1130199520244346,0.05965006103160092,0,1,1,1,1,1,1
Q4_K_M,natural,native-test-5,1,108.18087899997408,False,1.0,1,0.09961562329901158,0.04640317785300102,0,1,1,1,1,1,1
Q4_K_M,natural_offline_derive,native-test-5,1,,True,1.0,1,0.09846448851596112,0.046380877026023566,0,1,1,1,1,1,1
BF16,indexed_derive,native-test-78,0,91.37545400017189,False,0.8333333333333334,0,0.32180089282168794,0.20939070162507858,0,1,1,0,1,1,1
BF16,natural_derive,native-test-78,0,76.59760400019877,False,1.0,1,0.01648827413985234,0.0017883406594208142,0,1,1,1,1,1,1
BF16,natural,native-test-78,0,79.2146059998231,False,1.0,1,0.014077699265153737,0.0006976883482967547,0,1,1,1,1,1,1
BF16,natural_offline_derive,native-test-78,0,,True,1.0,1,0.009629902373949048,0.0005235501725773613,0,1,1,1,1,1,1
BF16,indexed,native-test-78,0,94.19353500015859,False,0.8333333333333334,0,0.2671499238955443,0.16128296041598972,0,1,1,1,1,0,1
BF16,indexed_offline_derive,native-test-78,0,,True,0.8333333333333334,0,0.2573736538707789,0.1604153299912093,0,1,1,1,1,0,1
BF16,json,native-test-78,0,557.9559839998183,False,1.0,1,,,0,1,1,1,1,1,1
BF16,aliases,native-test-78,0,89.79482800032201,False,0.8333333333333334,0,0.18541949191949567,0.1264988000769415,0,1,1,0,1,1,1
BF16,aliases,native-test-47,1,89.15253999975903,False,1.0,1,0.27167995320391,0.14179645137058985,0,1,1,1,1,1,1
BF16,indexed,native-test-47,1,97.9186340000524,False,0.8333333333333334,0,0.32470275129791,0.15285992705345516,0,1,1,1,0,1,1
BF16,indexed_offline_derive,native-test-47,1,,True,0.8333333333333334,0,0.2741007750742931,0.13168721850372758,0,1,1,1,0,1,1
BF16,indexed_derive,native-test-47,1,91.41754999973273,False,0.8333333333333334,0,0.2635361944492438,0.1298418801512218,0,1,1,1,0,1,1
BF16,natural_derive,native-test-47,1,76.5324750000218,False,0.8333333333333334,0,0.8856655055670589,0.3785621321745194,0,1,1,0,1,1,1
BF16,natural,native-test-47,1,79.81721199985259,False,0.8333333333333334,0,0.705049688598656,0.3671097988620838,0,1,1,0,1,1,1
BF16,natural_offline_derive,native-test-47,1,,True,0.8333333333333334,0,0.7031845013631051,0.36705053769851864,0,1,1,0,1,1,1
BF16,json,native-test-47,1,608.0590910000865,False,1.0,1,,,0,1,1,1,1,1,1
BF16,indexed_derive,native-test-58,1,91.30788799984657,False,0.8333333333333334,0,0.26513715484710465,0.13790437704374464,0,1,1,0,1,1,1
BF16,aliases,native-test-58,1,88.85430600003019,False,0.8333333333333334,0,0.19107628375968413,0.10425762055981974,0,1,1,0,1,1,1
BF16,json,native-test-58,1,614.3311200003154,False,1.0,1,,,0,1,1,1,1,1,1
BF16,indexed,native-test-58,1,95.30472899996312,False,0.8333333333333334,0,0.29151735385442573,0.14186171475117676,0,1,1,0,1,1,1
BF16,indexed_offline_derive,native-test-58,1,,True,0.8333333333333334,0,0.259312225289834,0.13269168126657357,0,1,1,0,1,1,1
BF16,natural,native-test-58,1,80.12264500030142,False,0.8333333333333334,0,1.2597030307901422,0.27079960047179186,0,1,1,0,1,1,1
BF16,natural_offline_derive,native-test-58,1,,True,0.8333333333333334,0,1.2537248165861405,0.2692382081644829,0,1,1,0,1,1,1
BF16,natural_derive,native-test-58,1,76.75350099998468,False,0.8333333333333334,0,1.4108483316170792,0.2846366613951793,0,1,1,0,1,1,1
Q4_K_M,aliases,native-test-48,0,122.14679799990336,False,1.0,1,0.12099557284759428,0.04768432262895772,0,1,1,1,1,1,1
Q4_K_M,indexed_derive,native-test-48,0,128.4159560000262,False,1.0,1,0.15015001600589123,0.04466173719668889,0,1,1,1,1,1,1
Q4_K_M,indexed,native-test-48,0,132.8771170001346,False,1.0,1,0.20683247802392493,0.06990777158646659,0,1,1,1,1,1,1
Q4_K_M,indexed_offline_derive,native-test-48,0,,True,1.0,1,0.15365684259707016,0.0475661111955456,0,1,1,1,1,1,1
Q4_K_M,json,native-test-48,0,479.0440510000735,False,1.0,1,,,0,1,1,1,1,1,1
Q4_K_M,natural_derive,native-test-48,0,110.50412999998116,False,0.6666666666666666,0,1.5275688951380406,0.5601789918809342,0,1,1,0,0,1,1
Q4_K_M,natural,native-test-48,0,113.12459199984914,False,0.5,0,1.4081966591516875,0.7404390842075724,1,1,0,0,0,1,1
Q4_K_M,natural_offline_derive,native-test-48,0,,True,0.6666666666666666,0,1.1925564086423788,0.5700987903104784,0,1,1,0,0,1,1
Q4_K_M,natural,native-test-86,0,108.47057299997687,False,0.6666666666666666,0,1.2925405651319137,0.6163551142442626,0,1,1,0,0,1,1
Q4_K_M,natural_offline_derive,native-test-86,0,,True,0.6666666666666666,0,1.275168857851835,0.6129126789998639,0,1,1,0,0,1,1
Q4_K_M,indexed,native-test-86,0,128.19146900005762,False,1.0,1,0.3106535419178555,0.1389290510402854,0,1,1,1,1,1,1
Q4_K_M,indexed_offline_derive,native-test-86,0,,True,1.0,1,0.2795298263795562,0.12408215755878027,0,1,1,1,1,1,1
Q4_K_M,json,native-test-86,0,495.7598930000131,False,1.0,1,,,0,1,1,1,1,1,1
Q4_K_M,natural_derive,native-test-86,0,105.97810200010827,False,0.6666666666666666,0,1.380873710808696,0.5623674713483243,0,1,1,0,0,1,1
Q4_K_M,indexed_derive,native-test-86,0,124.32625600013125,False,1.0,1,0.26523789124563946,0.12026650205310896,0,1,1,1,1,1,1
Q4_K_M,aliases,native-test-86,0,117.22334799992495,False,1.0,1,0.2908973279248132,0.15829499748577697,0,1,1,1,1,1,1
Q4_K_M,natural,native-test-50,1,106.83965599992007,False,0.8333333333333334,0,0.23986994455750132,0.1571601480654648,1,1,0,1,1,1,1
Q4_K_M,natural_offline_derive,native-test-50,1,,True,1.0,1,0.041815230102911466,0.00798028715688298,0,1,1,1,1,1,1
Q4_K_M,natural_derive,native-test-50,1,102.70928399995682,False,1.0,1,0.02852003295788989,0.00329402234147769,0,1,1,1,1,1,1
Q4_K_M,aliases,native-test-50,1,114.82875700016848,False,0.8333333333333334,0,0.4284783554852611,0.27840572155055193,1,1,0,1,1,1,1
Q4_K_M,indexed_derive,native-test-50,1,121.77415199994357,False,0.8333333333333334,0,0.44547962387581314,0.2724985639618733,0,1,1,0,1,1,1
Q4_K_M,indexed,native-test-50,1,126.50844699987829,False,0.6666666666666666,0,0.5224509163968646,0.35455889645911415,0,1,1,0,1,1,0
Q4_K_M,indexed_offline_derive,native-test-50,1,,True,0.6666666666666666,0,0.4532050109474806,0.31438937331085953,0,1,1,0,1,1,0
Q4_K_M,json,native-test-50,1,495.50997400001506,False,0.8333333333333334,0,,,0,1,1,0,1,1,1
BF16,natural_derive,native-test-76,1,78.80000499972084,False,1.0,1,0.12532721703962427,0.03897865295785196,0,1,1,1,1,1,1
BF16,natural,native-test-76,1,80.01957499982382,False,1.0,1,0.1321818565133907,0.046672741540732476,0,1,1,1,1,1,1
BF16,natural_offline_derive,native-test-76,1,,True,1.0,1,0.1745169575712109,0.07114743367889327,0,1,1,1,1,1,1
BF16,indexed,native-test-76,1,94.50096899990967,False,0.8333333333333334,0,0.4197948213514919,0.2546187309661094,0,1,1,0,1,1,1
BF16,indexed_offline_derive,native-test-76,1,,True,0.8333333333333334,0,0.3877481287879896,0.24386272255640695,0,1,1,0,1,1,1
BF16,aliases,native-test-76,1,88.4416029998647,False,1.0,1,0.12161504236840143,0.033595114040960834,0,1,1,1,1,1,1
BF16,indexed_derive,native-test-76,1,91.07849700012594,False,0.8333333333333334,0,0.44732923766955324,0.26275477744665116,0,1,1,0,1,1,1
BF16,json,native-test-76,1,617.3375140001554,False,0.6666666666666666,0,,,0,1,1,0,1,1,0
BF16,natural,native-test-56,0,79.91351999999097,False,1.0,1,0.02490771212802027,0.0015322346918787524,0,1,1,1,1,1,1
BF16,natural_offline_derive,native-test-56,0,,True,1.0,1,0.02908313098987678,0.0018788583417286462,0,1,1,1,1,1,1
BF16,natural_derive,native-test-56,0,76.65451499997289,False,1.0,1,0.030470878304739824,0.0024633335938875037,0,1,1,1,1,1,1
BF16,aliases,native-test-56,0,88.06315699985134,False,0.8333333333333334,0,0.29807896150751245,0.18375092187208,0,1,1,0,1,1,1
BF16,indexed,native-test-56,0,102.52708500001972,False,0.8333333333333334,0,0.46445003681410774,0.2742494621161356,0,1,1,0,1,1,1
BF16,indexed_offline_derive,native-test-56,0,,True,0.8333333333333334,0,0.43123983168474006,0.26273870356869705,0,1,1,0,1,1,1
BF16,json,native-test-56,0,583.1369509996875,False,1.0,1,,,0,1,1,1,1,1,1
BF16,indexed_derive,native-test-56,0,91.89207300005364,False,0.8333333333333334,0,0.4680789602369056,0.2760026219040455,0,1,1,0,1,1,1
Q4_K_M,json,native-test-67,1,502.1613569999772,False,1.0,1,,,0,1,1,1,1,1,1
Q4_K_M,natural,native-test-67,1,111.99887399993713,False,0.8333333333333334,0,1.056136998392217,0.34612519569775224,0,1,1,0,1,1,1
Q4_K_M,natural_offline_derive,native-test-67,1,,True,0.8333333333333334,0,1.0827382482960244,0.3595313765930778,0,1,1,0,1,1,1
Q4_K_M,natural_derive,native-test-67,1,108.780698000146,False,0.8333333333333334,0,1.2697525578818827,0.3418989721876872,0,1,1,0,1,1,1
Q4_K_M,indexed_derive,native-test-67,1,127.52356300006795,False,1.0,1,0.2282663758325911,0.08278296419481003,0,1,1,1,1,1,1
Q4_K_M,aliases,native-test-67,1,120.08844499996485,False,0.8333333333333334,0,0.2811562649026655,0.1759886901182802,0,1,1,0,1,1,1
Q4_K_M,indexed,native-test-67,1,131.1667429999943,False,1.0,1,0.25456321301323426,0.10808166378849786,0,1,1,1,1,1,1
Q4_K_M,indexed_offline_derive,native-test-67,1,,True,1.0,1,0.22134046637334012,0.09732374207550824,0,1,1,1,1,1,1
Q4_K_M,natural_derive,native-test-49,1,108.34578799995143,False,0.6666666666666666,0,1.388632599143967,0.5679457209371157,0,1,1,0,0,1,1
Q4_K_M,indexed,native-test-49,1,131.14120500017634,False,0.8333333333333334,0,0.4422559068475384,0.22187727574234975,0,1,1,1,0,1,1
Q4_K_M,indexed_offline_derive,native-test-49,1,,True,0.8333333333333334,0,0.3985232114551615,0.20630347407014893,0,1,1,1,0,1,1
Q4_K_M,indexed_derive,native-test-49,1,127.1184639999774,False,0.8333333333333334,0,0.44199349352538536,0.21275078960075333,0,1,1,1,0,1,1
Q4_K_M,aliases,native-test-49,1,120.53432600009728,False,0.6666666666666666,0,0.4468576849423978,0.269643401882093,0,1,1,0,0,1,1
Q4_K_M,natural,native-test-49,1,112.01147600013428,False,0.6666666666666666,0,0.8884481600740286,0.49640760335170087,0,1,1,0,0,1,1
Q4_K_M,natural_offline_derive,native-test-49,1,,True,0.6666666666666666,0,0.8465270087053677,0.47298280621852795,0,1,1,0,0,1,1
Q4_K_M,json,native-test-49,1,490.99196600013784,False,1.0,1,,,0,1,1,1,1,1,1
BF16,aliases,native-test-21,0,87.21200299987686,False,1.0,1,0.22301861482225285,0.12208646145780062,0,1,1,1,1,1,1
BF16,indexed_derive,native-test-21,0,89.4195949999812,False,1.0,1,0.20370735008392227,0.07753354096524144,0,1,1,1,1,1,1
BF16,natural_derive,native-test-21,0,74.9883690000388,False,0.6666666666666666,0,2.011549175753184,0.6405268717712572,0,1,1,0,0,1,1
BF16,indexed,native-test-21,0,92.71197699990807,False,1.0,1,0.31276624103464723,0.15048136657851635,0,1,1,1,1,1,1
BF16,indexed_offline_derive,native-test-21,0,,True,1.0,1,0.22563928987835294,0.09632493151525122,0,1,1,1,1,1,1
BF16,json,native-test-21,0,548.4534890001669,False,1.0,1,,,0,1,1,1,1,1,1
BF16,natural,native-test-21,0,79.14627899981497,False,0.5,0,2.1017199529912265,0.7415505402020476,1,1,0,0,0,1,1
BF16,natural_offline_derive,native-test-21,0,,True,0.6666666666666666,0,1.945023365442687,0.6271093098202081,0,1,1,0,0,1,1
BF16,json,native-test-4,0,559.3631599999753,False,0.6666666666666666,0,,,0,0,0,1,1,1,1
BF16,aliases,native-test-4,0,91.2445580001986,False,0.5,0,2.045819072853211,0.7132991718361739,0,0,0,0,1,1,1
BF16,natural_derive,native-test-4,0,78.45864099999744,False,0.6666666666666666,0,2.8950794414040306,0.6736866305649993,0,0,0,1,1,1,1
BF16,indexed_derive,native-test-4,0,92.4420729998019,False,0.5,0,2.30162991256168,0.8703615273462412,0,0,0,0,1,1,1
BF16,indexed,native-test-4,0,95.8061970000017,False,0.5,0,1.7613293828823762,0.7721763854853636,0,0,0,0,1,1,1
BF16,indexed_offline_derive,native-test-4,0,,True,0.5,0,2.3321067290698916,0.8270157088982865,0,0,0,0,1,1,1
BF16,natural,native-test-4,0,81.08367299973906,False,0.6666666666666666,0,2.094554914993269,0.6428233915390934,0,0,0,1,1,1,1
BF16,natural_offline_derive,native-test-4,0,,True,0.6666666666666666,0,3.025225037677968,0.6712898128609143,0,0,0,1,1,1,1
BF16,indexed_derive,native-test-54,0,91.53087200002119,False,0.8333333333333334,0,0.3213576114118258,0.1496194187115587,0,1,1,0,1,1,1
BF16,natural,native-test-54,0,80.30803800011199,False,0.5,0,1.9015110839732339,0.655196377889881,0,0,0,0,1,1,1
BF16,natural_offline_derive,native-test-54,0,,True,0.5,0,1.6561152617673922,0.5290304126197235,0,0,0,0,1,1,1
BF16,json,native-test-54,0,615.7443440001771,False,0.5,0,,,0,0,0,0,1,1,1
BF16,natural_derive,native-test-54,0,78.23910800016165,False,0.8333333333333334,0,1.679307872585747,0.4094562096477054,0,1,1,0,1,1,1
BF16,indexed,native-test-54,0,95.18101300000126,False,0.8333333333333334,0,0.499657227209265,0.2864262590503797,1,1,0,1,1,1,1
BF16,indexed_offline_derive,native-test-54,0,,True,1.0,1,0.18661167745376564,0.06577978458846377,0,1,1,1,1,1,1
BF16,aliases,native-test-54,0,89.04629999960889,False,0.6666666666666666,0,0.7728316833102706,0.40080934491457926,1,1,0,0,1,1,1
Q4_K_M,natural_derive,native-test-0,0,105.32678000004125,False,0.8333333333333334,0,1.180765841042755,0.337901503036018,0,1,1,0,1,1,1
Q4_K_M,natural,native-test-0,0,108.43529499993565,False,0.8333333333333334,0,0.812588840629326,0.3273784119981129,0,1,1,0,1,1,1
Q4_K_M,natural_offline_derive,native-test-0,0,,True,0.8333333333333334,0,0.8070646452090737,0.3270874112004983,0,1,1,0,1,1,1
Q4_K_M,json,native-test-0,0,474.30635199998505,False,1.0,1,,,0,1,1,1,1,1,1
Q4_K_M,aliases,native-test-0,0,117.90486899985808,False,1.0,1,0.08611005958439645,0.018827642843127174,0,1,1,1,1,1,1
Q4_K_M,indexed_derive,native-test-0,0,124.38962700002776,False,1.0,1,0.21604115211783168,0.09064160934290162,0,1,1,1,1,1,1
Q4_K_M,indexed,native-test-0,0,128.31457099991894,False,1.0,1,0.19700795545806862,0.075605440366336,0,1,1,1,1,1,1
Q4_K_M,indexed_offline_derive,native-test-0,0,,True,1.0,1,0.18758691323609555,0.07468409692563588,0,1,1,1,1,1,1
BF16,natural,native-test-81,1,86.35045199980595,False,0.5,0,2.314159732714712,0.8061258287106972,1,1,0,0,0,1,1
BF16,natural_offline_derive,native-test-81,1,,True,0.6666666666666666,0,2.111897943511263,0.6508969996108304,0,1,1,0,0,1,1
BF16,natural_derive,native-test-81,1,76.2383339997541,False,0.6666666666666666,0,2.2057375442832123,0.6471035004388487,0,1,1,0,0,1,1
BF16,aliases,native-test-81,1,87.31249399988883,False,0.8333333333333334,0,0.3472883252741383,0.2152455842646673,1,1,0,1,1,1,1
BF16,indexed,native-test-81,1,93.24136599980193,False,0.8333333333333334,0,0.3631742484690386,0.19767967895872277,1,1,0,1,1,1,1
BF16,indexed_offline_derive,native-test-81,1,,True,1.0,1,0.2352020301883135,0.1045478057798983,0,1,1,1,1,1,1
BF16,json,native-test-81,1,552.3502629998802,False,1.0,1,,,0,1,1,1,1,1,1
BF16,indexed_derive,native-test-81,1,90.42944000020725,False,1.0,1,0.20047760564291706,0.07796305505928589,0,1,1,1,1,1,1
BF16,natural_derive,native-test-92,0,77.81157399995209,False,0.8333333333333334,0,1.4002740851022084,0.27451974334467755,0,1,1,0,1,1,1
BF16,indexed,native-test-92,0,94.72218200016869,False,1.0,1,0.3177741662244787,0.1440970311065122,0,1,1,1,1,1,1
BF16,indexed_offline_derive,native-test-92,0,,True,1.0,1,0.253681455508995,0.10569343792333724,0,1,1,1,1,1,1
BF16,aliases,native-test-92,0,89.12611300002027,False,0.5,0,0.7976484965807632,0.5474434147652878,0,0,0,0,1,1,1
BF16,json,native-test-92,0,613.4997590002058,False,1.0,1,,,0,1,1,1,1,1,1
BF16,natural,native-test-92,0,82.32914800009894,False,0.6666666666666666,0,1.4650644431542021,0.4821624724858307,1,1,0,0,1,1,1
BF16,natural_offline_derive,native-test-92,0,,True,0.8333333333333334,0,1.1898287938369039,0.27214071668584283,0,1,1,0,1,1,1
BF16,indexed_derive,native-test-92,0,93.212990000211,False,0.8333333333333334,0,0.3413784397491704,0.17639297036093024,0,1,1,0,1,1,1
